{"type":"FeatureCollection","features":[{"type":"Feature","geometry":{"type":"Point","coordinates":[-70.18769,41.65522]},"properties":{"f":2641}},{"type":"Feature","geometry":{"type":"Point","coordinates":[-70.18745,41.65501]},"properties":{"f":2948}},{"type":"Feature","geometry":{"type":"Point","coordinates":[-70.18715,41.65482]},"properties":{"f":3465}},{"type":"Feature","geometry":{"type":"Point","coordinates":[-70.18427,41.65401]},"properties":{"f":2641}},{"type":"Feature","geometry":{"type":"Point","coordinates":[-70.18427,41.65511]},"properties":{"f":2479}},{"type":"Feature","geometry":{"type":"Point","coordinates":[-70.18349,41.65495]},"properties":{"f":2964}},{"type":"Feature","geometry":{"type":"Point","coordinates":[-70.17471,41.65374]},"properties":{"f":2882}},{"type":"Feature","geometry":{"type":"Point","coordinates":[-70.16898,41.65366]},"properties":{"f":4204}},{"type":"Feature","geometry":{"type":"Point","coordinates":[-70.16571,41.65242]},"properties":{"f":2642}},{"type":"Feature","geometry":{"type":"Point","coordinates":[-70.16574,41.65294]},"properties":{"f":2501}},{"type":"Feature","geometry":{"type":"Point","coordinates":[-70.15841,41.65183]},"properties":{"f":3268}},{"type":"Feature","geometry":{"type":"Point","coordinates":[-70.15261,41.65366]},"properties":{"f":3377}},{"type":"Feature","geometry":{"type":"Point","coordinates":[-70.15513,41.65199]},"properties":{"f":3680}},{"type":"Feature","geometry":{"type":"Point","coordinates":[-70.15254,41.6518]},"properties":{"f":3036}},{"type":"Feature","geometry":{"type":"Point","coordinates":[-70.15126,41.65383]},"properties":{"f":2891}},{"type":"Feature","geometry":{"type":"Point","coordinates":[-70.14997,41.65305]},"properties":{"f":2481}},{"type":"Feature","geometry":{"type":"Point","coordinates":[-70.14943,41.65421]},"properties":{"f":2520}},{"type":"Feature","geometry":{"type":"Point","coordinates":[-70.1431,41.65306]},"properties":{"f":3035}},{"type":"Feature","geometry":{"type":"Point","coordinates":[-70.13655,41.65206]},"properties":{"f":2808}},{"type":"Feature","geometry":{"type":"Point","coordinates":[-70.12911,41.65385]},"properties":{"f":2553}},{"type":"Feature","geometry":{"type":"Point","coordinates":[-70.12873,41.654]},"properties":{"f":2557}},{"type":"Feature","geometry":{"type":"Point","coordinates":[-70.1277,41.65422]},"properties":{"f":2854}},{"type":"Feature","geometry":{"type":"Point","coordinates":[-70.18791,41.65545]},"properties":{"f":3465}},{"type":"Feature","geometry":{"type":"Point","coordinates":[-70.18803,41.65644]},"properties":{"f":2661}},{"type":"Feature","geometry":{"type":"Point","coordinates":[-70.18772,41.65742]},"properties":{"f":3528}},{"type":"Feature","geometry":{"type":"Point","coordinates":[-70.18742,41.65764]},"properties":{"f":2811}},{"type":"Feature","geometry":{"type":"Point","coordinates":[-70.18723,41.65791]},"properties":{"f":3564}},{"type":"Feature","geometry":{"type":"Point","coordinates":[-70.18697,41.65814]},"properties":{"f":2553}},{"type":"Feature","geometry":{"type":"Point","coordinates":[-70.18669,41.65835]},"properties":{"f":3009}},{"type":"Feature","geometry":{"type":"Point","coordinates":[-70.18637,41.65854]},"properties":{"f":4929}},{"type":"Feature","geometry":{"type":"Point","coordinates":[-70.18606,41.65876]},"properties":{"f":4236}},{"type":"Feature","geometry":{"type":"Point","coordinates":[-70.18545,41.65906]},"properties":{"f":2971}},{"type":"Feature","geometry":{"type":"Point","coordinates":[-70.18464,41.6588]},"properties":{"f":2566}},{"type":"Feature","geometry":{"type":"Point","coordinates":[-70.18461,41.65832]},"properties":{"f":2559}},{"type":"Feature","geometry":{"type":"Point","coordinates":[-70.1861,41.65793]},"properties":{"f":2935}},{"type":"Feature","geometry":{"type":"Point","coordinates":[-70.18714,41.65677]},"properties":{"f":2822}},{"type":"Feature","geometry":{"type":"Point","coordinates":[-70.18576,41.65776]},"properties":{"f":2667}},{"type":"Feature","geometry":{"type":"Point","coordinates":[-70.18476,41.65803]},"properties":{"f":2559}},{"type":"Feature","geometry":{"type":"Point","coordinates":[-70.18489,41.65759]},"properties":{"f":2667}},{"type":"Feature","geometry":{"type":"Point","coordinates":[-70.18474,41.65724]},"properties":{"f":2659}},{"type":"Feature","geometry":{"type":"Point","coordinates":[-70.18627,41.65581]},"properties":{"f":5663}},{"type":"Feature","geometry":{"type":"Point","coordinates":[-70.18663,41.65613]},"properties":{"f":3033}},{"type":"Feature","geometry":{"type":"Point","coordinates":[-70.18691,41.65565]},"properties":{"f":3128}},{"type":"Feature","geometry":{"type":"Point","coordinates":[-70.18473,41.65637]},"properties":{"f":2488}},{"type":"Feature","geometry":{"type":"Point","coordinates":[-70.18217,41.65929]},"properties":{"f":2679}},{"type":"Feature","geometry":{"type":"Point","coordinates":[-70.18154,41.65913]},"properties":{"f":2582}},{"type":"Feature","geometry":{"type":"Point","coordinates":[-70.18109,41.65903]},"properties":{"f":2703}},{"type":"Feature","geometry":{"type":"Point","coordinates":[-70.18171,41.65877]},"properties":{"f":2690}},{"type":"Feature","geometry":{"type":"Point","coordinates":[-70.18383,41.6589]},"properties":{"f":2584}},{"type":"Feature","geometry":{"type":"Point","coordinates":[-70.18327,41.65871]},"properties":{"f":2829}},{"type":"Feature","geometry":{"type":"Point","coordinates":[-70.18282,41.65856]},"properties":{"f":3004}},{"type":"Feature","geometry":{"type":"Point","coordinates":[-70.18195,41.65823]},"properties":{"f":2530}},{"type":"Feature","geometry":{"type":"Point","coordinates":[-70.18332,41.65835]},"properties":{"f":2505}},{"type":"Feature","geometry":{"type":"Point","coordinates":[-70.18325,41.65793]},"properties":{"f":2463}},{"type":"Feature","geometry":{"type":"Point","coordinates":[-70.18258,41.65771]},"properties":{"f":2509}},{"type":"Feature","geometry":{"type":"Point","coordinates":[-70.18192,41.65745]},"properties":{"f":2560}},{"type":"Feature","geometry":{"type":"Point","coordinates":[-70.18232,41.65733]},"properties":{"f":2659}},{"type":"Feature","geometry":{"type":"Point","coordinates":[-70.18322,41.65688]},"properties":{"f":2773}},{"type":"Feature","geometry":{"type":"Point","coordinates":[-70.1837,41.65704]},"properties":{"f":2740}},{"type":"Feature","geometry":{"type":"Point","coordinates":[-70.18337,41.65657]},"properties":{"f":2769}},{"type":"Feature","geometry":{"type":"Point","coordinates":[-70.18417,41.65599]},"properties":{"f":2833}},{"type":"Feature","geometry":{"type":"Point","coordinates":[-70.18255,41.65596]},"properties":{"f":2532}},{"type":"Feature","geometry":{"type":"Point","coordinates":[-70.18244,41.65515]},"properties":{"f":3261}},{"type":"Feature","geometry":{"type":"Point","coordinates":[-70.18205,41.65516]},"properties":{"f":3234}},{"type":"Feature","geometry":{"type":"Point","coordinates":[-70.18077,41.65532]},"properties":{"f":2953}},{"type":"Feature","geometry":{"type":"Point","coordinates":[-70.18073,41.6579]},"properties":{"f":3075}},{"type":"Feature","geometry":{"type":"Point","coordinates":[-70.18006,41.65852]},"properties":{"f":2615}},{"type":"Feature","geometry":{"type":"Point","coordinates":[-70.17725,41.659]},"properties":{"f":2791}},{"type":"Feature","geometry":{"type":"Point","coordinates":[-70.17703,41.65877]},"properties":{"f":3697}},{"type":"Feature","geometry":{"type":"Point","coordinates":[-70.17953,41.65528]},"properties":{"f":2531}},{"type":"Feature","geometry":{"type":"Point","coordinates":[-70.17529,41.65652]},"properties":{"f":2561}},{"type":"Feature","geometry":{"type":"Point","coordinates":[-70.174,41.65691]},"properties":{"f":2554}},{"type":"Feature","geometry":{"type":"Point","coordinates":[-70.17294,41.65687]},"properties":{"f":2696}},{"type":"Feature","geometry":{"type":"Point","coordinates":[-70.17281,41.65835]},"properties":{"f":2764}},{"type":"Feature","geometry":{"type":"Point","coordinates":[-70.17338,41.65887]},"properties":{"f":2977}},{"type":"Feature","geometry":{"type":"Point","coordinates":[-70.17288,41.65927]},"properties":{"f":2539}},{"type":"Feature","geometry":{"type":"Point","coordinates":[-70.17444,41.65634]},"properties":{"f":2878}},{"type":"Feature","geometry":{"type":"Point","coordinates":[-70.17494,41.65752]},"properties":{"f":2547}},{"type":"Feature","geometry":{"type":"Point","coordinates":[-70.17054,41.65856]},"properties":{"f":2509}},{"type":"Feature","geometry":{"type":"Point","coordinates":[-70.16998,41.65859]},"properties":{"f":2467}},{"type":"Feature","geometry":{"type":"Point","coordinates":[-70.16955,41.65635]},"properties":{"f":3639}},{"type":"Feature","geometry":{"type":"Point","coordinates":[-70.17238,41.65648]},"properties":{"f":3028}},{"type":"Feature","geometry":{"type":"Point","coordinates":[-70.17081,41.65636]},"properties":{"f":2993}},{"type":"Feature","geometry":{"type":"Point","coordinates":[-70.17068,41.65773]},"properties":{"f":2733}},{"type":"Feature","geometry":{"type":"Point","coordinates":[-70.16981,41.6575]},"properties":{"f":2556}},{"type":"Feature","geometry":{"type":"Point","coordinates":[-70.17106,41.65768]},"properties":{"f":2880}},{"type":"Feature","geometry":{"type":"Point","coordinates":[-70.16935,41.65845]},"properties":{"f":2907}},{"type":"Feature","geometry":{"type":"Point","coordinates":[-70.17026,41.65605]},"properties":{"f":2670}},{"type":"Feature","geometry":{"type":"Point","coordinates":[-70.16733,41.65885]},"properties":{"f":2596}},{"type":"Feature","geometry":{"type":"Point","coordinates":[-70.16792,41.65861]},"properties":{"f":3704}},{"type":"Feature","geometry":{"type":"Point","coordinates":[-70.16448,41.65543]},"properties":{"f":3288}},{"type":"Feature","geometry":{"type":"Point","coordinates":[-70.16604,41.65526]},"properties":{"f":3125}},{"type":"Feature","geometry":{"type":"Point","coordinates":[-70.16794,41.65531]},"properties":{"f":2634}},{"type":"Feature","geometry":{"type":"Point","coordinates":[-70.16264,41.65571]},"properties":{"f":3038}},{"type":"Feature","geometry":{"type":"Point","coordinates":[-70.161,41.6584]},"properties":{"f":2890}},{"type":"Feature","geometry":{"type":"Point","coordinates":[-70.1568,41.65798]},"properties":{"f":2473}},{"type":"Feature","geometry":{"type":"Point","coordinates":[-70.15758,41.65596]},"properties":{"f":3184}},{"type":"Feature","geometry":{"type":"Point","coordinates":[-70.15544,41.65759]},"properties":{"f":2964}},{"type":"Feature","geometry":{"type":"Point","coordinates":[-70.15203,41.65517]},"properties":{"f":2880}},{"type":"Feature","geometry":{"type":"Point","coordinates":[-70.14811,41.65584]},"properties":{"f":2533}},{"type":"Feature","geometry":{"type":"Point","coordinates":[-70.12676,41.65567]},"properties":{"f":2528}},{"type":"Feature","geometry":{"type":"Point","coordinates":[-70.12641,41.6551]},"properties":{"f":2705}},{"type":"Feature","geometry":{"type":"Point","coordinates":[-70.12453,41.65796]},"properties":{"f":2619}},{"type":"Feature","geometry":{"type":"Point","coordinates":[-70.12213,41.65681]},"properties":{"f":2622}},{"type":"Feature","geometry":{"type":"Point","coordinates":[-70.11904,41.65833]},"properties":{"f":3902}},{"type":"Feature","geometry":{"type":"Point","coordinates":[-70.18553,41.66083]},"properties":{"f":3447}},{"type":"Feature","geometry":{"type":"Point","coordinates":[-70.18469,41.65997]},"properties":{"f":2699}},{"type":"Feature","geometry":{"type":"Point","coordinates":[-70.1857,41.65989]},"properties":{"f":3115}},{"type":"Feature","geometry":{"type":"Point","coordinates":[-70.18575,41.65955]},"properties":{"f":4074}},{"type":"Feature","geometry":{"type":"Point","coordinates":[-70.18393,41.66101]},"properties":{"f":3366}},{"type":"Feature","geometry":{"type":"Point","coordinates":[-70.18366,41.66157]},"properties":{"f":2471}},{"type":"Feature","geometry":{"type":"Point","coordinates":[-70.18336,41.66186]},"properties":{"f":2593}},{"type":"Feature","geometry":{"type":"Point","coordinates":[-70.18251,41.6626]},"properties":{"f":2873}},{"type":"Feature","geometry":{"type":"Point","coordinates":[-70.18228,41.66284]},"properties":{"f":2596}},{"type":"Feature","geometry":{"type":"Point","coordinates":[-70.18221,41.66314]},"properties":{"f":2525}},{"type":"Feature","geometry":{"type":"Point","coordinates":[-70.18186,41.66189]},"properties":{"f":2592}},{"type":"Feature","geometry":{"type":"Point","coordinates":[-70.18105,41.6617]},"properties":{"f":2483}},{"type":"Feature","geometry":{"type":"Point","coordinates":[-70.18143,41.66126]},"properties":{"f":2695}},{"type":"Feature","geometry":{"type":"Point","coordinates":[-70.18346,41.65943]},"properties":{"f":2616}},{"type":"Feature","geometry":{"type":"Point","coordinates":[-70.18309,41.65926]},"properties":{"f":3326}},{"type":"Feature","geometry":{"type":"Point","coordinates":[-70.18169,41.6597]},"properties":{"f":2467}},{"type":"Feature","geometry":{"type":"Point","coordinates":[-70.18089,41.6595]},"properties":{"f":2883}},{"type":"Feature","geometry":{"type":"Point","coordinates":[-70.18198,41.66141]},"properties":{"f":2485}},{"type":"Feature","geometry":{"type":"Point","coordinates":[-70.18005,41.66006]},"properties":{"f":3220}},{"type":"Feature","geometry":{"type":"Point","coordinates":[-70.17894,41.66211]},"properties":{"f":4029}},{"type":"Feature","geometry":{"type":"Point","coordinates":[-70.17904,41.66275]},"properties":{"f":3233}},{"type":"Feature","geometry":{"type":"Point","coordinates":[-70.17846,41.6626]},"properties":{"f":3020}},{"type":"Feature","geometry":{"type":"Point","coordinates":[-70.17961,41.66329]},"properties":{"f":3464}},{"type":"Feature","geometry":{"type":"Point","coordinates":[-70.17877,41.66159]},"properties":{"f":3062}},{"type":"Feature","geometry":{"type":"Point","coordinates":[-70.17304,41.66208]},"properties":{"f":2743}},{"type":"Feature","geometry":{"type":"Point","coordinates":[-70.17382,41.66118]},"properties":{"f":2552}},{"type":"Feature","geometry":{"type":"Point","coordinates":[-70.17322,41.65984]},"properties":{"f":2503}},{"type":"Feature","geometry":{"type":"Point","coordinates":[-70.1724,41.6605]},"properties":{"f":3290}},{"type":"Feature","geometry":{"type":"Point","coordinates":[-70.17293,41.66342]},"properties":{"f":2616}},{"type":"Feature","geometry":{"type":"Point","coordinates":[-70.17444,41.66286]},"properties":{"f":2589}},{"type":"Feature","geometry":{"type":"Point","coordinates":[-70.176,41.66302]},"properties":{"f":2612}},{"type":"Feature","geometry":{"type":"Point","coordinates":[-70.17616,41.66341]},"properties":{"f":2546}},{"type":"Feature","geometry":{"type":"Point","coordinates":[-70.17484,41.66286]},"properties":{"f":3179}},{"type":"Feature","geometry":{"type":"Point","coordinates":[-70.16712,41.65926]},"properties":{"f":2998}},{"type":"Feature","geometry":{"type":"Point","coordinates":[-70.15789,41.66199]},"properties":{"f":3041}},{"type":"Feature","geometry":{"type":"Point","coordinates":[-70.15312,41.65953]},"properties":{"f":2550}},{"type":"Feature","geometry":{"type":"Point","coordinates":[-70.15409,41.65916]},"properties":{"f":2995}},{"type":"Feature","geometry":{"type":"Point","coordinates":[-70.14667,41.66188]},"properties":{"f":2807}},{"type":"Feature","geometry":{"type":"Point","coordinates":[-70.12864,41.66264]},"properties":{"f":2483}},{"type":"Feature","geometry":{"type":"Point","coordinates":[-70.1275,41.65869]},"properties":{"f":2482}},{"type":"Feature","geometry":{"type":"Point","coordinates":[-70.11899,41.65861]},"properties":{"f":3120}},{"type":"Feature","geometry":{"type":"Point","coordinates":[-70.18155,41.66427]},"properties":{"f":3205}},{"type":"Feature","geometry":{"type":"Point","coordinates":[-70.17182,41.66335]},"properties":{"f":2524}},{"type":"Feature","geometry":{"type":"Point","coordinates":[-70.17231,41.6673]},"properties":{"f":2470}},{"type":"Feature","geometry":{"type":"Point","coordinates":[-70.17306,41.66535]},"properties":{"f":3372}},{"type":"Feature","geometry":{"type":"Point","coordinates":[-70.17142,41.66705]},"properties":{"f":2969}},{"type":"Feature","geometry":{"type":"Point","coordinates":[-70.17135,41.66499]},"properties":{"f":4406}},{"type":"Feature","geometry":{"type":"Point","coordinates":[-70.1711,41.66538]},"properties":{"f":3891}},{"type":"Feature","geometry":{"type":"Point","coordinates":[-70.16888,41.66483]},"properties":{"f":3564}},{"type":"Feature","geometry":{"type":"Point","coordinates":[-70.16957,41.66615]},"properties":{"f":4062}},{"type":"Feature","geometry":{"type":"Point","coordinates":[-70.1705,41.66636]},"properties":{"f":2463}},{"type":"Feature","geometry":{"type":"Point","coordinates":[-70.17012,41.66688]},"properties":{"f":2986}},{"type":"Feature","geometry":{"type":"Point","coordinates":[-70.16835,41.66681]},"properties":{"f":2466}},{"type":"Feature","geometry":{"type":"Point","coordinates":[-70.16909,41.66638]},"properties":{"f":3094}},{"type":"Feature","geometry":{"type":"Point","coordinates":[-70.16747,41.66729]},"properties":{"f":2460}},{"type":"Feature","geometry":{"type":"Point","coordinates":[-70.16806,41.66629]},"properties":{"f":2821}},{"type":"Feature","geometry":{"type":"Point","coordinates":[-70.16768,41.66628]},"properties":{"f":3334}},{"type":"Feature","geometry":{"type":"Point","coordinates":[-70.16811,41.66596]},"properties":{"f":2507}},{"type":"Feature","geometry":{"type":"Point","coordinates":[-70.16136,41.6638]},"properties":{"f":2961}},{"type":"Feature","geometry":{"type":"Point","coordinates":[-70.15938,41.66428]},"properties":{"f":2682}},{"type":"Feature","geometry":{"type":"Point","coordinates":[-70.15905,41.66475]},"properties":{"f":2713}},{"type":"Feature","geometry":{"type":"Point","coordinates":[-70.14721,41.66309]},"properties":{"f":2711}},{"type":"Feature","geometry":{"type":"Point","coordinates":[-70.14058,41.66519]},"properties":{"f":2897}},{"type":"Feature","geometry":{"type":"Point","coordinates":[-70.13631,41.66365]},"properties":{"f":2930}},{"type":"Feature","geometry":{"type":"Point","coordinates":[-70.12886,41.6653]},"properties":{"f":2847}},{"type":"Feature","geometry":{"type":"Point","coordinates":[-70.12653,41.66554]},"properties":{"f":3874}},{"type":"Feature","geometry":{"type":"Point","coordinates":[-70.12647,41.66382]},"properties":{"f":2480}},{"type":"Feature","geometry":{"type":"Point","coordinates":[-70.12202,41.66394]},"properties":{"f":2502}},{"type":"Feature","geometry":{"type":"Point","coordinates":[-70.12082,41.66417]},"properties":{"f":2776}},{"type":"Feature","geometry":{"type":"Point","coordinates":[-70.17417,41.66941]},"properties":{"f":3654}},{"type":"Feature","geometry":{"type":"Point","coordinates":[-70.17369,41.66953]},"properties":{"f":2745}},{"type":"Feature","geometry":{"type":"Point","coordinates":[-70.16982,41.66955]},"properties":{"f":3207}},{"type":"Feature","geometry":{"type":"Point","coordinates":[-70.17108,41.66873]},"properties":{"f":2978}},{"type":"Feature","geometry":{"type":"Point","coordinates":[-70.16996,41.66828]},"properties":{"f":2526}},{"type":"Feature","geometry":{"type":"Point","coordinates":[-70.17013,41.66793]},"properties":{"f":3591}},{"type":"Feature","geometry":{"type":"Point","coordinates":[-70.16804,41.66902]},"properties":{"f":3190}},{"type":"Feature","geometry":{"type":"Point","coordinates":[-70.1716,41.66783]},"properties":{"f":2730}},{"type":"Feature","geometry":{"type":"Point","coordinates":[-70.1719,41.67023]},"properties":{"f":2656}},{"type":"Feature","geometry":{"type":"Point","coordinates":[-70.17125,41.67053]},"properties":{"f":2815}},{"type":"Feature","geometry":{"type":"Point","coordinates":[-70.17188,41.66746]},"properties":{"f":3254}},{"type":"Feature","geometry":{"type":"Point","coordinates":[-70.1708,41.6709]},"properties":{"f":3591}},{"type":"Feature","geometry":{"type":"Point","coordinates":[-70.16673,41.67023]},"properties":{"f":3095}},{"type":"Feature","geometry":{"type":"Point","coordinates":[-70.16658,41.66964]},"properties":{"f":4101}},{"type":"Feature","geometry":{"type":"Point","coordinates":[-70.16744,41.66951]},"properties":{"f":2736}},{"type":"Feature","geometry":{"type":"Point","coordinates":[-70.16697,41.6677]},"properties":{"f":2691}},{"type":"Feature","geometry":{"type":"Point","coordinates":[-70.16629,41.66769]},"properties":{"f":3736}},{"type":"Feature","geometry":{"type":"Point","coordinates":[-70.16071,41.66844]},"properties":{"f":3160}},{"type":"Feature","geometry":{"type":"Point","coordinates":[-70.16345,41.66794]},"properties":{"f":3345}},{"type":"Feature","geometry":{"type":"Point","coordinates":[-70.15891,41.66851]},"properties":{"f":3244}},{"type":"Feature","geometry":{"type":"Point","coordinates":[-70.15764,41.66961]},"properties":{"f":2675}},{"type":"Feature","geometry":{"type":"Point","coordinates":[-70.1564,41.66868]},"properties":{"f":2579}},{"type":"Feature","geometry":{"type":"Point","coordinates":[-70.15809,41.67087]},"properties":{"f":2835}},{"type":"Feature","geometry":{"type":"Point","coordinates":[-70.15841,41.67157]},"properties":{"f":2944}},{"type":"Feature","geometry":{"type":"Point","coordinates":[-70.15577,41.66994]},"properties":{"f":3924}},{"type":"Feature","geometry":{"type":"Point","coordinates":[-70.15554,41.67056]},"properties":{"f":2676}},{"type":"Feature","geometry":{"type":"Point","coordinates":[-70.15406,41.67062]},"properties":{"f":3401}},{"type":"Feature","geometry":{"type":"Point","coordinates":[-70.15455,41.66951]},"properties":{"f":2826}},{"type":"Feature","geometry":{"type":"Point","coordinates":[-70.14498,41.67056]},"properties":{"f":2457}},{"type":"Feature","geometry":{"type":"Point","coordinates":[-70.17068,41.67172]},"properties":{"f":4182}},{"type":"Feature","geometry":{"type":"Point","coordinates":[-70.17013,41.67222]},"properties":{"f":5142}},{"type":"Feature","geometry":{"type":"Point","coordinates":[-70.16904,41.67223]},"properties":{"f":3704}},{"type":"Feature","geometry":{"type":"Point","coordinates":[-70.1641,41.67307]},"properties":{"f":3627}},{"type":"Feature","geometry":{"type":"Point","coordinates":[-70.16561,41.67251]},"properties":{"f":3452}},{"type":"Feature","geometry":{"type":"Point","coordinates":[-70.1661,41.67236]},"properties":{"f":2727}},{"type":"Feature","geometry":{"type":"Point","coordinates":[-70.16112,41.67575]},"properties":{"f":2940}},{"type":"Feature","geometry":{"type":"Point","coordinates":[-70.15993,41.67509]},"properties":{"f":2831}},{"type":"Feature","geometry":{"type":"Point","coordinates":[-70.16012,41.67482]},"properties":{"f":3266}},{"type":"Feature","geometry":{"type":"Point","coordinates":[-70.16038,41.67454]},"properties":{"f":2861}},{"type":"Feature","geometry":{"type":"Point","coordinates":[-70.1607,41.67426]},"properties":{"f":3390}},{"type":"Feature","geometry":{"type":"Point","coordinates":[-70.16108,41.67407]},"properties":{"f":3723}},{"type":"Feature","geometry":{"type":"Point","coordinates":[-70.16137,41.67522]},"properties":{"f":2736}},{"type":"Feature","geometry":{"type":"Point","coordinates":[-70.16168,41.67461]},"properties":{"f":2675}},{"type":"Feature","geometry":{"type":"Point","coordinates":[-70.16194,41.67438]},"properties":{"f":2511}},{"type":"Feature","geometry":{"type":"Point","coordinates":[-70.16223,41.67421]},"properties":{"f":2909}},{"type":"Feature","geometry":{"type":"Point","coordinates":[-70.157,41.6748]},"properties":{"f":2741}},{"type":"Feature","geometry":{"type":"Point","coordinates":[-70.15689,41.67383]},"properties":{"f":3124}},{"type":"Feature","geometry":{"type":"Point","coordinates":[-70.15689,41.67342]},"properties":{"f":3075}},{"type":"Feature","geometry":{"type":"Point","coordinates":[-70.15857,41.67286]},"properties":{"f":4349}},{"type":"Feature","geometry":{"type":"Point","coordinates":[-70.15869,41.67246]},"properties":{"f":4037}},{"type":"Feature","geometry":{"type":"Point","coordinates":[-70.15766,41.67267]},"properties":{"f":3267}},{"type":"Feature","geometry":{"type":"Point","coordinates":[-70.15766,41.67197]},"properties":{"f":2986}},{"type":"Feature","geometry":{"type":"Point","coordinates":[-70.15906,41.67279]},"properties":{"f":2865}},{"type":"Feature","geometry":{"type":"Point","coordinates":[-70.15704,41.67212]},"properties":{"f":3023}},{"type":"Feature","geometry":{"type":"Point","coordinates":[-70.1559,41.67259]},"properties":{"f":2513}},{"type":"Feature","geometry":{"type":"Point","coordinates":[-70.15535,41.6724]},"properties":{"f":2543}},{"type":"Feature","geometry":{"type":"Point","coordinates":[-70.15437,41.67266]},"properties":{"f":2974}},{"type":"Feature","geometry":{"type":"Point","coordinates":[-70.14721,41.67274]},"properties":{"f":2712}},{"type":"Feature","geometry":{"type":"Point","coordinates":[-70.14371,41.67488]},"properties":{"f":2775}},{"type":"Feature","geometry":{"type":"Point","coordinates":[-70.14309,41.67536]},"properties":{"f":2548}},{"type":"Feature","geometry":{"type":"Point","coordinates":[-70.14211,41.67504]},"properties":{"f":2828}},{"type":"Feature","geometry":{"type":"Point","coordinates":[-70.13635,41.67515]},"properties":{"f":2481}},{"type":"Feature","geometry":{"type":"Point","coordinates":[-70.13125,41.67418]},"properties":{"f":2551}},{"type":"Feature","geometry":{"type":"Point","coordinates":[-70.13064,41.67262]},"properties":{"f":2587}},{"type":"Feature","geometry":{"type":"Point","coordinates":[-70.12973,41.67488]},"properties":{"f":3305}},{"type":"Feature","geometry":{"type":"Point","coordinates":[-70.12952,41.67512]},"properties":{"f":3209}},{"type":"Feature","geometry":{"type":"Point","coordinates":[-70.12815,41.67477]},"properties":{"f":2681}},{"type":"Feature","geometry":{"type":"Point","coordinates":[-70.12701,41.67177]},"properties":{"f":2578}},{"type":"Feature","geometry":{"type":"Point","coordinates":[-70.12467,41.67276]},"properties":{"f":2619}},{"type":"Feature","geometry":{"type":"Point","coordinates":[-70.12542,41.67186]},"properties":{"f":2490}},{"type":"Feature","geometry":{"type":"Point","coordinates":[-70.1261,41.67134]},"properties":{"f":2636}},{"type":"Feature","geometry":{"type":"Point","coordinates":[-70.12577,41.67372]},"properties":{"f":2466}},{"type":"Feature","geometry":{"type":"Point","coordinates":[-70.12336,41.67156]},"properties":{"f":2990}},{"type":"Feature","geometry":{"type":"Point","coordinates":[-70.16042,41.67948]},"properties":{"f":4400}},{"type":"Feature","geometry":{"type":"Point","coordinates":[-70.16064,41.67846]},"properties":{"f":2836}},{"type":"Feature","geometry":{"type":"Point","coordinates":[-70.16095,41.67827]},"properties":{"f":5077}},{"type":"Feature","geometry":{"type":"Point","coordinates":[-70.16065,41.67787]},"properties":{"f":2790}},{"type":"Feature","geometry":{"type":"Point","coordinates":[-70.16064,41.67749]},"properties":{"f":2815}},{"type":"Feature","geometry":{"type":"Point","coordinates":[-70.16084,41.67647]},"properties":{"f":2920}},{"type":"Feature","geometry":{"type":"Point","coordinates":[-70.15995,41.67836]},"properties":{"f":3000}},{"type":"Feature","geometry":{"type":"Point","coordinates":[-70.15978,41.6787]},"properties":{"f":2894}},{"type":"Feature","geometry":{"type":"Point","coordinates":[-70.15939,41.67835]},"properties":{"f":2520}},{"type":"Feature","geometry":{"type":"Point","coordinates":[-70.15993,41.67794]},"properties":{"f":2681}},{"type":"Feature","geometry":{"type":"Point","coordinates":[-70.15998,41.67696]},"properties":{"f":2641}},{"type":"Feature","geometry":{"type":"Point","coordinates":[-70.15925,41.67738]},"properties":{"f":2881}},{"type":"Feature","geometry":{"type":"Point","coordinates":[-70.15883,41.67757]},"properties":{"f":3166}},{"type":"Feature","geometry":{"type":"Point","coordinates":[-70.15835,41.6785]},"properties":{"f":2986}},{"type":"Feature","geometry":{"type":"Point","coordinates":[-70.15781,41.67784]},"properties":{"f":4183}},{"type":"Feature","geometry":{"type":"Point","coordinates":[-70.15572,41.67704]},"properties":{"f":3727}},{"type":"Feature","geometry":{"type":"Point","coordinates":[-70.15601,41.6776]},"properties":{"f":2573}},{"type":"Feature","geometry":{"type":"Point","coordinates":[-70.15611,41.67872]},"properties":{"f":3467}},{"type":"Feature","geometry":{"type":"Point","coordinates":[-70.15674,41.67912]},"properties":{"f":2506}},{"type":"Feature","geometry":{"type":"Point","coordinates":[-70.15744,41.67735]},"properties":{"f":2720}},{"type":"Feature","geometry":{"type":"Point","coordinates":[-70.15722,41.67753]},"properties":{"f":2681}},{"type":"Feature","geometry":{"type":"Point","coordinates":[-70.15827,41.67633]},"properties":{"f":2803}},{"type":"Feature","geometry":{"type":"Point","coordinates":[-70.15858,41.67612]},"properties":{"f":2654}},{"type":"Feature","geometry":{"type":"Point","coordinates":[-70.15903,41.67592]},"properties":{"f":2887}},{"type":"Feature","geometry":{"type":"Point","coordinates":[-70.15934,41.67568]},"properties":{"f":2645}},{"type":"Feature","geometry":{"type":"Point","coordinates":[-70.15611,41.67659]},"properties":{"f":2568}},{"type":"Feature","geometry":{"type":"Point","coordinates":[-70.15576,41.67817]},"properties":{"f":2634}},{"type":"Feature","geometry":{"type":"Point","coordinates":[-70.15435,41.67864]},"properties":{"f":2784}},{"type":"Feature","geometry":{"type":"Point","coordinates":[-70.15346,41.67838]},"properties":{"f":2763}},{"type":"Feature","geometry":{"type":"Point","coordinates":[-70.15399,41.67827]},"properties":{"f":2858}},{"type":"Feature","geometry":{"type":"Point","coordinates":[-70.15503,41.678]},"properties":{"f":2495}},{"type":"Feature","geometry":{"type":"Point","coordinates":[-70.15516,41.67771]},"properties":{"f":2646}},{"type":"Feature","geometry":{"type":"Point","coordinates":[-70.15377,41.67789]},"properties":{"f":2843}},{"type":"Feature","geometry":{"type":"Point","coordinates":[-70.15522,41.67655]},"properties":{"f":2636}},{"type":"Feature","geometry":{"type":"Point","coordinates":[-70.14541,41.67657]},"properties":{"f":2883}},{"type":"Feature","geometry":{"type":"Point","coordinates":[-70.14396,41.67864]},"properties":{"f":2549}},{"type":"Feature","geometry":{"type":"Point","coordinates":[-70.14287,41.67673]},"properties":{"f":3070}},{"type":"Feature","geometry":{"type":"Point","coordinates":[-70.14225,41.67559]},"properties":{"f":2616}},{"type":"Feature","geometry":{"type":"Point","coordinates":[-70.13951,41.67719]},"properties":{"f":3767}},{"type":"Feature","geometry":{"type":"Point","coordinates":[-70.12976,41.67581]},"properties":{"f":2591}},{"type":"Feature","geometry":{"type":"Point","coordinates":[-70.12784,41.67609]},"properties":{"f":2875}},{"type":"Feature","geometry":{"type":"Point","coordinates":[-70.12879,41.67815]},"properties":{"f":2738}},{"type":"Feature","geometry":{"type":"Point","coordinates":[-70.12804,41.67901]},"properties":{"f":3101}},{"type":"Feature","geometry":{"type":"Point","coordinates":[-70.12808,41.67812]},"properties":{"f":2777}},{"type":"Feature","geometry":{"type":"Point","coordinates":[-70.15597,41.68292]},"properties":{"f":3128}},{"type":"Feature","geometry":{"type":"Point","coordinates":[-70.1585,41.68346]},"properties":{"f":2458}},{"type":"Feature","geometry":{"type":"Point","coordinates":[-70.15943,41.68344]},"properties":{"f":2562}},{"type":"Feature","geometry":{"type":"Point","coordinates":[-70.15884,41.68255]},"properties":{"f":2976}},{"type":"Feature","geometry":{"type":"Point","coordinates":[-70.15815,41.6823]},"properties":{"f":3430}},{"type":"Feature","geometry":{"type":"Point","coordinates":[-70.15955,41.68004]},"properties":{"f":3050}},{"type":"Feature","geometry":{"type":"Point","coordinates":[-70.15991,41.67982]},"properties":{"f":3345}},{"type":"Feature","geometry":{"type":"Point","coordinates":[-70.15664,41.68188]},"properties":{"f":2517}},{"type":"Feature","geometry":{"type":"Point","coordinates":[-70.15703,41.68232]},"properties":{"f":2593}},{"type":"Feature","geometry":{"type":"Point","coordinates":[-70.15836,41.68061]},"properties":{"f":5070}},{"type":"Feature","geometry":{"type":"Point","coordinates":[-70.14836,41.68232]},"properties":{"f":2517}},{"type":"Feature","geometry":{"type":"Point","coordinates":[-70.14036,41.68173]},"properties":{"f":2692}},{"type":"Feature","geometry":{"type":"Point","coordinates":[-70.1411,41.68212]},"properties":{"f":3554}},{"type":"Feature","geometry":{"type":"Point","coordinates":[-70.13795,41.68004]},"properties":{"f":2488}},{"type":"Feature","geometry":{"type":"Point","coordinates":[-70.15954,41.6867]},"properties":{"f":2840}},{"type":"Feature","geometry":{"type":"Point","coordinates":[-70.15871,41.68627]},"properties":{"f":3062}},{"type":"Feature","geometry":{"type":"Point","coordinates":[-70.15703,41.68401]},"properties":{"f":2683}},{"type":"Feature","geometry":{"type":"Point","coordinates":[-70.15798,41.68577]},"properties":{"f":2602}},{"type":"Feature","geometry":{"type":"Point","coordinates":[-70.15739,41.68468]},"properties":{"f":2482}},{"type":"Feature","geometry":{"type":"Point","coordinates":[-70.15536,41.68633]},"properties":{"f":2690}},{"type":"Feature","geometry":{"type":"Point","coordinates":[-70.15595,41.68509]},"properties":{"f":2829}},{"type":"Feature","geometry":{"type":"Point","coordinates":[-70.15262,41.68592]},"properties":{"f":3063}},{"type":"Feature","geometry":{"type":"Point","coordinates":[-70.15072,41.68671]},"properties":{"f":2565}},{"type":"Feature","geometry":{"type":"Point","coordinates":[-70.15091,41.68602]},"properties":{"f":3540}},{"type":"Feature","geometry":{"type":"Point","coordinates":[-70.14447,41.6852]},"properties":{"f":2705}},{"type":"Feature","geometry":{"type":"Point","coordinates":[-70.14502,41.68433]},"properties":{"f":2623}},{"type":"Feature","geometry":{"type":"Point","coordinates":[-70.14549,41.68396]},"properties":{"f":2593}},{"type":"Feature","geometry":{"type":"Point","coordinates":[-70.13041,41.68458]},"properties":{"f":2851}},{"type":"Feature","geometry":{"type":"Point","coordinates":[-70.12833,41.684]},"properties":{"f":2672}},{"type":"Feature","geometry":{"type":"Point","coordinates":[-70.15899,41.69185]},"properties":{"f":2585}},{"type":"Feature","geometry":{"type":"Point","coordinates":[-70.1574,41.69139]},"properties":{"f":2915}},{"type":"Feature","geometry":{"type":"Point","coordinates":[-70.15805,41.69122]},"properties":{"f":4015}},{"type":"Feature","geometry":{"type":"Point","coordinates":[-70.15674,41.68842]},"properties":{"f":2501}},{"type":"Feature","geometry":{"type":"Point","coordinates":[-70.15537,41.68849]},"properties":{"f":2472}},{"type":"Feature","geometry":{"type":"Point","coordinates":[-70.15598,41.68998]},"properties":{"f":3785}},{"type":"Feature","geometry":{"type":"Point","coordinates":[-70.14324,41.68806]},"properties":{"f":2719}},{"type":"Feature","geometry":{"type":"Point","coordinates":[-70.16407,41.69286]},"properties":{"f":2975}},{"type":"Feature","geometry":{"type":"Point","coordinates":[-70.16466,41.69358]},"properties":{"f":2491}},{"type":"Feature","geometry":{"type":"Point","coordinates":[-70.162,41.69422]},"properties":{"f":2498}},{"type":"Feature","geometry":{"type":"Point","coordinates":[-70.16276,41.69401]},"properties":{"f":2827}},{"type":"Feature","geometry":{"type":"Point","coordinates":[-70.16324,41.69389]},"properties":{"f":2511}},{"type":"Feature","geometry":{"type":"Point","coordinates":[-70.16331,41.69345]},"properties":{"f":2902}},{"type":"Feature","geometry":{"type":"Point","coordinates":[-70.16278,41.69362]},"properties":{"f":3183}},{"type":"Feature","geometry":{"type":"Point","coordinates":[-70.16242,41.69375]},"properties":{"f":2567}},{"type":"Feature","geometry":{"type":"Point","coordinates":[-70.1623,41.69332]},"properties":{"f":3276}},{"type":"Feature","geometry":{"type":"Point","coordinates":[-70.16259,41.69314]},"properties":{"f":3139}},{"type":"Feature","geometry":{"type":"Point","coordinates":[-70.16289,41.69293]},"properties":{"f":2670}},{"type":"Feature","geometry":{"type":"Point","coordinates":[-70.16225,41.69281]},"properties":{"f":2693}},{"type":"Feature","geometry":{"type":"Point","coordinates":[-70.16176,41.69317]},"properties":{"f":2759}},{"type":"Feature","geometry":{"type":"Point","coordinates":[-70.16193,41.69228]},"properties":{"f":2711}},{"type":"Feature","geometry":{"type":"Point","coordinates":[-70.15943,41.69284]},"properties":{"f":3402}},{"type":"Feature","geometry":{"type":"Point","coordinates":[-70.16031,41.69481]},"properties":{"f":2797}},{"type":"Feature","geometry":{"type":"Point","coordinates":[-70.15962,41.69488]},"properties":{"f":3175}},{"type":"Feature","geometry":{"type":"Point","coordinates":[-70.15744,41.69252]},"properties":{"f":2935}},{"type":"Feature","geometry":{"type":"Point","coordinates":[-70.15732,41.69426]},"properties":{"f":3199}},{"type":"Feature","geometry":{"type":"Point","coordinates":[-70.15693,41.69542]},"properties":{"f":2464}},{"type":"Feature","geometry":{"type":"Point","coordinates":[-70.15838,41.69418]},"properties":{"f":2565}},{"type":"Feature","geometry":{"type":"Point","coordinates":[-70.1564,41.6923]},"properties":{"f":2903}},{"type":"Feature","geometry":{"type":"Point","coordinates":[-70.1723,41.69951]},"properties":{"f":3394}},{"type":"Feature","geometry":{"type":"Point","coordinates":[-70.17218,41.69882]},"properties":{"f":2571}},{"type":"Feature","geometry":{"type":"Point","coordinates":[-70.16581,41.69813]},"properties":{"f":2600}},{"type":"Feature","geometry":{"type":"Point","coordinates":[-70.16454,41.69676]},"properties":{"f":2744}},{"type":"Feature","geometry":{"type":"Point","coordinates":[-70.16112,41.69733]},"properties":{"f":2701}},{"type":"Feature","geometry":{"type":"Point","coordinates":[-70.16113,41.69787]},"properties":{"f":2549}},{"type":"Feature","geometry":{"type":"Point","coordinates":[-70.1609,41.69928]},"properties":{"f":2724}},{"type":"Feature","geometry":{"type":"Point","coordinates":[-70.17363,41.7008]},"properties":{"f":2512}},{"type":"Feature","geometry":{"type":"Point","coordinates":[-70.16412,41.70227]},"properties":{"f":2497}},{"type":"Feature","geometry":{"type":"Point","coordinates":[-70.16454,41.70395]},"properties":{"f":2724}},{"type":"Feature","geometry":{"type":"Point","coordinates":[-70.14942,41.70265]},"properties":{"f":2534}},{"type":"Feature","geometry":{"type":"Point","coordinates":[-70.13714,41.70197]},"properties":{"f":3198}},{"type":"Feature","geometry":{"type":"Point","coordinates":[-70.13374,41.70123]},"properties":{"f":3996}},{"type":"Feature","geometry":{"type":"Point","coordinates":[-70.13297,41.70116]},"properties":{"f":2948}},{"type":"Feature","geometry":{"type":"Point","coordinates":[-70.1786,41.70706]},"properties":{"f":3617}},{"type":"Feature","geometry":{"type":"Point","coordinates":[-70.17543,41.70659]},"properties":{"f":2834}},{"type":"Feature","geometry":{"type":"Point","coordinates":[-70.17577,41.70621]},"properties":{"f":2510}},{"type":"Feature","geometry":{"type":"Point","coordinates":[-70.17655,41.70721]},"properties":{"f":2516}},{"type":"Feature","geometry":{"type":"Point","coordinates":[-70.17439,41.70588]},"properties":{"f":2459}},{"type":"Feature","geometry":{"type":"Point","coordinates":[-70.17528,41.7077]},"properties":{"f":2523}},{"type":"Feature","geometry":{"type":"Point","coordinates":[-70.17009,41.70605]},"properties":{"f":2496}},{"type":"Feature","geometry":{"type":"Point","coordinates":[-70.16635,41.70727]},"properties":{"f":2596}},{"type":"Feature","geometry":{"type":"Point","coordinates":[-70.16549,41.70788]},"properties":{"f":2521}},{"type":"Feature","geometry":{"type":"Point","coordinates":[-70.16185,41.70686]},"properties":{"f":2462}},{"type":"Feature","geometry":{"type":"Point","coordinates":[-70.16247,41.70687]},"properties":{"f":2626}},{"type":"Feature","geometry":{"type":"Point","coordinates":[-70.16302,41.70701]},"properties":{"f":2508}},{"type":"Feature","geometry":{"type":"Point","coordinates":[-70.15266,41.7072]},"properties":{"f":2581}},{"type":"Feature","geometry":{"type":"Point","coordinates":[-70.18351,41.71272]},"properties":{"f":2747}},{"type":"Feature","geometry":{"type":"Point","coordinates":[-70.17141,41.70933]},"properties":{"f":2837}},{"type":"Feature","geometry":{"type":"Point","coordinates":[-70.16755,41.7102]},"properties":{"f":2482}},{"type":"Feature","geometry":{"type":"Point","coordinates":[-70.16641,41.71247]},"properties":{"f":2527}},{"type":"Feature","geometry":{"type":"Point","coordinates":[-70.16329,41.70907]},"properties":{"f":2544}},{"type":"Feature","geometry":{"type":"Point","coordinates":[-70.164,41.70898]},"properties":{"f":2734}},{"type":"Feature","geometry":{"type":"Point","coordinates":[-70.16352,41.7097]},"properties":{"f":2849}},{"type":"Feature","geometry":{"type":"Point","coordinates":[-70.1643,41.70977]},"properties":{"f":2584}},{"type":"Feature","geometry":{"type":"Point","coordinates":[-70.16218,41.70892]},"properties":{"f":3073}},{"type":"Feature","geometry":{"type":"Point","coordinates":[-70.1621,41.70858]},"properties":{"f":2495}},{"type":"Feature","geometry":{"type":"Point","coordinates":[-70.16093,41.70866]},"properties":{"f":2860}},{"type":"Feature","geometry":{"type":"Point","coordinates":[-70.16093,41.70891]},"properties":{"f":2940}},{"type":"Feature","geometry":{"type":"Point","coordinates":[-70.16093,41.70922]},"properties":{"f":2698}},{"type":"Feature","geometry":{"type":"Point","coordinates":[-70.1603,41.70878]},"properties":{"f":3409}},{"type":"Feature","geometry":{"type":"Point","coordinates":[-70.1603,41.70858]},"properties":{"f":2513}},{"type":"Feature","geometry":{"type":"Point","coordinates":[-70.1623,41.7108]},"properties":{"f":2552}},{"type":"Feature","geometry":{"type":"Point","coordinates":[-70.16191,41.71075]},"properties":{"f":2460}},{"type":"Feature","geometry":{"type":"Point","coordinates":[-70.16281,41.7098]},"properties":{"f":3078}},{"type":"Feature","geometry":{"type":"Point","coordinates":[-70.19197,41.71672]},"properties":{"f":2609}},{"type":"Feature","geometry":{"type":"Point","coordinates":[-70.16845,41.71426]},"properties":{"f":2461}},{"type":"Feature","geometry":{"type":"Point","coordinates":[-70.16916,41.71395]},"properties":{"f":2620}},{"type":"Feature","geometry":{"type":"Point","coordinates":[-70.16568,41.71376]},"properties":{"f":2497}},{"type":"Feature","geometry":{"type":"Point","coordinates":[-70.16369,41.71354]},"properties":{"f":2610}},{"type":"Feature","geometry":{"type":"Point","coordinates":[-70.15352,41.71613]},"properties":{"f":2844}},{"type":"Feature","geometry":{"type":"Point","coordinates":[-70.15272,41.71535]},"properties":{"f":2960}},{"type":"Feature","geometry":{"type":"Point","coordinates":[-70.1526,41.71488]},"properties":{"f":3169}},{"type":"Feature","geometry":{"type":"Point","coordinates":[-70.15111,41.71346]},"properties":{"f":2553}},{"type":"Feature","geometry":{"type":"Point","coordinates":[-70.1505,41.71276]},"properties":{"f":2556}},{"type":"Feature","geometry":{"type":"Point","coordinates":[-70.14616,41.71343]},"properties":{"f":2628}},{"type":"Feature","geometry":{"type":"Point","coordinates":[-70.14658,41.7142]},"properties":{"f":2800}},{"type":"Feature","geometry":{"type":"Point","coordinates":[-70.1961,41.71765]},"properties":{"f":3045}},{"type":"Feature","geometry":{"type":"Point","coordinates":[-70.19645,41.71853]},"properties":{"f":2574}},{"type":"Feature","geometry":{"type":"Point","coordinates":[-70.19252,41.71988]},"properties":{"f":2810}},{"type":"Feature","geometry":{"type":"Point","coordinates":[-70.19124,41.72088]},"properties":{"f":3383}},{"type":"Feature","geometry":{"type":"Point","coordinates":[-70.19322,41.71829]},"properties":{"f":2535}},{"type":"Feature","geometry":{"type":"Point","coordinates":[-70.19381,41.71801]},"properties":{"f":2578}},{"type":"Feature","geometry":{"type":"Point","coordinates":[-70.18746,41.72032]},"properties":{"f":3066}},{"type":"Feature","geometry":{"type":"Point","coordinates":[-70.18712,41.72113]},"properties":{"f":2815}},{"type":"Feature","geometry":{"type":"Point","coordinates":[-70.1734,41.71915]},"properties":{"f":2471}},{"type":"Feature","geometry":{"type":"Point","coordinates":[-70.17203,41.71807]},"properties":{"f":3626}},{"type":"Feature","geometry":{"type":"Point","coordinates":[-70.17402,41.71899]},"properties":{"f":3059}},{"type":"Feature","geometry":{"type":"Point","coordinates":[-70.16564,41.72048]},"properties":{"f":2754}},{"type":"Feature","geometry":{"type":"Point","coordinates":[-70.16668,41.72039]},"properties":{"f":2695}},{"type":"Feature","geometry":{"type":"Point","coordinates":[-70.16596,41.71805]},"properties":{"f":4518}},{"type":"Feature","geometry":{"type":"Point","coordinates":[-70.16012,41.7188]},"properties":{"f":2750}},{"type":"Feature","geometry":{"type":"Point","coordinates":[-70.15307,41.71672]},"properties":{"f":2647}},{"type":"Feature","geometry":{"type":"Point","coordinates":[-70.14688,41.72051]},"properties":{"f":2549}},{"type":"Feature","geometry":{"type":"Point","coordinates":[-70.14729,41.72051]},"properties":{"f":3584}},{"type":"Feature","geometry":{"type":"Point","coordinates":[-70.148,41.72039]},"properties":{"f":2670}},{"type":"Feature","geometry":{"type":"Point","coordinates":[-70.14683,41.71776]},"properties":{"f":2509}},{"type":"Feature","geometry":{"type":"Point","coordinates":[-70.14666,41.71842]},"properties":{"f":2607}},{"type":"Feature","geometry":{"type":"Point","coordinates":[-70.19913,41.72465]},"properties":{"f":3988}},{"type":"Feature","geometry":{"type":"Point","coordinates":[-70.19999,41.72386]},"properties":{"f":3545}},{"type":"Feature","geometry":{"type":"Point","coordinates":[-70.19818,41.72506]},"properties":{"f":3444}},{"type":"Feature","geometry":{"type":"Point","coordinates":[-70.19574,41.72454]},"properties":{"f":3312}},{"type":"Feature","geometry":{"type":"Point","coordinates":[-70.19888,41.72363]},"properties":{"f":2706}},{"type":"Feature","geometry":{"type":"Point","coordinates":[-70.19825,41.72352]},"properties":{"f":2629}},{"type":"Feature","geometry":{"type":"Point","coordinates":[-70.1958,41.72351]},"properties":{"f":3192}},{"type":"Feature","geometry":{"type":"Point","coordinates":[-70.19127,41.72225]},"properties":{"f":2889}},{"type":"Feature","geometry":{"type":"Point","coordinates":[-70.19215,41.72409]},"properties":{"f":2492}},{"type":"Feature","geometry":{"type":"Point","coordinates":[-70.19114,41.72486]},"properties":{"f":2714}},{"type":"Feature","geometry":{"type":"Point","coordinates":[-70.19053,41.72424]},"properties":{"f":2636}},{"type":"Feature","geometry":{"type":"Point","coordinates":[-70.19024,41.72286]},"properties":{"f":2570}},{"type":"Feature","geometry":{"type":"Point","coordinates":[-70.18937,41.72264]},"properties":{"f":2709}},{"type":"Feature","geometry":{"type":"Point","coordinates":[-70.1878,41.72463]},"properties":{"f":2466}},{"type":"Feature","geometry":{"type":"Point","coordinates":[-70.18785,41.72491]},"properties":{"f":2980}},{"type":"Feature","geometry":{"type":"Point","coordinates":[-70.18702,41.72211]},"properties":{"f":2533}},{"type":"Feature","geometry":{"type":"Point","coordinates":[-70.18744,41.72213]},"properties":{"f":2483}},{"type":"Feature","geometry":{"type":"Point","coordinates":[-70.18797,41.72209]},"properties":{"f":2844}},{"type":"Feature","geometry":{"type":"Point","coordinates":[-70.18812,41.72127]},"properties":{"f":2511}},{"type":"Feature","geometry":{"type":"Point","coordinates":[-70.18662,41.72449]},"properties":{"f":3135}},{"type":"Feature","geometry":{"type":"Point","coordinates":[-70.18518,41.72418]},"properties":{"f":2769}},{"type":"Feature","geometry":{"type":"Point","coordinates":[-70.18529,41.72436]},"properties":{"f":3792}},{"type":"Feature","geometry":{"type":"Point","coordinates":[-70.18595,41.72453]},"properties":{"f":2597}},{"type":"Feature","geometry":{"type":"Point","coordinates":[-70.18532,41.72477]},"properties":{"f":3203}},{"type":"Feature","geometry":{"type":"Point","coordinates":[-70.18539,41.72504]},"properties":{"f":3146}},{"type":"Feature","geometry":{"type":"Point","coordinates":[-70.18679,41.72376]},"properties":{"f":2670}},{"type":"Feature","geometry":{"type":"Point","coordinates":[-70.17644,41.72499]},"properties":{"f":2899}},{"type":"Feature","geometry":{"type":"Point","coordinates":[-70.17645,41.72445]},"properties":{"f":2677}},{"type":"Feature","geometry":{"type":"Point","coordinates":[-70.17558,41.72444]},"properties":{"f":2958}},{"type":"Feature","geometry":{"type":"Point","coordinates":[-70.17117,41.72473]},"properties":{"f":2858}},{"type":"Feature","geometry":{"type":"Point","coordinates":[-70.17111,41.72442]},"properties":{"f":2934}},{"type":"Feature","geometry":{"type":"Point","coordinates":[-70.17057,41.72323]},"properties":{"f":2482}},{"type":"Feature","geometry":{"type":"Point","coordinates":[-70.16868,41.72103]},"properties":{"f":3536}},{"type":"Feature","geometry":{"type":"Point","coordinates":[-70.16802,41.72201]},"properties":{"f":2923}},{"type":"Feature","geometry":{"type":"Point","coordinates":[-70.1681,41.72241]},"properties":{"f":2519}},{"type":"Feature","geometry":{"type":"Point","coordinates":[-70.16844,41.72422]},"properties":{"f":2687}},{"type":"Feature","geometry":{"type":"Point","coordinates":[-70.1686,41.72499]},"properties":{"f":2534}},{"type":"Feature","geometry":{"type":"Point","coordinates":[-70.16978,41.72419]},"properties":{"f":2548}},{"type":"Feature","geometry":{"type":"Point","coordinates":[-70.16335,41.72266]},"properties":{"f":2837}},{"type":"Feature","geometry":{"type":"Point","coordinates":[-70.16374,41.72237]},"properties":{"f":3576}},{"type":"Feature","geometry":{"type":"Point","coordinates":[-70.16451,41.72186]},"properties":{"f":3313}},{"type":"Feature","geometry":{"type":"Point","coordinates":[-70.16576,41.72151]},"properties":{"f":2461}},{"type":"Feature","geometry":{"type":"Point","coordinates":[-70.1662,41.72196]},"properties":{"f":2639}},{"type":"Feature","geometry":{"type":"Point","coordinates":[-70.16641,41.72236]},"properties":{"f":2941}},{"type":"Feature","geometry":{"type":"Point","coordinates":[-70.16582,41.72356]},"properties":{"f":3341}},{"type":"Feature","geometry":{"type":"Point","coordinates":[-70.16378,41.72104]},"properties":{"f":2465}},{"type":"Feature","geometry":{"type":"Point","coordinates":[-70.16116,41.72168]},"properties":{"f":2807}},{"type":"Feature","geometry":{"type":"Point","coordinates":[-70.16282,41.72269]},"properties":{"f":2613}},{"type":"Feature","geometry":{"type":"Point","coordinates":[-70.15618,41.72202]},"properties":{"f":2504}},{"type":"Feature","geometry":{"type":"Point","coordinates":[-70.15403,41.72345]},"properties":{"f":2758}},{"type":"Feature","geometry":{"type":"Point","coordinates":[-70.14952,41.72453]},"properties":{"f":2596}},{"type":"Feature","geometry":{"type":"Point","coordinates":[-70.14945,41.72423]},"properties":{"f":2618}},{"type":"Feature","geometry":{"type":"Point","coordinates":[-70.14996,41.72416]},"properties":{"f":2724}},{"type":"Feature","geometry":{"type":"Point","coordinates":[-70.15056,41.72402]},"properties":{"f":2870}},{"type":"Feature","geometry":{"type":"Point","coordinates":[-70.1492,41.72329]},"properties":{"f":2507}},{"type":"Feature","geometry":{"type":"Point","coordinates":[-70.14975,41.72327]},"properties":{"f":2945}},{"type":"Feature","geometry":{"type":"Point","coordinates":[-70.14982,41.72362]},"properties":{"f":2925}},{"type":"Feature","geometry":{"type":"Point","coordinates":[-70.14877,41.72452]},"properties":{"f":2832}},{"type":"Feature","geometry":{"type":"Point","coordinates":[-70.14868,41.72416]},"properties":{"f":2721}},{"type":"Feature","geometry":{"type":"Point","coordinates":[-70.14859,41.72377]},"properties":{"f":2746}},{"type":"Feature","geometry":{"type":"Point","coordinates":[-70.14848,41.72332]},"properties":{"f":2459}},{"type":"Feature","geometry":{"type":"Point","coordinates":[-70.14843,41.72305]},"properties":{"f":2635}},{"type":"Feature","geometry":{"type":"Point","coordinates":[-70.14768,41.72209]},"properties":{"f":3509}},{"type":"Feature","geometry":{"type":"Point","coordinates":[-70.14717,41.72204]},"properties":{"f":3008}},{"type":"Feature","geometry":{"type":"Point","coordinates":[-70.14745,41.72136]},"properties":{"f":4443}},{"type":"Feature","geometry":{"type":"Point","coordinates":[-70.1459,41.72444]},"properties":{"f":4037}},{"type":"Feature","geometry":{"type":"Point","coordinates":[-70.14352,41.72202]},"properties":{"f":2935}},{"type":"Feature","geometry":{"type":"Point","coordinates":[-70.14294,41.7232]},"properties":{"f":2750}},{"type":"Feature","geometry":{"type":"Point","coordinates":[-70.14303,41.72382]},"properties":{"f":3802}},{"type":"Feature","geometry":{"type":"Point","coordinates":[-70.14317,41.72447]},"properties":{"f":3452}},{"type":"Feature","geometry":{"type":"Point","coordinates":[-70.14363,41.72381]},"properties":{"f":3966}},{"type":"Feature","geometry":{"type":"Point","coordinates":[-70.14427,41.72373]},"properties":{"f":4091}},{"type":"Feature","geometry":{"type":"Point","coordinates":[-70.14507,41.72368]},"properties":{"f":3088}},{"type":"Feature","geometry":{"type":"Point","coordinates":[-70.14492,41.7232]},"properties":{"f":3201}},{"type":"Feature","geometry":{"type":"Point","coordinates":[-70.14488,41.72285]},"properties":{"f":2690}},{"type":"Feature","geometry":{"type":"Point","coordinates":[-70.1448,41.72251]},"properties":{"f":3455}},{"type":"Feature","geometry":{"type":"Point","coordinates":[-70.1453,41.72232]},"properties":{"f":3367}},{"type":"Feature","geometry":{"type":"Point","coordinates":[-70.14583,41.72228]},"properties":{"f":3567}},{"type":"Feature","geometry":{"type":"Point","coordinates":[-70.1463,41.7222]},"properties":{"f":2951}},{"type":"Feature","geometry":{"type":"Point","coordinates":[-70.14672,41.7214]},"properties":{"f":2770}},{"type":"Feature","geometry":{"type":"Point","coordinates":[-70.14632,41.72157]},"properties":{"f":3260}},{"type":"Feature","geometry":{"type":"Point","coordinates":[-70.14587,41.7217]},"properties":{"f":3261}},{"type":"Feature","geometry":{"type":"Point","coordinates":[-70.14407,41.72231]},"properties":{"f":3231}},{"type":"Feature","geometry":{"type":"Point","coordinates":[-70.14347,41.72316]},"properties":{"f":3007}},{"type":"Feature","geometry":{"type":"Point","coordinates":[-70.20378,41.72935]},"properties":{"f":3162}},{"type":"Feature","geometry":{"type":"Point","coordinates":[-70.19311,41.72876]},"properties":{"f":2530}},{"type":"Feature","geometry":{"type":"Point","coordinates":[-70.19454,41.72761]},"properties":{"f":2548}},{"type":"Feature","geometry":{"type":"Point","coordinates":[-70.19222,41.72825]},"properties":{"f":3310}},{"type":"Feature","geometry":{"type":"Point","coordinates":[-70.19391,41.72881]},"properties":{"f":2879}},{"type":"Feature","geometry":{"type":"Point","coordinates":[-70.19128,41.72867]},"properties":{"f":3160}},{"type":"Feature","geometry":{"type":"Point","coordinates":[-70.19214,41.72639]},"properties":{"f":2738}},{"type":"Feature","geometry":{"type":"Point","coordinates":[-70.19185,41.72585]},"properties":{"f":3342}},{"type":"Feature","geometry":{"type":"Point","coordinates":[-70.19398,41.72715]},"properties":{"f":3021}},{"type":"Feature","geometry":{"type":"Point","coordinates":[-70.19337,41.7272]},"properties":{"f":3852}},{"type":"Feature","geometry":{"type":"Point","coordinates":[-70.19277,41.72741]},"properties":{"f":2791}},{"type":"Feature","geometry":{"type":"Point","coordinates":[-70.19219,41.72768]},"properties":{"f":5619}},{"type":"Feature","geometry":{"type":"Point","coordinates":[-70.19109,41.72821]},"properties":{"f":2957}},{"type":"Feature","geometry":{"type":"Point","coordinates":[-70.19073,41.72765]},"properties":{"f":2842}},{"type":"Feature","geometry":{"type":"Point","coordinates":[-70.19051,41.7273]},"properties":{"f":3421}},{"type":"Feature","geometry":{"type":"Point","coordinates":[-70.1913,41.72713]},"properties":{"f":3178}},{"type":"Feature","geometry":{"type":"Point","coordinates":[-70.19173,41.72699]},"properties":{"f":2676}},{"type":"Feature","geometry":{"type":"Point","coordinates":[-70.19224,41.72682]},"properties":{"f":2632}},{"type":"Feature","geometry":{"type":"Point","coordinates":[-70.19297,41.72661]},"properties":{"f":2747}},{"type":"Feature","geometry":{"type":"Point","coordinates":[-70.19382,41.72637]},"properties":{"f":3440}},{"type":"Feature","geometry":{"type":"Point","coordinates":[-70.19462,41.7263]},"properties":{"f":3614}},{"type":"Feature","geometry":{"type":"Point","coordinates":[-70.1897,41.72715]},"properties":{"f":2824}},{"type":"Feature","geometry":{"type":"Point","coordinates":[-70.18875,41.72754]},"properties":{"f":2796}},{"type":"Feature","geometry":{"type":"Point","coordinates":[-70.18926,41.72851]},"properties":{"f":3102}},{"type":"Feature","geometry":{"type":"Point","coordinates":[-70.18993,41.72854]},"properties":{"f":3062}},{"type":"Feature","geometry":{"type":"Point","coordinates":[-70.19043,41.72933]},"properties":{"f":3345}},{"type":"Feature","geometry":{"type":"Point","coordinates":[-70.18708,41.72772]},"properties":{"f":2467}},{"type":"Feature","geometry":{"type":"Point","coordinates":[-70.18717,41.72843]},"properties":{"f":2716}},{"type":"Feature","geometry":{"type":"Point","coordinates":[-70.18875,41.72929]},"properties":{"f":2817}},{"type":"Feature","geometry":{"type":"Point","coordinates":[-70.18951,41.72607]},"properties":{"f":2513}},{"type":"Feature","geometry":{"type":"Point","coordinates":[-70.18808,41.72553]},"properties":{"f":3307}},{"type":"Feature","geometry":{"type":"Point","coordinates":[-70.18663,41.72789]},"properties":{"f":2731}},{"type":"Feature","geometry":{"type":"Point","coordinates":[-70.18659,41.72733]},"properties":{"f":2773}},{"type":"Feature","geometry":{"type":"Point","coordinates":[-70.18588,41.72751]},"properties":{"f":2470}},{"type":"Feature","geometry":{"type":"Point","coordinates":[-70.18595,41.72781]},"properties":{"f":2712}},{"type":"Feature","geometry":{"type":"Point","coordinates":[-70.18602,41.72816]},"properties":{"f":3074}},{"type":"Feature","geometry":{"type":"Point","coordinates":[-70.18487,41.72925]},"properties":{"f":2976}},{"type":"Feature","geometry":{"type":"Point","coordinates":[-70.18472,41.72885]},"properties":{"f":2837}},{"type":"Feature","geometry":{"type":"Point","coordinates":[-70.18475,41.72856]},"properties":{"f":2770}},{"type":"Feature","geometry":{"type":"Point","coordinates":[-70.18523,41.72856]},"properties":{"f":2885}},{"type":"Feature","geometry":{"type":"Point","coordinates":[-70.18568,41.72855]},"properties":{"f":2632}},{"type":"Feature","geometry":{"type":"Point","coordinates":[-70.18729,41.72581]},"properties":{"f":2936}},{"type":"Feature","geometry":{"type":"Point","coordinates":[-70.18697,41.72525]},"properties":{"f":2678}},{"type":"Feature","geometry":{"type":"Point","coordinates":[-70.18545,41.72538]},"properties":{"f":2863}},{"type":"Feature","geometry":{"type":"Point","coordinates":[-70.18566,41.72551]},"properties":{"f":3182}},{"type":"Feature","geometry":{"type":"Point","coordinates":[-70.18562,41.72635]},"properties":{"f":3021}},{"type":"Feature","geometry":{"type":"Point","coordinates":[-70.1858,41.72706]},"properties":{"f":2915}},{"type":"Feature","geometry":{"type":"Point","coordinates":[-70.17715,41.72888]},"properties":{"f":2712}},{"type":"Feature","geometry":{"type":"Point","coordinates":[-70.1765,41.72532]},"properties":{"f":2494}},{"type":"Feature","geometry":{"type":"Point","coordinates":[-70.16888,41.72641]},"properties":{"f":2680}},{"type":"Feature","geometry":{"type":"Point","coordinates":[-70.16895,41.72671]},"properties":{"f":2492}},{"type":"Feature","geometry":{"type":"Point","coordinates":[-70.14963,41.7269]},"properties":{"f":4116}},{"type":"Feature","geometry":{"type":"Point","coordinates":[-70.15074,41.72611]},"properties":{"f":2631}},{"type":"Feature","geometry":{"type":"Point","coordinates":[-70.1499,41.7269]},"properties":{"f":2812}},{"type":"Feature","geometry":{"type":"Point","coordinates":[-70.14723,41.72582]},"properties":{"f":2820}},{"type":"Feature","geometry":{"type":"Point","coordinates":[-70.1468,41.72583]},"properties":{"f":3021}},{"type":"Feature","geometry":{"type":"Point","coordinates":[-70.14425,41.72495]},"properties":{"f":3023}},{"type":"Feature","geometry":{"type":"Point","coordinates":[-70.14597,41.72574]},"properties":{"f":2756}},{"type":"Feature","geometry":{"type":"Point","coordinates":[-70.14506,41.72564]},"properties":{"f":2995}},{"type":"Feature","geometry":{"type":"Point","coordinates":[-70.1452,41.72594]},"properties":{"f":2785}},{"type":"Feature","geometry":{"type":"Point","coordinates":[-70.2129,41.73315]},"properties":{"f":2798}},{"type":"Feature","geometry":{"type":"Point","coordinates":[-70.20862,41.73304]},"properties":{"f":2494}},{"type":"Feature","geometry":{"type":"Point","coordinates":[-70.20572,41.73264]},"properties":{"f":2621}},{"type":"Feature","geometry":{"type":"Point","coordinates":[-70.20315,41.73049]},"properties":{"f":3336}},{"type":"Feature","geometry":{"type":"Point","coordinates":[-70.20249,41.73069]},"properties":{"f":2653}},{"type":"Feature","geometry":{"type":"Point","coordinates":[-70.20233,41.73031]},"properties":{"f":2640}},{"type":"Feature","geometry":{"type":"Point","coordinates":[-70.20212,41.72982]},"properties":{"f":2600}},{"type":"Feature","geometry":{"type":"Point","coordinates":[-70.20229,41.73285]},"properties":{"f":2753}},{"type":"Feature","geometry":{"type":"Point","coordinates":[-70.19815,41.73106]},"properties":{"f":3026}},{"type":"Feature","geometry":{"type":"Point","coordinates":[-70.19701,41.731]},"properties":{"f":2534}},{"type":"Feature","geometry":{"type":"Point","coordinates":[-70.19689,41.7332]},"properties":{"f":2735}},{"type":"Feature","geometry":{"type":"Point","coordinates":[-70.19786,41.73302]},"properties":{"f":3509}},{"type":"Feature","geometry":{"type":"Point","coordinates":[-70.19831,41.73299]},"properties":{"f":2809}},{"type":"Feature","geometry":{"type":"Point","coordinates":[-70.19834,41.73217]},"properties":{"f":2866}},{"type":"Feature","geometry":{"type":"Point","coordinates":[-70.19772,41.73235]},"properties":{"f":3153}},{"type":"Feature","geometry":{"type":"Point","coordinates":[-70.19742,41.73257]},"properties":{"f":2544}},{"type":"Feature","geometry":{"type":"Point","coordinates":[-70.19157,41.73362]},"properties":{"f":2618}},{"type":"Feature","geometry":{"type":"Point","coordinates":[-70.19207,41.73314]},"properties":{"f":2628}},{"type":"Feature","geometry":{"type":"Point","coordinates":[-70.19294,41.73237]},"properties":{"f":2506}},{"type":"Feature","geometry":{"type":"Point","coordinates":[-70.19268,41.73264]},"properties":{"f":2752}},{"type":"Feature","geometry":{"type":"Point","coordinates":[-70.19145,41.73287]},"properties":{"f":2631}},{"type":"Feature","geometry":{"type":"Point","coordinates":[-70.19121,41.73192]},"properties":{"f":2958}},{"type":"Feature","geometry":{"type":"Point","coordinates":[-70.19196,41.73053]},"properties":{"f":2500}},{"type":"Feature","geometry":{"type":"Point","coordinates":[-70.19309,41.73186]},"properties":{"f":3477}},{"type":"Feature","geometry":{"type":"Point","coordinates":[-70.19419,41.73172]},"properties":{"f":3728}},{"type":"Feature","geometry":{"type":"Point","coordinates":[-70.19423,41.73124]},"properties":{"f":2574}},{"type":"Feature","geometry":{"type":"Point","coordinates":[-70.19409,41.73078]},"properties":{"f":2664}},{"type":"Feature","geometry":{"type":"Point","coordinates":[-70.19291,41.73018]},"properties":{"f":3530}},{"type":"Feature","geometry":{"type":"Point","coordinates":[-70.19198,41.73]},"properties":{"f":2797}},{"type":"Feature","geometry":{"type":"Point","coordinates":[-70.19231,41.72957]},"properties":{"f":2478}},{"type":"Feature","geometry":{"type":"Point","coordinates":[-70.19404,41.72967]},"properties":{"f":2702}},{"type":"Feature","geometry":{"type":"Point","coordinates":[-70.19045,41.73218]},"properties":{"f":2671}},{"type":"Feature","geometry":{"type":"Point","coordinates":[-70.19028,41.73057]},"properties":{"f":2827}},{"type":"Feature","geometry":{"type":"Point","coordinates":[-70.18915,41.73108]},"properties":{"f":2912}},{"type":"Feature","geometry":{"type":"Point","coordinates":[-70.19056,41.73012]},"properties":{"f":2711}},{"type":"Feature","geometry":{"type":"Point","coordinates":[-70.19013,41.72999]},"properties":{"f":2560}},{"type":"Feature","geometry":{"type":"Point","coordinates":[-70.18967,41.72983]},"properties":{"f":2534}},{"type":"Feature","geometry":{"type":"Point","coordinates":[-70.18897,41.73053]},"properties":{"f":2521}},{"type":"Feature","geometry":{"type":"Point","coordinates":[-70.18823,41.73062]},"properties":{"f":3087}},{"type":"Feature","geometry":{"type":"Point","coordinates":[-70.18855,41.73033]},"properties":{"f":2975}},{"type":"Feature","geometry":{"type":"Point","coordinates":[-70.18885,41.73001]},"properties":{"f":2891}},{"type":"Feature","geometry":{"type":"Point","coordinates":[-70.18775,41.73027]},"properties":{"f":2830}},{"type":"Feature","geometry":{"type":"Point","coordinates":[-70.18739,41.72988]},"properties":{"f":2576}},{"type":"Feature","geometry":{"type":"Point","coordinates":[-70.18782,41.7296]},"properties":{"f":2455}},{"type":"Feature","geometry":{"type":"Point","coordinates":[-70.18709,41.72941]},"properties":{"f":2600}},{"type":"Feature","geometry":{"type":"Point","coordinates":[-70.18701,41.73049]},"properties":{"f":2711}},{"type":"Feature","geometry":{"type":"Point","coordinates":[-70.18663,41.73087]},"properties":{"f":3083}},{"type":"Feature","geometry":{"type":"Point","coordinates":[-70.18759,41.73086]},"properties":{"f":2621}},{"type":"Feature","geometry":{"type":"Point","coordinates":[-70.1879,41.73108]},"properties":{"f":2883}},{"type":"Feature","geometry":{"type":"Point","coordinates":[-70.1883,41.7313]},"properties":{"f":2761}},{"type":"Feature","geometry":{"type":"Point","coordinates":[-70.18872,41.73156]},"properties":{"f":2705}},{"type":"Feature","geometry":{"type":"Point","coordinates":[-70.18909,41.73194]},"properties":{"f":2604}},{"type":"Feature","geometry":{"type":"Point","coordinates":[-70.18921,41.73272]},"properties":{"f":3063}},{"type":"Feature","geometry":{"type":"Point","coordinates":[-70.1886,41.73192]},"properties":{"f":2783}},{"type":"Feature","geometry":{"type":"Point","coordinates":[-70.18806,41.73168]},"properties":{"f":2465}},{"type":"Feature","geometry":{"type":"Point","coordinates":[-70.18733,41.73114]},"properties":{"f":2834}},{"type":"Feature","geometry":{"type":"Point","coordinates":[-70.18824,41.73244]},"properties":{"f":2799}},{"type":"Feature","geometry":{"type":"Point","coordinates":[-70.18868,41.73298]},"properties":{"f":2564}},{"type":"Feature","geometry":{"type":"Point","coordinates":[-70.18749,41.73247]},"properties":{"f":2673}},{"type":"Feature","geometry":{"type":"Point","coordinates":[-70.19064,41.73331]},"properties":{"f":2541}},{"type":"Feature","geometry":{"type":"Point","coordinates":[-70.18674,41.73319]},"properties":{"f":2807}},{"type":"Feature","geometry":{"type":"Point","coordinates":[-70.1858,41.7325]},"properties":{"f":3982}},{"type":"Feature","geometry":{"type":"Point","coordinates":[-70.18504,41.73222]},"properties":{"f":3224}},{"type":"Feature","geometry":{"type":"Point","coordinates":[-70.18514,41.7319]},"properties":{"f":2623}},{"type":"Feature","geometry":{"type":"Point","coordinates":[-70.18487,41.73116]},"properties":{"f":2625}},{"type":"Feature","geometry":{"type":"Point","coordinates":[-70.18539,41.73137]},"properties":{"f":2804}},{"type":"Feature","geometry":{"type":"Point","coordinates":[-70.18578,41.73184]},"properties":{"f":2913}},{"type":"Feature","geometry":{"type":"Point","coordinates":[-70.18455,41.7307]},"properties":{"f":2882}},{"type":"Feature","geometry":{"type":"Point","coordinates":[-70.18499,41.73067]},"properties":{"f":2623}},{"type":"Feature","geometry":{"type":"Point","coordinates":[-70.18568,41.7302]},"properties":{"f":2853}},{"type":"Feature","geometry":{"type":"Point","coordinates":[-70.18485,41.72995]},"properties":{"f":3075}},{"type":"Feature","geometry":{"type":"Point","coordinates":[-70.186,41.72994]},"properties":{"f":2733}},{"type":"Feature","geometry":{"type":"Point","coordinates":[-70.18431,41.73334]},"properties":{"f":2655}},{"type":"Feature","geometry":{"type":"Point","coordinates":[-70.17981,41.72943]},"properties":{"f":2495}},{"type":"Feature","geometry":{"type":"Point","coordinates":[-70.17901,41.7292]},"properties":{"f":2512}},{"type":"Feature","geometry":{"type":"Point","coordinates":[-70.17889,41.73048]},"properties":{"f":2959}},{"type":"Feature","geometry":{"type":"Point","coordinates":[-70.17861,41.72992]},"properties":{"f":2475}},{"type":"Feature","geometry":{"type":"Point","coordinates":[-70.17824,41.72944]},"properties":{"f":3595}},{"type":"Feature","geometry":{"type":"Point","coordinates":[-70.17782,41.72947]},"properties":{"f":3175}},{"type":"Feature","geometry":{"type":"Point","coordinates":[-70.16716,41.73209]},"properties":{"f":2468}},{"type":"Feature","geometry":{"type":"Point","coordinates":[-70.16904,41.7326]},"properties":{"f":2579}},{"type":"Feature","geometry":{"type":"Point","coordinates":[-70.16915,41.73199]},"properties":{"f":2897}},{"type":"Feature","geometry":{"type":"Point","coordinates":[-70.16545,41.73308]},"properties":{"f":2887}},{"type":"Feature","geometry":{"type":"Point","coordinates":[-70.16654,41.73257]},"properties":{"f":2676}},{"type":"Feature","geometry":{"type":"Point","coordinates":[-70.15949,41.7304]},"properties":{"f":2646}},{"type":"Feature","geometry":{"type":"Point","coordinates":[-70.15869,41.73298]},"properties":{"f":2801}},{"type":"Feature","geometry":{"type":"Point","coordinates":[-70.15538,41.73075]},"properties":{"f":3292}},{"type":"Feature","geometry":{"type":"Point","coordinates":[-70.15713,41.73001]},"properties":{"f":3495}},{"type":"Feature","geometry":{"type":"Point","coordinates":[-70.15729,41.7317]},"properties":{"f":2945}},{"type":"Feature","geometry":{"type":"Point","coordinates":[-70.15662,41.73216]},"properties":{"f":2566}},{"type":"Feature","geometry":{"type":"Point","coordinates":[-70.15654,41.73216]},"properties":{"f":2647}},{"type":"Feature","geometry":{"type":"Point","coordinates":[-70.15643,41.73205]},"properties":{"f":3111}},{"type":"Feature","geometry":{"type":"Point","coordinates":[-70.15589,41.73208]},"properties":{"f":3820}},{"type":"Feature","geometry":{"type":"Point","coordinates":[-70.14968,41.73305]},"properties":{"f":2662}},{"type":"Feature","geometry":{"type":"Point","coordinates":[-70.14952,41.73232]},"properties":{"f":2649}},{"type":"Feature","geometry":{"type":"Point","coordinates":[-70.14946,41.73202]},"properties":{"f":3403}},{"type":"Feature","geometry":{"type":"Point","coordinates":[-70.14936,41.73159]},"properties":{"f":2943}},{"type":"Feature","geometry":{"type":"Point","coordinates":[-70.1492,41.73083]},"properties":{"f":2990}},{"type":"Feature","geometry":{"type":"Point","coordinates":[-70.14863,41.72937]},"properties":{"f":2915}},{"type":"Feature","geometry":{"type":"Point","coordinates":[-70.14796,41.72923]},"properties":{"f":2923}},{"type":"Feature","geometry":{"type":"Point","coordinates":[-70.14724,41.72921]},"properties":{"f":3000}},{"type":"Feature","geometry":{"type":"Point","coordinates":[-70.147,41.73021]},"properties":{"f":2980}},{"type":"Feature","geometry":{"type":"Point","coordinates":[-70.14707,41.73052]},"properties":{"f":2907}},{"type":"Feature","geometry":{"type":"Point","coordinates":[-70.14713,41.73083]},"properties":{"f":3164}},{"type":"Feature","geometry":{"type":"Point","coordinates":[-70.14737,41.73192]},"properties":{"f":2825}},{"type":"Feature","geometry":{"type":"Point","coordinates":[-70.14744,41.73224]},"properties":{"f":2770}},{"type":"Feature","geometry":{"type":"Point","coordinates":[-70.14835,41.73305]},"properties":{"f":2701}},{"type":"Feature","geometry":{"type":"Point","coordinates":[-70.14828,41.73271]},"properties":{"f":3017}},{"type":"Feature","geometry":{"type":"Point","coordinates":[-70.14821,41.73239]},"properties":{"f":2516}},{"type":"Feature","geometry":{"type":"Point","coordinates":[-70.14795,41.73119]},"properties":{"f":3020}},{"type":"Feature","geometry":{"type":"Point","coordinates":[-70.14781,41.73051]},"properties":{"f":2461}},{"type":"Feature","geometry":{"type":"Point","coordinates":[-70.14832,41.7301]},"properties":{"f":2976}},{"type":"Feature","geometry":{"type":"Point","coordinates":[-70.14839,41.73044]},"properties":{"f":2756}},{"type":"Feature","geometry":{"type":"Point","coordinates":[-70.14846,41.73078]},"properties":{"f":2532}},{"type":"Feature","geometry":{"type":"Point","coordinates":[-70.14885,41.73264]},"properties":{"f":3191}},{"type":"Feature","geometry":{"type":"Point","coordinates":[-70.14893,41.73298]},"properties":{"f":2780}},{"type":"Feature","geometry":{"type":"Point","coordinates":[-70.14401,41.7311]},"properties":{"f":2712}},{"type":"Feature","geometry":{"type":"Point","coordinates":[-70.14637,41.7332]},"properties":{"f":3621}},{"type":"Feature","geometry":{"type":"Point","coordinates":[-70.14629,41.73281]},"properties":{"f":2633}},{"type":"Feature","geometry":{"type":"Point","coordinates":[-70.14581,41.73275]},"properties":{"f":2466}},{"type":"Feature","geometry":{"type":"Point","coordinates":[-70.14499,41.73285]},"properties":{"f":2791}},{"type":"Feature","geometry":{"type":"Point","coordinates":[-70.14442,41.73284]},"properties":{"f":2699}},{"type":"Feature","geometry":{"type":"Point","coordinates":[-70.14667,41.73223]},"properties":{"f":2522}},{"type":"Feature","geometry":{"type":"Point","coordinates":[-70.1435,41.73245]},"properties":{"f":2803}},{"type":"Feature","geometry":{"type":"Point","coordinates":[-70.14388,41.73189]},"properties":{"f":2784}},{"type":"Feature","geometry":{"type":"Point","coordinates":[-70.14367,41.73166]},"properties":{"f":2484}},{"type":"Feature","geometry":{"type":"Point","coordinates":[-70.14322,41.72996]},"properties":{"f":2624}},{"type":"Feature","geometry":{"type":"Point","coordinates":[-70.14254,41.73151]},"properties":{"f":2925}},{"type":"Feature","geometry":{"type":"Point","coordinates":[-70.22577,41.73732]},"properties":{"f":2862}},{"type":"Feature","geometry":{"type":"Point","coordinates":[-70.22061,41.73794]},"properties":{"f":2713}},{"type":"Feature","geometry":{"type":"Point","coordinates":[-70.21559,41.73668]},"properties":{"f":2592}},{"type":"Feature","geometry":{"type":"Point","coordinates":[-70.21676,41.7362]},"properties":{"f":2732}},{"type":"Feature","geometry":{"type":"Point","coordinates":[-70.21783,41.73582]},"properties":{"f":3254}},{"type":"Feature","geometry":{"type":"Point","coordinates":[-70.20991,41.73772]},"properties":{"f":3064}},{"type":"Feature","geometry":{"type":"Point","coordinates":[-70.2075,41.73709]},"properties":{"f":2672}},{"type":"Feature","geometry":{"type":"Point","coordinates":[-70.20711,41.73614]},"properties":{"f":3054}},{"type":"Feature","geometry":{"type":"Point","coordinates":[-70.20591,41.73754]},"properties":{"f":2952}},{"type":"Feature","geometry":{"type":"Point","coordinates":[-70.20323,41.73525]},"properties":{"f":2881}},{"type":"Feature","geometry":{"type":"Point","coordinates":[-70.20499,41.73674]},"properties":{"f":2864}},{"type":"Feature","geometry":{"type":"Point","coordinates":[-70.20609,41.73572]},"properties":{"f":2789}},{"type":"Feature","geometry":{"type":"Point","coordinates":[-70.20643,41.73522]},"properties":{"f":2513}},{"type":"Feature","geometry":{"type":"Point","coordinates":[-70.20383,41.73526]},"properties":{"f":2924}},{"type":"Feature","geometry":{"type":"Point","coordinates":[-70.20381,41.73472]},"properties":{"f":3063}},{"type":"Feature","geometry":{"type":"Point","coordinates":[-70.20483,41.73485]},"properties":{"f":2802}},{"type":"Feature","geometry":{"type":"Point","coordinates":[-70.20464,41.73552]},"properties":{"f":3535}},{"type":"Feature","geometry":{"type":"Point","coordinates":[-70.20446,41.73632]},"properties":{"f":3272}},{"type":"Feature","geometry":{"type":"Point","coordinates":[-70.20439,41.73662]},"properties":{"f":2511}},{"type":"Feature","geometry":{"type":"Point","coordinates":[-70.20322,41.73768]},"properties":{"f":2573}},{"type":"Feature","geometry":{"type":"Point","coordinates":[-70.20187,41.73701]},"properties":{"f":2567}},{"type":"Feature","geometry":{"type":"Point","coordinates":[-70.20136,41.73493]},"properties":{"f":2491}},{"type":"Feature","geometry":{"type":"Point","coordinates":[-70.19987,41.73549]},"properties":{"f":3976}},{"type":"Feature","geometry":{"type":"Point","coordinates":[-70.19894,41.73496]},"properties":{"f":2981}},{"type":"Feature","geometry":{"type":"Point","coordinates":[-70.19736,41.73761]},"properties":{"f":2524}},{"type":"Feature","geometry":{"type":"Point","coordinates":[-70.19691,41.73662]},"properties":{"f":2525}},{"type":"Feature","geometry":{"type":"Point","coordinates":[-70.1913,41.73373]},"properties":{"f":2952}},{"type":"Feature","geometry":{"type":"Point","coordinates":[-70.1922,41.73435]},"properties":{"f":2455}},{"type":"Feature","geometry":{"type":"Point","coordinates":[-70.19208,41.73478]},"properties":{"f":2783}},{"type":"Feature","geometry":{"type":"Point","coordinates":[-70.19147,41.73439]},"properties":{"f":2946}},{"type":"Feature","geometry":{"type":"Point","coordinates":[-70.19103,41.73404]},"properties":{"f":3139}},{"type":"Feature","geometry":{"type":"Point","coordinates":[-70.18745,41.73612]},"properties":{"f":2590}},{"type":"Feature","geometry":{"type":"Point","coordinates":[-70.18844,41.73637]},"properties":{"f":2462}},{"type":"Feature","geometry":{"type":"Point","coordinates":[-70.18676,41.73509]},"properties":{"f":2972}},{"type":"Feature","geometry":{"type":"Point","coordinates":[-70.18712,41.73377]},"properties":{"f":2720}},{"type":"Feature","geometry":{"type":"Point","coordinates":[-70.18726,41.73437]},"properties":{"f":2710}},{"type":"Feature","geometry":{"type":"Point","coordinates":[-70.1877,41.7349]},"properties":{"f":3866}},{"type":"Feature","geometry":{"type":"Point","coordinates":[-70.18802,41.73471]},"properties":{"f":2621}},{"type":"Feature","geometry":{"type":"Point","coordinates":[-70.18791,41.73411]},"properties":{"f":2731}},{"type":"Feature","geometry":{"type":"Point","coordinates":[-70.18824,41.73395]},"properties":{"f":2793}},{"type":"Feature","geometry":{"type":"Point","coordinates":[-70.18852,41.73361]},"properties":{"f":2549}},{"type":"Feature","geometry":{"type":"Point","coordinates":[-70.18916,41.73423]},"properties":{"f":3088}},{"type":"Feature","geometry":{"type":"Point","coordinates":[-70.18996,41.73474]},"properties":{"f":2483}},{"type":"Feature","geometry":{"type":"Point","coordinates":[-70.19042,41.7344]},"properties":{"f":2918}},{"type":"Feature","geometry":{"type":"Point","coordinates":[-70.18418,41.73468]},"properties":{"f":2581}},{"type":"Feature","geometry":{"type":"Point","coordinates":[-70.18652,41.73352]},"properties":{"f":2851}},{"type":"Feature","geometry":{"type":"Point","coordinates":[-70.18341,41.73575]},"properties":{"f":2707}},{"type":"Feature","geometry":{"type":"Point","coordinates":[-70.1817,41.73761]},"properties":{"f":2567}},{"type":"Feature","geometry":{"type":"Point","coordinates":[-70.18205,41.73566]},"properties":{"f":2951}},{"type":"Feature","geometry":{"type":"Point","coordinates":[-70.18129,41.73594]},"properties":{"f":3047}},{"type":"Feature","geometry":{"type":"Point","coordinates":[-70.17856,41.73403]},"properties":{"f":2768}},{"type":"Feature","geometry":{"type":"Point","coordinates":[-70.17955,41.73713]},"properties":{"f":2867}},{"type":"Feature","geometry":{"type":"Point","coordinates":[-70.1792,41.73662]},"properties":{"f":2734}},{"type":"Feature","geometry":{"type":"Point","coordinates":[-70.17888,41.73687]},"properties":{"f":3173}},{"type":"Feature","geometry":{"type":"Point","coordinates":[-70.17881,41.73631]},"properties":{"f":3013}},{"type":"Feature","geometry":{"type":"Point","coordinates":[-70.1788,41.736]},"properties":{"f":3046}},{"type":"Feature","geometry":{"type":"Point","coordinates":[-70.17924,41.73602]},"properties":{"f":3362}},{"type":"Feature","geometry":{"type":"Point","coordinates":[-70.17958,41.7359]},"properties":{"f":2989}},{"type":"Feature","geometry":{"type":"Point","coordinates":[-70.18005,41.73573]},"properties":{"f":4415}},{"type":"Feature","geometry":{"type":"Point","coordinates":[-70.17979,41.73519]},"properties":{"f":2510}},{"type":"Feature","geometry":{"type":"Point","coordinates":[-70.17905,41.73537]},"properties":{"f":2805}},{"type":"Feature","geometry":{"type":"Point","coordinates":[-70.17839,41.7375]},"properties":{"f":2542}},{"type":"Feature","geometry":{"type":"Point","coordinates":[-70.17831,41.7372]},"properties":{"f":2936}},{"type":"Feature","geometry":{"type":"Point","coordinates":[-70.17823,41.7369]},"properties":{"f":3130}},{"type":"Feature","geometry":{"type":"Point","coordinates":[-70.17845,41.73544]},"properties":{"f":2547}},{"type":"Feature","geometry":{"type":"Point","coordinates":[-70.1781,41.73584]},"properties":{"f":2941}},{"type":"Feature","geometry":{"type":"Point","coordinates":[-70.17815,41.73658]},"properties":{"f":2601}},{"type":"Feature","geometry":{"type":"Point","coordinates":[-70.17127,41.73625]},"properties":{"f":3094}},{"type":"Feature","geometry":{"type":"Point","coordinates":[-70.1712,41.73532]},"properties":{"f":2615}},{"type":"Feature","geometry":{"type":"Point","coordinates":[-70.17073,41.73537]},"properties":{"f":2895}},{"type":"Feature","geometry":{"type":"Point","coordinates":[-70.17082,41.735]},"properties":{"f":2626}},{"type":"Feature","geometry":{"type":"Point","coordinates":[-70.17101,41.73432]},"properties":{"f":2769}},{"type":"Feature","geometry":{"type":"Point","coordinates":[-70.1707,41.73594]},"properties":{"f":2807}},{"type":"Feature","geometry":{"type":"Point","coordinates":[-70.17263,41.73557]},"properties":{"f":2557}},{"type":"Feature","geometry":{"type":"Point","coordinates":[-70.16765,41.73716]},"properties":{"f":2838}},{"type":"Feature","geometry":{"type":"Point","coordinates":[-70.16807,41.73519]},"properties":{"f":2742}},{"type":"Feature","geometry":{"type":"Point","coordinates":[-70.16729,41.73529]},"properties":{"f":2971}},{"type":"Feature","geometry":{"type":"Point","coordinates":[-70.1667,41.73675]},"properties":{"f":2642}},{"type":"Feature","geometry":{"type":"Point","coordinates":[-70.17035,41.73463]},"properties":{"f":2457}},{"type":"Feature","geometry":{"type":"Point","coordinates":[-70.17012,41.73551]},"properties":{"f":2664}},{"type":"Feature","geometry":{"type":"Point","coordinates":[-70.17031,41.73598]},"properties":{"f":2500}},{"type":"Feature","geometry":{"type":"Point","coordinates":[-70.16584,41.73637]},"properties":{"f":2580}},{"type":"Feature","geometry":{"type":"Point","coordinates":[-70.16525,41.73702]},"properties":{"f":2934}},{"type":"Feature","geometry":{"type":"Point","coordinates":[-70.16516,41.73668]},"properties":{"f":2465}},{"type":"Feature","geometry":{"type":"Point","coordinates":[-70.16458,41.73648]},"properties":{"f":3000}},{"type":"Feature","geometry":{"type":"Point","coordinates":[-70.163,41.73712]},"properties":{"f":2525}},{"type":"Feature","geometry":{"type":"Point","coordinates":[-70.16615,41.7358]},"properties":{"f":2620}},{"type":"Feature","geometry":{"type":"Point","coordinates":[-70.16387,41.73558]},"properties":{"f":2696}},{"type":"Feature","geometry":{"type":"Point","coordinates":[-70.16531,41.73523]},"properties":{"f":2971}},{"type":"Feature","geometry":{"type":"Point","coordinates":[-70.16501,41.73431]},"properties":{"f":2553}},{"type":"Feature","geometry":{"type":"Point","coordinates":[-70.16316,41.73509]},"properties":{"f":2788}},{"type":"Feature","geometry":{"type":"Point","coordinates":[-70.16408,41.73492]},"properties":{"f":2547}},{"type":"Feature","geometry":{"type":"Point","coordinates":[-70.16405,41.73386]},"properties":{"f":2847}},{"type":"Feature","geometry":{"type":"Point","coordinates":[-70.16385,41.73311]},"properties":{"f":2511}},{"type":"Feature","geometry":{"type":"Point","coordinates":[-70.16323,41.73335]},"properties":{"f":2748}},{"type":"Feature","geometry":{"type":"Point","coordinates":[-70.16339,41.73391]},"properties":{"f":2707}},{"type":"Feature","geometry":{"type":"Point","coordinates":[-70.16272,41.73409]},"properties":{"f":2801}},{"type":"Feature","geometry":{"type":"Point","coordinates":[-70.16244,41.73378]},"properties":{"f":2606}},{"type":"Feature","geometry":{"type":"Point","coordinates":[-70.16137,41.73726]},"properties":{"f":2713}},{"type":"Feature","geometry":{"type":"Point","coordinates":[-70.16177,41.73706]},"properties":{"f":2768}},{"type":"Feature","geometry":{"type":"Point","coordinates":[-70.15862,41.73368]},"properties":{"f":2702}},{"type":"Feature","geometry":{"type":"Point","coordinates":[-70.16099,41.73421]},"properties":{"f":3236}},{"type":"Feature","geometry":{"type":"Point","coordinates":[-70.16129,41.7357]},"properties":{"f":3081}},{"type":"Feature","geometry":{"type":"Point","coordinates":[-70.16207,41.73482]},"properties":{"f":2987}},{"type":"Feature","geometry":{"type":"Point","coordinates":[-70.16217,41.73517]},"properties":{"f":2750}},{"type":"Feature","geometry":{"type":"Point","coordinates":[-70.16191,41.7342]},"properties":{"f":2724}},{"type":"Feature","geometry":{"type":"Point","coordinates":[-70.1618,41.73366]},"properties":{"f":4068}},{"type":"Feature","geometry":{"type":"Point","coordinates":[-70.15606,41.73634]},"properties":{"f":4103}},{"type":"Feature","geometry":{"type":"Point","coordinates":[-70.15623,41.73582]},"properties":{"f":2652}},{"type":"Feature","geometry":{"type":"Point","coordinates":[-70.15635,41.73539]},"properties":{"f":2732}},{"type":"Feature","geometry":{"type":"Point","coordinates":[-70.15743,41.73385]},"properties":{"f":2711}},{"type":"Feature","geometry":{"type":"Point","coordinates":[-70.15725,41.73321]},"properties":{"f":2640}},{"type":"Feature","geometry":{"type":"Point","coordinates":[-70.15864,41.73556]},"properties":{"f":3154}},{"type":"Feature","geometry":{"type":"Point","coordinates":[-70.15776,41.73597]},"properties":{"f":3282}},{"type":"Feature","geometry":{"type":"Point","coordinates":[-70.14699,41.73572]},"properties":{"f":2826}},{"type":"Feature","geometry":{"type":"Point","coordinates":[-70.14796,41.73646]},"properties":{"f":2529}},{"type":"Feature","geometry":{"type":"Point","coordinates":[-70.1491,41.73606]},"properties":{"f":2500}},{"type":"Feature","geometry":{"type":"Point","coordinates":[-70.15077,41.73655]},"properties":{"f":2625}},{"type":"Feature","geometry":{"type":"Point","coordinates":[-70.1478,41.73429]},"properties":{"f":4609}},{"type":"Feature","geometry":{"type":"Point","coordinates":[-70.14855,41.735]},"properties":{"f":2791}},{"type":"Feature","geometry":{"type":"Point","coordinates":[-70.14902,41.73565]},"properties":{"f":2854}},{"type":"Feature","geometry":{"type":"Point","coordinates":[-70.14958,41.73562]},"properties":{"f":2705}},{"type":"Feature","geometry":{"type":"Point","coordinates":[-70.15007,41.73559]},"properties":{"f":2965}},{"type":"Feature","geometry":{"type":"Point","coordinates":[-70.15007,41.73491]},"properties":{"f":3290}},{"type":"Feature","geometry":{"type":"Point","coordinates":[-70.15,41.73458]},"properties":{"f":2642}},{"type":"Feature","geometry":{"type":"Point","coordinates":[-70.14984,41.73381]},"properties":{"f":2785}},{"type":"Feature","geometry":{"type":"Point","coordinates":[-70.149,41.73332]},"properties":{"f":2732}},{"type":"Feature","geometry":{"type":"Point","coordinates":[-70.14938,41.73514]},"properties":{"f":2836}},{"type":"Feature","geometry":{"type":"Point","coordinates":[-70.14842,41.73338]},"properties":{"f":2719}},{"type":"Feature","geometry":{"type":"Point","coordinates":[-70.14766,41.73325]},"properties":{"f":3289}},{"type":"Feature","geometry":{"type":"Point","coordinates":[-70.14773,41.73362]},"properties":{"f":2473}},{"type":"Feature","geometry":{"type":"Point","coordinates":[-70.14711,41.73362]},"properties":{"f":3024}},{"type":"Feature","geometry":{"type":"Point","coordinates":[-70.14733,41.73422]},"properties":{"f":2929}},{"type":"Feature","geometry":{"type":"Point","coordinates":[-70.14557,41.73406]},"properties":{"f":2485}},{"type":"Feature","geometry":{"type":"Point","coordinates":[-70.14601,41.7341]},"properties":{"f":2484}},{"type":"Feature","geometry":{"type":"Point","coordinates":[-70.14637,41.73351]},"properties":{"f":3201}},{"type":"Feature","geometry":{"type":"Point","coordinates":[-70.14546,41.73336]},"properties":{"f":2573}},{"type":"Feature","geometry":{"type":"Point","coordinates":[-70.14502,41.73335]},"properties":{"f":2952}},{"type":"Feature","geometry":{"type":"Point","coordinates":[-70.14459,41.73328]},"properties":{"f":2842}},{"type":"Feature","geometry":{"type":"Point","coordinates":[-70.14416,41.73313]},"properties":{"f":2974}},{"type":"Feature","geometry":{"type":"Point","coordinates":[-70.14352,41.73303]},"properties":{"f":2541}},{"type":"Feature","geometry":{"type":"Point","coordinates":[-70.14326,41.7339]},"properties":{"f":2462}},{"type":"Feature","geometry":{"type":"Point","coordinates":[-70.14242,41.73336]},"properties":{"f":2706}},{"type":"Feature","geometry":{"type":"Point","coordinates":[-70.14274,41.73425]},"properties":{"f":3979}},{"type":"Feature","geometry":{"type":"Point","coordinates":[-70.14399,41.73605]},"properties":{"f":2729}},{"type":"Feature","geometry":{"type":"Point","coordinates":[-70.14444,41.7364]},"properties":{"f":2675}},{"type":"Feature","geometry":{"type":"Point","coordinates":[-70.14453,41.73681]},"properties":{"f":2476}},{"type":"Feature","geometry":{"type":"Point","coordinates":[-70.21958,41.73913]},"properties":{"f":3546}},{"type":"Feature","geometry":{"type":"Point","coordinates":[-70.21865,41.7401]},"properties":{"f":2561}},{"type":"Feature","geometry":{"type":"Point","coordinates":[-70.21533,41.73858]},"properties":{"f":3567}},{"type":"Feature","geometry":{"type":"Point","coordinates":[-70.21477,41.74076]},"properties":{"f":2928}},{"type":"Feature","geometry":{"type":"Point","coordinates":[-70.21485,41.74158]},"properties":{"f":2647}},{"type":"Feature","geometry":{"type":"Point","coordinates":[-70.21609,41.74095]},"properties":{"f":2754}},{"type":"Feature","geometry":{"type":"Point","coordinates":[-70.21406,41.74108]},"properties":{"f":2936}},{"type":"Feature","geometry":{"type":"Point","coordinates":[-70.21472,41.73824]},"properties":{"f":2618}},{"type":"Feature","geometry":{"type":"Point","coordinates":[-70.21502,41.73809]},"properties":{"f":2747}},{"type":"Feature","geometry":{"type":"Point","coordinates":[-70.21502,41.73777]},"properties":{"f":4393}},{"type":"Feature","geometry":{"type":"Point","coordinates":[-70.21186,41.73941]},"properties":{"f":5131}},{"type":"Feature","geometry":{"type":"Point","coordinates":[-70.21209,41.74008]},"properties":{"f":2628}},{"type":"Feature","geometry":{"type":"Point","coordinates":[-70.21085,41.73985]},"properties":{"f":3850}},{"type":"Feature","geometry":{"type":"Point","coordinates":[-70.21284,41.74075]},"properties":{"f":5101}},{"type":"Feature","geometry":{"type":"Point","coordinates":[-70.21244,41.74119]},"properties":{"f":2766}},{"type":"Feature","geometry":{"type":"Point","coordinates":[-70.2114,41.74091]},"properties":{"f":3206}},{"type":"Feature","geometry":{"type":"Point","coordinates":[-70.21174,41.74144]},"properties":{"f":2863}},{"type":"Feature","geometry":{"type":"Point","coordinates":[-70.21225,41.74158]},"properties":{"f":2921}},{"type":"Feature","geometry":{"type":"Point","coordinates":[-70.21331,41.74187]},"properties":{"f":3974}},{"type":"Feature","geometry":{"type":"Point","coordinates":[-70.20994,41.74152]},"properties":{"f":2944}},{"type":"Feature","geometry":{"type":"Point","coordinates":[-70.20899,41.73811]},"properties":{"f":2555}},{"type":"Feature","geometry":{"type":"Point","coordinates":[-70.20851,41.73851]},"properties":{"f":4383}},{"type":"Feature","geometry":{"type":"Point","coordinates":[-70.21048,41.73904]},"properties":{"f":2540}},{"type":"Feature","geometry":{"type":"Point","coordinates":[-70.21021,41.7396]},"properties":{"f":2584}},{"type":"Feature","geometry":{"type":"Point","coordinates":[-70.20936,41.73934]},"properties":{"f":2731}},{"type":"Feature","geometry":{"type":"Point","coordinates":[-70.20857,41.73957]},"properties":{"f":3217}},{"type":"Feature","geometry":{"type":"Point","coordinates":[-70.20906,41.73973]},"properties":{"f":2774}},{"type":"Feature","geometry":{"type":"Point","coordinates":[-70.20821,41.74004]},"properties":{"f":2475}},{"type":"Feature","geometry":{"type":"Point","coordinates":[-70.20847,41.74056]},"properties":{"f":3143}},{"type":"Feature","geometry":{"type":"Point","coordinates":[-70.20749,41.74132]},"properties":{"f":2512}},{"type":"Feature","geometry":{"type":"Point","coordinates":[-70.20799,41.74143]},"properties":{"f":3155}},{"type":"Feature","geometry":{"type":"Point","coordinates":[-70.2067,41.74149]},"properties":{"f":2671}},{"type":"Feature","geometry":{"type":"Point","coordinates":[-70.20512,41.74137]},"properties":{"f":2458}},{"type":"Feature","geometry":{"type":"Point","coordinates":[-70.20302,41.74109]},"properties":{"f":2674}},{"type":"Feature","geometry":{"type":"Point","coordinates":[-70.2036,41.74131]},"properties":{"f":2604}},{"type":"Feature","geometry":{"type":"Point","coordinates":[-70.20451,41.74174]},"properties":{"f":2470}},{"type":"Feature","geometry":{"type":"Point","coordinates":[-70.20482,41.73984]},"properties":{"f":2598}},{"type":"Feature","geometry":{"type":"Point","coordinates":[-70.20262,41.73804]},"properties":{"f":2810}},{"type":"Feature","geometry":{"type":"Point","coordinates":[-70.20608,41.73814]},"properties":{"f":2493}},{"type":"Feature","geometry":{"type":"Point","coordinates":[-70.20607,41.73856]},"properties":{"f":2469}},{"type":"Feature","geometry":{"type":"Point","coordinates":[-70.2063,41.7418]},"properties":{"f":2509}},{"type":"Feature","geometry":{"type":"Point","coordinates":[-70.20626,41.74044]},"properties":{"f":3143}},{"type":"Feature","geometry":{"type":"Point","coordinates":[-70.20524,41.74051]},"properties":{"f":3185}},{"type":"Feature","geometry":{"type":"Point","coordinates":[-70.2017,41.7402]},"properties":{"f":2836}},{"type":"Feature","geometry":{"type":"Point","coordinates":[-70.1997,41.73979]},"properties":{"f":2937}},{"type":"Feature","geometry":{"type":"Point","coordinates":[-70.20043,41.74047]},"properties":{"f":2467}},{"type":"Feature","geometry":{"type":"Point","coordinates":[-70.20146,41.7413]},"properties":{"f":2609}},{"type":"Feature","geometry":{"type":"Point","coordinates":[-70.20075,41.74098]},"properties":{"f":2981}},{"type":"Feature","geometry":{"type":"Point","coordinates":[-70.20031,41.74095]},"properties":{"f":3076}},{"type":"Feature","geometry":{"type":"Point","coordinates":[-70.19969,41.74079]},"properties":{"f":2974}},{"type":"Feature","geometry":{"type":"Point","coordinates":[-70.19816,41.74132]},"properties":{"f":2744}},{"type":"Feature","geometry":{"type":"Point","coordinates":[-70.19839,41.74085]},"properties":{"f":2971}},{"type":"Feature","geometry":{"type":"Point","coordinates":[-70.19765,41.7401]},"properties":{"f":2697}},{"type":"Feature","geometry":{"type":"Point","coordinates":[-70.19673,41.73952]},"properties":{"f":3045}},{"type":"Feature","geometry":{"type":"Point","coordinates":[-70.19771,41.73783]},"properties":{"f":3308}},{"type":"Feature","geometry":{"type":"Point","coordinates":[-70.19781,41.73865]},"properties":{"f":2538}},{"type":"Feature","geometry":{"type":"Point","coordinates":[-70.19511,41.74]},"properties":{"f":3729}},{"type":"Feature","geometry":{"type":"Point","coordinates":[-70.19603,41.73955]},"properties":{"f":2511}},{"type":"Feature","geometry":{"type":"Point","coordinates":[-70.19552,41.74109]},"properties":{"f":3395}},{"type":"Feature","geometry":{"type":"Point","coordinates":[-70.19571,41.73938]},"properties":{"f":2535}},{"type":"Feature","geometry":{"type":"Point","coordinates":[-70.19551,41.73855]},"properties":{"f":3103}},{"type":"Feature","geometry":{"type":"Point","coordinates":[-70.19618,41.73879]},"properties":{"f":2464}},{"type":"Feature","geometry":{"type":"Point","coordinates":[-70.18849,41.74089]},"properties":{"f":3606}},{"type":"Feature","geometry":{"type":"Point","coordinates":[-70.18784,41.74053]},"properties":{"f":2782}},{"type":"Feature","geometry":{"type":"Point","coordinates":[-70.18721,41.73927]},"properties":{"f":4481}},{"type":"Feature","geometry":{"type":"Point","coordinates":[-70.19034,41.7381]},"properties":{"f":3351}},{"type":"Feature","geometry":{"type":"Point","coordinates":[-70.18475,41.73902]},"properties":{"f":3388}},{"type":"Feature","geometry":{"type":"Point","coordinates":[-70.18404,41.73886]},"properties":{"f":2829}},{"type":"Feature","geometry":{"type":"Point","coordinates":[-70.18455,41.73828]},"properties":{"f":3263}},{"type":"Feature","geometry":{"type":"Point","coordinates":[-70.18591,41.7388]},"properties":{"f":3222}},{"type":"Feature","geometry":{"type":"Point","coordinates":[-70.18237,41.73838]},"properties":{"f":2509}},{"type":"Feature","geometry":{"type":"Point","coordinates":[-70.18206,41.73912]},"properties":{"f":3314}},{"type":"Feature","geometry":{"type":"Point","coordinates":[-70.18039,41.74096]},"properties":{"f":3671}},{"type":"Feature","geometry":{"type":"Point","coordinates":[-70.18022,41.74121]},"properties":{"f":3261}},{"type":"Feature","geometry":{"type":"Point","coordinates":[-70.18004,41.74045]},"properties":{"f":2580}},{"type":"Feature","geometry":{"type":"Point","coordinates":[-70.18005,41.73998]},"properties":{"f":3392}},{"type":"Feature","geometry":{"type":"Point","coordinates":[-70.1797,41.73987]},"properties":{"f":2863}},{"type":"Feature","geometry":{"type":"Point","coordinates":[-70.18143,41.73839]},"properties":{"f":3038}},{"type":"Feature","geometry":{"type":"Point","coordinates":[-70.18041,41.73768]},"properties":{"f":2775}},{"type":"Feature","geometry":{"type":"Point","coordinates":[-70.1812,41.73862]},"properties":{"f":2894}},{"type":"Feature","geometry":{"type":"Point","coordinates":[-70.18007,41.73788]},"properties":{"f":2776}},{"type":"Feature","geometry":{"type":"Point","coordinates":[-70.17907,41.73819]},"properties":{"f":2734}},{"type":"Feature","geometry":{"type":"Point","coordinates":[-70.1784,41.73809]},"properties":{"f":2673}},{"type":"Feature","geometry":{"type":"Point","coordinates":[-70.17936,41.73771]},"properties":{"f":3235}},{"type":"Feature","geometry":{"type":"Point","coordinates":[-70.17785,41.73977]},"properties":{"f":2839}},{"type":"Feature","geometry":{"type":"Point","coordinates":[-70.17848,41.73779]},"properties":{"f":3300}},{"type":"Feature","geometry":{"type":"Point","coordinates":[-70.17586,41.73904]},"properties":{"f":2891}},{"type":"Feature","geometry":{"type":"Point","coordinates":[-70.17501,41.7388]},"properties":{"f":2701}},{"type":"Feature","geometry":{"type":"Point","coordinates":[-70.17454,41.73891]},"properties":{"f":3584}},{"type":"Feature","geometry":{"type":"Point","coordinates":[-70.17481,41.738]},"properties":{"f":3849}},{"type":"Feature","geometry":{"type":"Point","coordinates":[-70.17322,41.73991]},"properties":{"f":2493}},{"type":"Feature","geometry":{"type":"Point","coordinates":[-70.17328,41.73981]},"properties":{"f":3671}},{"type":"Feature","geometry":{"type":"Point","coordinates":[-70.17348,41.74051]},"properties":{"f":2812}},{"type":"Feature","geometry":{"type":"Point","coordinates":[-70.17376,41.74041]},"properties":{"f":3361}},{"type":"Feature","geometry":{"type":"Point","coordinates":[-70.17348,41.73881]},"properties":{"f":3463}},{"type":"Feature","geometry":{"type":"Point","coordinates":[-70.17364,41.73834]},"properties":{"f":2473}},{"type":"Feature","geometry":{"type":"Point","coordinates":[-70.17022,41.74151]},"properties":{"f":2856}},{"type":"Feature","geometry":{"type":"Point","coordinates":[-70.16825,41.7375]},"properties":{"f":2620}},{"type":"Feature","geometry":{"type":"Point","coordinates":[-70.16891,41.73875]},"properties":{"f":2874}},{"type":"Feature","geometry":{"type":"Point","coordinates":[-70.16901,41.73903]},"properties":{"f":2567}},{"type":"Feature","geometry":{"type":"Point","coordinates":[-70.16914,41.73929]},"properties":{"f":2596}},{"type":"Feature","geometry":{"type":"Point","coordinates":[-70.16873,41.7414]},"properties":{"f":2590}},{"type":"Feature","geometry":{"type":"Point","coordinates":[-70.16943,41.74116]},"properties":{"f":2531}},{"type":"Feature","geometry":{"type":"Point","coordinates":[-70.16745,41.74057]},"properties":{"f":2595}},{"type":"Feature","geometry":{"type":"Point","coordinates":[-70.16678,41.73887]},"properties":{"f":2720}},{"type":"Feature","geometry":{"type":"Point","coordinates":[-70.16686,41.73926]},"properties":{"f":2516}},{"type":"Feature","geometry":{"type":"Point","coordinates":[-70.16761,41.73922]},"properties":{"f":3003}},{"type":"Feature","geometry":{"type":"Point","coordinates":[-70.16797,41.73914]},"properties":{"f":2659}},{"type":"Feature","geometry":{"type":"Point","coordinates":[-70.16808,41.73987]},"properties":{"f":2762}},{"type":"Feature","geometry":{"type":"Point","coordinates":[-70.16445,41.74097]},"properties":{"f":2455}},{"type":"Feature","geometry":{"type":"Point","coordinates":[-70.16426,41.7405]},"properties":{"f":2489}},{"type":"Feature","geometry":{"type":"Point","coordinates":[-70.16616,41.74101]},"properties":{"f":3058}},{"type":"Feature","geometry":{"type":"Point","coordinates":[-70.1629,41.73902]},"properties":{"f":2830}},{"type":"Feature","geometry":{"type":"Point","coordinates":[-70.16503,41.73963]},"properties":{"f":2459}},{"type":"Feature","geometry":{"type":"Point","coordinates":[-70.16641,41.73778]},"properties":{"f":2677}},{"type":"Feature","geometry":{"type":"Point","coordinates":[-70.16507,41.73902]},"properties":{"f":2921}},{"type":"Feature","geometry":{"type":"Point","coordinates":[-70.16529,41.73868]},"properties":{"f":3168}},{"type":"Feature","geometry":{"type":"Point","coordinates":[-70.16501,41.73779]},"properties":{"f":2514}},{"type":"Feature","geometry":{"type":"Point","coordinates":[-70.1649,41.73754]},"properties":{"f":3155}},{"type":"Feature","geometry":{"type":"Point","coordinates":[-70.16443,41.73879]},"properties":{"f":2804}},{"type":"Feature","geometry":{"type":"Point","coordinates":[-70.16379,41.73793]},"properties":{"f":2867}},{"type":"Feature","geometry":{"type":"Point","coordinates":[-70.1632,41.73809]},"properties":{"f":2742}},{"type":"Feature","geometry":{"type":"Point","coordinates":[-70.16272,41.74193]},"properties":{"f":3323}},{"type":"Feature","geometry":{"type":"Point","coordinates":[-70.15937,41.74098]},"properties":{"f":2543}},{"type":"Feature","geometry":{"type":"Point","coordinates":[-70.15885,41.74068]},"properties":{"f":2877}},{"type":"Feature","geometry":{"type":"Point","coordinates":[-70.15873,41.73985]},"properties":{"f":2484}},{"type":"Feature","geometry":{"type":"Point","coordinates":[-70.15928,41.73952]},"properties":{"f":2584}},{"type":"Feature","geometry":{"type":"Point","coordinates":[-70.15929,41.7377]},"properties":{"f":2698}},{"type":"Feature","geometry":{"type":"Point","coordinates":[-70.16062,41.73739]},"properties":{"f":2585}},{"type":"Feature","geometry":{"type":"Point","coordinates":[-70.16211,41.73829]},"properties":{"f":2919}},{"type":"Feature","geometry":{"type":"Point","coordinates":[-70.16208,41.73892]},"properties":{"f":2629}},{"type":"Feature","geometry":{"type":"Point","coordinates":[-70.16133,41.73898]},"properties":{"f":2624}},{"type":"Feature","geometry":{"type":"Point","coordinates":[-70.16049,41.73898]},"properties":{"f":2517}},{"type":"Feature","geometry":{"type":"Point","coordinates":[-70.15822,41.7412]},"properties":{"f":2494}},{"type":"Feature","geometry":{"type":"Point","coordinates":[-70.15675,41.74123]},"properties":{"f":2932}},{"type":"Feature","geometry":{"type":"Point","coordinates":[-70.15543,41.74086]},"properties":{"f":3218}},{"type":"Feature","geometry":{"type":"Point","coordinates":[-70.1557,41.74119]},"properties":{"f":2556}},{"type":"Feature","geometry":{"type":"Point","coordinates":[-70.15531,41.74124]},"properties":{"f":2945}},{"type":"Feature","geometry":{"type":"Point","coordinates":[-70.15476,41.74129]},"properties":{"f":2522}},{"type":"Feature","geometry":{"type":"Point","coordinates":[-70.15465,41.74075]},"properties":{"f":2597}},{"type":"Feature","geometry":{"type":"Point","coordinates":[-70.15459,41.74039]},"properties":{"f":3028}},{"type":"Feature","geometry":{"type":"Point","coordinates":[-70.15529,41.74042]},"properties":{"f":2493}},{"type":"Feature","geometry":{"type":"Point","coordinates":[-70.15587,41.74041]},"properties":{"f":2485}},{"type":"Feature","geometry":{"type":"Point","coordinates":[-70.15733,41.74038]},"properties":{"f":2960}},{"type":"Feature","geometry":{"type":"Point","coordinates":[-70.15825,41.74028]},"properties":{"f":3125}},{"type":"Feature","geometry":{"type":"Point","coordinates":[-70.15681,41.73998]},"properties":{"f":2567}},{"type":"Feature","geometry":{"type":"Point","coordinates":[-70.15581,41.74003]},"properties":{"f":2541}},{"type":"Feature","geometry":{"type":"Point","coordinates":[-70.15524,41.74012]},"properties":{"f":2618}},{"type":"Feature","geometry":{"type":"Point","coordinates":[-70.15447,41.73967]},"properties":{"f":2468}},{"type":"Feature","geometry":{"type":"Point","coordinates":[-70.15694,41.73943]},"properties":{"f":2545}},{"type":"Feature","geometry":{"type":"Point","coordinates":[-70.15491,41.73874]},"properties":{"f":2487}},{"type":"Feature","geometry":{"type":"Point","coordinates":[-70.15841,41.73814]},"properties":{"f":3806}},{"type":"Feature","geometry":{"type":"Point","coordinates":[-70.15775,41.73818]},"properties":{"f":2849}},{"type":"Feature","geometry":{"type":"Point","coordinates":[-70.15421,41.73803]},"properties":{"f":2681}},{"type":"Feature","geometry":{"type":"Point","coordinates":[-70.15482,41.73763]},"properties":{"f":3167}},{"type":"Feature","geometry":{"type":"Point","coordinates":[-70.15511,41.73736]},"properties":{"f":2550}},{"type":"Feature","geometry":{"type":"Point","coordinates":[-70.15601,41.73734]},"properties":{"f":2524}},{"type":"Feature","geometry":{"type":"Point","coordinates":[-70.15184,41.74074]},"properties":{"f":2571}},{"type":"Feature","geometry":{"type":"Point","coordinates":[-70.1514,41.73959]},"properties":{"f":3451}},{"type":"Feature","geometry":{"type":"Point","coordinates":[-70.15147,41.73915]},"properties":{"f":2896}},{"type":"Feature","geometry":{"type":"Point","coordinates":[-70.1496,41.74072]},"properties":{"f":2494}},{"type":"Feature","geometry":{"type":"Point","coordinates":[-70.15008,41.73725]},"properties":{"f":2588}},{"type":"Feature","geometry":{"type":"Point","coordinates":[-70.14819,41.73778]},"properties":{"f":2639}},{"type":"Feature","geometry":{"type":"Point","coordinates":[-70.14869,41.73974]},"properties":{"f":3642}},{"type":"Feature","geometry":{"type":"Point","coordinates":[-70.1488,41.74016]},"properties":{"f":2544}},{"type":"Feature","geometry":{"type":"Point","coordinates":[-70.14899,41.74098]},"properties":{"f":2477}},{"type":"Feature","geometry":{"type":"Point","coordinates":[-70.14822,41.74067]},"properties":{"f":2834}},{"type":"Feature","geometry":{"type":"Point","coordinates":[-70.14761,41.73856]},"properties":{"f":2495}},{"type":"Feature","geometry":{"type":"Point","coordinates":[-70.14688,41.73758]},"properties":{"f":2921}},{"type":"Feature","geometry":{"type":"Point","coordinates":[-70.14694,41.73799]},"properties":{"f":3420}},{"type":"Feature","geometry":{"type":"Point","coordinates":[-70.14714,41.73881]},"properties":{"f":2471}},{"type":"Feature","geometry":{"type":"Point","coordinates":[-70.14758,41.74028]},"properties":{"f":3046}},{"type":"Feature","geometry":{"type":"Point","coordinates":[-70.14768,41.74066]},"properties":{"f":2458}},{"type":"Feature","geometry":{"type":"Point","coordinates":[-70.14623,41.73835]},"properties":{"f":3693}},{"type":"Feature","geometry":{"type":"Point","coordinates":[-70.14616,41.73784]},"properties":{"f":3337}},{"type":"Feature","geometry":{"type":"Point","coordinates":[-70.21481,41.74309]},"properties":{"f":2912}},{"type":"Feature","geometry":{"type":"Point","coordinates":[-70.21446,41.74319]},"properties":{"f":2567}},{"type":"Feature","geometry":{"type":"Point","coordinates":[-70.21059,41.74327]},"properties":{"f":2601}},{"type":"Feature","geometry":{"type":"Point","coordinates":[-70.2107,41.74377]},"properties":{"f":2733}},{"type":"Feature","geometry":{"type":"Point","coordinates":[-70.21036,41.74468]},"properties":{"f":2880}},{"type":"Feature","geometry":{"type":"Point","coordinates":[-70.21003,41.74478]},"properties":{"f":2520}},{"type":"Feature","geometry":{"type":"Point","coordinates":[-70.20931,41.74426]},"properties":{"f":4057}},{"type":"Feature","geometry":{"type":"Point","coordinates":[-70.20998,41.74403]},"properties":{"f":2909}},{"type":"Feature","geometry":{"type":"Point","coordinates":[-70.20889,41.74323]},"properties":{"f":3378}},{"type":"Feature","geometry":{"type":"Point","coordinates":[-70.21007,41.74234]},"properties":{"f":2782}},{"type":"Feature","geometry":{"type":"Point","coordinates":[-70.20914,41.74266]},"properties":{"f":2716}},{"type":"Feature","geometry":{"type":"Point","coordinates":[-70.2083,41.74205]},"properties":{"f":2531}},{"type":"Feature","geometry":{"type":"Point","coordinates":[-70.20822,41.74355]},"properties":{"f":2765}},{"type":"Feature","geometry":{"type":"Point","coordinates":[-70.20856,41.7441]},"properties":{"f":4073}},{"type":"Feature","geometry":{"type":"Point","coordinates":[-70.20883,41.74455]},"properties":{"f":2550}},{"type":"Feature","geometry":{"type":"Point","coordinates":[-70.20834,41.74472]},"properties":{"f":2497}},{"type":"Feature","geometry":{"type":"Point","coordinates":[-70.20795,41.7441]},"properties":{"f":3738}},{"type":"Feature","geometry":{"type":"Point","coordinates":[-70.20777,41.7438]},"properties":{"f":3504}},{"type":"Feature","geometry":{"type":"Point","coordinates":[-70.20722,41.74292]},"properties":{"f":3143}},{"type":"Feature","geometry":{"type":"Point","coordinates":[-70.20765,41.74486]},"properties":{"f":2646}},{"type":"Feature","geometry":{"type":"Point","coordinates":[-70.20712,41.74508]},"properties":{"f":2946}},{"type":"Feature","geometry":{"type":"Point","coordinates":[-70.20689,41.74568]},"properties":{"f":2714}},{"type":"Feature","geometry":{"type":"Point","coordinates":[-70.20854,41.74517]},"properties":{"f":3436}},{"type":"Feature","geometry":{"type":"Point","coordinates":[-70.20926,41.74504]},"properties":{"f":3256}},{"type":"Feature","geometry":{"type":"Point","coordinates":[-70.2075,41.7424]},"properties":{"f":2629}},{"type":"Feature","geometry":{"type":"Point","coordinates":[-70.20675,41.74246]},"properties":{"f":3665}},{"type":"Feature","geometry":{"type":"Point","coordinates":[-70.20645,41.74297]},"properties":{"f":3012}},{"type":"Feature","geometry":{"type":"Point","coordinates":[-70.20468,41.74358]},"properties":{"f":2716}},{"type":"Feature","geometry":{"type":"Point","coordinates":[-70.20431,41.74351]},"properties":{"f":2535}},{"type":"Feature","geometry":{"type":"Point","coordinates":[-70.20332,41.74295]},"properties":{"f":3469}},{"type":"Feature","geometry":{"type":"Point","coordinates":[-70.20229,41.74309]},"properties":{"f":2526}},{"type":"Feature","geometry":{"type":"Point","coordinates":[-70.20253,41.74371]},"properties":{"f":2989}},{"type":"Feature","geometry":{"type":"Point","coordinates":[-70.20448,41.74466]},"properties":{"f":2596}},{"type":"Feature","geometry":{"type":"Point","coordinates":[-70.20395,41.74486]},"properties":{"f":2893}},{"type":"Feature","geometry":{"type":"Point","coordinates":[-70.20257,41.74525]},"properties":{"f":2733}},{"type":"Feature","geometry":{"type":"Point","coordinates":[-70.20331,41.7457]},"properties":{"f":2646}},{"type":"Feature","geometry":{"type":"Point","coordinates":[-70.20364,41.74558]},"properties":{"f":2947}},{"type":"Feature","geometry":{"type":"Point","coordinates":[-70.20442,41.74574]},"properties":{"f":3494}},{"type":"Feature","geometry":{"type":"Point","coordinates":[-70.20482,41.74518]},"properties":{"f":2842}},{"type":"Feature","geometry":{"type":"Point","coordinates":[-70.20639,41.74529]},"properties":{"f":2600}},{"type":"Feature","geometry":{"type":"Point","coordinates":[-70.20611,41.74417]},"properties":{"f":2735}},{"type":"Feature","geometry":{"type":"Point","coordinates":[-70.20658,41.74412]},"properties":{"f":2723}},{"type":"Feature","geometry":{"type":"Point","coordinates":[-70.20579,41.74378]},"properties":{"f":4883}},{"type":"Feature","geometry":{"type":"Point","coordinates":[-70.20591,41.74209]},"properties":{"f":2487}},{"type":"Feature","geometry":{"type":"Point","coordinates":[-70.20618,41.74246]},"properties":{"f":2597}},{"type":"Feature","geometry":{"type":"Point","coordinates":[-70.20529,41.74226]},"properties":{"f":2611}},{"type":"Feature","geometry":{"type":"Point","coordinates":[-70.20469,41.74242]},"properties":{"f":2692}},{"type":"Feature","geometry":{"type":"Point","coordinates":[-70.20499,41.74254]},"properties":{"f":2661}},{"type":"Feature","geometry":{"type":"Point","coordinates":[-70.20655,41.74216]},"properties":{"f":2771}},{"type":"Feature","geometry":{"type":"Point","coordinates":[-70.20424,41.74431]},"properties":{"f":2750}},{"type":"Feature","geometry":{"type":"Point","coordinates":[-70.20565,41.74625]},"properties":{"f":3059}},{"type":"Feature","geometry":{"type":"Point","coordinates":[-70.20254,41.74422]},"properties":{"f":3023}},{"type":"Feature","geometry":{"type":"Point","coordinates":[-70.19872,41.74309]},"properties":{"f":2664}},{"type":"Feature","geometry":{"type":"Point","coordinates":[-70.20186,41.74283]},"properties":{"f":2927}},{"type":"Feature","geometry":{"type":"Point","coordinates":[-70.20133,41.74178]},"properties":{"f":2569}},{"type":"Feature","geometry":{"type":"Point","coordinates":[-70.2009,41.74167]},"properties":{"f":2801}},{"type":"Feature","geometry":{"type":"Point","coordinates":[-70.19485,41.74201]},"properties":{"f":2544}},{"type":"Feature","geometry":{"type":"Point","coordinates":[-70.19539,41.7429]},"properties":{"f":2891}},{"type":"Feature","geometry":{"type":"Point","coordinates":[-70.19646,41.74389]},"properties":{"f":2886}},{"type":"Feature","geometry":{"type":"Point","coordinates":[-70.19754,41.74412]},"properties":{"f":3160}},{"type":"Feature","geometry":{"type":"Point","coordinates":[-70.19838,41.74394]},"properties":{"f":3030}},{"type":"Feature","geometry":{"type":"Point","coordinates":[-70.19668,41.74273]},"properties":{"f":5886}},{"type":"Feature","geometry":{"type":"Point","coordinates":[-70.19791,41.74279]},"properties":{"f":2501}},{"type":"Feature","geometry":{"type":"Point","coordinates":[-70.19668,41.74189]},"properties":{"f":3251}},{"type":"Feature","geometry":{"type":"Point","coordinates":[-70.19128,41.74523]},"properties":{"f":3374}},{"type":"Feature","geometry":{"type":"Point","coordinates":[-70.19123,41.74492]},"properties":{"f":5051}},{"type":"Feature","geometry":{"type":"Point","coordinates":[-70.19276,41.74306]},"properties":{"f":2793}},{"type":"Feature","geometry":{"type":"Point","coordinates":[-70.19074,41.74566]},"properties":{"f":2814}},{"type":"Feature","geometry":{"type":"Point","coordinates":[-70.19048,41.74395]},"properties":{"f":2515}},{"type":"Feature","geometry":{"type":"Point","coordinates":[-70.19128,41.74455]},"properties":{"f":3578}},{"type":"Feature","geometry":{"type":"Point","coordinates":[-70.18659,41.74393]},"properties":{"f":2464}},{"type":"Feature","geometry":{"type":"Point","coordinates":[-70.1881,41.74317]},"properties":{"f":2647}},{"type":"Feature","geometry":{"type":"Point","coordinates":[-70.18808,41.74555]},"properties":{"f":2516}},{"type":"Feature","geometry":{"type":"Point","coordinates":[-70.18766,41.74349]},"properties":{"f":3069}},{"type":"Feature","geometry":{"type":"Point","coordinates":[-70.18705,41.74154]},"properties":{"f":2554}},{"type":"Feature","geometry":{"type":"Point","coordinates":[-70.18582,41.74513]},"properties":{"f":4379}},{"type":"Feature","geometry":{"type":"Point","coordinates":[-70.186,41.74454]},"properties":{"f":2909}},{"type":"Feature","geometry":{"type":"Point","coordinates":[-70.18594,41.74325]},"properties":{"f":3174}},{"type":"Feature","geometry":{"type":"Point","coordinates":[-70.18521,41.74399]},"properties":{"f":2972}},{"type":"Feature","geometry":{"type":"Point","coordinates":[-70.18411,41.74447]},"properties":{"f":2558}},{"type":"Feature","geometry":{"type":"Point","coordinates":[-70.18334,41.74503]},"properties":{"f":3498}},{"type":"Feature","geometry":{"type":"Point","coordinates":[-70.18629,41.74182]},"properties":{"f":2953}},{"type":"Feature","geometry":{"type":"Point","coordinates":[-70.17942,41.74366]},"properties":{"f":4791}},{"type":"Feature","geometry":{"type":"Point","coordinates":[-70.1787,41.74511]},"properties":{"f":2472}},{"type":"Feature","geometry":{"type":"Point","coordinates":[-70.17496,41.74452]},"properties":{"f":2817}},{"type":"Feature","geometry":{"type":"Point","coordinates":[-70.17077,41.74177]},"properties":{"f":2843}},{"type":"Feature","geometry":{"type":"Point","coordinates":[-70.16918,41.74188]},"properties":{"f":2686}},{"type":"Feature","geometry":{"type":"Point","coordinates":[-70.16747,41.7422]},"properties":{"f":3051}},{"type":"Feature","geometry":{"type":"Point","coordinates":[-70.16691,41.74222]},"properties":{"f":3040}},{"type":"Feature","geometry":{"type":"Point","coordinates":[-70.16751,41.74167]},"properties":{"f":2662}},{"type":"Feature","geometry":{"type":"Point","coordinates":[-70.16789,41.7416]},"properties":{"f":2480}},{"type":"Feature","geometry":{"type":"Point","coordinates":[-70.17023,41.74211]},"properties":{"f":2562}},{"type":"Feature","geometry":{"type":"Point","coordinates":[-70.16893,41.74256]},"properties":{"f":3245}},{"type":"Feature","geometry":{"type":"Point","coordinates":[-70.1642,41.74397]},"properties":{"f":2927}},{"type":"Feature","geometry":{"type":"Point","coordinates":[-70.16586,41.74251]},"properties":{"f":3685}},{"type":"Feature","geometry":{"type":"Point","coordinates":[-70.15595,41.74484]},"properties":{"f":2878}},{"type":"Feature","geometry":{"type":"Point","coordinates":[-70.15553,41.74462]},"properties":{"f":2977}},{"type":"Feature","geometry":{"type":"Point","coordinates":[-70.15539,41.74541]},"properties":{"f":2525}},{"type":"Feature","geometry":{"type":"Point","coordinates":[-70.1549,41.74472]},"properties":{"f":2754}},{"type":"Feature","geometry":{"type":"Point","coordinates":[-70.15509,41.74371]},"properties":{"f":2522}},{"type":"Feature","geometry":{"type":"Point","coordinates":[-70.15588,41.74255]},"properties":{"f":4269}},{"type":"Feature","geometry":{"type":"Point","coordinates":[-70.15452,41.74596]},"properties":{"f":5041}},{"type":"Feature","geometry":{"type":"Point","coordinates":[-70.15065,41.74416]},"properties":{"f":2563}},{"type":"Feature","geometry":{"type":"Point","coordinates":[-70.15204,41.74328]},"properties":{"f":2940}},{"type":"Feature","geometry":{"type":"Point","coordinates":[-70.15093,41.74217]},"properties":{"f":2492}},{"type":"Feature","geometry":{"type":"Point","coordinates":[-70.14978,41.74161]},"properties":{"f":3254}},{"type":"Feature","geometry":{"type":"Point","coordinates":[-70.14932,41.74244]},"properties":{"f":2530}},{"type":"Feature","geometry":{"type":"Point","coordinates":[-70.14943,41.74293]},"properties":{"f":2732}},{"type":"Feature","geometry":{"type":"Point","coordinates":[-70.14951,41.74328]},"properties":{"f":3602}},{"type":"Feature","geometry":{"type":"Point","coordinates":[-70.14886,41.74384]},"properties":{"f":2596}},{"type":"Feature","geometry":{"type":"Point","coordinates":[-70.14699,41.74234]},"properties":{"f":2755}},{"type":"Feature","geometry":{"type":"Point","coordinates":[-70.14766,41.74304]},"properties":{"f":2700}},{"type":"Feature","geometry":{"type":"Point","coordinates":[-70.14819,41.74324]},"properties":{"f":2913}},{"type":"Feature","geometry":{"type":"Point","coordinates":[-70.14864,41.74269]},"properties":{"f":2666}},{"type":"Feature","geometry":{"type":"Point","coordinates":[-70.14843,41.74184]},"properties":{"f":2496}},{"type":"Feature","geometry":{"type":"Point","coordinates":[-70.14773,41.74146]},"properties":{"f":2553}},{"type":"Feature","geometry":{"type":"Point","coordinates":[-70.14783,41.7422]},"properties":{"f":2906}},{"type":"Feature","geometry":{"type":"Point","coordinates":[-70.20614,41.74591]},"properties":{"f":3298}},{"type":"Feature","geometry":{"type":"Point","coordinates":[-70.20518,41.74632]},"properties":{"f":3184}},{"type":"Feature","geometry":{"type":"Point","coordinates":[-70.20415,41.74665]},"properties":{"f":2972}},{"type":"Feature","geometry":{"type":"Point","coordinates":[-70.20359,41.74617]},"properties":{"f":3375}},{"type":"Feature","geometry":{"type":"Point","coordinates":[-70.20386,41.74595]},"properties":{"f":3007}},{"type":"Feature","geometry":{"type":"Point","coordinates":[-70.20253,41.7472]},"properties":{"f":2536}},{"type":"Feature","geometry":{"type":"Point","coordinates":[-70.20117,41.74766]},"properties":{"f":2608}},{"type":"Feature","geometry":{"type":"Point","coordinates":[-70.20127,41.74691]},"properties":{"f":3353}},{"type":"Feature","geometry":{"type":"Point","coordinates":[-70.20193,41.74668]},"properties":{"f":2651}},{"type":"Feature","geometry":{"type":"Point","coordinates":[-70.20224,41.74653]},"properties":{"f":2635}},{"type":"Feature","geometry":{"type":"Point","coordinates":[-70.20051,41.74666]},"properties":{"f":3346}},{"type":"Feature","geometry":{"type":"Point","coordinates":[-70.20011,41.74615]},"properties":{"f":2835}},{"type":"Feature","geometry":{"type":"Point","coordinates":[-70.1984,41.7483]},"properties":{"f":2631}},{"type":"Feature","geometry":{"type":"Point","coordinates":[-70.19777,41.74853]},"properties":{"f":2940}},{"type":"Feature","geometry":{"type":"Point","coordinates":[-70.19746,41.74773]},"properties":{"f":4093}},{"type":"Feature","geometry":{"type":"Point","coordinates":[-70.1965,41.74629]},"properties":{"f":3930}},{"type":"Feature","geometry":{"type":"Point","coordinates":[-70.19541,41.74637]},"properties":{"f":2815}},{"type":"Feature","geometry":{"type":"Point","coordinates":[-70.19571,41.74667]},"properties":{"f":3545}},{"type":"Feature","geometry":{"type":"Point","coordinates":[-70.19446,41.74856]},"properties":{"f":5087}},{"type":"Feature","geometry":{"type":"Point","coordinates":[-70.19517,41.74836]},"properties":{"f":2615}},{"type":"Feature","geometry":{"type":"Point","coordinates":[-70.19553,41.74761]},"properties":{"f":3258}},{"type":"Feature","geometry":{"type":"Point","coordinates":[-70.19628,41.74824]},"properties":{"f":2812}},{"type":"Feature","geometry":{"type":"Point","coordinates":[-70.19714,41.7488]},"properties":{"f":4545}},{"type":"Feature","geometry":{"type":"Point","coordinates":[-70.19631,41.74894]},"properties":{"f":5876}},{"type":"Feature","geometry":{"type":"Point","coordinates":[-70.19556,41.74938]},"properties":{"f":3686}},{"type":"Feature","geometry":{"type":"Point","coordinates":[-70.19506,41.74949]},"properties":{"f":4565}},{"type":"Feature","geometry":{"type":"Point","coordinates":[-70.1942,41.74788]},"properties":{"f":2806}},{"type":"Feature","geometry":{"type":"Point","coordinates":[-70.1944,41.74966]},"properties":{"f":4886}},{"type":"Feature","geometry":{"type":"Point","coordinates":[-70.19346,41.74984]},"properties":{"f":2491}},{"type":"Feature","geometry":{"type":"Point","coordinates":[-70.19253,41.74624]},"properties":{"f":2661}},{"type":"Feature","geometry":{"type":"Point","coordinates":[-70.1915,41.7459]},"properties":{"f":3057}},{"type":"Feature","geometry":{"type":"Point","coordinates":[-70.19155,41.74748]},"properties":{"f":3242}},{"type":"Feature","geometry":{"type":"Point","coordinates":[-70.1896,41.74796]},"properties":{"f":2483}},{"type":"Feature","geometry":{"type":"Point","coordinates":[-70.19198,41.74854]},"properties":{"f":2628}},{"type":"Feature","geometry":{"type":"Point","coordinates":[-70.19196,41.74907]},"properties":{"f":2737}},{"type":"Feature","geometry":{"type":"Point","coordinates":[-70.19172,41.7495]},"properties":{"f":3376}},{"type":"Feature","geometry":{"type":"Point","coordinates":[-70.19133,41.74941]},"properties":{"f":3081}},{"type":"Feature","geometry":{"type":"Point","coordinates":[-70.19114,41.75003]},"properties":{"f":2997}},{"type":"Feature","geometry":{"type":"Point","coordinates":[-70.19062,41.74968]},"properties":{"f":2533}},{"type":"Feature","geometry":{"type":"Point","coordinates":[-70.19079,41.74937]},"properties":{"f":2825}},{"type":"Feature","geometry":{"type":"Point","coordinates":[-70.19262,41.74659]},"properties":{"f":4353}},{"type":"Feature","geometry":{"type":"Point","coordinates":[-70.19018,41.74972]},"properties":{"f":3134}},{"type":"Feature","geometry":{"type":"Point","coordinates":[-70.18996,41.74853]},"properties":{"f":2871}},{"type":"Feature","geometry":{"type":"Point","coordinates":[-70.1892,41.74894]},"properties":{"f":2457}},{"type":"Feature","geometry":{"type":"Point","coordinates":[-70.1897,41.74645]},"properties":{"f":2722}},{"type":"Feature","geometry":{"type":"Point","coordinates":[-70.18772,41.74619]},"properties":{"f":3020}},{"type":"Feature","geometry":{"type":"Point","coordinates":[-70.18733,41.74665]},"properties":{"f":2669}},{"type":"Feature","geometry":{"type":"Point","coordinates":[-70.18696,41.74761]},"properties":{"f":2740}},{"type":"Feature","geometry":{"type":"Point","coordinates":[-70.18668,41.74557]},"properties":{"f":2905}},{"type":"Feature","geometry":{"type":"Point","coordinates":[-70.18655,41.74749]},"properties":{"f":4137}},{"type":"Feature","geometry":{"type":"Point","coordinates":[-70.1865,41.74831]},"properties":{"f":2876}},{"type":"Feature","geometry":{"type":"Point","coordinates":[-70.18825,41.7468]},"properties":{"f":3559}},{"type":"Feature","geometry":{"type":"Point","coordinates":[-70.18667,41.74845]},"properties":{"f":3279}},{"type":"Feature","geometry":{"type":"Point","coordinates":[-70.18429,41.7488]},"properties":{"f":2544}},{"type":"Feature","geometry":{"type":"Point","coordinates":[-70.1845,41.74794]},"properties":{"f":2821}},{"type":"Feature","geometry":{"type":"Point","coordinates":[-70.18536,41.74715]},"properties":{"f":2812}},{"type":"Feature","geometry":{"type":"Point","coordinates":[-70.18291,41.74612]},"properties":{"f":2956}},{"type":"Feature","geometry":{"type":"Point","coordinates":[-70.1826,41.74719]},"properties":{"f":3089}},{"type":"Feature","geometry":{"type":"Point","coordinates":[-70.18323,41.74728]},"properties":{"f":2629}},{"type":"Feature","geometry":{"type":"Point","coordinates":[-70.18362,41.74748]},"properties":{"f":2769}},{"type":"Feature","geometry":{"type":"Point","coordinates":[-70.18401,41.74758]},"properties":{"f":3265}},{"type":"Feature","geometry":{"type":"Point","coordinates":[-70.18393,41.74801]},"properties":{"f":3361}},{"type":"Feature","geometry":{"type":"Point","coordinates":[-70.18383,41.74844]},"properties":{"f":3678}},{"type":"Feature","geometry":{"type":"Point","coordinates":[-70.18367,41.74918]},"properties":{"f":2502}},{"type":"Feature","geometry":{"type":"Point","coordinates":[-70.18264,41.74941]},"properties":{"f":2613}},{"type":"Feature","geometry":{"type":"Point","coordinates":[-70.18255,41.74866]},"properties":{"f":2880}},{"type":"Feature","geometry":{"type":"Point","coordinates":[-70.18237,41.74847]},"properties":{"f":2963}},{"type":"Feature","geometry":{"type":"Point","coordinates":[-70.18239,41.74796]},"properties":{"f":3123}},{"type":"Feature","geometry":{"type":"Point","coordinates":[-70.18283,41.7479]},"properties":{"f":3396}},{"type":"Feature","geometry":{"type":"Point","coordinates":[-70.18329,41.74791]},"properties":{"f":2576}},{"type":"Feature","geometry":{"type":"Point","coordinates":[-70.18313,41.74883]},"properties":{"f":2672}},{"type":"Feature","geometry":{"type":"Point","coordinates":[-70.18616,41.74679]},"properties":{"f":3117}},{"type":"Feature","geometry":{"type":"Point","coordinates":[-70.18581,41.74805]},"properties":{"f":2599}},{"type":"Feature","geometry":{"type":"Point","coordinates":[-70.18521,41.74836]},"properties":{"f":2575}},{"type":"Feature","geometry":{"type":"Point","coordinates":[-70.18516,41.7487]},"properties":{"f":3204}},{"type":"Feature","geometry":{"type":"Point","coordinates":[-70.18208,41.74939]},"properties":{"f":3153}},{"type":"Feature","geometry":{"type":"Point","coordinates":[-70.18164,41.74822]},"properties":{"f":3365}},{"type":"Feature","geometry":{"type":"Point","coordinates":[-70.18172,41.74787]},"properties":{"f":3008}},{"type":"Feature","geometry":{"type":"Point","coordinates":[-70.18217,41.74755]},"properties":{"f":3256}},{"type":"Feature","geometry":{"type":"Point","coordinates":[-70.18162,41.74754]},"properties":{"f":2761}},{"type":"Feature","geometry":{"type":"Point","coordinates":[-70.18086,41.74753]},"properties":{"f":5823}},{"type":"Feature","geometry":{"type":"Point","coordinates":[-70.18176,41.74698]},"properties":{"f":2714}},{"type":"Feature","geometry":{"type":"Point","coordinates":[-70.1816,41.74601]},"properties":{"f":2612}},{"type":"Feature","geometry":{"type":"Point","coordinates":[-70.18,41.74759]},"properties":{"f":2561}},{"type":"Feature","geometry":{"type":"Point","coordinates":[-70.18023,41.74785]},"properties":{"f":2811}},{"type":"Feature","geometry":{"type":"Point","coordinates":[-70.18098,41.74935]},"properties":{"f":2807}},{"type":"Feature","geometry":{"type":"Point","coordinates":[-70.17905,41.74805]},"properties":{"f":2627}},{"type":"Feature","geometry":{"type":"Point","coordinates":[-70.1752,41.74884]},"properties":{"f":3717}},{"type":"Feature","geometry":{"type":"Point","coordinates":[-70.1763,41.74866]},"properties":{"f":3419}},{"type":"Feature","geometry":{"type":"Point","coordinates":[-70.17496,41.74615]},"properties":{"f":3198}},{"type":"Feature","geometry":{"type":"Point","coordinates":[-70.17663,41.74944]},"properties":{"f":4530}},{"type":"Feature","geometry":{"type":"Point","coordinates":[-70.17505,41.74772]},"properties":{"f":3764}},{"type":"Feature","geometry":{"type":"Point","coordinates":[-70.17451,41.74986]},"properties":{"f":3854}},{"type":"Feature","geometry":{"type":"Point","coordinates":[-70.17419,41.74637]},"properties":{"f":2479}},{"type":"Feature","geometry":{"type":"Point","coordinates":[-70.16743,41.74828]},"properties":{"f":3653}},{"type":"Feature","geometry":{"type":"Point","coordinates":[-70.16668,41.7483]},"properties":{"f":4588}},{"type":"Feature","geometry":{"type":"Point","coordinates":[-70.16677,41.74893]},"properties":{"f":2774}},{"type":"Feature","geometry":{"type":"Point","coordinates":[-70.16491,41.74777]},"properties":{"f":2536}},{"type":"Feature","geometry":{"type":"Point","coordinates":[-70.16439,41.74765]},"properties":{"f":3140}},{"type":"Feature","geometry":{"type":"Point","coordinates":[-70.16312,41.74826]},"properties":{"f":5601}},{"type":"Feature","geometry":{"type":"Point","coordinates":[-70.16328,41.7489]},"properties":{"f":3393}},{"type":"Feature","geometry":{"type":"Point","coordinates":[-70.16314,41.74715]},"properties":{"f":2877}},{"type":"Feature","geometry":{"type":"Point","coordinates":[-70.16421,41.74629]},"properties":{"f":4724}},{"type":"Feature","geometry":{"type":"Point","coordinates":[-70.16443,41.74974]},"properties":{"f":2461}},{"type":"Feature","geometry":{"type":"Point","coordinates":[-70.16617,41.74955]},"properties":{"f":3728}},{"type":"Feature","geometry":{"type":"Point","coordinates":[-70.16352,41.74922]},"properties":{"f":2743}},{"type":"Feature","geometry":{"type":"Point","coordinates":[-70.16281,41.74939]},"properties":{"f":2608}},{"type":"Feature","geometry":{"type":"Point","coordinates":[-70.16378,41.74966]},"properties":{"f":3092}},{"type":"Feature","geometry":{"type":"Point","coordinates":[-70.16493,41.74964]},"properties":{"f":2996}},{"type":"Feature","geometry":{"type":"Point","coordinates":[-70.1655,41.7496]},"properties":{"f":2580}},{"type":"Feature","geometry":{"type":"Point","coordinates":[-70.16531,41.74898]},"properties":{"f":2831}},{"type":"Feature","geometry":{"type":"Point","coordinates":[-70.15949,41.74854]},"properties":{"f":3732}},{"type":"Feature","geometry":{"type":"Point","coordinates":[-70.16023,41.74943]},"properties":{"f":3113}},{"type":"Feature","geometry":{"type":"Point","coordinates":[-70.15962,41.74972]},"properties":{"f":4029}},{"type":"Feature","geometry":{"type":"Point","coordinates":[-70.16099,41.7492]},"properties":{"f":3105}},{"type":"Feature","geometry":{"type":"Point","coordinates":[-70.16183,41.74925]},"properties":{"f":2688}},{"type":"Feature","geometry":{"type":"Point","coordinates":[-70.1555,41.74576]},"properties":{"f":2570}},{"type":"Feature","geometry":{"type":"Point","coordinates":[-70.15044,41.7485]},"properties":{"f":3197}},{"type":"Feature","geometry":{"type":"Point","coordinates":[-70.15216,41.74935]},"properties":{"f":3943}},{"type":"Feature","geometry":{"type":"Point","coordinates":[-70.15232,41.74867]},"properties":{"f":5177}},{"type":"Feature","geometry":{"type":"Point","coordinates":[-70.15309,41.74789]},"properties":{"f":6368}},{"type":"Feature","geometry":{"type":"Point","coordinates":[-70.15143,41.74787]},"properties":{"f":3239}},{"type":"Feature","geometry":{"type":"Point","coordinates":[-70.1511,41.74744]},"properties":{"f":3492}},{"type":"Feature","geometry":{"type":"Point","coordinates":[-70.15088,41.74678]},"properties":{"f":3797}},{"type":"Feature","geometry":{"type":"Point","coordinates":[-70.14951,41.74927]},"properties":{"f":3056}},{"type":"Feature","geometry":{"type":"Point","coordinates":[-70.14979,41.74809]},"properties":{"f":3006}},{"type":"Feature","geometry":{"type":"Point","coordinates":[-70.14752,41.74603]},"properties":{"f":3859}},{"type":"Feature","geometry":{"type":"Point","coordinates":[-70.14926,41.74571]},"properties":{"f":2881}},{"type":"Feature","geometry":{"type":"Point","coordinates":[-70.14789,41.74657]},"properties":{"f":3609}},{"type":"Feature","geometry":{"type":"Point","coordinates":[-70.14886,41.74752]},"properties":{"f":4055}},{"type":"Feature","geometry":{"type":"Point","coordinates":[-70.14602,41.74908]},"properties":{"f":2622}},{"type":"Feature","geometry":{"type":"Point","coordinates":[-70.144,41.74898]},"properties":{"f":3382}},{"type":"Feature","geometry":{"type":"Point","coordinates":[-70.14362,41.74849]},"properties":{"f":2728}},{"type":"Feature","geometry":{"type":"Point","coordinates":[-70.1421,41.7486]},"properties":{"f":3536}},{"type":"Feature","geometry":{"type":"Point","coordinates":[-70.14246,41.74846]},"properties":{"f":3238}},{"type":"Feature","geometry":{"type":"Point","coordinates":[-70.14569,41.74777]},"properties":{"f":3849}},{"type":"Feature","geometry":{"type":"Point","coordinates":[-70.19233,41.75055]},"properties":{"f":2579}},{"type":"Feature","geometry":{"type":"Point","coordinates":[-70.19112,41.75045]},"properties":{"f":4551}},{"type":"Feature","geometry":{"type":"Point","coordinates":[-70.18922,41.75067]},"properties":{"f":4146}},{"type":"Feature","geometry":{"type":"Point","coordinates":[-70.18094,41.75055]},"properties":{"f":2616}},{"type":"Feature","geometry":{"type":"Point","coordinates":[-70.17876,41.75074]},"properties":{"f":4135}},{"type":"Feature","geometry":{"type":"Point","coordinates":[-70.17737,41.75141]},"properties":{"f":5275}},{"type":"Feature","geometry":{"type":"Point","coordinates":[-70.17012,41.75383]},"properties":{"f":4595}},{"type":"Feature","geometry":{"type":"Point","coordinates":[-70.16736,41.74971]},"properties":{"f":2552}},{"type":"Feature","geometry":{"type":"Point","coordinates":[-70.1668,41.74987]},"properties":{"f":2747}},{"type":"Feature","geometry":{"type":"Point","coordinates":[-70.16682,41.75267]},"properties":{"f":3254}},{"type":"Feature","geometry":{"type":"Point","coordinates":[-70.1674,41.75422]},"properties":{"f":3959}},{"type":"Feature","geometry":{"type":"Point","coordinates":[-70.16727,41.75094]},"properties":{"f":2651}},{"type":"Feature","geometry":{"type":"Point","coordinates":[-70.1686,41.75274]},"properties":{"f":4993}},{"type":"Feature","geometry":{"type":"Point","coordinates":[-70.16611,41.75083]},"properties":{"f":4120}},{"type":"Feature","geometry":{"type":"Point","coordinates":[-70.16612,41.75]},"properties":{"f":3517}},{"type":"Feature","geometry":{"type":"Point","coordinates":[-70.16551,41.7501]},"properties":{"f":2927}},{"type":"Feature","geometry":{"type":"Point","coordinates":[-70.16489,41.75058]},"properties":{"f":2677}},{"type":"Feature","geometry":{"type":"Point","coordinates":[-70.16494,41.75204]},"properties":{"f":3022}},{"type":"Feature","geometry":{"type":"Point","coordinates":[-70.16567,41.75284]},"properties":{"f":2656}},{"type":"Feature","geometry":{"type":"Point","coordinates":[-70.1662,41.7528]},"properties":{"f":3262}},{"type":"Feature","geometry":{"type":"Point","coordinates":[-70.16366,41.75118]},"properties":{"f":2816}},{"type":"Feature","geometry":{"type":"Point","coordinates":[-70.16286,41.75188]},"properties":{"f":2455}},{"type":"Feature","geometry":{"type":"Point","coordinates":[-70.16243,41.75187]},"properties":{"f":3075}},{"type":"Feature","geometry":{"type":"Point","coordinates":[-70.16248,41.75115]},"properties":{"f":2920}},{"type":"Feature","geometry":{"type":"Point","coordinates":[-70.16256,41.74995]},"properties":{"f":2620}},{"type":"Feature","geometry":{"type":"Point","coordinates":[-70.16335,41.74975]},"properties":{"f":2513}},{"type":"Feature","geometry":{"type":"Point","coordinates":[-70.16474,41.75015]},"properties":{"f":2670}},{"type":"Feature","geometry":{"type":"Point","coordinates":[-70.16616,41.75426]},"properties":{"f":5295}},{"type":"Feature","geometry":{"type":"Point","coordinates":[-70.15978,41.75334]},"properties":{"f":3217}},{"type":"Feature","geometry":{"type":"Point","coordinates":[-70.15934,41.75209]},"properties":{"f":2462}},{"type":"Feature","geometry":{"type":"Point","coordinates":[-70.15793,41.75182]},"properties":{"f":2511}},{"type":"Feature","geometry":{"type":"Point","coordinates":[-70.16186,41.75186]},"properties":{"f":3145}},{"type":"Feature","geometry":{"type":"Point","coordinates":[-70.15744,41.75237]},"properties":{"f":2522}},{"type":"Feature","geometry":{"type":"Point","coordinates":[-70.15727,41.75108]},"properties":{"f":3510}},{"type":"Feature","geometry":{"type":"Point","coordinates":[-70.15752,41.74911]},"properties":{"f":3993}},{"type":"Feature","geometry":{"type":"Point","coordinates":[-70.15662,41.74967]},"properties":{"f":3000}},{"type":"Feature","geometry":{"type":"Point","coordinates":[-70.15549,41.75054]},"properties":{"f":5732}},{"type":"Feature","geometry":{"type":"Point","coordinates":[-70.15693,41.75273]},"properties":{"f":2723}},{"type":"Feature","geometry":{"type":"Point","coordinates":[-70.15698,41.753]},"properties":{"f":2485}},{"type":"Feature","geometry":{"type":"Point","coordinates":[-70.15602,41.75272]},"properties":{"f":2781}},{"type":"Feature","geometry":{"type":"Point","coordinates":[-70.15497,41.75296]},"properties":{"f":2468}},{"type":"Feature","geometry":{"type":"Point","coordinates":[-70.15605,41.74963]},"properties":{"f":2661}},{"type":"Feature","geometry":{"type":"Point","coordinates":[-70.15687,41.74902]},"properties":{"f":5558}},{"type":"Feature","geometry":{"type":"Point","coordinates":[-70.15112,41.75159]},"properties":{"f":4333}},{"type":"Feature","geometry":{"type":"Point","coordinates":[-70.15207,41.74981]},"properties":{"f":5805}},{"type":"Feature","geometry":{"type":"Point","coordinates":[-70.14815,41.75079]},"properties":{"f":4743}},{"type":"Feature","geometry":{"type":"Point","coordinates":[-70.14662,41.75193]},"properties":{"f":2868}},{"type":"Feature","geometry":{"type":"Point","coordinates":[-70.1466,41.75232]},"properties":{"f":3819}},{"type":"Feature","geometry":{"type":"Point","coordinates":[-70.14664,41.75266]},"properties":{"f":2627}},{"type":"Feature","geometry":{"type":"Point","coordinates":[-70.14656,41.75329]},"properties":{"f":2704}},{"type":"Feature","geometry":{"type":"Point","coordinates":[-70.14526,41.75352]},"properties":{"f":2536}},{"type":"Feature","geometry":{"type":"Point","coordinates":[-70.14543,41.75039]},"properties":{"f":3125}},{"type":"Feature","geometry":{"type":"Point","coordinates":[-70.14532,41.74976]},"properties":{"f":2828}},{"type":"Feature","geometry":{"type":"Point","coordinates":[-70.14487,41.74985]},"properties":{"f":2819}},{"type":"Feature","geometry":{"type":"Point","coordinates":[-70.14338,41.75042]},"properties":{"f":3763}},{"type":"Feature","geometry":{"type":"Point","coordinates":[-70.14422,41.75042]},"properties":{"f":5094}},{"type":"Feature","geometry":{"type":"Point","coordinates":[-70.14274,41.7504]},"properties":{"f":2770}},{"type":"Feature","geometry":{"type":"Point","coordinates":[-70.14449,41.75131]},"properties":{"f":3628}},{"type":"Feature","geometry":{"type":"Point","coordinates":[-70.14203,41.75157]},"properties":{"f":2463}},{"type":"Feature","geometry":{"type":"Point","coordinates":[-70.14285,41.75224]},"properties":{"f":2699}},{"type":"Feature","geometry":{"type":"Point","coordinates":[-70.14289,41.74969]},"properties":{"f":2479}},{"type":"Feature","geometry":{"type":"Point","coordinates":[-70.1418,41.75261]},"properties":{"f":2615}},{"type":"Feature","geometry":{"type":"Point","coordinates":[-70.14129,41.75303]},"properties":{"f":2675}},{"type":"Feature","geometry":{"type":"Point","coordinates":[-70.14095,41.75303]},"properties":{"f":2994}},{"type":"Feature","geometry":{"type":"Point","coordinates":[-70.14115,41.75031]},"properties":{"f":2905}},{"type":"Feature","geometry":{"type":"Point","coordinates":[-70.14211,41.74977]},"properties":{"f":3424}},{"type":"Feature","geometry":{"type":"Point","coordinates":[-70.14097,41.75133]},"properties":{"f":2505}},{"type":"Feature","geometry":{"type":"Point","coordinates":[-70.14078,41.75266]},"properties":{"f":2927}},{"type":"Feature","geometry":{"type":"Point","coordinates":[-70.1405,41.75216]},"properties":{"f":2630}},{"type":"Feature","geometry":{"type":"Point","coordinates":[-70.14038,41.75182]},"properties":{"f":3216}},{"type":"Feature","geometry":{"type":"Point","coordinates":[-70.13984,41.75208]},"properties":{"f":3638}},{"type":"Feature","geometry":{"type":"Point","coordinates":[-70.13929,41.75203]},"properties":{"f":3474}},{"type":"Feature","geometry":{"type":"Point","coordinates":[-70.13864,41.75253]},"properties":{"f":4285}},{"type":"Feature","geometry":{"type":"Point","coordinates":[-70.13905,41.75283]},"properties":{"f":5036}},{"type":"Feature","geometry":{"type":"Point","coordinates":[-70.14005,41.75276]},"properties":{"f":4636}},{"type":"Feature","geometry":{"type":"Point","coordinates":[-70.14159,41.74985]},"properties":{"f":3103}},{"type":"Feature","geometry":{"type":"Point","coordinates":[-70.16069,41.75572]},"properties":{"f":4380}},{"type":"Feature","geometry":{"type":"Point","coordinates":[-70.16008,41.75594]},"properties":{"f":2861}},{"type":"Feature","geometry":{"type":"Point","coordinates":[-70.15961,41.75587]},"properties":{"f":3006}},{"type":"Feature","geometry":{"type":"Point","coordinates":[-70.1584,41.75582]},"properties":{"f":2893}},{"type":"Feature","geometry":{"type":"Point","coordinates":[-70.15977,41.75427]},"properties":{"f":3441}},{"type":"Feature","geometry":{"type":"Point","coordinates":[-70.15916,41.75396]},"properties":{"f":2456}},{"type":"Feature","geometry":{"type":"Point","coordinates":[-70.15833,41.75416]},"properties":{"f":2677}},{"type":"Feature","geometry":{"type":"Point","coordinates":[-70.15555,41.75539]},"properties":{"f":2809}},{"type":"Feature","geometry":{"type":"Point","coordinates":[-70.15525,41.75513]},"properties":{"f":2852}},{"type":"Feature","geometry":{"type":"Point","coordinates":[-70.15648,41.75526]},"properties":{"f":3058}},{"type":"Feature","geometry":{"type":"Point","coordinates":[-70.15605,41.75464]},"properties":{"f":2718}},{"type":"Feature","geometry":{"type":"Point","coordinates":[-70.15726,41.75463]},"properties":{"f":2992}},{"type":"Feature","geometry":{"type":"Point","coordinates":[-70.149,41.7564]},"properties":{"f":4433}},{"type":"Feature","geometry":{"type":"Point","coordinates":[-70.14851,41.75655]},"properties":{"f":3394}},{"type":"Feature","geometry":{"type":"Point","coordinates":[-70.14774,41.75766]},"properties":{"f":3331}},{"type":"Feature","geometry":{"type":"Point","coordinates":[-70.14705,41.75554]},"properties":{"f":3498}},{"type":"Feature","geometry":{"type":"Point","coordinates":[-70.1466,41.75493]},"properties":{"f":2686}},{"type":"Feature","geometry":{"type":"Point","coordinates":[-70.15018,41.75614]},"properties":{"f":3107}},{"type":"Feature","geometry":{"type":"Point","coordinates":[-70.14999,41.75492]},"properties":{"f":2833}},{"type":"Feature","geometry":{"type":"Point","coordinates":[-70.14919,41.75482]},"properties":{"f":3842}},{"type":"Feature","geometry":{"type":"Point","coordinates":[-70.14634,41.75531]},"properties":{"f":5688}},{"type":"Feature","geometry":{"type":"Point","coordinates":[-70.14517,41.75533]},"properties":{"f":3019}},{"type":"Feature","geometry":{"type":"Point","coordinates":[-70.1402,41.75385]},"properties":{"f":2992}},{"type":"Feature","geometry":{"type":"Point","coordinates":[-70.1397,41.75398]},"properties":{"f":3177}},{"type":"Feature","geometry":{"type":"Point","coordinates":[-70.1403,41.75437]},"properties":{"f":3552}},{"type":"Feature","geometry":{"type":"Point","coordinates":[-70.13962,41.75469]},"properties":{"f":3072}},{"type":"Feature","geometry":{"type":"Point","coordinates":[-70.13903,41.75485]},"properties":{"f":2928}},{"type":"Feature","geometry":{"type":"Point","coordinates":[-70.13777,41.75541]},"properties":{"f":6744}},{"type":"Feature","geometry":{"type":"Point","coordinates":[-70.1389,41.75425]},"properties":{"f":2965}},{"type":"Feature","geometry":{"type":"Point","coordinates":[-70.14637,41.75799]},"properties":{"f":3941}},{"type":"Feature","geometry":{"type":"Point","coordinates":[-70.15647,41.73466]},"properties":{"f":2885}},{"type":"Feature","geometry":{"type":"Point","coordinates":[-70.16373,41.74227]},"properties":{"f":2622}},{"type":"Feature","geometry":{"type":"Point","coordinates":[-70.1635,41.74231]},"properties":{"f":2672}},{"type":"Feature","geometry":{"type":"Point","coordinates":[-70.14797,41.75007]},"properties":{"f":2508}},{"type":"Feature","geometry":{"type":"Point","coordinates":[-70.1596,41.72857]},"properties":{"f":2676}},{"type":"Feature","geometry":{"type":"Point","coordinates":[-70.15936,41.72752]},"properties":{"f":2576}},{"type":"Feature","geometry":{"type":"Point","coordinates":[-70.15931,41.72698]},"properties":{"f":2595}},{"type":"Feature","geometry":{"type":"Point","coordinates":[-70.15997,41.72728]},"properties":{"f":3066}},{"type":"Feature","geometry":{"type":"Point","coordinates":[-70.1601,41.72795]},"properties":{"f":2541}},{"type":"Feature","geometry":{"type":"Point","coordinates":[-70.16047,41.72923]},"properties":{"f":2663}},{"type":"Feature","geometry":{"type":"Point","coordinates":[-70.15974,41.72929]},"properties":{"f":2535}},{"type":"Feature","geometry":{"type":"Point","coordinates":[-70.15928,41.72931]},"properties":{"f":2573}},{"type":"Feature","geometry":{"type":"Point","coordinates":[-70.18102,41.73222]},"properties":{"f":3249}},{"type":"Feature","geometry":{"type":"Point","coordinates":[-70.19349,41.74616]},"properties":{"f":3180}},{"type":"Feature","geometry":{"type":"Point","coordinates":[-70.15119,41.74932]},"properties":{"f":3519}},{"type":"Feature","geometry":{"type":"Point","coordinates":[-70.19768,41.71842]},"properties":{"f":2472}},{"type":"Feature","geometry":{"type":"Point","coordinates":[-70.19657,41.71778]},"properties":{"f":3157}},{"type":"Feature","geometry":{"type":"Point","coordinates":[-70.14411,41.70059]},"properties":{"f":2709}},{"type":"Feature","geometry":{"type":"Point","coordinates":[-70.15537,41.74288]},"properties":{"f":3858}},{"type":"Feature","geometry":{"type":"Point","coordinates":[-70.17208,41.71264]},"properties":{"f":4256}},{"type":"Feature","geometry":{"type":"Point","coordinates":[-70.17178,41.71307]},"properties":{"f":2816}},{"type":"Feature","geometry":{"type":"Point","coordinates":[-70.17163,41.71361]},"properties":{"f":2579}},{"type":"Feature","geometry":{"type":"Point","coordinates":[-70.17141,41.71242]},"properties":{"f":2584}},{"type":"Feature","geometry":{"type":"Point","coordinates":[-70.17191,41.74119]},"properties":{"f":3526}},{"type":"Feature","geometry":{"type":"Point","coordinates":[-70.17258,41.74039]},"properties":{"f":3326}},{"type":"Feature","geometry":{"type":"Point","coordinates":[-70.17201,41.74006]},"properties":{"f":4474}},{"type":"Feature","geometry":{"type":"Point","coordinates":[-70.17137,41.73951]},"properties":{"f":3570}},{"type":"Feature","geometry":{"type":"Point","coordinates":[-70.15739,41.69478]},"properties":{"f":3278}},{"type":"Feature","geometry":{"type":"Point","coordinates":[-70.15583,41.69494]},"properties":{"f":2719}},{"type":"Feature","geometry":{"type":"Point","coordinates":[-70.1554,41.69493]},"properties":{"f":3175}},{"type":"Feature","geometry":{"type":"Point","coordinates":[-70.15498,41.69474]},"properties":{"f":2828}},{"type":"Feature","geometry":{"type":"Point","coordinates":[-70.15624,41.69432]},"properties":{"f":2646}},{"type":"Feature","geometry":{"type":"Point","coordinates":[-70.15719,41.69338]},"properties":{"f":4303}},{"type":"Feature","geometry":{"type":"Point","coordinates":[-70.15739,41.69358]},"properties":{"f":2611}},{"type":"Feature","geometry":{"type":"Point","coordinates":[-70.19184,41.74808]},"properties":{"f":2698}},{"type":"Feature","geometry":{"type":"Point","coordinates":[-70.17154,41.70728]},"properties":{"f":3564}},{"type":"Feature","geometry":{"type":"Point","coordinates":[-70.17229,41.70741]},"properties":{"f":2769}},{"type":"Feature","geometry":{"type":"Point","coordinates":[-70.17208,41.70795]},"properties":{"f":2962}},{"type":"Feature","geometry":{"type":"Point","coordinates":[-70.1715,41.70811]},"properties":{"f":2794}},{"type":"Feature","geometry":{"type":"Point","coordinates":[-70.16988,41.70744]},"properties":{"f":2932}},{"type":"Feature","geometry":{"type":"Point","coordinates":[-70.17063,41.70735]},"properties":{"f":3139}},{"type":"Feature","geometry":{"type":"Point","coordinates":[-70.17061,41.70823]},"properties":{"f":2620}},{"type":"Feature","geometry":{"type":"Point","coordinates":[-70.17244,41.7137]},"properties":{"f":2852}},{"type":"Feature","geometry":{"type":"Point","coordinates":[-70.14591,41.70025]},"properties":{"f":2531}},{"type":"Feature","geometry":{"type":"Point","coordinates":[-70.14519,41.70036]},"properties":{"f":2612}},{"type":"Feature","geometry":{"type":"Point","coordinates":[-70.14831,41.70054]},"properties":{"f":2988}},{"type":"Feature","geometry":{"type":"Point","coordinates":[-70.14906,41.70043]},"properties":{"f":2797}},{"type":"Feature","geometry":{"type":"Point","coordinates":[-70.15027,41.7003]},"properties":{"f":2917}},{"type":"Feature","geometry":{"type":"Point","coordinates":[-70.15115,41.70025]},"properties":{"f":2854}},{"type":"Feature","geometry":{"type":"Point","coordinates":[-70.14887,41.69984]},"properties":{"f":3066}},{"type":"Feature","geometry":{"type":"Point","coordinates":[-70.18779,41.73691]},"properties":{"f":3257}},{"type":"Feature","geometry":{"type":"Point","coordinates":[-70.13482,41.69894]},"properties":{"f":3774}},{"type":"Feature","geometry":{"type":"Point","coordinates":[-70.13397,41.69879]},"properties":{"f":3659}},{"type":"Feature","geometry":{"type":"Point","coordinates":[-70.13428,41.69931]},"properties":{"f":2773}},{"type":"Feature","geometry":{"type":"Point","coordinates":[-70.13521,41.69945]},"properties":{"f":2789}},{"type":"Feature","geometry":{"type":"Point","coordinates":[-70.17699,41.74821]},"properties":{"f":6078}},{"type":"Feature","geometry":{"type":"Point","coordinates":[-70.18398,41.73666]},"properties":{"f":2827}},{"type":"Feature","geometry":{"type":"Point","coordinates":[-70.18358,41.73761]},"properties":{"f":2921}},{"type":"Feature","geometry":{"type":"Point","coordinates":[-70.18467,41.73749]},"properties":{"f":4347}},{"type":"Feature","geometry":{"type":"Point","coordinates":[-70.18602,41.73668]},"properties":{"f":3972}},{"type":"Feature","geometry":{"type":"Point","coordinates":[-70.14019,41.75044]},"properties":{"f":3659}},{"type":"Feature","geometry":{"type":"Point","coordinates":[-70.13947,41.75045]},"properties":{"f":3501}},{"type":"Feature","geometry":{"type":"Point","coordinates":[-70.16741,41.66015]},"properties":{"f":3191}},{"type":"Feature","geometry":{"type":"Point","coordinates":[-70.14098,41.72603]},"properties":{"f":2760}},{"type":"Feature","geometry":{"type":"Point","coordinates":[-70.15268,41.70002]},"properties":{"f":3075}},{"type":"Feature","geometry":{"type":"Point","coordinates":[-70.17664,41.7456]},"properties":{"f":3579}},{"type":"Feature","geometry":{"type":"Point","coordinates":[-70.17733,41.74563]},"properties":{"f":3201}},{"type":"Feature","geometry":{"type":"Point","coordinates":[-70.17784,41.74462]},"properties":{"f":2540}},{"type":"Feature","geometry":{"type":"Point","coordinates":[-70.1772,41.74461]},"properties":{"f":2755}},{"type":"Feature","geometry":{"type":"Point","coordinates":[-70.17666,41.74455]},"properties":{"f":2707}},{"type":"Feature","geometry":{"type":"Point","coordinates":[-70.17603,41.74448]},"properties":{"f":2815}},{"type":"Feature","geometry":{"type":"Point","coordinates":[-70.15283,41.66678]},"properties":{"f":3409}},{"type":"Feature","geometry":{"type":"Point","coordinates":[-70.15041,41.74922]},"properties":{"f":3642}},{"type":"Feature","geometry":{"type":"Point","coordinates":[-70.15065,41.74946]},"properties":{"f":6887}},{"type":"Feature","geometry":{"type":"Point","coordinates":[-70.18934,41.74043]},"properties":{"f":3838}},{"type":"Feature","geometry":{"type":"Point","coordinates":[-70.18657,41.72612]},"properties":{"f":5573}},{"type":"Feature","geometry":{"type":"Point","coordinates":[-70.18931,41.73941]},"properties":{"f":3545}},{"type":"Feature","geometry":{"type":"Point","coordinates":[-70.18869,41.73892]},"properties":{"f":4405}},{"type":"Feature","geometry":{"type":"Point","coordinates":[-70.18838,41.73968]},"properties":{"f":4726}},{"type":"Feature","geometry":{"type":"Point","coordinates":[-70.18892,41.74011]},"properties":{"f":4441}},{"type":"Feature","geometry":{"type":"Point","coordinates":[-70.15893,41.74861]},"properties":{"f":4066}},{"type":"Feature","geometry":{"type":"Point","coordinates":[-70.16031,41.74795]},"properties":{"f":6003}},{"type":"Feature","geometry":{"type":"Point","coordinates":[-70.14798,41.72457]},"properties":{"f":2762}},{"type":"Feature","geometry":{"type":"Point","coordinates":[-70.14783,41.72415]},"properties":{"f":3962}},{"type":"Feature","geometry":{"type":"Point","coordinates":[-70.14774,41.72374]},"properties":{"f":2891}},{"type":"Feature","geometry":{"type":"Point","coordinates":[-70.14771,41.72327]},"properties":{"f":4625}},{"type":"Feature","geometry":{"type":"Point","coordinates":[-70.14781,41.72272]},"properties":{"f":3617}},{"type":"Feature","geometry":{"type":"Point","coordinates":[-70.1471,41.72253]},"properties":{"f":3368}},{"type":"Feature","geometry":{"type":"Point","coordinates":[-70.14667,41.72339]},"properties":{"f":4112}},{"type":"Feature","geometry":{"type":"Point","coordinates":[-70.14652,41.72383]},"properties":{"f":3468}},{"type":"Feature","geometry":{"type":"Point","coordinates":[-70.14669,41.72433]},"properties":{"f":4035}},{"type":"Feature","geometry":{"type":"Point","coordinates":[-70.14669,41.7247]},"properties":{"f":2983}},{"type":"Feature","geometry":{"type":"Point","coordinates":[-70.14636,41.72271]},"properties":{"f":4513}},{"type":"Feature","geometry":{"type":"Point","coordinates":[-70.14562,41.72279]},"properties":{"f":3398}},{"type":"Feature","geometry":{"type":"Point","coordinates":[-70.14587,41.72351]},"properties":{"f":2517}},{"type":"Feature","geometry":{"type":"Point","coordinates":[-70.17943,41.73391]},"properties":{"f":2949}},{"type":"Feature","geometry":{"type":"Point","coordinates":[-70.17947,41.73482]},"properties":{"f":2681}},{"type":"Feature","geometry":{"type":"Point","coordinates":[-70.17872,41.73489]},"properties":{"f":2761}},{"type":"Feature","geometry":{"type":"Point","coordinates":[-70.14456,41.75777]},"properties":{"f":3451}},{"type":"Feature","geometry":{"type":"Point","coordinates":[-70.14551,41.75739]},"properties":{"f":2596}},{"type":"Feature","geometry":{"type":"Point","coordinates":[-70.14471,41.75698]},"properties":{"f":3082}},{"type":"Feature","geometry":{"type":"Point","coordinates":[-70.14441,41.75643]},"properties":{"f":2673}},{"type":"Feature","geometry":{"type":"Point","coordinates":[-70.14716,41.71476]},"properties":{"f":2734}},{"type":"Feature","geometry":{"type":"Point","coordinates":[-70.16961,41.6536]},"properties":{"f":2635}},{"type":"Feature","geometry":{"type":"Point","coordinates":[-70.16802,41.6533]},"properties":{"f":3128}},{"type":"Feature","geometry":{"type":"Point","coordinates":[-70.1442,41.75868]},"properties":{"f":5964}},{"type":"Feature","geometry":{"type":"Point","coordinates":[-70.17851,41.66103]},"properties":{"f":3145}},{"type":"Feature","geometry":{"type":"Point","coordinates":[-70.16406,41.74273]},"properties":{"f":2643}},{"type":"Feature","geometry":{"type":"Point","coordinates":[-70.15476,41.68223]},"properties":{"f":2878}}]}