{"type":"FeatureCollection","features":[{"type":"Feature","geometry":{"type":"Point","coordinates":[-70.26694,41.61207]},"properties":{"f":4407}},{"type":"Feature","geometry":{"type":"Point","coordinates":[-70.18138,41.68947]},"properties":{"f":2479}},{"type":"Feature","geometry":{"type":"Point","coordinates":[-70.17651,41.69015]},"properties":{"f":2459}},{"type":"Feature","geometry":{"type":"Point","coordinates":[-70.17828,41.6898]},"properties":{"f":2800}},{"type":"Feature","geometry":{"type":"Point","coordinates":[-70.1753,41.68898]},"properties":{"f":2714}},{"type":"Feature","geometry":{"type":"Point","coordinates":[-70.1754,41.68955]},"properties":{"f":2460}},{"type":"Feature","geometry":{"type":"Point","coordinates":[-70.17577,41.68916]},"properties":{"f":2811}},{"type":"Feature","geometry":{"type":"Point","coordinates":[-70.1764,41.68563]},"properties":{"f":4391}},{"type":"Feature","geometry":{"type":"Point","coordinates":[-70.17561,41.68568]},"properties":{"f":3042}},{"type":"Feature","geometry":{"type":"Point","coordinates":[-70.17487,41.68573]},"properties":{"f":3140}},{"type":"Feature","geometry":{"type":"Point","coordinates":[-70.17515,41.6851]},"properties":{"f":4063}},{"type":"Feature","geometry":{"type":"Point","coordinates":[-70.17721,41.68584]},"properties":{"f":3057}},{"type":"Feature","geometry":{"type":"Point","coordinates":[-70.1781,41.68575]},"properties":{"f":2828}},{"type":"Feature","geometry":{"type":"Point","coordinates":[-70.179,41.68664]},"properties":{"f":2689}},{"type":"Feature","geometry":{"type":"Point","coordinates":[-70.17985,41.6864]},"properties":{"f":2695}},{"type":"Feature","geometry":{"type":"Point","coordinates":[-70.17996,41.68686]},"properties":{"f":2542}},{"type":"Feature","geometry":{"type":"Point","coordinates":[-70.17798,41.68832]},"properties":{"f":2724}},{"type":"Feature","geometry":{"type":"Point","coordinates":[-70.17395,41.68492]},"properties":{"f":2512}},{"type":"Feature","geometry":{"type":"Point","coordinates":[-70.16896,41.68893]},"properties":{"f":3104}},{"type":"Feature","geometry":{"type":"Point","coordinates":[-70.16893,41.68847]},"properties":{"f":3307}},{"type":"Feature","geometry":{"type":"Point","coordinates":[-70.16955,41.68831]},"properties":{"f":2521}},{"type":"Feature","geometry":{"type":"Point","coordinates":[-70.17147,41.68803]},"properties":{"f":2679}},{"type":"Feature","geometry":{"type":"Point","coordinates":[-70.17154,41.68773]},"properties":{"f":2660}},{"type":"Feature","geometry":{"type":"Point","coordinates":[-70.17324,41.68628]},"properties":{"f":2864}},{"type":"Feature","geometry":{"type":"Point","coordinates":[-70.17095,41.68752]},"properties":{"f":3058}},{"type":"Feature","geometry":{"type":"Point","coordinates":[-70.16965,41.68794]},"properties":{"f":3057}},{"type":"Feature","geometry":{"type":"Point","coordinates":[-70.16759,41.68809]},"properties":{"f":2901}},{"type":"Feature","geometry":{"type":"Point","coordinates":[-70.16769,41.68775]},"properties":{"f":2886}},{"type":"Feature","geometry":{"type":"Point","coordinates":[-70.17316,41.68575]},"properties":{"f":2785}},{"type":"Feature","geometry":{"type":"Point","coordinates":[-70.16662,41.68749]},"properties":{"f":3082}},{"type":"Feature","geometry":{"type":"Point","coordinates":[-70.16756,41.68736]},"properties":{"f":2470}},{"type":"Feature","geometry":{"type":"Point","coordinates":[-70.16847,41.68681]},"properties":{"f":2626}},{"type":"Feature","geometry":{"type":"Point","coordinates":[-70.17307,41.68541]},"properties":{"f":3185}},{"type":"Feature","geometry":{"type":"Point","coordinates":[-70.17295,41.68517]},"properties":{"f":3911}},{"type":"Feature","geometry":{"type":"Point","coordinates":[-70.16897,41.69015]},"properties":{"f":2778}},{"type":"Feature","geometry":{"type":"Point","coordinates":[-70.16872,41.68984]},"properties":{"f":3932}},{"type":"Feature","geometry":{"type":"Point","coordinates":[-70.17283,41.68492]},"properties":{"f":2709}},{"type":"Feature","geometry":{"type":"Point","coordinates":[-70.16848,41.68958]},"properties":{"f":4093}},{"type":"Feature","geometry":{"type":"Point","coordinates":[-70.16832,41.68925]},"properties":{"f":3048}},{"type":"Feature","geometry":{"type":"Point","coordinates":[-70.16805,41.68895]},"properties":{"f":4269}},{"type":"Feature","geometry":{"type":"Point","coordinates":[-70.16743,41.68863]},"properties":{"f":2469}},{"type":"Feature","geometry":{"type":"Point","coordinates":[-70.16684,41.68825]},"properties":{"f":2455}},{"type":"Feature","geometry":{"type":"Point","coordinates":[-70.16653,41.68807]},"properties":{"f":2612}},{"type":"Feature","geometry":{"type":"Point","coordinates":[-70.16624,41.68789]},"properties":{"f":2545}},{"type":"Feature","geometry":{"type":"Point","coordinates":[-70.16595,41.68771]},"properties":{"f":3221}},{"type":"Feature","geometry":{"type":"Point","coordinates":[-70.1658,41.68747]},"properties":{"f":2475}},{"type":"Feature","geometry":{"type":"Point","coordinates":[-70.16555,41.68726]},"properties":{"f":2720}},{"type":"Feature","geometry":{"type":"Point","coordinates":[-70.16521,41.68712]},"properties":{"f":2755}},{"type":"Feature","geometry":{"type":"Point","coordinates":[-70.16482,41.68706]},"properties":{"f":2716}},{"type":"Feature","geometry":{"type":"Point","coordinates":[-70.16497,41.68607]},"properties":{"f":2618}},{"type":"Feature","geometry":{"type":"Point","coordinates":[-70.1654,41.68607]},"properties":{"f":2775}},{"type":"Feature","geometry":{"type":"Point","coordinates":[-70.16641,41.68593]},"properties":{"f":2503}},{"type":"Feature","geometry":{"type":"Point","coordinates":[-70.16537,41.68502]},"properties":{"f":2455}},{"type":"Feature","geometry":{"type":"Point","coordinates":[-70.16597,41.68519]},"properties":{"f":2644}},{"type":"Feature","geometry":{"type":"Point","coordinates":[-70.16648,41.68502]},"properties":{"f":2535}},{"type":"Feature","geometry":{"type":"Point","coordinates":[-70.16665,41.68527]},"properties":{"f":2605}},{"type":"Feature","geometry":{"type":"Point","coordinates":[-70.16941,41.68588]},"properties":{"f":2529}},{"type":"Feature","geometry":{"type":"Point","coordinates":[-70.16731,41.68515]},"properties":{"f":2634}},{"type":"Feature","geometry":{"type":"Point","coordinates":[-70.17357,41.68499]},"properties":{"f":2744}},{"type":"Feature","geometry":{"type":"Point","coordinates":[-70.16924,41.68626]},"properties":{"f":2636}},{"type":"Feature","geometry":{"type":"Point","coordinates":[-70.1706,41.6868]},"properties":{"f":2532}},{"type":"Feature","geometry":{"type":"Point","coordinates":[-70.17125,41.68706]},"properties":{"f":2464}},{"type":"Feature","geometry":{"type":"Point","coordinates":[-70.17335,41.68761]},"properties":{"f":2590}},{"type":"Feature","geometry":{"type":"Point","coordinates":[-70.17416,41.68789]},"properties":{"f":2767}},{"type":"Feature","geometry":{"type":"Point","coordinates":[-70.17363,41.6882]},"properties":{"f":2529}},{"type":"Feature","geometry":{"type":"Point","coordinates":[-70.17268,41.68797]},"properties":{"f":2460}},{"type":"Feature","geometry":{"type":"Point","coordinates":[-70.17297,41.6884]},"properties":{"f":2904}},{"type":"Feature","geometry":{"type":"Point","coordinates":[-70.17394,41.68867]},"properties":{"f":2746}},{"type":"Feature","geometry":{"type":"Point","coordinates":[-70.17425,41.68947]},"properties":{"f":3059}},{"type":"Feature","geometry":{"type":"Point","coordinates":[-70.17437,41.68976]},"properties":{"f":2683}},{"type":"Feature","geometry":{"type":"Point","coordinates":[-70.17386,41.69001]},"properties":{"f":2745}},{"type":"Feature","geometry":{"type":"Point","coordinates":[-70.1744,41.68612]},"properties":{"f":2788}},{"type":"Feature","geometry":{"type":"Point","coordinates":[-70.1735,41.68938]},"properties":{"f":2473}},{"type":"Feature","geometry":{"type":"Point","coordinates":[-70.17324,41.68899]},"properties":{"f":3765}},{"type":"Feature","geometry":{"type":"Point","coordinates":[-70.17278,41.68882]},"properties":{"f":3046}},{"type":"Feature","geometry":{"type":"Point","coordinates":[-70.17235,41.6887]},"properties":{"f":2776}},{"type":"Feature","geometry":{"type":"Point","coordinates":[-70.17191,41.6886]},"properties":{"f":2575}},{"type":"Feature","geometry":{"type":"Point","coordinates":[-70.17178,41.68888]},"properties":{"f":2512}},{"type":"Feature","geometry":{"type":"Point","coordinates":[-70.17275,41.68913]},"properties":{"f":3285}},{"type":"Feature","geometry":{"type":"Point","coordinates":[-70.17306,41.68946]},"properties":{"f":2558}},{"type":"Feature","geometry":{"type":"Point","coordinates":[-70.17414,41.68642]},"properties":{"f":2628}},{"type":"Feature","geometry":{"type":"Point","coordinates":[-70.17257,41.68965]},"properties":{"f":2467}},{"type":"Feature","geometry":{"type":"Point","coordinates":[-70.17135,41.68927]},"properties":{"f":3497}},{"type":"Feature","geometry":{"type":"Point","coordinates":[-70.17084,41.68924]},"properties":{"f":2917}},{"type":"Feature","geometry":{"type":"Point","coordinates":[-70.17038,41.68936]},"properties":{"f":2726}},{"type":"Feature","geometry":{"type":"Point","coordinates":[-70.17375,41.6866]},"properties":{"f":2582}},{"type":"Feature","geometry":{"type":"Point","coordinates":[-70.16969,41.68991]},"properties":{"f":2941}},{"type":"Feature","geometry":{"type":"Point","coordinates":[-70.17055,41.68967]},"properties":{"f":2731}},{"type":"Feature","geometry":{"type":"Point","coordinates":[-70.1716,41.68968]},"properties":{"f":2586}},{"type":"Feature","geometry":{"type":"Point","coordinates":[-70.17237,41.6902]},"properties":{"f":2527}},{"type":"Feature","geometry":{"type":"Point","coordinates":[-70.17179,41.69024]},"properties":{"f":3072}},{"type":"Feature","geometry":{"type":"Point","coordinates":[-70.17142,41.69011]},"properties":{"f":2672}},{"type":"Feature","geometry":{"type":"Point","coordinates":[-70.17048,41.69017]},"properties":{"f":2773}},{"type":"Feature","geometry":{"type":"Point","coordinates":[-70.16962,41.6891]},"properties":{"f":2873}},{"type":"Feature","geometry":{"type":"Point","coordinates":[-70.17052,41.68884]},"properties":{"f":2703}},{"type":"Feature","geometry":{"type":"Point","coordinates":[-70.17107,41.68878]},"properties":{"f":3147}},{"type":"Feature","geometry":{"type":"Point","coordinates":[-70.1639,41.68672]},"properties":{"f":5190}},{"type":"Feature","geometry":{"type":"Point","coordinates":[-70.16173,41.68603]},"properties":{"f":2918}},{"type":"Feature","geometry":{"type":"Point","coordinates":[-70.25961,41.69218]},"properties":{"f":2784}},{"type":"Feature","geometry":{"type":"Point","coordinates":[-70.25836,41.6951]},"properties":{"f":2962}},{"type":"Feature","geometry":{"type":"Point","coordinates":[-70.25837,41.69544]},"properties":{"f":3731}},{"type":"Feature","geometry":{"type":"Point","coordinates":[-70.25864,41.69631]},"properties":{"f":2726}},{"type":"Feature","geometry":{"type":"Point","coordinates":[-70.25914,41.69658]},"properties":{"f":2588}},{"type":"Feature","geometry":{"type":"Point","coordinates":[-70.25968,41.69662]},"properties":{"f":2870}},{"type":"Feature","geometry":{"type":"Point","coordinates":[-70.25939,41.69417]},"properties":{"f":3759}},{"type":"Feature","geometry":{"type":"Point","coordinates":[-70.25884,41.69403]},"properties":{"f":3400}},{"type":"Feature","geometry":{"type":"Point","coordinates":[-70.25895,41.69332]},"properties":{"f":3066}},{"type":"Feature","geometry":{"type":"Point","coordinates":[-70.25951,41.69343]},"properties":{"f":3073}},{"type":"Feature","geometry":{"type":"Point","coordinates":[-70.24808,41.69599]},"properties":{"f":2666}},{"type":"Feature","geometry":{"type":"Point","coordinates":[-70.24666,41.69508]},"properties":{"f":2993}},{"type":"Feature","geometry":{"type":"Point","coordinates":[-70.24816,41.69505]},"properties":{"f":4167}},{"type":"Feature","geometry":{"type":"Point","coordinates":[-70.24754,41.69467]},"properties":{"f":2459}},{"type":"Feature","geometry":{"type":"Point","coordinates":[-70.2466,41.69424]},"properties":{"f":3069}},{"type":"Feature","geometry":{"type":"Point","coordinates":[-70.2487,41.69306]},"properties":{"f":2702}},{"type":"Feature","geometry":{"type":"Point","coordinates":[-70.23037,41.6945]},"properties":{"f":2486}},{"type":"Feature","geometry":{"type":"Point","coordinates":[-70.22907,41.69349]},"properties":{"f":2773}},{"type":"Feature","geometry":{"type":"Point","coordinates":[-70.22121,41.69556]},"properties":{"f":2494}},{"type":"Feature","geometry":{"type":"Point","coordinates":[-70.21862,41.69465]},"properties":{"f":3116}},{"type":"Feature","geometry":{"type":"Point","coordinates":[-70.20385,41.69373]},"properties":{"f":3415}},{"type":"Feature","geometry":{"type":"Point","coordinates":[-70.19393,41.69272]},"properties":{"f":3633}},{"type":"Feature","geometry":{"type":"Point","coordinates":[-70.19167,41.693]},"properties":{"f":2531}},{"type":"Feature","geometry":{"type":"Point","coordinates":[-70.19526,41.69351]},"properties":{"f":3951}},{"type":"Feature","geometry":{"type":"Point","coordinates":[-70.19447,41.69346]},"properties":{"f":2565}},{"type":"Feature","geometry":{"type":"Point","coordinates":[-70.19439,41.69294]},"properties":{"f":2639}},{"type":"Feature","geometry":{"type":"Point","coordinates":[-70.1945,41.69239]},"properties":{"f":2776}},{"type":"Feature","geometry":{"type":"Point","coordinates":[-70.19611,41.69263]},"properties":{"f":2997}},{"type":"Feature","geometry":{"type":"Point","coordinates":[-70.19501,41.69297]},"properties":{"f":2506}},{"type":"Feature","geometry":{"type":"Point","coordinates":[-70.19585,41.69308]},"properties":{"f":2481}},{"type":"Feature","geometry":{"type":"Point","coordinates":[-70.19654,41.69349]},"properties":{"f":2713}},{"type":"Feature","geometry":{"type":"Point","coordinates":[-70.19649,41.69382]},"properties":{"f":2757}},{"type":"Feature","geometry":{"type":"Point","coordinates":[-70.19639,41.69407]},"properties":{"f":2479}},{"type":"Feature","geometry":{"type":"Point","coordinates":[-70.1927,41.69199]},"properties":{"f":2463}},{"type":"Feature","geometry":{"type":"Point","coordinates":[-70.18511,41.6933]},"properties":{"f":2929}},{"type":"Feature","geometry":{"type":"Point","coordinates":[-70.17592,41.69102]},"properties":{"f":2948}},{"type":"Feature","geometry":{"type":"Point","coordinates":[-70.17474,41.69215]},"properties":{"f":3281}},{"type":"Feature","geometry":{"type":"Point","coordinates":[-70.1723,41.69183]},"properties":{"f":2617}},{"type":"Feature","geometry":{"type":"Point","coordinates":[-70.17243,41.69227]},"properties":{"f":2604}},{"type":"Feature","geometry":{"type":"Point","coordinates":[-70.17124,41.69213]},"properties":{"f":3231}},{"type":"Feature","geometry":{"type":"Point","coordinates":[-70.17046,41.6922]},"properties":{"f":2763}},{"type":"Feature","geometry":{"type":"Point","coordinates":[-70.17029,41.69188]},"properties":{"f":2644}},{"type":"Feature","geometry":{"type":"Point","coordinates":[-70.17007,41.69157]},"properties":{"f":3407}},{"type":"Feature","geometry":{"type":"Point","coordinates":[-70.16987,41.69125]},"properties":{"f":3033}},{"type":"Feature","geometry":{"type":"Point","coordinates":[-70.17062,41.69104]},"properties":{"f":2760}},{"type":"Feature","geometry":{"type":"Point","coordinates":[-70.17097,41.69167]},"properties":{"f":3216}},{"type":"Feature","geometry":{"type":"Point","coordinates":[-70.171,41.69087]},"properties":{"f":2620}},{"type":"Feature","geometry":{"type":"Point","coordinates":[-70.17029,41.6906]},"properties":{"f":2717}},{"type":"Feature","geometry":{"type":"Point","coordinates":[-70.17073,41.69048]},"properties":{"f":2812}},{"type":"Feature","geometry":{"type":"Point","coordinates":[-70.1713,41.6904]},"properties":{"f":2638}},{"type":"Feature","geometry":{"type":"Point","coordinates":[-70.17159,41.69067]},"properties":{"f":3106}},{"type":"Feature","geometry":{"type":"Point","coordinates":[-70.17293,41.69034]},"properties":{"f":2853}},{"type":"Feature","geometry":{"type":"Point","coordinates":[-70.25968,41.69721]},"properties":{"f":2886}},{"type":"Feature","geometry":{"type":"Point","coordinates":[-70.25908,41.69707]},"properties":{"f":2497}},{"type":"Feature","geometry":{"type":"Point","coordinates":[-70.25947,41.70103]},"properties":{"f":3693}},{"type":"Feature","geometry":{"type":"Point","coordinates":[-70.25954,41.70044]},"properties":{"f":3228}},{"type":"Feature","geometry":{"type":"Point","coordinates":[-70.25859,41.70311]},"properties":{"f":4280}},{"type":"Feature","geometry":{"type":"Point","coordinates":[-70.25756,41.70111]},"properties":{"f":2549}},{"type":"Feature","geometry":{"type":"Point","coordinates":[-70.25825,41.70124]},"properties":{"f":2511}},{"type":"Feature","geometry":{"type":"Point","coordinates":[-70.252,41.70131]},"properties":{"f":3241}},{"type":"Feature","geometry":{"type":"Point","coordinates":[-70.25254,41.70114]},"properties":{"f":3558}},{"type":"Feature","geometry":{"type":"Point","coordinates":[-70.25297,41.7009]},"properties":{"f":2652}},{"type":"Feature","geometry":{"type":"Point","coordinates":[-70.25257,41.70001]},"properties":{"f":3256}},{"type":"Feature","geometry":{"type":"Point","coordinates":[-70.25322,41.69998]},"properties":{"f":3216}},{"type":"Feature","geometry":{"type":"Point","coordinates":[-70.25415,41.7]},"properties":{"f":3676}},{"type":"Feature","geometry":{"type":"Point","coordinates":[-70.25487,41.70005]},"properties":{"f":3137}},{"type":"Feature","geometry":{"type":"Point","coordinates":[-70.25406,41.70141]},"properties":{"f":3040}},{"type":"Feature","geometry":{"type":"Point","coordinates":[-70.25574,41.70169]},"properties":{"f":2508}},{"type":"Feature","geometry":{"type":"Point","coordinates":[-70.2562,41.70099]},"properties":{"f":2550}},{"type":"Feature","geometry":{"type":"Point","coordinates":[-70.25557,41.69923]},"properties":{"f":2996}},{"type":"Feature","geometry":{"type":"Point","coordinates":[-70.25923,41.69831]},"properties":{"f":3360}},{"type":"Feature","geometry":{"type":"Point","coordinates":[-70.25877,41.69737]},"properties":{"f":2470}},{"type":"Feature","geometry":{"type":"Point","coordinates":[-70.25172,41.70009]},"properties":{"f":6884}},{"type":"Feature","geometry":{"type":"Point","coordinates":[-70.25086,41.70008]},"properties":{"f":2854}},{"type":"Feature","geometry":{"type":"Point","coordinates":[-70.2509,41.70212]},"properties":{"f":3286}},{"type":"Feature","geometry":{"type":"Point","coordinates":[-70.24913,41.70148]},"properties":{"f":2807}},{"type":"Feature","geometry":{"type":"Point","coordinates":[-70.24842,41.70164]},"properties":{"f":2512}},{"type":"Feature","geometry":{"type":"Point","coordinates":[-70.25061,41.69868]},"properties":{"f":3184}},{"type":"Feature","geometry":{"type":"Point","coordinates":[-70.24952,41.69963]},"properties":{"f":2649}},{"type":"Feature","geometry":{"type":"Point","coordinates":[-70.24887,41.69993]},"properties":{"f":3254}},{"type":"Feature","geometry":{"type":"Point","coordinates":[-70.23527,41.69654]},"properties":{"f":3019}},{"type":"Feature","geometry":{"type":"Point","coordinates":[-70.23199,41.69722]},"properties":{"f":2675}},{"type":"Feature","geometry":{"type":"Point","coordinates":[-70.23253,41.69716]},"properties":{"f":2747}},{"type":"Feature","geometry":{"type":"Point","coordinates":[-70.23402,41.7013]},"properties":{"f":2774}},{"type":"Feature","geometry":{"type":"Point","coordinates":[-70.23151,41.70149]},"properties":{"f":2555}},{"type":"Feature","geometry":{"type":"Point","coordinates":[-70.23148,41.70121]},"properties":{"f":2487}},{"type":"Feature","geometry":{"type":"Point","coordinates":[-70.24043,41.70142]},"properties":{"f":3079}},{"type":"Feature","geometry":{"type":"Point","coordinates":[-70.23884,41.70074]},"properties":{"f":2706}},{"type":"Feature","geometry":{"type":"Point","coordinates":[-70.22915,41.69648]},"properties":{"f":2583}},{"type":"Feature","geometry":{"type":"Point","coordinates":[-70.22736,41.69684]},"properties":{"f":2481}},{"type":"Feature","geometry":{"type":"Point","coordinates":[-70.22709,41.69996]},"properties":{"f":2460}},{"type":"Feature","geometry":{"type":"Point","coordinates":[-70.22716,41.70143]},"properties":{"f":2539}},{"type":"Feature","geometry":{"type":"Point","coordinates":[-70.22207,41.69848]},"properties":{"f":2640}},{"type":"Feature","geometry":{"type":"Point","coordinates":[-70.21336,41.69699]},"properties":{"f":2691}},{"type":"Feature","geometry":{"type":"Point","coordinates":[-70.202,41.70103]},"properties":{"f":2522}},{"type":"Feature","geometry":{"type":"Point","coordinates":[-70.19197,41.69862]},"properties":{"f":2955}},{"type":"Feature","geometry":{"type":"Point","coordinates":[-70.18903,41.69813]},"properties":{"f":3254}},{"type":"Feature","geometry":{"type":"Point","coordinates":[-70.18836,41.69794]},"properties":{"f":4161}},{"type":"Feature","geometry":{"type":"Point","coordinates":[-70.1877,41.69643]},"properties":{"f":2463}},{"type":"Feature","geometry":{"type":"Point","coordinates":[-70.1876,41.69791]},"properties":{"f":2488}},{"type":"Feature","geometry":{"type":"Point","coordinates":[-70.18759,41.6982]},"properties":{"f":2778}},{"type":"Feature","geometry":{"type":"Point","coordinates":[-70.18755,41.69909]},"properties":{"f":2873}},{"type":"Feature","geometry":{"type":"Point","coordinates":[-70.1884,41.70036]},"properties":{"f":2853}},{"type":"Feature","geometry":{"type":"Point","coordinates":[-70.18824,41.69975]},"properties":{"f":2879}},{"type":"Feature","geometry":{"type":"Point","coordinates":[-70.18675,41.70004]},"properties":{"f":2527}},{"type":"Feature","geometry":{"type":"Point","coordinates":[-70.18675,41.69958]},"properties":{"f":2549}},{"type":"Feature","geometry":{"type":"Point","coordinates":[-70.18655,41.69764]},"properties":{"f":2912}},{"type":"Feature","geometry":{"type":"Point","coordinates":[-70.18668,41.69643]},"properties":{"f":2744}},{"type":"Feature","geometry":{"type":"Point","coordinates":[-70.17826,41.69615]},"properties":{"f":2471}},{"type":"Feature","geometry":{"type":"Point","coordinates":[-70.18015,41.69975]},"properties":{"f":5752}},{"type":"Feature","geometry":{"type":"Point","coordinates":[-70.18473,41.70098]},"properties":{"f":2479}},{"type":"Feature","geometry":{"type":"Point","coordinates":[-70.17779,41.69752]},"properties":{"f":2695}},{"type":"Feature","geometry":{"type":"Point","coordinates":[-70.18477,41.70159]},"properties":{"f":2652}},{"type":"Feature","geometry":{"type":"Point","coordinates":[-70.1775,41.69669]},"properties":{"f":2633}},{"type":"Feature","geometry":{"type":"Point","coordinates":[-70.17754,41.69608]},"properties":{"f":3393}},{"type":"Feature","geometry":{"type":"Point","coordinates":[-70.1811,41.70092]},"properties":{"f":2536}},{"type":"Feature","geometry":{"type":"Point","coordinates":[-70.18247,41.70014]},"properties":{"f":2646}},{"type":"Feature","geometry":{"type":"Point","coordinates":[-70.1827,41.7006]},"properties":{"f":3246}},{"type":"Feature","geometry":{"type":"Point","coordinates":[-70.17438,41.69855]},"properties":{"f":4167}},{"type":"Feature","geometry":{"type":"Point","coordinates":[-70.17497,41.69909]},"properties":{"f":4408}},{"type":"Feature","geometry":{"type":"Point","coordinates":[-70.17226,41.69689]},"properties":{"f":3548}},{"type":"Feature","geometry":{"type":"Point","coordinates":[-70.25813,41.70317]},"properties":{"f":3594}},{"type":"Feature","geometry":{"type":"Point","coordinates":[-70.26269,41.70835]},"properties":{"f":3366}},{"type":"Feature","geometry":{"type":"Point","coordinates":[-70.25854,41.70618]},"properties":{"f":2990}},{"type":"Feature","geometry":{"type":"Point","coordinates":[-70.2592,41.70638]},"properties":{"f":4475}},{"type":"Feature","geometry":{"type":"Point","coordinates":[-70.25879,41.70553]},"properties":{"f":3297}},{"type":"Feature","geometry":{"type":"Point","coordinates":[-70.25689,41.70399]},"properties":{"f":2840}},{"type":"Feature","geometry":{"type":"Point","coordinates":[-70.25651,41.70336]},"properties":{"f":2622}},{"type":"Feature","geometry":{"type":"Point","coordinates":[-70.25589,41.70496]},"properties":{"f":3273}},{"type":"Feature","geometry":{"type":"Point","coordinates":[-70.25509,41.70523]},"properties":{"f":3185}},{"type":"Feature","geometry":{"type":"Point","coordinates":[-70.25415,41.70407]},"properties":{"f":2890}},{"type":"Feature","geometry":{"type":"Point","coordinates":[-70.25374,41.70424]},"properties":{"f":2770}},{"type":"Feature","geometry":{"type":"Point","coordinates":[-70.25395,41.70515]},"properties":{"f":2845}},{"type":"Feature","geometry":{"type":"Point","coordinates":[-70.25479,41.70647]},"properties":{"f":2613}},{"type":"Feature","geometry":{"type":"Point","coordinates":[-70.25447,41.70762]},"properties":{"f":2972}},{"type":"Feature","geometry":{"type":"Point","coordinates":[-70.25314,41.70745]},"properties":{"f":2546}},{"type":"Feature","geometry":{"type":"Point","coordinates":[-70.25336,41.70455]},"properties":{"f":2563}},{"type":"Feature","geometry":{"type":"Point","coordinates":[-70.25469,41.70251]},"properties":{"f":2613}},{"type":"Feature","geometry":{"type":"Point","coordinates":[-70.2517,41.70277]},"properties":{"f":2664}},{"type":"Feature","geometry":{"type":"Point","coordinates":[-70.24817,41.7023]},"properties":{"f":2677}},{"type":"Feature","geometry":{"type":"Point","coordinates":[-70.2479,41.70288]},"properties":{"f":2669}},{"type":"Feature","geometry":{"type":"Point","coordinates":[-70.24833,41.70341]},"properties":{"f":2631}},{"type":"Feature","geometry":{"type":"Point","coordinates":[-70.25085,41.70267]},"properties":{"f":2893}},{"type":"Feature","geometry":{"type":"Point","coordinates":[-70.2504,41.70631]},"properties":{"f":4049}},{"type":"Feature","geometry":{"type":"Point","coordinates":[-70.25089,41.70637]},"properties":{"f":3094}},{"type":"Feature","geometry":{"type":"Point","coordinates":[-70.25183,41.70657]},"properties":{"f":2539}},{"type":"Feature","geometry":{"type":"Point","coordinates":[-70.25115,41.7043]},"properties":{"f":3461}},{"type":"Feature","geometry":{"type":"Point","coordinates":[-70.25073,41.70398]},"properties":{"f":2715}},{"type":"Feature","geometry":{"type":"Point","coordinates":[-70.2488,41.70414]},"properties":{"f":2540}},{"type":"Feature","geometry":{"type":"Point","coordinates":[-70.24669,41.70384]},"properties":{"f":3140}},{"type":"Feature","geometry":{"type":"Point","coordinates":[-70.24584,41.70546]},"properties":{"f":3339}},{"type":"Feature","geometry":{"type":"Point","coordinates":[-70.24635,41.70647]},"properties":{"f":3215}},{"type":"Feature","geometry":{"type":"Point","coordinates":[-70.24564,41.70734]},"properties":{"f":3293}},{"type":"Feature","geometry":{"type":"Point","coordinates":[-70.24311,41.70688]},"properties":{"f":2940}},{"type":"Feature","geometry":{"type":"Point","coordinates":[-70.24379,41.70722]},"properties":{"f":2695}},{"type":"Feature","geometry":{"type":"Point","coordinates":[-70.24242,41.70657]},"properties":{"f":3504}},{"type":"Feature","geometry":{"type":"Point","coordinates":[-70.24154,41.70704]},"properties":{"f":3058}},{"type":"Feature","geometry":{"type":"Point","coordinates":[-70.24006,41.70412]},"properties":{"f":2661}},{"type":"Feature","geometry":{"type":"Point","coordinates":[-70.24287,41.70439]},"properties":{"f":3376}},{"type":"Feature","geometry":{"type":"Point","coordinates":[-70.23011,41.70319]},"properties":{"f":2672}},{"type":"Feature","geometry":{"type":"Point","coordinates":[-70.23709,41.70609]},"properties":{"f":2513}},{"type":"Feature","geometry":{"type":"Point","coordinates":[-70.23072,41.7053]},"properties":{"f":2996}},{"type":"Feature","geometry":{"type":"Point","coordinates":[-70.23116,41.70491]},"properties":{"f":2584}},{"type":"Feature","geometry":{"type":"Point","coordinates":[-70.23366,41.70558]},"properties":{"f":3021}},{"type":"Feature","geometry":{"type":"Point","coordinates":[-70.23492,41.70549]},"properties":{"f":2682}},{"type":"Feature","geometry":{"type":"Point","coordinates":[-70.23518,41.70469]},"properties":{"f":2726}},{"type":"Feature","geometry":{"type":"Point","coordinates":[-70.23569,41.70336]},"properties":{"f":2749}},{"type":"Feature","geometry":{"type":"Point","coordinates":[-70.23585,41.70308]},"properties":{"f":2543}},{"type":"Feature","geometry":{"type":"Point","coordinates":[-70.23546,41.70257]},"properties":{"f":4827}},{"type":"Feature","geometry":{"type":"Point","coordinates":[-70.23498,41.70269]},"properties":{"f":2470}},{"type":"Feature","geometry":{"type":"Point","coordinates":[-70.23465,41.70301]},"properties":{"f":2516}},{"type":"Feature","geometry":{"type":"Point","coordinates":[-70.2407,41.70716]},"properties":{"f":3568}},{"type":"Feature","geometry":{"type":"Point","coordinates":[-70.23667,41.70663]},"properties":{"f":2991}},{"type":"Feature","geometry":{"type":"Point","coordinates":[-70.23571,41.70714]},"properties":{"f":2727}},{"type":"Feature","geometry":{"type":"Point","coordinates":[-70.23417,41.70651]},"properties":{"f":2618}},{"type":"Feature","geometry":{"type":"Point","coordinates":[-70.2329,41.70628]},"properties":{"f":2694}},{"type":"Feature","geometry":{"type":"Point","coordinates":[-70.23608,41.70494]},"properties":{"f":3387}},{"type":"Feature","geometry":{"type":"Point","coordinates":[-70.23137,41.70668]},"properties":{"f":2500}},{"type":"Feature","geometry":{"type":"Point","coordinates":[-70.23209,41.70712]},"properties":{"f":2642}},{"type":"Feature","geometry":{"type":"Point","coordinates":[-70.23684,41.70558]},"properties":{"f":3151}},{"type":"Feature","geometry":{"type":"Point","coordinates":[-70.23094,41.70603]},"properties":{"f":3042}},{"type":"Feature","geometry":{"type":"Point","coordinates":[-70.23582,41.70545]},"properties":{"f":3755}},{"type":"Feature","geometry":{"type":"Point","coordinates":[-70.23432,41.70275]},"properties":{"f":2780}},{"type":"Feature","geometry":{"type":"Point","coordinates":[-70.2339,41.70411]},"properties":{"f":3174}},{"type":"Feature","geometry":{"type":"Point","coordinates":[-70.23369,41.70488]},"properties":{"f":2537}},{"type":"Feature","geometry":{"type":"Point","coordinates":[-70.23584,41.70595]},"properties":{"f":3617}},{"type":"Feature","geometry":{"type":"Point","coordinates":[-70.22741,41.7051]},"properties":{"f":2977}},{"type":"Feature","geometry":{"type":"Point","coordinates":[-70.22852,41.70513]},"properties":{"f":2586}},{"type":"Feature","geometry":{"type":"Point","coordinates":[-70.22944,41.70537]},"properties":{"f":2878}},{"type":"Feature","geometry":{"type":"Point","coordinates":[-70.22832,41.70654]},"properties":{"f":2485}},{"type":"Feature","geometry":{"type":"Point","coordinates":[-70.22654,41.70581]},"properties":{"f":2611}},{"type":"Feature","geometry":{"type":"Point","coordinates":[-70.22607,41.70581]},"properties":{"f":2880}},{"type":"Feature","geometry":{"type":"Point","coordinates":[-70.22458,41.70583]},"properties":{"f":3364}},{"type":"Feature","geometry":{"type":"Point","coordinates":[-70.21137,41.70264]},"properties":{"f":2457}},{"type":"Feature","geometry":{"type":"Point","coordinates":[-70.21623,41.70538]},"properties":{"f":2717}},{"type":"Feature","geometry":{"type":"Point","coordinates":[-70.21602,41.70508]},"properties":{"f":2481}},{"type":"Feature","geometry":{"type":"Point","coordinates":[-70.19974,41.70405]},"properties":{"f":3068}},{"type":"Feature","geometry":{"type":"Point","coordinates":[-70.19762,41.70454]},"properties":{"f":3077}},{"type":"Feature","geometry":{"type":"Point","coordinates":[-70.20365,41.70707]},"properties":{"f":2636}},{"type":"Feature","geometry":{"type":"Point","coordinates":[-70.20267,41.70337]},"properties":{"f":2584}},{"type":"Feature","geometry":{"type":"Point","coordinates":[-70.20241,41.70175]},"properties":{"f":2800}},{"type":"Feature","geometry":{"type":"Point","coordinates":[-70.19256,41.70517]},"properties":{"f":2993}},{"type":"Feature","geometry":{"type":"Point","coordinates":[-70.19226,41.70646]},"properties":{"f":3691}},{"type":"Feature","geometry":{"type":"Point","coordinates":[-70.19641,41.70369]},"properties":{"f":2852}},{"type":"Feature","geometry":{"type":"Point","coordinates":[-70.19214,41.70696]},"properties":{"f":2698}},{"type":"Feature","geometry":{"type":"Point","coordinates":[-70.1917,41.70537]},"properties":{"f":2536}},{"type":"Feature","geometry":{"type":"Point","coordinates":[-70.19019,41.70599]},"properties":{"f":3216}},{"type":"Feature","geometry":{"type":"Point","coordinates":[-70.19013,41.70535]},"properties":{"f":4735}},{"type":"Feature","geometry":{"type":"Point","coordinates":[-70.19573,41.70375]},"properties":{"f":2657}},{"type":"Feature","geometry":{"type":"Point","coordinates":[-70.19105,41.70451]},"properties":{"f":3026}},{"type":"Feature","geometry":{"type":"Point","coordinates":[-70.19467,41.70391]},"properties":{"f":2500}},{"type":"Feature","geometry":{"type":"Point","coordinates":[-70.19334,41.70223]},"properties":{"f":3007}},{"type":"Feature","geometry":{"type":"Point","coordinates":[-70.19073,41.70284]},"properties":{"f":3094}},{"type":"Feature","geometry":{"type":"Point","coordinates":[-70.18979,41.70315]},"properties":{"f":3119}},{"type":"Feature","geometry":{"type":"Point","coordinates":[-70.18947,41.70294]},"properties":{"f":2541}},{"type":"Feature","geometry":{"type":"Point","coordinates":[-70.19005,41.7028]},"properties":{"f":3672}},{"type":"Feature","geometry":{"type":"Point","coordinates":[-70.18823,41.70263]},"properties":{"f":3731}},{"type":"Feature","geometry":{"type":"Point","coordinates":[-70.18752,41.70256]},"properties":{"f":3618}},{"type":"Feature","geometry":{"type":"Point","coordinates":[-70.18689,41.70255]},"properties":{"f":4465}},{"type":"Feature","geometry":{"type":"Point","coordinates":[-70.18628,41.70246]},"properties":{"f":3190}},{"type":"Feature","geometry":{"type":"Point","coordinates":[-70.18914,41.70199]},"properties":{"f":2504}},{"type":"Feature","geometry":{"type":"Point","coordinates":[-70.18382,41.70318]},"properties":{"f":3365}},{"type":"Feature","geometry":{"type":"Point","coordinates":[-70.18394,41.70244]},"properties":{"f":2836}},{"type":"Feature","geometry":{"type":"Point","coordinates":[-70.18216,41.70271]},"properties":{"f":5961}},{"type":"Feature","geometry":{"type":"Point","coordinates":[-70.18291,41.70229]},"properties":{"f":3035}},{"type":"Feature","geometry":{"type":"Point","coordinates":[-70.18179,41.70245]},"properties":{"f":3291}},{"type":"Feature","geometry":{"type":"Point","coordinates":[-70.18148,41.70228]},"properties":{"f":3662}},{"type":"Feature","geometry":{"type":"Point","coordinates":[-70.18168,41.70189]},"properties":{"f":3341}},{"type":"Feature","geometry":{"type":"Point","coordinates":[-70.18545,41.70228]},"properties":{"f":3001}},{"type":"Feature","geometry":{"type":"Point","coordinates":[-70.25675,41.70885]},"properties":{"f":2747}},{"type":"Feature","geometry":{"type":"Point","coordinates":[-70.2575,41.70843]},"properties":{"f":2499}},{"type":"Feature","geometry":{"type":"Point","coordinates":[-70.25841,41.70805]},"properties":{"f":2506}},{"type":"Feature","geometry":{"type":"Point","coordinates":[-70.24411,41.70828]},"properties":{"f":2754}},{"type":"Feature","geometry":{"type":"Point","coordinates":[-70.24782,41.70723]},"properties":{"f":3553}},{"type":"Feature","geometry":{"type":"Point","coordinates":[-70.24842,41.70862]},"properties":{"f":5257}},{"type":"Feature","geometry":{"type":"Point","coordinates":[-70.24794,41.7111]},"properties":{"f":3189}},{"type":"Feature","geometry":{"type":"Point","coordinates":[-70.24633,41.70847]},"properties":{"f":3364}},{"type":"Feature","geometry":{"type":"Point","coordinates":[-70.22981,41.70972]},"properties":{"f":2467}},{"type":"Feature","geometry":{"type":"Point","coordinates":[-70.22989,41.71043]},"properties":{"f":2475}},{"type":"Feature","geometry":{"type":"Point","coordinates":[-70.22991,41.71144]},"properties":{"f":2493}},{"type":"Feature","geometry":{"type":"Point","coordinates":[-70.23051,41.70807]},"properties":{"f":2795}},{"type":"Feature","geometry":{"type":"Point","coordinates":[-70.23243,41.70826]},"properties":{"f":2646}},{"type":"Feature","geometry":{"type":"Point","coordinates":[-70.23124,41.70769]},"properties":{"f":3355}},{"type":"Feature","geometry":{"type":"Point","coordinates":[-70.23298,41.70896]},"properties":{"f":2662}},{"type":"Feature","geometry":{"type":"Point","coordinates":[-70.23376,41.70929]},"properties":{"f":2676}},{"type":"Feature","geometry":{"type":"Point","coordinates":[-70.23565,41.70868]},"properties":{"f":3518}},{"type":"Feature","geometry":{"type":"Point","coordinates":[-70.23614,41.70921]},"properties":{"f":3073}},{"type":"Feature","geometry":{"type":"Point","coordinates":[-70.23611,41.70982]},"properties":{"f":3578}},{"type":"Feature","geometry":{"type":"Point","coordinates":[-70.23659,41.7079]},"properties":{"f":2465}},{"type":"Feature","geometry":{"type":"Point","coordinates":[-70.23495,41.70866]},"properties":{"f":3073}},{"type":"Feature","geometry":{"type":"Point","coordinates":[-70.2349,41.70897]},"properties":{"f":2629}},{"type":"Feature","geometry":{"type":"Point","coordinates":[-70.23397,41.71273]},"properties":{"f":2579}},{"type":"Feature","geometry":{"type":"Point","coordinates":[-70.23881,41.71046]},"properties":{"f":2657}},{"type":"Feature","geometry":{"type":"Point","coordinates":[-70.23148,41.71203]},"properties":{"f":2688}},{"type":"Feature","geometry":{"type":"Point","coordinates":[-70.22931,41.71077]},"properties":{"f":2557}},{"type":"Feature","geometry":{"type":"Point","coordinates":[-70.22886,41.71128]},"properties":{"f":2516}},{"type":"Feature","geometry":{"type":"Point","coordinates":[-70.22804,41.71122]},"properties":{"f":2667}},{"type":"Feature","geometry":{"type":"Point","coordinates":[-70.22933,41.71203]},"properties":{"f":2682}},{"type":"Feature","geometry":{"type":"Point","coordinates":[-70.2163,41.70787]},"properties":{"f":2851}},{"type":"Feature","geometry":{"type":"Point","coordinates":[-70.21002,41.70826]},"properties":{"f":2568}},{"type":"Feature","geometry":{"type":"Point","coordinates":[-70.20935,41.70737]},"properties":{"f":2524}},{"type":"Feature","geometry":{"type":"Point","coordinates":[-70.21757,41.70881]},"properties":{"f":2998}},{"type":"Feature","geometry":{"type":"Point","coordinates":[-70.21882,41.70866]},"properties":{"f":2972}},{"type":"Feature","geometry":{"type":"Point","coordinates":[-70.21903,41.70975]},"properties":{"f":2462}},{"type":"Feature","geometry":{"type":"Point","coordinates":[-70.21786,41.70985]},"properties":{"f":2616}},{"type":"Feature","geometry":{"type":"Point","coordinates":[-70.2148,41.70752]},"properties":{"f":2640}},{"type":"Feature","geometry":{"type":"Point","coordinates":[-70.21357,41.70867]},"properties":{"f":2495}},{"type":"Feature","geometry":{"type":"Point","coordinates":[-70.21337,41.7084]},"properties":{"f":2572}},{"type":"Feature","geometry":{"type":"Point","coordinates":[-70.2103,41.7103]},"properties":{"f":2975}},{"type":"Feature","geometry":{"type":"Point","coordinates":[-70.208,41.71251]},"properties":{"f":2472}},{"type":"Feature","geometry":{"type":"Point","coordinates":[-70.20474,41.71041]},"properties":{"f":2481}},{"type":"Feature","geometry":{"type":"Point","coordinates":[-70.20433,41.70922]},"properties":{"f":2469}},{"type":"Feature","geometry":{"type":"Point","coordinates":[-70.20713,41.70899]},"properties":{"f":2749}},{"type":"Feature","geometry":{"type":"Point","coordinates":[-70.20354,41.71105]},"properties":{"f":2493}},{"type":"Feature","geometry":{"type":"Point","coordinates":[-70.20081,41.71022]},"properties":{"f":3434}},{"type":"Feature","geometry":{"type":"Point","coordinates":[-70.20032,41.70909]},"properties":{"f":2707}},{"type":"Feature","geometry":{"type":"Point","coordinates":[-70.20064,41.70841]},"properties":{"f":2473}},{"type":"Feature","geometry":{"type":"Point","coordinates":[-70.20553,41.70751]},"properties":{"f":2553}},{"type":"Feature","geometry":{"type":"Point","coordinates":[-70.20281,41.70763]},"properties":{"f":2465}},{"type":"Feature","geometry":{"type":"Point","coordinates":[-70.20286,41.70807]},"properties":{"f":2484}},{"type":"Feature","geometry":{"type":"Point","coordinates":[-70.20205,41.70771]},"properties":{"f":2572}},{"type":"Feature","geometry":{"type":"Point","coordinates":[-70.20122,41.70846]},"properties":{"f":3069}},{"type":"Feature","geometry":{"type":"Point","coordinates":[-70.20311,41.7093]},"properties":{"f":2622}},{"type":"Feature","geometry":{"type":"Point","coordinates":[-70.20578,41.70881]},"properties":{"f":2605}},{"type":"Feature","geometry":{"type":"Point","coordinates":[-70.2061,41.71076]},"properties":{"f":2695}},{"type":"Feature","geometry":{"type":"Point","coordinates":[-70.20749,41.71182]},"properties":{"f":2562}},{"type":"Feature","geometry":{"type":"Point","coordinates":[-70.20612,41.71247]},"properties":{"f":2877}},{"type":"Feature","geometry":{"type":"Point","coordinates":[-70.2056,41.71115]},"properties":{"f":3383}},{"type":"Feature","geometry":{"type":"Point","coordinates":[-70.20657,41.70861]},"properties":{"f":3142}},{"type":"Feature","geometry":{"type":"Point","coordinates":[-70.19054,41.70738]},"properties":{"f":3209}},{"type":"Feature","geometry":{"type":"Point","coordinates":[-70.19046,41.70706]},"properties":{"f":3156}},{"type":"Feature","geometry":{"type":"Point","coordinates":[-70.19143,41.70753]},"properties":{"f":3275}},{"type":"Feature","geometry":{"type":"Point","coordinates":[-70.1915,41.7071]},"properties":{"f":3361}},{"type":"Feature","geometry":{"type":"Point","coordinates":[-70.19378,41.70825]},"properties":{"f":2523}},{"type":"Feature","geometry":{"type":"Point","coordinates":[-70.1912,41.71084]},"properties":{"f":2577}},{"type":"Feature","geometry":{"type":"Point","coordinates":[-70.18709,41.71221]},"properties":{"f":2791}},{"type":"Feature","geometry":{"type":"Point","coordinates":[-70.18659,41.7119]},"properties":{"f":2468}},{"type":"Feature","geometry":{"type":"Point","coordinates":[-70.18611,41.71112]},"properties":{"f":2963}},{"type":"Feature","geometry":{"type":"Point","coordinates":[-70.18745,41.71018]},"properties":{"f":3313}},{"type":"Feature","geometry":{"type":"Point","coordinates":[-70.18839,41.70949]},"properties":{"f":3332}},{"type":"Feature","geometry":{"type":"Point","coordinates":[-70.18899,41.7086]},"properties":{"f":3191}},{"type":"Feature","geometry":{"type":"Point","coordinates":[-70.18981,41.70868]},"properties":{"f":2639}},{"type":"Feature","geometry":{"type":"Point","coordinates":[-70.18148,41.70852]},"properties":{"f":3379}},{"type":"Feature","geometry":{"type":"Point","coordinates":[-70.18224,41.7099]},"properties":{"f":2471}},{"type":"Feature","geometry":{"type":"Point","coordinates":[-70.18572,41.71176]},"properties":{"f":3219}},{"type":"Feature","geometry":{"type":"Point","coordinates":[-70.23951,41.63124]},"properties":{"f":3425}},{"type":"Feature","geometry":{"type":"Point","coordinates":[-70.23945,41.63228]},"properties":{"f":4546}},{"type":"Feature","geometry":{"type":"Point","coordinates":[-70.23617,41.63585]},"properties":{"f":3012}},{"type":"Feature","geometry":{"type":"Point","coordinates":[-70.23989,41.63192]},"properties":{"f":2767}},{"type":"Feature","geometry":{"type":"Point","coordinates":[-70.234,41.63388]},"properties":{"f":2689}},{"type":"Feature","geometry":{"type":"Point","coordinates":[-70.23451,41.63379]},"properties":{"f":4449}},{"type":"Feature","geometry":{"type":"Point","coordinates":[-70.23554,41.63377]},"properties":{"f":2643}},{"type":"Feature","geometry":{"type":"Point","coordinates":[-70.23602,41.63367]},"properties":{"f":2570}},{"type":"Feature","geometry":{"type":"Point","coordinates":[-70.24044,41.63164]},"properties":{"f":3121}},{"type":"Feature","geometry":{"type":"Point","coordinates":[-70.23538,41.63303]},"properties":{"f":6495}},{"type":"Feature","geometry":{"type":"Point","coordinates":[-70.23602,41.63272]},"properties":{"f":4258}},{"type":"Feature","geometry":{"type":"Point","coordinates":[-70.23633,41.63256]},"properties":{"f":4034}},{"type":"Feature","geometry":{"type":"Point","coordinates":[-70.24111,41.63168]},"properties":{"f":4624}},{"type":"Feature","geometry":{"type":"Point","coordinates":[-70.23657,41.63198]},"properties":{"f":3254}},{"type":"Feature","geometry":{"type":"Point","coordinates":[-70.23705,41.63168]},"properties":{"f":2946}},{"type":"Feature","geometry":{"type":"Point","coordinates":[-70.23802,41.63148]},"properties":{"f":3084}},{"type":"Feature","geometry":{"type":"Point","coordinates":[-70.23842,41.63136]},"properties":{"f":4643}},{"type":"Feature","geometry":{"type":"Point","coordinates":[-70.24148,41.63227]},"properties":{"f":2628}},{"type":"Feature","geometry":{"type":"Point","coordinates":[-70.24034,41.63298]},"properties":{"f":3050}},{"type":"Feature","geometry":{"type":"Point","coordinates":[-70.23908,41.63158]},"properties":{"f":2815}},{"type":"Feature","geometry":{"type":"Point","coordinates":[-70.23994,41.63288]},"properties":{"f":2879}},{"type":"Feature","geometry":{"type":"Point","coordinates":[-70.23961,41.63301]},"properties":{"f":2621}},{"type":"Feature","geometry":{"type":"Point","coordinates":[-70.24091,41.63337]},"properties":{"f":4912}},{"type":"Feature","geometry":{"type":"Point","coordinates":[-70.24103,41.63386]},"properties":{"f":4181}},{"type":"Feature","geometry":{"type":"Point","coordinates":[-70.24072,41.63423]},"properties":{"f":3613}},{"type":"Feature","geometry":{"type":"Point","coordinates":[-70.23986,41.63365]},"properties":{"f":3072}},{"type":"Feature","geometry":{"type":"Point","coordinates":[-70.23934,41.63366]},"properties":{"f":3387}},{"type":"Feature","geometry":{"type":"Point","coordinates":[-70.23869,41.63182]},"properties":{"f":3301}},{"type":"Feature","geometry":{"type":"Point","coordinates":[-70.23853,41.63324]},"properties":{"f":2507}},{"type":"Feature","geometry":{"type":"Point","coordinates":[-70.23879,41.6336]},"properties":{"f":3072}},{"type":"Feature","geometry":{"type":"Point","coordinates":[-70.23837,41.63207]},"properties":{"f":2816}},{"type":"Feature","geometry":{"type":"Point","coordinates":[-70.23766,41.63431]},"properties":{"f":2650}},{"type":"Feature","geometry":{"type":"Point","coordinates":[-70.23947,41.63468]},"properties":{"f":2462}},{"type":"Feature","geometry":{"type":"Point","coordinates":[-70.2399,41.63479]},"properties":{"f":3493}},{"type":"Feature","geometry":{"type":"Point","coordinates":[-70.24067,41.63501]},"properties":{"f":2844}},{"type":"Feature","geometry":{"type":"Point","coordinates":[-70.23898,41.6326]},"properties":{"f":4471}},{"type":"Feature","geometry":{"type":"Point","coordinates":[-70.23751,41.715]},"properties":{"f":3512}},{"type":"Feature","geometry":{"type":"Point","coordinates":[-70.23699,41.71522]},"properties":{"f":2753}},{"type":"Feature","geometry":{"type":"Point","coordinates":[-70.23665,41.71471]},"properties":{"f":2869}},{"type":"Feature","geometry":{"type":"Point","coordinates":[-70.23621,41.71461]},"properties":{"f":3005}},{"type":"Feature","geometry":{"type":"Point","coordinates":[-70.23583,41.71423]},"properties":{"f":2986}},{"type":"Feature","geometry":{"type":"Point","coordinates":[-70.23205,41.71329]},"properties":{"f":2681}},{"type":"Feature","geometry":{"type":"Point","coordinates":[-70.23116,41.71396]},"properties":{"f":4230}},{"type":"Feature","geometry":{"type":"Point","coordinates":[-70.23203,41.71476]},"properties":{"f":2826}},{"type":"Feature","geometry":{"type":"Point","coordinates":[-70.23119,41.71474]},"properties":{"f":3904}},{"type":"Feature","geometry":{"type":"Point","coordinates":[-70.23171,41.71613]},"properties":{"f":4020}},{"type":"Feature","geometry":{"type":"Point","coordinates":[-70.24011,41.7187]},"properties":{"f":3019}},{"type":"Feature","geometry":{"type":"Point","coordinates":[-70.23124,41.71809]},"properties":{"f":2600}},{"type":"Feature","geometry":{"type":"Point","coordinates":[-70.23026,41.7168]},"properties":{"f":2695}},{"type":"Feature","geometry":{"type":"Point","coordinates":[-70.23026,41.71641]},"properties":{"f":3830}},{"type":"Feature","geometry":{"type":"Point","coordinates":[-70.23035,41.71562]},"properties":{"f":2629}},{"type":"Feature","geometry":{"type":"Point","coordinates":[-70.23,41.71359]},"properties":{"f":2766}},{"type":"Feature","geometry":{"type":"Point","coordinates":[-70.22994,41.71309]},"properties":{"f":2661}},{"type":"Feature","geometry":{"type":"Point","coordinates":[-70.23573,41.71359]},"properties":{"f":3145}},{"type":"Feature","geometry":{"type":"Point","coordinates":[-70.23636,41.71379]},"properties":{"f":2635}},{"type":"Feature","geometry":{"type":"Point","coordinates":[-70.23686,41.71402]},"properties":{"f":2564}},{"type":"Feature","geometry":{"type":"Point","coordinates":[-70.22738,41.71747]},"properties":{"f":3966}},{"type":"Feature","geometry":{"type":"Point","coordinates":[-70.22677,41.71768]},"properties":{"f":2671}},{"type":"Feature","geometry":{"type":"Point","coordinates":[-70.22613,41.71767]},"properties":{"f":3482}},{"type":"Feature","geometry":{"type":"Point","coordinates":[-70.22638,41.71672]},"properties":{"f":3267}},{"type":"Feature","geometry":{"type":"Point","coordinates":[-70.22571,41.71754]},"properties":{"f":3014}},{"type":"Feature","geometry":{"type":"Point","coordinates":[-70.22469,41.71813]},"properties":{"f":3377}},{"type":"Feature","geometry":{"type":"Point","coordinates":[-70.22494,41.71741]},"properties":{"f":3111}},{"type":"Feature","geometry":{"type":"Point","coordinates":[-70.22509,41.71711]},"properties":{"f":3266}},{"type":"Feature","geometry":{"type":"Point","coordinates":[-70.22542,41.7167]},"properties":{"f":2856}},{"type":"Feature","geometry":{"type":"Point","coordinates":[-70.22561,41.71637]},"properties":{"f":3858}},{"type":"Feature","geometry":{"type":"Point","coordinates":[-70.22576,41.71606]},"properties":{"f":3691}},{"type":"Feature","geometry":{"type":"Point","coordinates":[-70.22591,41.71572]},"properties":{"f":2551}},{"type":"Feature","geometry":{"type":"Point","coordinates":[-70.22673,41.71561]},"properties":{"f":3388}},{"type":"Feature","geometry":{"type":"Point","coordinates":[-70.22714,41.71579]},"properties":{"f":3285}},{"type":"Feature","geometry":{"type":"Point","coordinates":[-70.22759,41.71591]},"properties":{"f":2937}},{"type":"Feature","geometry":{"type":"Point","coordinates":[-70.22805,41.71606]},"properties":{"f":2510}},{"type":"Feature","geometry":{"type":"Point","coordinates":[-70.2284,41.71651]},"properties":{"f":2481}},{"type":"Feature","geometry":{"type":"Point","coordinates":[-70.20767,41.7132]},"properties":{"f":2556}},{"type":"Feature","geometry":{"type":"Point","coordinates":[-70.20481,41.71291]},"properties":{"f":2469}},{"type":"Feature","geometry":{"type":"Point","coordinates":[-70.19683,41.71717]},"properties":{"f":2481}},{"type":"Feature","geometry":{"type":"Point","coordinates":[-70.19616,41.71702]},"properties":{"f":2459}},{"type":"Feature","geometry":{"type":"Point","coordinates":[-70.2006,41.71456]},"properties":{"f":2600}},{"type":"Feature","geometry":{"type":"Point","coordinates":[-70.19931,41.71403]},"properties":{"f":2685}},{"type":"Feature","geometry":{"type":"Point","coordinates":[-70.19977,41.71479]},"properties":{"f":2811}},{"type":"Feature","geometry":{"type":"Point","coordinates":[-70.19769,41.71414]},"properties":{"f":2928}},{"type":"Feature","geometry":{"type":"Point","coordinates":[-70.20593,41.71366]},"properties":{"f":2773}},{"type":"Feature","geometry":{"type":"Point","coordinates":[-70.20132,41.71394]},"properties":{"f":2556}},{"type":"Feature","geometry":{"type":"Point","coordinates":[-70.20493,41.71609]},"properties":{"f":3075}},{"type":"Feature","geometry":{"type":"Point","coordinates":[-70.20588,41.71613]},"properties":{"f":2687}},{"type":"Feature","geometry":{"type":"Point","coordinates":[-70.20673,41.71525]},"properties":{"f":2890}},{"type":"Feature","geometry":{"type":"Point","coordinates":[-70.20657,41.71648]},"properties":{"f":2927}},{"type":"Feature","geometry":{"type":"Point","coordinates":[-70.20661,41.71684]},"properties":{"f":2569}},{"type":"Feature","geometry":{"type":"Point","coordinates":[-70.20666,41.71811]},"properties":{"f":2569}},{"type":"Feature","geometry":{"type":"Point","coordinates":[-70.20601,41.71779]},"properties":{"f":2626}},{"type":"Feature","geometry":{"type":"Point","coordinates":[-70.20639,41.7173]},"properties":{"f":2793}},{"type":"Feature","geometry":{"type":"Point","coordinates":[-70.20589,41.71712]},"properties":{"f":2949}},{"type":"Feature","geometry":{"type":"Point","coordinates":[-70.20372,41.71603]},"properties":{"f":3013}},{"type":"Feature","geometry":{"type":"Point","coordinates":[-70.203,41.71718]},"properties":{"f":2744}},{"type":"Feature","geometry":{"type":"Point","coordinates":[-70.20374,41.71727]},"properties":{"f":2886}},{"type":"Feature","geometry":{"type":"Point","coordinates":[-70.20181,41.71714]},"properties":{"f":3084}},{"type":"Feature","geometry":{"type":"Point","coordinates":[-70.19463,41.71312]},"properties":{"f":2546}},{"type":"Feature","geometry":{"type":"Point","coordinates":[-70.1957,41.7131]},"properties":{"f":2490}},{"type":"Feature","geometry":{"type":"Point","coordinates":[-70.19629,41.71535]},"properties":{"f":3638}},{"type":"Feature","geometry":{"type":"Point","coordinates":[-70.18507,41.71208]},"properties":{"f":2537}},{"type":"Feature","geometry":{"type":"Point","coordinates":[-70.22631,41.72369]},"properties":{"f":2679}},{"type":"Feature","geometry":{"type":"Point","coordinates":[-70.22656,41.72248]},"properties":{"f":2643}},{"type":"Feature","geometry":{"type":"Point","coordinates":[-70.22753,41.72175]},"properties":{"f":2654}},{"type":"Feature","geometry":{"type":"Point","coordinates":[-70.22669,41.72164]},"properties":{"f":2644}},{"type":"Feature","geometry":{"type":"Point","coordinates":[-70.22518,41.72184]},"properties":{"f":2496}},{"type":"Feature","geometry":{"type":"Point","coordinates":[-70.22457,41.72158]},"properties":{"f":2666}},{"type":"Feature","geometry":{"type":"Point","coordinates":[-70.2252,41.72231]},"properties":{"f":2680}},{"type":"Feature","geometry":{"type":"Point","coordinates":[-70.22469,41.72256]},"properties":{"f":2496}},{"type":"Feature","geometry":{"type":"Point","coordinates":[-70.22797,41.72204]},"properties":{"f":2650}},{"type":"Feature","geometry":{"type":"Point","coordinates":[-70.22478,41.72115]},"properties":{"f":2939}},{"type":"Feature","geometry":{"type":"Point","coordinates":[-70.2252,41.72127]},"properties":{"f":2961}},{"type":"Feature","geometry":{"type":"Point","coordinates":[-70.22563,41.72138]},"properties":{"f":2632}},{"type":"Feature","geometry":{"type":"Point","coordinates":[-70.22592,41.72099]},"properties":{"f":2859}},{"type":"Feature","geometry":{"type":"Point","coordinates":[-70.22416,41.7202]},"properties":{"f":2607}},{"type":"Feature","geometry":{"type":"Point","coordinates":[-70.22518,41.7201]},"properties":{"f":2879}},{"type":"Feature","geometry":{"type":"Point","coordinates":[-70.22576,41.72032]},"properties":{"f":2658}},{"type":"Feature","geometry":{"type":"Point","coordinates":[-70.22531,41.71958]},"properties":{"f":3426}},{"type":"Feature","geometry":{"type":"Point","coordinates":[-70.22461,41.71845]},"properties":{"f":2786}},{"type":"Feature","geometry":{"type":"Point","coordinates":[-70.22535,41.71889]},"properties":{"f":2799}},{"type":"Feature","geometry":{"type":"Point","coordinates":[-70.22582,41.71898]},"properties":{"f":2632}},{"type":"Feature","geometry":{"type":"Point","coordinates":[-70.22652,41.71863]},"properties":{"f":3829}},{"type":"Feature","geometry":{"type":"Point","coordinates":[-70.22644,41.719]},"properties":{"f":2888}},{"type":"Feature","geometry":{"type":"Point","coordinates":[-70.22841,41.72315]},"properties":{"f":2545}},{"type":"Feature","geometry":{"type":"Point","coordinates":[-70.23101,41.63379]},"properties":{"f":2479}},{"type":"Feature","geometry":{"type":"Point","coordinates":[-70.21004,41.72072]},"properties":{"f":3286}},{"type":"Feature","geometry":{"type":"Point","coordinates":[-70.21232,41.71866]},"properties":{"f":3053}},{"type":"Feature","geometry":{"type":"Point","coordinates":[-70.2128,41.71861]},"properties":{"f":2923}},{"type":"Feature","geometry":{"type":"Point","coordinates":[-70.21339,41.71864]},"properties":{"f":2486}},{"type":"Feature","geometry":{"type":"Point","coordinates":[-70.21346,41.7193]},"properties":{"f":3011}},{"type":"Feature","geometry":{"type":"Point","coordinates":[-70.2122,41.71927]},"properties":{"f":3511}},{"type":"Feature","geometry":{"type":"Point","coordinates":[-70.21222,41.71957]},"properties":{"f":3089}},{"type":"Feature","geometry":{"type":"Point","coordinates":[-70.21276,41.7198]},"properties":{"f":2666}},{"type":"Feature","geometry":{"type":"Point","coordinates":[-70.21229,41.72025]},"properties":{"f":2880}},{"type":"Feature","geometry":{"type":"Point","coordinates":[-70.21228,41.72053]},"properties":{"f":2610}},{"type":"Feature","geometry":{"type":"Point","coordinates":[-70.21146,41.72019]},"properties":{"f":3426}},{"type":"Feature","geometry":{"type":"Point","coordinates":[-70.21143,41.71935]},"properties":{"f":3675}},{"type":"Feature","geometry":{"type":"Point","coordinates":[-70.21077,41.71952]},"properties":{"f":3263}},{"type":"Feature","geometry":{"type":"Point","coordinates":[-70.21135,41.72034]},"properties":{"f":2621}},{"type":"Feature","geometry":{"type":"Point","coordinates":[-70.21096,41.72056]},"properties":{"f":3000}},{"type":"Feature","geometry":{"type":"Point","coordinates":[-70.21284,41.7206]},"properties":{"f":2895}},{"type":"Feature","geometry":{"type":"Point","coordinates":[-70.2134,41.72027]},"properties":{"f":3966}},{"type":"Feature","geometry":{"type":"Point","coordinates":[-70.2138,41.72066]},"properties":{"f":3175}},{"type":"Feature","geometry":{"type":"Point","coordinates":[-70.21577,41.72067]},"properties":{"f":2754}},{"type":"Feature","geometry":{"type":"Point","coordinates":[-70.21348,41.72233]},"properties":{"f":4086}},{"type":"Feature","geometry":{"type":"Point","coordinates":[-70.21284,41.72305]},"properties":{"f":2733}},{"type":"Feature","geometry":{"type":"Point","coordinates":[-70.21257,41.72165]},"properties":{"f":2751}},{"type":"Feature","geometry":{"type":"Point","coordinates":[-70.20993,41.71938]},"properties":{"f":2800}},{"type":"Feature","geometry":{"type":"Point","coordinates":[-70.21177,41.72271]},"properties":{"f":2589}},{"type":"Feature","geometry":{"type":"Point","coordinates":[-70.21139,41.72215]},"properties":{"f":3949}},{"type":"Feature","geometry":{"type":"Point","coordinates":[-70.21087,41.72213]},"properties":{"f":3788}},{"type":"Feature","geometry":{"type":"Point","coordinates":[-70.21022,41.72248]},"properties":{"f":3244}},{"type":"Feature","geometry":{"type":"Point","coordinates":[-70.20961,41.72216]},"properties":{"f":3333}},{"type":"Feature","geometry":{"type":"Point","coordinates":[-70.21001,41.71893]},"properties":{"f":3267}},{"type":"Feature","geometry":{"type":"Point","coordinates":[-70.21021,41.71869]},"properties":{"f":2514}},{"type":"Feature","geometry":{"type":"Point","coordinates":[-70.21102,41.7187]},"properties":{"f":3956}},{"type":"Feature","geometry":{"type":"Point","coordinates":[-70.21174,41.71868]},"properties":{"f":5247}},{"type":"Feature","geometry":{"type":"Point","coordinates":[-70.20276,41.72141]},"properties":{"f":2460}},{"type":"Feature","geometry":{"type":"Point","coordinates":[-70.20317,41.72165]},"properties":{"f":2766}},{"type":"Feature","geometry":{"type":"Point","coordinates":[-70.2045,41.72006]},"properties":{"f":2618}},{"type":"Feature","geometry":{"type":"Point","coordinates":[-70.20395,41.71917]},"properties":{"f":3348}},{"type":"Feature","geometry":{"type":"Point","coordinates":[-70.20309,41.72001]},"properties":{"f":3416}},{"type":"Feature","geometry":{"type":"Point","coordinates":[-70.20226,41.71953]},"properties":{"f":2676}},{"type":"Feature","geometry":{"type":"Point","coordinates":[-70.20123,41.71878]},"properties":{"f":2484}},{"type":"Feature","geometry":{"type":"Point","coordinates":[-70.20133,41.71839]},"properties":{"f":2545}},{"type":"Feature","geometry":{"type":"Point","coordinates":[-70.2051,41.71989]},"properties":{"f":2629}},{"type":"Feature","geometry":{"type":"Point","coordinates":[-70.20269,41.72236]},"properties":{"f":3216}},{"type":"Feature","geometry":{"type":"Point","coordinates":[-70.20186,41.7228]},"properties":{"f":2823}},{"type":"Feature","geometry":{"type":"Point","coordinates":[-70.20122,41.72279]},"properties":{"f":2581}},{"type":"Feature","geometry":{"type":"Point","coordinates":[-70.20037,41.72277]},"properties":{"f":2584}},{"type":"Feature","geometry":{"type":"Point","coordinates":[-70.19944,41.72258]},"properties":{"f":3051}},{"type":"Feature","geometry":{"type":"Point","coordinates":[-70.19873,41.72215]},"properties":{"f":2607}},{"type":"Feature","geometry":{"type":"Point","coordinates":[-70.19781,41.72177]},"properties":{"f":2801}},{"type":"Feature","geometry":{"type":"Point","coordinates":[-70.19988,41.72169]},"properties":{"f":2659}},{"type":"Feature","geometry":{"type":"Point","coordinates":[-70.20034,41.72182]},"properties":{"f":2673}},{"type":"Feature","geometry":{"type":"Point","coordinates":[-70.20648,41.71845]},"properties":{"f":2805}},{"type":"Feature","geometry":{"type":"Point","coordinates":[-70.20023,41.72138]},"properties":{"f":2894}},{"type":"Feature","geometry":{"type":"Point","coordinates":[-70.20161,41.72054]},"properties":{"f":2647}},{"type":"Feature","geometry":{"type":"Point","coordinates":[-70.20667,41.71934]},"properties":{"f":2684}},{"type":"Feature","geometry":{"type":"Point","coordinates":[-70.19918,41.71864]},"properties":{"f":2497}},{"type":"Feature","geometry":{"type":"Point","coordinates":[-70.19894,41.71904]},"properties":{"f":2560}},{"type":"Feature","geometry":{"type":"Point","coordinates":[-70.20026,41.71904]},"properties":{"f":2620}},{"type":"Feature","geometry":{"type":"Point","coordinates":[-70.24876,41.63995]},"properties":{"f":2518}},{"type":"Feature","geometry":{"type":"Point","coordinates":[-70.24326,41.64114]},"properties":{"f":2765}},{"type":"Feature","geometry":{"type":"Point","coordinates":[-70.24521,41.64122]},"properties":{"f":4537}},{"type":"Feature","geometry":{"type":"Point","coordinates":[-70.24575,41.64146]},"properties":{"f":2956}},{"type":"Feature","geometry":{"type":"Point","coordinates":[-70.24616,41.6411]},"properties":{"f":4017}},{"type":"Feature","geometry":{"type":"Point","coordinates":[-70.24646,41.64068]},"properties":{"f":3131}},{"type":"Feature","geometry":{"type":"Point","coordinates":[-70.24796,41.63964]},"properties":{"f":3120}},{"type":"Feature","geometry":{"type":"Point","coordinates":[-70.2402,41.63744]},"properties":{"f":2478}},{"type":"Feature","geometry":{"type":"Point","coordinates":[-70.2375,41.63683]},"properties":{"f":2569}},{"type":"Feature","geometry":{"type":"Point","coordinates":[-70.23581,41.64012]},"properties":{"f":2836}},{"type":"Feature","geometry":{"type":"Point","coordinates":[-70.23854,41.63759]},"properties":{"f":3301}},{"type":"Feature","geometry":{"type":"Point","coordinates":[-70.2391,41.63756]},"properties":{"f":2749}},{"type":"Feature","geometry":{"type":"Point","coordinates":[-70.23939,41.63818]},"properties":{"f":3555}},{"type":"Feature","geometry":{"type":"Point","coordinates":[-70.24068,41.63885]},"properties":{"f":5923}},{"type":"Feature","geometry":{"type":"Point","coordinates":[-70.23958,41.63903]},"properties":{"f":3043}},{"type":"Feature","geometry":{"type":"Point","coordinates":[-70.23857,41.63931]},"properties":{"f":2562}},{"type":"Feature","geometry":{"type":"Point","coordinates":[-70.23744,41.63828]},"properties":{"f":2707}},{"type":"Feature","geometry":{"type":"Point","coordinates":[-70.23752,41.63886]},"properties":{"f":2468}},{"type":"Feature","geometry":{"type":"Point","coordinates":[-70.23821,41.63821]},"properties":{"f":2859}},{"type":"Feature","geometry":{"type":"Point","coordinates":[-70.23684,41.63829]},"properties":{"f":2999}},{"type":"Feature","geometry":{"type":"Point","coordinates":[-70.23629,41.63818]},"properties":{"f":3703}},{"type":"Feature","geometry":{"type":"Point","coordinates":[-70.24056,41.63791]},"properties":{"f":2793}},{"type":"Feature","geometry":{"type":"Point","coordinates":[-70.24028,41.63984]},"properties":{"f":3438}},{"type":"Feature","geometry":{"type":"Point","coordinates":[-70.24115,41.63943]},"properties":{"f":5085}},{"type":"Feature","geometry":{"type":"Point","coordinates":[-70.24164,41.64004]},"properties":{"f":3694}},{"type":"Feature","geometry":{"type":"Point","coordinates":[-70.24043,41.64076]},"properties":{"f":4249}},{"type":"Feature","geometry":{"type":"Point","coordinates":[-70.23656,41.63723]},"properties":{"f":3687}},{"type":"Feature","geometry":{"type":"Point","coordinates":[-70.23951,41.64163]},"properties":{"f":3007}},{"type":"Feature","geometry":{"type":"Point","coordinates":[-70.24059,41.64151]},"properties":{"f":3396}},{"type":"Feature","geometry":{"type":"Point","coordinates":[-70.24117,41.6411]},"properties":{"f":2824}},{"type":"Feature","geometry":{"type":"Point","coordinates":[-70.24153,41.64158]},"properties":{"f":3522}},{"type":"Feature","geometry":{"type":"Point","coordinates":[-70.23774,41.64115]},"properties":{"f":2612}},{"type":"Feature","geometry":{"type":"Point","coordinates":[-70.23656,41.64038]},"properties":{"f":2599}},{"type":"Feature","geometry":{"type":"Point","coordinates":[-70.21771,41.64095]},"properties":{"f":3296}},{"type":"Feature","geometry":{"type":"Point","coordinates":[-70.21908,41.64073]},"properties":{"f":2664}},{"type":"Feature","geometry":{"type":"Point","coordinates":[-70.26157,41.61072]},"properties":{"f":5408}},{"type":"Feature","geometry":{"type":"Point","coordinates":[-70.25994,41.61164]},"properties":{"f":3931}},{"type":"Feature","geometry":{"type":"Point","coordinates":[-70.26416,41.64562]},"properties":{"f":2791}},{"type":"Feature","geometry":{"type":"Point","coordinates":[-70.26545,41.64566]},"properties":{"f":2594}},{"type":"Feature","geometry":{"type":"Point","coordinates":[-70.26527,41.64492]},"properties":{"f":6387}},{"type":"Feature","geometry":{"type":"Point","coordinates":[-70.26626,41.64474]},"properties":{"f":2640}},{"type":"Feature","geometry":{"type":"Point","coordinates":[-70.26655,41.64482]},"properties":{"f":2558}},{"type":"Feature","geometry":{"type":"Point","coordinates":[-70.26834,41.64576]},"properties":{"f":3248}},{"type":"Feature","geometry":{"type":"Point","coordinates":[-70.27139,41.64686]},"properties":{"f":3278}},{"type":"Feature","geometry":{"type":"Point","coordinates":[-70.26673,41.64597]},"properties":{"f":2890}},{"type":"Feature","geometry":{"type":"Point","coordinates":[-70.26514,41.64663]},"properties":{"f":2459}},{"type":"Feature","geometry":{"type":"Point","coordinates":[-70.26376,41.64697]},"properties":{"f":2903}},{"type":"Feature","geometry":{"type":"Point","coordinates":[-70.2542,41.64594]},"properties":{"f":2632}},{"type":"Feature","geometry":{"type":"Point","coordinates":[-70.25422,41.64548]},"properties":{"f":3059}},{"type":"Feature","geometry":{"type":"Point","coordinates":[-70.26281,41.64697]},"properties":{"f":3081}},{"type":"Feature","geometry":{"type":"Point","coordinates":[-70.25339,41.64429]},"properties":{"f":3568}},{"type":"Feature","geometry":{"type":"Point","coordinates":[-70.24421,41.64635]},"properties":{"f":2584}},{"type":"Feature","geometry":{"type":"Point","coordinates":[-70.24214,41.6452]},"properties":{"f":2458}},{"type":"Feature","geometry":{"type":"Point","coordinates":[-70.24257,41.64496]},"properties":{"f":2498}},{"type":"Feature","geometry":{"type":"Point","coordinates":[-70.24488,41.64508]},"properties":{"f":3055}},{"type":"Feature","geometry":{"type":"Point","coordinates":[-70.24439,41.64456]},"properties":{"f":2519}},{"type":"Feature","geometry":{"type":"Point","coordinates":[-70.24525,41.64441]},"properties":{"f":2916}},{"type":"Feature","geometry":{"type":"Point","coordinates":[-70.25337,41.64509]},"properties":{"f":5698}},{"type":"Feature","geometry":{"type":"Point","coordinates":[-70.24431,41.64255]},"properties":{"f":2575}},{"type":"Feature","geometry":{"type":"Point","coordinates":[-70.24361,41.6419]},"properties":{"f":2553}},{"type":"Feature","geometry":{"type":"Point","coordinates":[-70.2522,41.644]},"properties":{"f":2640}},{"type":"Feature","geometry":{"type":"Point","coordinates":[-70.24647,41.64185]},"properties":{"f":2463}},{"type":"Feature","geometry":{"type":"Point","coordinates":[-70.24681,41.64527]},"properties":{"f":2603}},{"type":"Feature","geometry":{"type":"Point","coordinates":[-70.2512,41.64434]},"properties":{"f":2531}},{"type":"Feature","geometry":{"type":"Point","coordinates":[-70.2497,41.64527]},"properties":{"f":2517}},{"type":"Feature","geometry":{"type":"Point","coordinates":[-70.25006,41.64312]},"properties":{"f":3740}},{"type":"Feature","geometry":{"type":"Point","coordinates":[-70.25102,41.64579]},"properties":{"f":2738}},{"type":"Feature","geometry":{"type":"Point","coordinates":[-70.24716,41.64226]},"properties":{"f":2469}},{"type":"Feature","geometry":{"type":"Point","coordinates":[-70.24891,41.64217]},"properties":{"f":2684}},{"type":"Feature","geometry":{"type":"Point","coordinates":[-70.25186,41.64553]},"properties":{"f":2524}},{"type":"Feature","geometry":{"type":"Point","coordinates":[-70.24966,41.64667]},"properties":{"f":2634}},{"type":"Feature","geometry":{"type":"Point","coordinates":[-70.24987,41.64643]},"properties":{"f":2698}},{"type":"Feature","geometry":{"type":"Point","coordinates":[-70.25134,41.64261]},"properties":{"f":3402}},{"type":"Feature","geometry":{"type":"Point","coordinates":[-70.25172,41.64294]},"properties":{"f":2890}},{"type":"Feature","geometry":{"type":"Point","coordinates":[-70.2466,41.64639]},"properties":{"f":2914}},{"type":"Feature","geometry":{"type":"Point","coordinates":[-70.24183,41.64264]},"properties":{"f":2586}},{"type":"Feature","geometry":{"type":"Point","coordinates":[-70.23882,41.64654]},"properties":{"f":2572}},{"type":"Feature","geometry":{"type":"Point","coordinates":[-70.24052,41.64235]},"properties":{"f":2622}},{"type":"Feature","geometry":{"type":"Point","coordinates":[-70.23861,41.64603]},"properties":{"f":2558}},{"type":"Feature","geometry":{"type":"Point","coordinates":[-70.2402,41.64264]},"properties":{"f":2881}},{"type":"Feature","geometry":{"type":"Point","coordinates":[-70.23607,41.64608]},"properties":{"f":2608}},{"type":"Feature","geometry":{"type":"Point","coordinates":[-70.23377,41.64533]},"properties":{"f":2848}},{"type":"Feature","geometry":{"type":"Point","coordinates":[-70.23278,41.64694]},"properties":{"f":2490}},{"type":"Feature","geometry":{"type":"Point","coordinates":[-70.23974,41.64289]},"properties":{"f":2843}},{"type":"Feature","geometry":{"type":"Point","coordinates":[-70.23481,41.64327]},"properties":{"f":2974}},{"type":"Feature","geometry":{"type":"Point","coordinates":[-70.23447,41.64405]},"properties":{"f":3183}},{"type":"Feature","geometry":{"type":"Point","coordinates":[-70.23741,41.64438]},"properties":{"f":3579}},{"type":"Feature","geometry":{"type":"Point","coordinates":[-70.23759,41.64414]},"properties":{"f":2506}},{"type":"Feature","geometry":{"type":"Point","coordinates":[-70.23781,41.64384]},"properties":{"f":2518}},{"type":"Feature","geometry":{"type":"Point","coordinates":[-70.23802,41.64357]},"properties":{"f":2550}},{"type":"Feature","geometry":{"type":"Point","coordinates":[-70.23785,41.64285]},"properties":{"f":3424}},{"type":"Feature","geometry":{"type":"Point","coordinates":[-70.23745,41.64342]},"properties":{"f":4155}},{"type":"Feature","geometry":{"type":"Point","coordinates":[-70.23987,41.64418]},"properties":{"f":2825}},{"type":"Feature","geometry":{"type":"Point","coordinates":[-70.23538,41.64349]},"properties":{"f":2756}},{"type":"Feature","geometry":{"type":"Point","coordinates":[-70.23635,41.64379]},"properties":{"f":2700}},{"type":"Feature","geometry":{"type":"Point","coordinates":[-70.23659,41.64343]},"properties":{"f":2992}},{"type":"Feature","geometry":{"type":"Point","coordinates":[-70.2354,41.64308]},"properties":{"f":2494}},{"type":"Feature","geometry":{"type":"Point","coordinates":[-70.23879,41.6443]},"properties":{"f":2832}},{"type":"Feature","geometry":{"type":"Point","coordinates":[-70.23869,41.64224]},"properties":{"f":2701}},{"type":"Feature","geometry":{"type":"Point","coordinates":[-70.23868,41.6429]},"properties":{"f":2536}},{"type":"Feature","geometry":{"type":"Point","coordinates":[-70.23947,41.64233]},"properties":{"f":4095}},{"type":"Feature","geometry":{"type":"Point","coordinates":[-70.23857,41.64385]},"properties":{"f":2953}},{"type":"Feature","geometry":{"type":"Point","coordinates":[-70.2384,41.64406]},"properties":{"f":2649}},{"type":"Feature","geometry":{"type":"Point","coordinates":[-70.24101,41.6426]},"properties":{"f":2804}},{"type":"Feature","geometry":{"type":"Point","coordinates":[-70.23888,41.6447]},"properties":{"f":2669}},{"type":"Feature","geometry":{"type":"Point","coordinates":[-70.24021,41.64623]},"properties":{"f":2737}},{"type":"Feature","geometry":{"type":"Point","coordinates":[-70.24124,41.64181]},"properties":{"f":2494}},{"type":"Feature","geometry":{"type":"Point","coordinates":[-70.24192,41.64542]},"properties":{"f":3116}},{"type":"Feature","geometry":{"type":"Point","coordinates":[-70.23826,41.647]},"properties":{"f":3211}},{"type":"Feature","geometry":{"type":"Point","coordinates":[-70.23842,41.64646]},"properties":{"f":2791}},{"type":"Feature","geometry":{"type":"Point","coordinates":[-70.21733,41.6453]},"properties":{"f":4214}},{"type":"Feature","geometry":{"type":"Point","coordinates":[-70.21548,41.64409]},"properties":{"f":2898}},{"type":"Feature","geometry":{"type":"Point","coordinates":[-70.21351,41.64335]},"properties":{"f":2692}},{"type":"Feature","geometry":{"type":"Point","coordinates":[-70.21324,41.64301]},"properties":{"f":2919}},{"type":"Feature","geometry":{"type":"Point","coordinates":[-70.21993,41.64165]},"properties":{"f":2660}},{"type":"Feature","geometry":{"type":"Point","coordinates":[-70.21389,41.64507]},"properties":{"f":2687}},{"type":"Feature","geometry":{"type":"Point","coordinates":[-70.20916,41.64595]},"properties":{"f":2683}},{"type":"Feature","geometry":{"type":"Point","coordinates":[-70.20945,41.64259]},"properties":{"f":2505}},{"type":"Feature","geometry":{"type":"Point","coordinates":[-70.21972,41.64443]},"properties":{"f":2583}},{"type":"Feature","geometry":{"type":"Point","coordinates":[-70.21593,41.64378]},"properties":{"f":2530}},{"type":"Feature","geometry":{"type":"Point","coordinates":[-70.21545,41.6433]},"properties":{"f":4267}},{"type":"Feature","geometry":{"type":"Point","coordinates":[-70.21468,41.64177]},"properties":{"f":2970}},{"type":"Feature","geometry":{"type":"Point","coordinates":[-70.21815,41.64154]},"properties":{"f":2483}},{"type":"Feature","geometry":{"type":"Point","coordinates":[-70.21849,41.64619]},"properties":{"f":2627}},{"type":"Feature","geometry":{"type":"Point","coordinates":[-70.21847,41.64587]},"properties":{"f":2844}},{"type":"Feature","geometry":{"type":"Point","coordinates":[-70.2192,41.64679]},"properties":{"f":2580}},{"type":"Feature","geometry":{"type":"Point","coordinates":[-70.20896,41.64289]},"properties":{"f":2707}},{"type":"Feature","geometry":{"type":"Point","coordinates":[-70.20253,41.64577]},"properties":{"f":2910}},{"type":"Feature","geometry":{"type":"Point","coordinates":[-70.19906,41.64649]},"properties":{"f":3226}},{"type":"Feature","geometry":{"type":"Point","coordinates":[-70.19967,41.64588]},"properties":{"f":4266}},{"type":"Feature","geometry":{"type":"Point","coordinates":[-70.19837,41.64594]},"properties":{"f":2492}},{"type":"Feature","geometry":{"type":"Point","coordinates":[-70.20824,41.64258]},"properties":{"f":3885}},{"type":"Feature","geometry":{"type":"Point","coordinates":[-70.20881,41.64238]},"properties":{"f":3006}},{"type":"Feature","geometry":{"type":"Point","coordinates":[-70.20897,41.64484]},"properties":{"f":2488}},{"type":"Feature","geometry":{"type":"Point","coordinates":[-70.20791,41.64322]},"properties":{"f":3439}},{"type":"Feature","geometry":{"type":"Point","coordinates":[-70.20874,41.646]},"properties":{"f":3359}},{"type":"Feature","geometry":{"type":"Point","coordinates":[-70.20851,41.64633]},"properties":{"f":2909}},{"type":"Feature","geometry":{"type":"Point","coordinates":[-70.20533,41.64626]},"properties":{"f":3312}},{"type":"Feature","geometry":{"type":"Point","coordinates":[-70.20608,41.64607]},"properties":{"f":2591}},{"type":"Feature","geometry":{"type":"Point","coordinates":[-70.20679,41.64597]},"properties":{"f":2897}},{"type":"Feature","geometry":{"type":"Point","coordinates":[-70.20861,41.64296]},"properties":{"f":2711}},{"type":"Feature","geometry":{"type":"Point","coordinates":[-70.20634,41.64486]},"properties":{"f":3130}},{"type":"Feature","geometry":{"type":"Point","coordinates":[-70.26448,41.65163]},"properties":{"f":2494}},{"type":"Feature","geometry":{"type":"Point","coordinates":[-70.26458,41.65194]},"properties":{"f":3193}},{"type":"Feature","geometry":{"type":"Point","coordinates":[-70.27311,41.64784]},"properties":{"f":3647}},{"type":"Feature","geometry":{"type":"Point","coordinates":[-70.25712,41.64866]},"properties":{"f":2880}},{"type":"Feature","geometry":{"type":"Point","coordinates":[-70.25515,41.6486]},"properties":{"f":2593}},{"type":"Feature","geometry":{"type":"Point","coordinates":[-70.26263,41.64972]},"properties":{"f":2846}},{"type":"Feature","geometry":{"type":"Point","coordinates":[-70.25323,41.651]},"properties":{"f":2685}},{"type":"Feature","geometry":{"type":"Point","coordinates":[-70.25421,41.64893]},"properties":{"f":3104}},{"type":"Feature","geometry":{"type":"Point","coordinates":[-70.25456,41.64807]},"properties":{"f":2645}},{"type":"Feature","geometry":{"type":"Point","coordinates":[-70.26052,41.65146]},"properties":{"f":2925}},{"type":"Feature","geometry":{"type":"Point","coordinates":[-70.26115,41.65116]},"properties":{"f":2914}},{"type":"Feature","geometry":{"type":"Point","coordinates":[-70.2593,41.64987]},"properties":{"f":3132}},{"type":"Feature","geometry":{"type":"Point","coordinates":[-70.25739,41.64984]},"properties":{"f":2744}},{"type":"Feature","geometry":{"type":"Point","coordinates":[-70.25982,41.64935]},"properties":{"f":2584}},{"type":"Feature","geometry":{"type":"Point","coordinates":[-70.26071,41.6477]},"properties":{"f":3877}},{"type":"Feature","geometry":{"type":"Point","coordinates":[-70.26598,41.61596]},"properties":{"f":3103}},{"type":"Feature","geometry":{"type":"Point","coordinates":[-70.26762,41.61557]},"properties":{"f":5332}},{"type":"Feature","geometry":{"type":"Point","coordinates":[-70.26819,41.61614]},"properties":{"f":4055}},{"type":"Feature","geometry":{"type":"Point","coordinates":[-70.26813,41.61802]},"properties":{"f":3895}},{"type":"Feature","geometry":{"type":"Point","coordinates":[-70.25021,41.64928]},"properties":{"f":2484}},{"type":"Feature","geometry":{"type":"Point","coordinates":[-70.25237,41.64707]},"properties":{"f":3712}},{"type":"Feature","geometry":{"type":"Point","coordinates":[-70.25195,41.64798]},"properties":{"f":2719}},{"type":"Feature","geometry":{"type":"Point","coordinates":[-70.24709,41.65237]},"properties":{"f":2571}},{"type":"Feature","geometry":{"type":"Point","coordinates":[-70.24488,41.65225]},"properties":{"f":3121}},{"type":"Feature","geometry":{"type":"Point","coordinates":[-70.24742,41.64794]},"properties":{"f":2707}},{"type":"Feature","geometry":{"type":"Point","coordinates":[-70.25119,41.64888]},"properties":{"f":2467}},{"type":"Feature","geometry":{"type":"Point","coordinates":[-70.24986,41.65043]},"properties":{"f":2559}},{"type":"Feature","geometry":{"type":"Point","coordinates":[-70.24897,41.65024]},"properties":{"f":2552}},{"type":"Feature","geometry":{"type":"Point","coordinates":[-70.25038,41.64862]},"properties":{"f":2652}},{"type":"Feature","geometry":{"type":"Point","coordinates":[-70.23641,41.64839]},"properties":{"f":2489}},{"type":"Feature","geometry":{"type":"Point","coordinates":[-70.23583,41.64802]},"properties":{"f":3244}},{"type":"Feature","geometry":{"type":"Point","coordinates":[-70.23521,41.64815]},"properties":{"f":2726}},{"type":"Feature","geometry":{"type":"Point","coordinates":[-70.23362,41.64842]},"properties":{"f":3051}},{"type":"Feature","geometry":{"type":"Point","coordinates":[-70.23877,41.64847]},"properties":{"f":3740}},{"type":"Feature","geometry":{"type":"Point","coordinates":[-70.2388,41.64805]},"properties":{"f":2642}},{"type":"Feature","geometry":{"type":"Point","coordinates":[-70.24252,41.64916]},"properties":{"f":2505}},{"type":"Feature","geometry":{"type":"Point","coordinates":[-70.24233,41.64877]},"properties":{"f":2683}},{"type":"Feature","geometry":{"type":"Point","coordinates":[-70.22069,41.64937]},"properties":{"f":2517}},{"type":"Feature","geometry":{"type":"Point","coordinates":[-70.20997,41.65144]},"properties":{"f":2665}},{"type":"Feature","geometry":{"type":"Point","coordinates":[-70.20939,41.65121]},"properties":{"f":2864}},{"type":"Feature","geometry":{"type":"Point","coordinates":[-70.21134,41.64711]},"properties":{"f":2496}},{"type":"Feature","geometry":{"type":"Point","coordinates":[-70.21262,41.64706]},"properties":{"f":2923}},{"type":"Feature","geometry":{"type":"Point","coordinates":[-70.21316,41.64789]},"properties":{"f":2592}},{"type":"Feature","geometry":{"type":"Point","coordinates":[-70.21375,41.64766]},"properties":{"f":2999}},{"type":"Feature","geometry":{"type":"Point","coordinates":[-70.21312,41.64915]},"properties":{"f":2567}},{"type":"Feature","geometry":{"type":"Point","coordinates":[-70.21678,41.64784]},"properties":{"f":2938}},{"type":"Feature","geometry":{"type":"Point","coordinates":[-70.21784,41.64768]},"properties":{"f":2663}},{"type":"Feature","geometry":{"type":"Point","coordinates":[-70.20515,41.64739]},"properties":{"f":5795}},{"type":"Feature","geometry":{"type":"Point","coordinates":[-70.20743,41.64686]},"properties":{"f":3011}},{"type":"Feature","geometry":{"type":"Point","coordinates":[-70.20097,41.65096]},"properties":{"f":4176}},{"type":"Feature","geometry":{"type":"Point","coordinates":[-70.20175,41.65117]},"properties":{"f":3016}},{"type":"Feature","geometry":{"type":"Point","coordinates":[-70.20182,41.65149]},"properties":{"f":2979}},{"type":"Feature","geometry":{"type":"Point","coordinates":[-70.20187,41.65178]},"properties":{"f":3043}},{"type":"Feature","geometry":{"type":"Point","coordinates":[-70.20059,41.65207]},"properties":{"f":3823}},{"type":"Feature","geometry":{"type":"Point","coordinates":[-70.19931,41.652]},"properties":{"f":2883}},{"type":"Feature","geometry":{"type":"Point","coordinates":[-70.19886,41.65197]},"properties":{"f":2827}},{"type":"Feature","geometry":{"type":"Point","coordinates":[-70.19823,41.65169]},"properties":{"f":2839}},{"type":"Feature","geometry":{"type":"Point","coordinates":[-70.19898,41.65134]},"properties":{"f":3404}},{"type":"Feature","geometry":{"type":"Point","coordinates":[-70.19929,41.65124]},"properties":{"f":2760}},{"type":"Feature","geometry":{"type":"Point","coordinates":[-70.19996,41.65159]},"properties":{"f":3411}},{"type":"Feature","geometry":{"type":"Point","coordinates":[-70.20042,41.65104]},"properties":{"f":2559}},{"type":"Feature","geometry":{"type":"Point","coordinates":[-70.19981,41.65113]},"properties":{"f":2805}},{"type":"Feature","geometry":{"type":"Point","coordinates":[-70.19857,41.65094]},"properties":{"f":2697}},{"type":"Feature","geometry":{"type":"Point","coordinates":[-70.19886,41.65068]},"properties":{"f":2966}},{"type":"Feature","geometry":{"type":"Point","coordinates":[-70.1996,41.65016]},"properties":{"f":5419}},{"type":"Feature","geometry":{"type":"Point","coordinates":[-70.19964,41.64977]},"properties":{"f":2945}},{"type":"Feature","geometry":{"type":"Point","coordinates":[-70.19965,41.64942]},"properties":{"f":3496}},{"type":"Feature","geometry":{"type":"Point","coordinates":[-70.19964,41.64901]},"properties":{"f":3805}},{"type":"Feature","geometry":{"type":"Point","coordinates":[-70.19961,41.64871]},"properties":{"f":2460}},{"type":"Feature","geometry":{"type":"Point","coordinates":[-70.19926,41.64794]},"properties":{"f":6246}},{"type":"Feature","geometry":{"type":"Point","coordinates":[-70.19883,41.6476]},"properties":{"f":2771}},{"type":"Feature","geometry":{"type":"Point","coordinates":[-70.19967,41.64736]},"properties":{"f":4327}},{"type":"Feature","geometry":{"type":"Point","coordinates":[-70.19961,41.64696]},"properties":{"f":5156}},{"type":"Feature","geometry":{"type":"Point","coordinates":[-70.19867,41.64707]},"properties":{"f":7279}},{"type":"Feature","geometry":{"type":"Point","coordinates":[-70.20825,41.64801]},"properties":{"f":2632}},{"type":"Feature","geometry":{"type":"Point","coordinates":[-70.26501,41.65378]},"properties":{"f":2508}},{"type":"Feature","geometry":{"type":"Point","coordinates":[-70.26794,41.65658]},"properties":{"f":3040}},{"type":"Feature","geometry":{"type":"Point","coordinates":[-70.26338,41.65466]},"properties":{"f":2555}},{"type":"Feature","geometry":{"type":"Point","coordinates":[-70.26343,41.65358]},"properties":{"f":2710}},{"type":"Feature","geometry":{"type":"Point","coordinates":[-70.26346,41.6539]},"properties":{"f":2978}},{"type":"Feature","geometry":{"type":"Point","coordinates":[-70.2449,41.65489]},"properties":{"f":2720}},{"type":"Feature","geometry":{"type":"Point","coordinates":[-70.24581,41.65451]},"properties":{"f":2854}},{"type":"Feature","geometry":{"type":"Point","coordinates":[-70.2458,41.6553]},"properties":{"f":3201}},{"type":"Feature","geometry":{"type":"Point","coordinates":[-70.24355,41.65794]},"properties":{"f":2852}},{"type":"Feature","geometry":{"type":"Point","coordinates":[-70.2417,41.65732]},"properties":{"f":2871}},{"type":"Feature","geometry":{"type":"Point","coordinates":[-70.24224,41.65588]},"properties":{"f":2887}},{"type":"Feature","geometry":{"type":"Point","coordinates":[-70.24523,41.65316]},"properties":{"f":2818}},{"type":"Feature","geometry":{"type":"Point","coordinates":[-70.24421,41.65425]},"properties":{"f":2943}},{"type":"Feature","geometry":{"type":"Point","coordinates":[-70.24358,41.6555]},"properties":{"f":2707}},{"type":"Feature","geometry":{"type":"Point","coordinates":[-70.23322,41.65715]},"properties":{"f":2856}},{"type":"Feature","geometry":{"type":"Point","coordinates":[-70.24062,41.65392]},"properties":{"f":2576}},{"type":"Feature","geometry":{"type":"Point","coordinates":[-70.2372,41.65501]},"properties":{"f":2468}},{"type":"Feature","geometry":{"type":"Point","coordinates":[-70.24145,41.6562]},"properties":{"f":2597}},{"type":"Feature","geometry":{"type":"Point","coordinates":[-70.26132,41.61686]},"properties":{"f":2597}},{"type":"Feature","geometry":{"type":"Point","coordinates":[-70.2577,41.61629]},"properties":{"f":2583}},{"type":"Feature","geometry":{"type":"Point","coordinates":[-70.25914,41.61575]},"properties":{"f":2976}},{"type":"Feature","geometry":{"type":"Point","coordinates":[-70.25867,41.61448]},"properties":{"f":4319}},{"type":"Feature","geometry":{"type":"Point","coordinates":[-70.19984,41.65538]},"properties":{"f":2545}},{"type":"Feature","geometry":{"type":"Point","coordinates":[-70.19794,41.6551]},"properties":{"f":2716}},{"type":"Feature","geometry":{"type":"Point","coordinates":[-70.19855,41.65468]},"properties":{"f":2763}},{"type":"Feature","geometry":{"type":"Point","coordinates":[-70.19897,41.65343]},"properties":{"f":4525}},{"type":"Feature","geometry":{"type":"Point","coordinates":[-70.2004,41.65448]},"properties":{"f":3562}},{"type":"Feature","geometry":{"type":"Point","coordinates":[-70.20096,41.65483]},"properties":{"f":2487}},{"type":"Feature","geometry":{"type":"Point","coordinates":[-70.20182,41.65296]},"properties":{"f":2698}},{"type":"Feature","geometry":{"type":"Point","coordinates":[-70.2017,41.65267]},"properties":{"f":2679}},{"type":"Feature","geometry":{"type":"Point","coordinates":[-70.20168,41.65481]},"properties":{"f":2776}},{"type":"Feature","geometry":{"type":"Point","coordinates":[-70.20858,41.65386]},"properties":{"f":2567}},{"type":"Feature","geometry":{"type":"Point","coordinates":[-70.19958,41.65659]},"properties":{"f":2468}},{"type":"Feature","geometry":{"type":"Point","coordinates":[-70.19885,41.65691]},"properties":{"f":3044}},{"type":"Feature","geometry":{"type":"Point","coordinates":[-70.20003,41.65655]},"properties":{"f":2699}},{"type":"Feature","geometry":{"type":"Point","coordinates":[-70.20088,41.65673]},"properties":{"f":2509}},{"type":"Feature","geometry":{"type":"Point","coordinates":[-70.19761,41.65585]},"properties":{"f":2661}},{"type":"Feature","geometry":{"type":"Point","coordinates":[-70.19756,41.65616]},"properties":{"f":2704}},{"type":"Feature","geometry":{"type":"Point","coordinates":[-70.19687,41.6573]},"properties":{"f":3320}},{"type":"Feature","geometry":{"type":"Point","coordinates":[-70.19737,41.65696]},"properties":{"f":2592}},{"type":"Feature","geometry":{"type":"Point","coordinates":[-70.19693,41.65692]},"properties":{"f":2520}},{"type":"Feature","geometry":{"type":"Point","coordinates":[-70.19619,41.65709]},"properties":{"f":2486}},{"type":"Feature","geometry":{"type":"Point","coordinates":[-70.19757,41.65381]},"properties":{"f":3458}},{"type":"Feature","geometry":{"type":"Point","coordinates":[-70.19545,41.65755]},"properties":{"f":4675}},{"type":"Feature","geometry":{"type":"Point","coordinates":[-70.194,41.65686]},"properties":{"f":2527}},{"type":"Feature","geometry":{"type":"Point","coordinates":[-70.19441,41.6568]},"properties":{"f":3508}},{"type":"Feature","geometry":{"type":"Point","coordinates":[-70.19502,41.65643]},"properties":{"f":5345}},{"type":"Feature","geometry":{"type":"Point","coordinates":[-70.19568,41.65548]},"properties":{"f":2888}},{"type":"Feature","geometry":{"type":"Point","coordinates":[-70.19639,41.65605]},"properties":{"f":3237}},{"type":"Feature","geometry":{"type":"Point","coordinates":[-70.19649,41.6564]},"properties":{"f":3376}},{"type":"Feature","geometry":{"type":"Point","coordinates":[-70.19683,41.65551]},"properties":{"f":2820}},{"type":"Feature","geometry":{"type":"Point","coordinates":[-70.19752,41.65418]},"properties":{"f":3174}},{"type":"Feature","geometry":{"type":"Point","coordinates":[-70.2626,41.6602]},"properties":{"f":2734}},{"type":"Feature","geometry":{"type":"Point","coordinates":[-70.24241,41.65852]},"properties":{"f":2498}},{"type":"Feature","geometry":{"type":"Point","coordinates":[-70.23197,41.66224]},"properties":{"f":2689}},{"type":"Feature","geometry":{"type":"Point","coordinates":[-70.23125,41.66181]},"properties":{"f":2752}},{"type":"Feature","geometry":{"type":"Point","coordinates":[-70.23149,41.66139]},"properties":{"f":2804}},{"type":"Feature","geometry":{"type":"Point","coordinates":[-70.23204,41.66092]},"properties":{"f":3194}},{"type":"Feature","geometry":{"type":"Point","coordinates":[-70.23964,41.65892]},"properties":{"f":2704}},{"type":"Feature","geometry":{"type":"Point","coordinates":[-70.23258,41.66071]},"properties":{"f":2638}},{"type":"Feature","geometry":{"type":"Point","coordinates":[-70.23216,41.65829]},"properties":{"f":3020}},{"type":"Feature","geometry":{"type":"Point","coordinates":[-70.23464,41.65923]},"properties":{"f":2802}},{"type":"Feature","geometry":{"type":"Point","coordinates":[-70.23486,41.65879]},"properties":{"f":2866}},{"type":"Feature","geometry":{"type":"Point","coordinates":[-70.23453,41.66005]},"properties":{"f":2545}},{"type":"Feature","geometry":{"type":"Point","coordinates":[-70.23422,41.66036]},"properties":{"f":3017}},{"type":"Feature","geometry":{"type":"Point","coordinates":[-70.24008,41.65876]},"properties":{"f":2612}},{"type":"Feature","geometry":{"type":"Point","coordinates":[-70.23219,41.66264]},"properties":{"f":2746}},{"type":"Feature","geometry":{"type":"Point","coordinates":[-70.23473,41.66201]},"properties":{"f":3879}},{"type":"Feature","geometry":{"type":"Point","coordinates":[-70.23518,41.66217]},"properties":{"f":2662}},{"type":"Feature","geometry":{"type":"Point","coordinates":[-70.23732,41.66167]},"properties":{"f":2619}},{"type":"Feature","geometry":{"type":"Point","coordinates":[-70.23782,41.66163]},"properties":{"f":2721}},{"type":"Feature","geometry":{"type":"Point","coordinates":[-70.23795,41.66134]},"properties":{"f":2521}},{"type":"Feature","geometry":{"type":"Point","coordinates":[-70.23991,41.66072]},"properties":{"f":2831}},{"type":"Feature","geometry":{"type":"Point","coordinates":[-70.24139,41.66259]},"properties":{"f":2745}},{"type":"Feature","geometry":{"type":"Point","coordinates":[-70.21388,41.66071]},"properties":{"f":2739}},{"type":"Feature","geometry":{"type":"Point","coordinates":[-70.2692,41.62355]},"properties":{"f":3300}},{"type":"Feature","geometry":{"type":"Point","coordinates":[-70.2671,41.62128]},"properties":{"f":3498}},{"type":"Feature","geometry":{"type":"Point","coordinates":[-70.26457,41.62119]},"properties":{"f":3533}},{"type":"Feature","geometry":{"type":"Point","coordinates":[-70.26548,41.62197]},"properties":{"f":2649}},{"type":"Feature","geometry":{"type":"Point","coordinates":[-70.26832,41.62176]},"properties":{"f":4140}},{"type":"Feature","geometry":{"type":"Point","coordinates":[-70.26765,41.62216]},"properties":{"f":3117}},{"type":"Feature","geometry":{"type":"Point","coordinates":[-70.2007,41.65904]},"properties":{"f":2687}},{"type":"Feature","geometry":{"type":"Point","coordinates":[-70.19896,41.66252]},"properties":{"f":2712}},{"type":"Feature","geometry":{"type":"Point","coordinates":[-70.20167,41.65838]},"properties":{"f":3117}},{"type":"Feature","geometry":{"type":"Point","coordinates":[-70.20549,41.65844]},"properties":{"f":2658}},{"type":"Feature","geometry":{"type":"Point","coordinates":[-70.20565,41.66115]},"properties":{"f":2525}},{"type":"Feature","geometry":{"type":"Point","coordinates":[-70.20598,41.66316]},"properties":{"f":2614}},{"type":"Feature","geometry":{"type":"Point","coordinates":[-70.19659,41.65872]},"properties":{"f":2951}},{"type":"Feature","geometry":{"type":"Point","coordinates":[-70.19215,41.65795]},"properties":{"f":5544}},{"type":"Feature","geometry":{"type":"Point","coordinates":[-70.19318,41.6578]},"properties":{"f":3607}},{"type":"Feature","geometry":{"type":"Point","coordinates":[-70.19359,41.65819]},"properties":{"f":3273}},{"type":"Feature","geometry":{"type":"Point","coordinates":[-70.19696,41.65912]},"properties":{"f":3503}},{"type":"Feature","geometry":{"type":"Point","coordinates":[-70.19508,41.65809]},"properties":{"f":4232}},{"type":"Feature","geometry":{"type":"Point","coordinates":[-70.19498,41.65876]},"properties":{"f":2959}},{"type":"Feature","geometry":{"type":"Point","coordinates":[-70.19457,41.65831]},"properties":{"f":2981}},{"type":"Feature","geometry":{"type":"Point","coordinates":[-70.19313,41.6595]},"properties":{"f":2671}},{"type":"Feature","geometry":{"type":"Point","coordinates":[-70.19422,41.66084]},"properties":{"f":2774}},{"type":"Feature","geometry":{"type":"Point","coordinates":[-70.19285,41.66058]},"properties":{"f":3327}},{"type":"Feature","geometry":{"type":"Point","coordinates":[-70.19317,41.66154]},"properties":{"f":2581}},{"type":"Feature","geometry":{"type":"Point","coordinates":[-70.19207,41.66105]},"properties":{"f":3794}},{"type":"Feature","geometry":{"type":"Point","coordinates":[-70.1924,41.66127]},"properties":{"f":2700}},{"type":"Feature","geometry":{"type":"Point","coordinates":[-70.19185,41.66054]},"properties":{"f":3214}},{"type":"Feature","geometry":{"type":"Point","coordinates":[-70.19023,41.66187]},"properties":{"f":3938}},{"type":"Feature","geometry":{"type":"Point","coordinates":[-70.18949,41.6624]},"properties":{"f":2604}},{"type":"Feature","geometry":{"type":"Point","coordinates":[-70.19674,41.658]},"properties":{"f":3054}},{"type":"Feature","geometry":{"type":"Point","coordinates":[-70.19421,41.6614]},"properties":{"f":3872}},{"type":"Feature","geometry":{"type":"Point","coordinates":[-70.19619,41.66008]},"properties":{"f":3541}},{"type":"Feature","geometry":{"type":"Point","coordinates":[-70.19677,41.65996]},"properties":{"f":2864}},{"type":"Feature","geometry":{"type":"Point","coordinates":[-70.1972,41.65972]},"properties":{"f":3246}},{"type":"Feature","geometry":{"type":"Point","coordinates":[-70.19367,41.66265]},"properties":{"f":3063}},{"type":"Feature","geometry":{"type":"Point","coordinates":[-70.18904,41.66272]},"properties":{"f":2724}},{"type":"Feature","geometry":{"type":"Point","coordinates":[-70.18791,41.66209]},"properties":{"f":2728}},{"type":"Feature","geometry":{"type":"Point","coordinates":[-70.18835,41.66184]},"properties":{"f":5309}},{"type":"Feature","geometry":{"type":"Point","coordinates":[-70.18936,41.66155]},"properties":{"f":3694}},{"type":"Feature","geometry":{"type":"Point","coordinates":[-70.18867,41.66101]},"properties":{"f":2626}},{"type":"Feature","geometry":{"type":"Point","coordinates":[-70.19048,41.66077]},"properties":{"f":3136}},{"type":"Feature","geometry":{"type":"Point","coordinates":[-70.19079,41.66045]},"properties":{"f":3282}},{"type":"Feature","geometry":{"type":"Point","coordinates":[-70.18973,41.65926]},"properties":{"f":3389}},{"type":"Feature","geometry":{"type":"Point","coordinates":[-70.19023,41.65913]},"properties":{"f":4108}},{"type":"Feature","geometry":{"type":"Point","coordinates":[-70.19113,41.66]},"properties":{"f":2639}},{"type":"Feature","geometry":{"type":"Point","coordinates":[-70.19152,41.65984]},"properties":{"f":3913}},{"type":"Feature","geometry":{"type":"Point","coordinates":[-70.19213,41.65946]},"properties":{"f":2787}},{"type":"Feature","geometry":{"type":"Point","coordinates":[-70.19122,41.65844]},"properties":{"f":5930}},{"type":"Feature","geometry":{"type":"Point","coordinates":[-70.19171,41.65792]},"properties":{"f":6823}},{"type":"Feature","geometry":{"type":"Point","coordinates":[-70.19206,41.65841]},"properties":{"f":3749}},{"type":"Feature","geometry":{"type":"Point","coordinates":[-70.26181,41.6682]},"properties":{"f":2664}},{"type":"Feature","geometry":{"type":"Point","coordinates":[-70.26334,41.66825]},"properties":{"f":2469}},{"type":"Feature","geometry":{"type":"Point","coordinates":[-70.25116,41.66821]},"properties":{"f":2872}},{"type":"Feature","geometry":{"type":"Point","coordinates":[-70.25008,41.66895]},"properties":{"f":3257}},{"type":"Feature","geometry":{"type":"Point","coordinates":[-70.24298,41.66518]},"properties":{"f":2898}},{"type":"Feature","geometry":{"type":"Point","coordinates":[-70.24665,41.66842]},"properties":{"f":2667}},{"type":"Feature","geometry":{"type":"Point","coordinates":[-70.24148,41.66457]},"properties":{"f":2868}},{"type":"Feature","geometry":{"type":"Point","coordinates":[-70.24216,41.66441]},"properties":{"f":2704}},{"type":"Feature","geometry":{"type":"Point","coordinates":[-70.25018,41.66801]},"properties":{"f":3170}},{"type":"Feature","geometry":{"type":"Point","coordinates":[-70.23082,41.66537]},"properties":{"f":3322}},{"type":"Feature","geometry":{"type":"Point","coordinates":[-70.2319,41.66505]},"properties":{"f":2809}},{"type":"Feature","geometry":{"type":"Point","coordinates":[-70.23074,41.66393]},"properties":{"f":2669}},{"type":"Feature","geometry":{"type":"Point","coordinates":[-70.23167,41.66432]},"properties":{"f":2786}},{"type":"Feature","geometry":{"type":"Point","coordinates":[-70.23161,41.66607]},"properties":{"f":2484}},{"type":"Feature","geometry":{"type":"Point","coordinates":[-70.20522,41.66625]},"properties":{"f":3145}},{"type":"Feature","geometry":{"type":"Point","coordinates":[-70.20058,41.66695]},"properties":{"f":2623}},{"type":"Feature","geometry":{"type":"Point","coordinates":[-70.19966,41.6674]},"properties":{"f":2826}},{"type":"Feature","geometry":{"type":"Point","coordinates":[-70.19794,41.66667]},"properties":{"f":2597}},{"type":"Feature","geometry":{"type":"Point","coordinates":[-70.19837,41.66757]},"properties":{"f":3172}},{"type":"Feature","geometry":{"type":"Point","coordinates":[-70.19995,41.66667]},"properties":{"f":2490}},{"type":"Feature","geometry":{"type":"Point","coordinates":[-70.20026,41.66416]},"properties":{"f":3378}},{"type":"Feature","geometry":{"type":"Point","coordinates":[-70.20463,41.66805]},"properties":{"f":3064}},{"type":"Feature","geometry":{"type":"Point","coordinates":[-70.2048,41.6685]},"properties":{"f":2859}},{"type":"Feature","geometry":{"type":"Point","coordinates":[-70.26292,41.62135]},"properties":{"f":3038}},{"type":"Feature","geometry":{"type":"Point","coordinates":[-70.26121,41.62123]},"properties":{"f":2824}},{"type":"Feature","geometry":{"type":"Point","coordinates":[-70.18969,41.66408]},"properties":{"f":2479}},{"type":"Feature","geometry":{"type":"Point","coordinates":[-70.18762,41.66415]},"properties":{"f":2470}},{"type":"Feature","geometry":{"type":"Point","coordinates":[-70.18715,41.66318]},"properties":{"f":2937}},{"type":"Feature","geometry":{"type":"Point","coordinates":[-70.18912,41.66361]},"properties":{"f":3069}},{"type":"Feature","geometry":{"type":"Point","coordinates":[-70.19269,41.66294]},"properties":{"f":3268}},{"type":"Feature","geometry":{"type":"Point","coordinates":[-70.19719,41.66646]},"properties":{"f":2713}},{"type":"Feature","geometry":{"type":"Point","coordinates":[-70.1977,41.66756]},"properties":{"f":3333}},{"type":"Feature","geometry":{"type":"Point","coordinates":[-70.19735,41.66867]},"properties":{"f":2734}},{"type":"Feature","geometry":{"type":"Point","coordinates":[-70.19464,41.66584]},"properties":{"f":3000}},{"type":"Feature","geometry":{"type":"Point","coordinates":[-70.18538,41.6632]},"properties":{"f":3014}},{"type":"Feature","geometry":{"type":"Point","coordinates":[-70.18596,41.66296]},"properties":{"f":3902}},{"type":"Feature","geometry":{"type":"Point","coordinates":[-70.18413,41.66839]},"properties":{"f":5653}},{"type":"Feature","geometry":{"type":"Point","coordinates":[-70.18192,41.66849]},"properties":{"f":4293}},{"type":"Feature","geometry":{"type":"Point","coordinates":[-70.18576,41.66446]},"properties":{"f":2589}},{"type":"Feature","geometry":{"type":"Point","coordinates":[-70.18322,41.66804]},"properties":{"f":3056}},{"type":"Feature","geometry":{"type":"Point","coordinates":[-70.18655,41.6645]},"properties":{"f":3538}},{"type":"Feature","geometry":{"type":"Point","coordinates":[-70.18381,41.66534]},"properties":{"f":3159}},{"type":"Feature","geometry":{"type":"Point","coordinates":[-70.18459,41.66434]},"properties":{"f":5518}},{"type":"Feature","geometry":{"type":"Point","coordinates":[-70.26385,41.67148]},"properties":{"f":2783}},{"type":"Feature","geometry":{"type":"Point","coordinates":[-70.24821,41.67186]},"properties":{"f":2556}},{"type":"Feature","geometry":{"type":"Point","coordinates":[-70.24966,41.67267]},"properties":{"f":2859}},{"type":"Feature","geometry":{"type":"Point","coordinates":[-70.2477,41.66969]},"properties":{"f":2519}},{"type":"Feature","geometry":{"type":"Point","coordinates":[-70.25067,41.66943]},"properties":{"f":2753}},{"type":"Feature","geometry":{"type":"Point","coordinates":[-70.23162,41.67448]},"properties":{"f":3092}},{"type":"Feature","geometry":{"type":"Point","coordinates":[-70.23046,41.6739]},"properties":{"f":2838}},{"type":"Feature","geometry":{"type":"Point","coordinates":[-70.23096,41.67354]},"properties":{"f":2481}},{"type":"Feature","geometry":{"type":"Point","coordinates":[-70.23361,41.67332]},"properties":{"f":2666}},{"type":"Feature","geometry":{"type":"Point","coordinates":[-70.22946,41.67122]},"properties":{"f":2551}},{"type":"Feature","geometry":{"type":"Point","coordinates":[-70.22843,41.67189]},"properties":{"f":2665}},{"type":"Feature","geometry":{"type":"Point","coordinates":[-70.22803,41.67416]},"properties":{"f":2490}},{"type":"Feature","geometry":{"type":"Point","coordinates":[-70.22734,41.67149]},"properties":{"f":3067}},{"type":"Feature","geometry":{"type":"Point","coordinates":[-70.22916,41.67323]},"properties":{"f":2794}},{"type":"Feature","geometry":{"type":"Point","coordinates":[-70.2291,41.67289]},"properties":{"f":2545}},{"type":"Feature","geometry":{"type":"Point","coordinates":[-70.22964,41.67216]},"properties":{"f":2775}},{"type":"Feature","geometry":{"type":"Point","coordinates":[-70.2297,41.67253]},"properties":{"f":2682}},{"type":"Feature","geometry":{"type":"Point","coordinates":[-70.22981,41.67366]},"properties":{"f":2534}},{"type":"Feature","geometry":{"type":"Point","coordinates":[-70.22867,41.67379]},"properties":{"f":2924}},{"type":"Feature","geometry":{"type":"Point","coordinates":[-70.22988,41.67397]},"properties":{"f":2603}},{"type":"Feature","geometry":{"type":"Point","coordinates":[-70.22673,41.67421]},"properties":{"f":2900}},{"type":"Feature","geometry":{"type":"Point","coordinates":[-70.22655,41.67154]},"properties":{"f":2526}},{"type":"Feature","geometry":{"type":"Point","coordinates":[-70.21269,41.67169]},"properties":{"f":2570}},{"type":"Feature","geometry":{"type":"Point","coordinates":[-70.2118,41.67293]},"properties":{"f":2462}},{"type":"Feature","geometry":{"type":"Point","coordinates":[-70.20992,41.67165]},"properties":{"f":2472}},{"type":"Feature","geometry":{"type":"Point","coordinates":[-70.20913,41.67282]},"properties":{"f":2966}},{"type":"Feature","geometry":{"type":"Point","coordinates":[-70.21103,41.67065]},"properties":{"f":2911}},{"type":"Feature","geometry":{"type":"Point","coordinates":[-70.21457,41.67091]},"properties":{"f":2478}},{"type":"Feature","geometry":{"type":"Point","coordinates":[-70.21563,41.67192]},"properties":{"f":2526}},{"type":"Feature","geometry":{"type":"Point","coordinates":[-70.21655,41.67382]},"properties":{"f":2568}},{"type":"Feature","geometry":{"type":"Point","coordinates":[-70.21679,41.67105]},"properties":{"f":2696}},{"type":"Feature","geometry":{"type":"Point","coordinates":[-70.19793,41.67064]},"properties":{"f":2562}},{"type":"Feature","geometry":{"type":"Point","coordinates":[-70.19851,41.67056]},"properties":{"f":2719}},{"type":"Feature","geometry":{"type":"Point","coordinates":[-70.19925,41.6702]},"properties":{"f":2683}},{"type":"Feature","geometry":{"type":"Point","coordinates":[-70.19969,41.67016]},"properties":{"f":3600}},{"type":"Feature","geometry":{"type":"Point","coordinates":[-70.20028,41.67019]},"properties":{"f":4984}},{"type":"Feature","geometry":{"type":"Point","coordinates":[-70.20072,41.67007]},"properties":{"f":2977}},{"type":"Feature","geometry":{"type":"Point","coordinates":[-70.20095,41.66982]},"properties":{"f":2492}},{"type":"Feature","geometry":{"type":"Point","coordinates":[-70.20145,41.6697]},"properties":{"f":3025}},{"type":"Feature","geometry":{"type":"Point","coordinates":[-70.20076,41.67146]},"properties":{"f":2627}},{"type":"Feature","geometry":{"type":"Point","coordinates":[-70.20276,41.67256]},"properties":{"f":2506}},{"type":"Feature","geometry":{"type":"Point","coordinates":[-70.19296,41.66958]},"properties":{"f":2736}},{"type":"Feature","geometry":{"type":"Point","coordinates":[-70.18976,41.67177]},"properties":{"f":2530}},{"type":"Feature","geometry":{"type":"Point","coordinates":[-70.19027,41.6724]},"properties":{"f":2888}},{"type":"Feature","geometry":{"type":"Point","coordinates":[-70.19149,41.66994]},"properties":{"f":2658}},{"type":"Feature","geometry":{"type":"Point","coordinates":[-70.1895,41.67224]},"properties":{"f":2650}},{"type":"Feature","geometry":{"type":"Point","coordinates":[-70.19171,41.66962]},"properties":{"f":2486}},{"type":"Feature","geometry":{"type":"Point","coordinates":[-70.19259,41.66913]},"properties":{"f":2458}},{"type":"Feature","geometry":{"type":"Point","coordinates":[-70.19091,41.6737]},"properties":{"f":3864}},{"type":"Feature","geometry":{"type":"Point","coordinates":[-70.19192,41.67281]},"properties":{"f":2670}},{"type":"Feature","geometry":{"type":"Point","coordinates":[-70.19245,41.67231]},"properties":{"f":2493}},{"type":"Feature","geometry":{"type":"Point","coordinates":[-70.19645,41.66911]},"properties":{"f":2658}},{"type":"Feature","geometry":{"type":"Point","coordinates":[-70.19437,41.67252]},"properties":{"f":2562}},{"type":"Feature","geometry":{"type":"Point","coordinates":[-70.19601,41.66924]},"properties":{"f":2609}},{"type":"Feature","geometry":{"type":"Point","coordinates":[-70.19655,41.67081]},"properties":{"f":2871}},{"type":"Feature","geometry":{"type":"Point","coordinates":[-70.1969,41.67238]},"properties":{"f":3042}},{"type":"Feature","geometry":{"type":"Point","coordinates":[-70.1965,41.67281]},"properties":{"f":2738}},{"type":"Feature","geometry":{"type":"Point","coordinates":[-70.18326,41.67008]},"properties":{"f":3488}},{"type":"Feature","geometry":{"type":"Point","coordinates":[-70.18342,41.66956]},"properties":{"f":2782}},{"type":"Feature","geometry":{"type":"Point","coordinates":[-70.18201,41.66983]},"properties":{"f":3909}},{"type":"Feature","geometry":{"type":"Point","coordinates":[-70.18213,41.66957]},"properties":{"f":4160}},{"type":"Feature","geometry":{"type":"Point","coordinates":[-70.18013,41.67197]},"properties":{"f":2810}},{"type":"Feature","geometry":{"type":"Point","coordinates":[-70.1806,41.67181]},"properties":{"f":2621}},{"type":"Feature","geometry":{"type":"Point","coordinates":[-70.1809,41.67125]},"properties":{"f":3611}},{"type":"Feature","geometry":{"type":"Point","coordinates":[-70.18272,41.67159]},"properties":{"f":3133}},{"type":"Feature","geometry":{"type":"Point","coordinates":[-70.18197,41.67063]},"properties":{"f":2501}},{"type":"Feature","geometry":{"type":"Point","coordinates":[-70.18253,41.67072]},"properties":{"f":2662}},{"type":"Feature","geometry":{"type":"Point","coordinates":[-70.24336,41.67609]},"properties":{"f":2488}},{"type":"Feature","geometry":{"type":"Point","coordinates":[-70.23097,41.67659]},"properties":{"f":2520}},{"type":"Feature","geometry":{"type":"Point","coordinates":[-70.23165,41.67695]},"properties":{"f":2607}},{"type":"Feature","geometry":{"type":"Point","coordinates":[-70.23059,41.67786]},"properties":{"f":3485}},{"type":"Feature","geometry":{"type":"Point","coordinates":[-70.22461,41.67527]},"properties":{"f":2669}},{"type":"Feature","geometry":{"type":"Point","coordinates":[-70.22897,41.67678]},"properties":{"f":2631}},{"type":"Feature","geometry":{"type":"Point","coordinates":[-70.22993,41.6771]},"properties":{"f":2462}},{"type":"Feature","geometry":{"type":"Point","coordinates":[-70.22904,41.67752]},"properties":{"f":2504}},{"type":"Feature","geometry":{"type":"Point","coordinates":[-70.22937,41.67517]},"properties":{"f":2520}},{"type":"Feature","geometry":{"type":"Point","coordinates":[-70.22879,41.67524]},"properties":{"f":2760}},{"type":"Feature","geometry":{"type":"Point","coordinates":[-70.22814,41.67465]},"properties":{"f":2661}},{"type":"Feature","geometry":{"type":"Point","coordinates":[-70.22754,41.67474]},"properties":{"f":2672}},{"type":"Feature","geometry":{"type":"Point","coordinates":[-70.21206,41.67623]},"properties":{"f":2567}},{"type":"Feature","geometry":{"type":"Point","coordinates":[-70.21387,41.67599]},"properties":{"f":2513}},{"type":"Feature","geometry":{"type":"Point","coordinates":[-70.20965,41.6778]},"properties":{"f":2561}},{"type":"Feature","geometry":{"type":"Point","coordinates":[-70.20929,41.67785]},"properties":{"f":2566}},{"type":"Feature","geometry":{"type":"Point","coordinates":[-70.21067,41.67986]},"properties":{"f":2699}},{"type":"Feature","geometry":{"type":"Point","coordinates":[-70.20273,41.67907]},"properties":{"f":2493}},{"type":"Feature","geometry":{"type":"Point","coordinates":[-70.20004,41.67866]},"properties":{"f":2685}},{"type":"Feature","geometry":{"type":"Point","coordinates":[-70.19915,41.67607]},"properties":{"f":2708}},{"type":"Feature","geometry":{"type":"Point","coordinates":[-70.20713,41.67764]},"properties":{"f":3080}},{"type":"Feature","geometry":{"type":"Point","coordinates":[-70.20756,41.67758]},"properties":{"f":2705}},{"type":"Feature","geometry":{"type":"Point","coordinates":[-70.20488,41.67463]},"properties":{"f":3034}},{"type":"Feature","geometry":{"type":"Point","coordinates":[-70.20808,41.67554]},"properties":{"f":2499}},{"type":"Feature","geometry":{"type":"Point","coordinates":[-70.20627,41.6783]},"properties":{"f":3032}},{"type":"Feature","geometry":{"type":"Point","coordinates":[-70.20631,41.67971]},"properties":{"f":2730}},{"type":"Feature","geometry":{"type":"Point","coordinates":[-70.20575,41.67959]},"properties":{"f":2800}},{"type":"Feature","geometry":{"type":"Point","coordinates":[-70.2059,41.67928]},"properties":{"f":4232}},{"type":"Feature","geometry":{"type":"Point","coordinates":[-70.20513,41.67962]},"properties":{"f":2463}},{"type":"Feature","geometry":{"type":"Point","coordinates":[-70.2046,41.67936]},"properties":{"f":2746}},{"type":"Feature","geometry":{"type":"Point","coordinates":[-70.19435,41.67449]},"properties":{"f":2472}},{"type":"Feature","geometry":{"type":"Point","coordinates":[-70.19548,41.67581]},"properties":{"f":2662}},{"type":"Feature","geometry":{"type":"Point","coordinates":[-70.19648,41.67602]},"properties":{"f":2729}},{"type":"Feature","geometry":{"type":"Point","coordinates":[-70.17967,41.67833]},"properties":{"f":2629}},{"type":"Feature","geometry":{"type":"Point","coordinates":[-70.17849,41.67874]},"properties":{"f":2459}},{"type":"Feature","geometry":{"type":"Point","coordinates":[-70.17785,41.67949]},"properties":{"f":2658}},{"type":"Feature","geometry":{"type":"Point","coordinates":[-70.18242,41.67438]},"properties":{"f":2622}},{"type":"Feature","geometry":{"type":"Point","coordinates":[-70.18206,41.67476]},"properties":{"f":2479}},{"type":"Feature","geometry":{"type":"Point","coordinates":[-70.18453,41.67498]},"properties":{"f":2961}},{"type":"Feature","geometry":{"type":"Point","coordinates":[-70.18246,41.67714]},"properties":{"f":2562}},{"type":"Feature","geometry":{"type":"Point","coordinates":[-70.18132,41.67707]},"properties":{"f":2824}},{"type":"Feature","geometry":{"type":"Point","coordinates":[-70.18084,41.67836]},"properties":{"f":2644}},{"type":"Feature","geometry":{"type":"Point","coordinates":[-70.17461,41.67715]},"properties":{"f":2526}},{"type":"Feature","geometry":{"type":"Point","coordinates":[-70.17409,41.67755]},"properties":{"f":3744}},{"type":"Feature","geometry":{"type":"Point","coordinates":[-70.17428,41.67821]},"properties":{"f":2611}},{"type":"Feature","geometry":{"type":"Point","coordinates":[-70.17008,41.67913]},"properties":{"f":3929}},{"type":"Feature","geometry":{"type":"Point","coordinates":[-70.16984,41.67866]},"properties":{"f":3361}},{"type":"Feature","geometry":{"type":"Point","coordinates":[-70.17153,41.67869]},"properties":{"f":2884}},{"type":"Feature","geometry":{"type":"Point","coordinates":[-70.17301,41.6784]},"properties":{"f":2947}},{"type":"Feature","geometry":{"type":"Point","coordinates":[-70.17015,41.67757]},"properties":{"f":3846}},{"type":"Feature","geometry":{"type":"Point","coordinates":[-70.17057,41.67743]},"properties":{"f":2926}},{"type":"Feature","geometry":{"type":"Point","coordinates":[-70.17335,41.67801]},"properties":{"f":3220}},{"type":"Feature","geometry":{"type":"Point","coordinates":[-70.17068,41.67671]},"properties":{"f":3878}},{"type":"Feature","geometry":{"type":"Point","coordinates":[-70.17241,41.67693]},"properties":{"f":3003}},{"type":"Feature","geometry":{"type":"Point","coordinates":[-70.17267,41.67667]},"properties":{"f":2903}},{"type":"Feature","geometry":{"type":"Point","coordinates":[-70.17235,41.67644]},"properties":{"f":3001}},{"type":"Feature","geometry":{"type":"Point","coordinates":[-70.17192,41.67646]},"properties":{"f":2938}},{"type":"Feature","geometry":{"type":"Point","coordinates":[-70.17169,41.67626]},"properties":{"f":2507}},{"type":"Feature","geometry":{"type":"Point","coordinates":[-70.17204,41.67589]},"properties":{"f":2633}},{"type":"Feature","geometry":{"type":"Point","coordinates":[-70.17253,41.676]},"properties":{"f":3114}},{"type":"Feature","geometry":{"type":"Point","coordinates":[-70.17303,41.67611]},"properties":{"f":3203}},{"type":"Feature","geometry":{"type":"Point","coordinates":[-70.17347,41.67619]},"properties":{"f":2547}},{"type":"Feature","geometry":{"type":"Point","coordinates":[-70.17335,41.67673]},"properties":{"f":3128}},{"type":"Feature","geometry":{"type":"Point","coordinates":[-70.17316,41.6772]},"properties":{"f":2700}},{"type":"Feature","geometry":{"type":"Point","coordinates":[-70.22912,41.68323]},"properties":{"f":2803}},{"type":"Feature","geometry":{"type":"Point","coordinates":[-70.2126,41.68367]},"properties":{"f":2547}},{"type":"Feature","geometry":{"type":"Point","coordinates":[-70.21289,41.67995]},"properties":{"f":2658}},{"type":"Feature","geometry":{"type":"Point","coordinates":[-70.21326,41.67996]},"properties":{"f":2521}},{"type":"Feature","geometry":{"type":"Point","coordinates":[-70.21446,41.68251]},"properties":{"f":2908}},{"type":"Feature","geometry":{"type":"Point","coordinates":[-70.21479,41.68354]},"properties":{"f":3042}},{"type":"Feature","geometry":{"type":"Point","coordinates":[-70.20941,41.68285]},"properties":{"f":2500}},{"type":"Feature","geometry":{"type":"Point","coordinates":[-70.20719,41.67981]},"properties":{"f":2515}},{"type":"Feature","geometry":{"type":"Point","coordinates":[-70.20033,41.68072]},"properties":{"f":2568}},{"type":"Feature","geometry":{"type":"Point","coordinates":[-70.20095,41.68363]},"properties":{"f":2504}},{"type":"Feature","geometry":{"type":"Point","coordinates":[-70.2074,41.68361]},"properties":{"f":2729}},{"type":"Feature","geometry":{"type":"Point","coordinates":[-70.20278,41.67954]},"properties":{"f":2575}},{"type":"Feature","geometry":{"type":"Point","coordinates":[-70.20237,41.67995]},"properties":{"f":2791}},{"type":"Feature","geometry":{"type":"Point","coordinates":[-70.20374,41.6796]},"properties":{"f":3555}},{"type":"Feature","geometry":{"type":"Point","coordinates":[-70.20436,41.68022]},"properties":{"f":2607}},{"type":"Feature","geometry":{"type":"Point","coordinates":[-70.20397,41.68053]},"properties":{"f":2706}},{"type":"Feature","geometry":{"type":"Point","coordinates":[-70.20423,41.68068]},"properties":{"f":2620}},{"type":"Feature","geometry":{"type":"Point","coordinates":[-70.19007,41.681]},"properties":{"f":2949}},{"type":"Feature","geometry":{"type":"Point","coordinates":[-70.19306,41.68328]},"properties":{"f":2611}},{"type":"Feature","geometry":{"type":"Point","coordinates":[-70.19094,41.68362]},"properties":{"f":2635}},{"type":"Feature","geometry":{"type":"Point","coordinates":[-70.25736,41.62561]},"properties":{"f":3069}},{"type":"Feature","geometry":{"type":"Point","coordinates":[-70.25698,41.62635]},"properties":{"f":3166}},{"type":"Feature","geometry":{"type":"Point","coordinates":[-70.25619,41.62812]},"properties":{"f":3273}},{"type":"Feature","geometry":{"type":"Point","coordinates":[-70.25554,41.62809]},"properties":{"f":2529}},{"type":"Feature","geometry":{"type":"Point","coordinates":[-70.25483,41.62797]},"properties":{"f":4769}},{"type":"Feature","geometry":{"type":"Point","coordinates":[-70.17941,41.68006]},"properties":{"f":2759}},{"type":"Feature","geometry":{"type":"Point","coordinates":[-70.1799,41.68012]},"properties":{"f":2563}},{"type":"Feature","geometry":{"type":"Point","coordinates":[-70.17991,41.68062]},"properties":{"f":2991}},{"type":"Feature","geometry":{"type":"Point","coordinates":[-70.18002,41.68136]},"properties":{"f":3483}},{"type":"Feature","geometry":{"type":"Point","coordinates":[-70.18155,41.68004]},"properties":{"f":2615}},{"type":"Feature","geometry":{"type":"Point","coordinates":[-70.18143,41.68063]},"properties":{"f":2576}},{"type":"Feature","geometry":{"type":"Point","coordinates":[-70.18071,41.68317]},"properties":{"f":2910}},{"type":"Feature","geometry":{"type":"Point","coordinates":[-70.18412,41.68172]},"properties":{"f":2830}},{"type":"Feature","geometry":{"type":"Point","coordinates":[-70.1782,41.68161]},"properties":{"f":3224}},{"type":"Feature","geometry":{"type":"Point","coordinates":[-70.1773,41.68167]},"properties":{"f":2932}},{"type":"Feature","geometry":{"type":"Point","coordinates":[-70.17924,41.68072]},"properties":{"f":2764}},{"type":"Feature","geometry":{"type":"Point","coordinates":[-70.17805,41.67988]},"properties":{"f":2472}},{"type":"Feature","geometry":{"type":"Point","coordinates":[-70.17584,41.68031]},"properties":{"f":2635}},{"type":"Feature","geometry":{"type":"Point","coordinates":[-70.182,41.68304]},"properties":{"f":3257}},{"type":"Feature","geometry":{"type":"Point","coordinates":[-70.17615,41.68292]},"properties":{"f":2670}},{"type":"Feature","geometry":{"type":"Point","coordinates":[-70.17669,41.68278]},"properties":{"f":2689}},{"type":"Feature","geometry":{"type":"Point","coordinates":[-70.17763,41.68308]},"properties":{"f":3005}},{"type":"Feature","geometry":{"type":"Point","coordinates":[-70.17768,41.6838]},"properties":{"f":2467}},{"type":"Feature","geometry":{"type":"Point","coordinates":[-70.17623,41.68415]},"properties":{"f":2523}},{"type":"Feature","geometry":{"type":"Point","coordinates":[-70.17562,41.68387]},"properties":{"f":2586}},{"type":"Feature","geometry":{"type":"Point","coordinates":[-70.17602,41.68378]},"properties":{"f":2583}},{"type":"Feature","geometry":{"type":"Point","coordinates":[-70.17673,41.68361]},"properties":{"f":3104}},{"type":"Feature","geometry":{"type":"Point","coordinates":[-70.17708,41.68349]},"properties":{"f":2628}},{"type":"Feature","geometry":{"type":"Point","coordinates":[-70.17695,41.68323]},"properties":{"f":2535}},{"type":"Feature","geometry":{"type":"Point","coordinates":[-70.17656,41.68331]},"properties":{"f":2746}},{"type":"Feature","geometry":{"type":"Point","coordinates":[-70.17577,41.68332]},"properties":{"f":2455}},{"type":"Feature","geometry":{"type":"Point","coordinates":[-70.17534,41.68336]},"properties":{"f":2874}},{"type":"Feature","geometry":{"type":"Point","coordinates":[-70.17269,41.6826]},"properties":{"f":2586}},{"type":"Feature","geometry":{"type":"Point","coordinates":[-70.17292,41.68227]},"properties":{"f":2685}},{"type":"Feature","geometry":{"type":"Point","coordinates":[-70.17277,41.68185]},"properties":{"f":2749}},{"type":"Feature","geometry":{"type":"Point","coordinates":[-70.17326,41.68145]},"properties":{"f":2491}},{"type":"Feature","geometry":{"type":"Point","coordinates":[-70.17507,41.68472]},"properties":{"f":2786}},{"type":"Feature","geometry":{"type":"Point","coordinates":[-70.1745,41.68258]},"properties":{"f":2490}},{"type":"Feature","geometry":{"type":"Point","coordinates":[-70.17468,41.68477]},"properties":{"f":2775}},{"type":"Feature","geometry":{"type":"Point","coordinates":[-70.17221,41.68164]},"properties":{"f":3024}},{"type":"Feature","geometry":{"type":"Point","coordinates":[-70.17157,41.68152]},"properties":{"f":2600}},{"type":"Feature","geometry":{"type":"Point","coordinates":[-70.17095,41.68161]},"properties":{"f":3053}},{"type":"Feature","geometry":{"type":"Point","coordinates":[-70.17037,41.68188]},"properties":{"f":2996}},{"type":"Feature","geometry":{"type":"Point","coordinates":[-70.16681,41.68403]},"properties":{"f":2664}},{"type":"Feature","geometry":{"type":"Point","coordinates":[-70.17435,41.68493]},"properties":{"f":2501}},{"type":"Feature","geometry":{"type":"Point","coordinates":[-70.16631,41.68433]},"properties":{"f":2578}},{"type":"Feature","geometry":{"type":"Point","coordinates":[-70.16598,41.68461]},"properties":{"f":3450}},{"type":"Feature","geometry":{"type":"Point","coordinates":[-70.16568,41.68302]},"properties":{"f":2753}},{"type":"Feature","geometry":{"type":"Point","coordinates":[-70.17521,41.68428]},"properties":{"f":2756}},{"type":"Feature","geometry":{"type":"Point","coordinates":[-70.16637,41.68184]},"properties":{"f":2779}},{"type":"Feature","geometry":{"type":"Point","coordinates":[-70.17507,41.68402]},"properties":{"f":2686}},{"type":"Feature","geometry":{"type":"Point","coordinates":[-70.16443,41.68226]},"properties":{"f":2565}},{"type":"Feature","geometry":{"type":"Point","coordinates":[-70.16464,41.68132]},"properties":{"f":2734}},{"type":"Feature","geometry":{"type":"Point","coordinates":[-70.16484,41.68156]},"properties":{"f":2540}},{"type":"Feature","geometry":{"type":"Point","coordinates":[-70.16496,41.68128]},"properties":{"f":2931}},{"type":"Feature","geometry":{"type":"Point","coordinates":[-70.16463,41.6808]},"properties":{"f":4042}},{"type":"Feature","geometry":{"type":"Point","coordinates":[-70.1654,41.68059]},"properties":{"f":2667}},{"type":"Feature","geometry":{"type":"Point","coordinates":[-70.1661,41.68044]},"properties":{"f":2601}},{"type":"Feature","geometry":{"type":"Point","coordinates":[-70.17472,41.68338]},"properties":{"f":2716}},{"type":"Feature","geometry":{"type":"Point","coordinates":[-70.16645,41.68037]},"properties":{"f":3214}},{"type":"Feature","geometry":{"type":"Point","coordinates":[-70.16615,41.6812]},"properties":{"f":2522}},{"type":"Feature","geometry":{"type":"Point","coordinates":[-70.17456,41.68314]},"properties":{"f":2598}},{"type":"Feature","geometry":{"type":"Point","coordinates":[-70.16773,41.68164]},"properties":{"f":2709}},{"type":"Feature","geometry":{"type":"Point","coordinates":[-70.16803,41.68003]},"properties":{"f":3963}},{"type":"Feature","geometry":{"type":"Point","coordinates":[-70.16829,41.68149]},"properties":{"f":2540}},{"type":"Feature","geometry":{"type":"Point","coordinates":[-70.16909,41.68107]},"properties":{"f":4578}},{"type":"Feature","geometry":{"type":"Point","coordinates":[-70.17001,41.68099]},"properties":{"f":6104}},{"type":"Feature","geometry":{"type":"Point","coordinates":[-70.17521,41.68044]},"properties":{"f":2781}},{"type":"Feature","geometry":{"type":"Point","coordinates":[-70.17426,41.68285]},"properties":{"f":2631}},{"type":"Feature","geometry":{"type":"Point","coordinates":[-70.17011,41.68068]},"properties":{"f":3561}},{"type":"Feature","geometry":{"type":"Point","coordinates":[-70.17013,41.68032]},"properties":{"f":3742}},{"type":"Feature","geometry":{"type":"Point","coordinates":[-70.17025,41.67999]},"properties":{"f":3849}},{"type":"Feature","geometry":{"type":"Point","coordinates":[-70.17028,41.67976]},"properties":{"f":2823}},{"type":"Feature","geometry":{"type":"Point","coordinates":[-70.17013,41.67945]},"properties":{"f":3510}},{"type":"Feature","geometry":{"type":"Point","coordinates":[-70.17124,41.67931]},"properties":{"f":3715}},{"type":"Feature","geometry":{"type":"Point","coordinates":[-70.17171,41.67937]},"properties":{"f":3587}},{"type":"Feature","geometry":{"type":"Point","coordinates":[-70.17208,41.67951]},"properties":{"f":2859}},{"type":"Feature","geometry":{"type":"Point","coordinates":[-70.17284,41.67945]},"properties":{"f":3197}},{"type":"Feature","geometry":{"type":"Point","coordinates":[-70.17381,41.67945]},"properties":{"f":3082}},{"type":"Feature","geometry":{"type":"Point","coordinates":[-70.17355,41.68008]},"properties":{"f":3052}},{"type":"Feature","geometry":{"type":"Point","coordinates":[-70.17272,41.68019]},"properties":{"f":2583}},{"type":"Feature","geometry":{"type":"Point","coordinates":[-70.17177,41.6801]},"properties":{"f":3021}},{"type":"Feature","geometry":{"type":"Point","coordinates":[-70.17136,41.68025]},"properties":{"f":2917}},{"type":"Feature","geometry":{"type":"Point","coordinates":[-70.17096,41.68043]},"properties":{"f":3278}},{"type":"Feature","geometry":{"type":"Point","coordinates":[-70.17099,41.68097]},"properties":{"f":3341}},{"type":"Feature","geometry":{"type":"Point","coordinates":[-70.17178,41.68073]},"properties":{"f":3011}},{"type":"Feature","geometry":{"type":"Point","coordinates":[-70.17337,41.68239]},"properties":{"f":2540}},{"type":"Feature","geometry":{"type":"Point","coordinates":[-70.1734,41.68272]},"properties":{"f":2541}},{"type":"Feature","geometry":{"type":"Point","coordinates":[-70.17367,41.6829]},"properties":{"f":2553}},{"type":"Feature","geometry":{"type":"Point","coordinates":[-70.17422,41.68333]},"properties":{"f":2772}},{"type":"Feature","geometry":{"type":"Point","coordinates":[-70.17435,41.68358]},"properties":{"f":2612}},{"type":"Feature","geometry":{"type":"Point","coordinates":[-70.17462,41.68412]},"properties":{"f":2823}},{"type":"Feature","geometry":{"type":"Point","coordinates":[-70.17357,41.68459]},"properties":{"f":2877}},{"type":"Feature","geometry":{"type":"Point","coordinates":[-70.17416,41.68449]},"properties":{"f":2612}},{"type":"Feature","geometry":{"type":"Point","coordinates":[-70.17392,41.684]},"properties":{"f":2551}},{"type":"Feature","geometry":{"type":"Point","coordinates":[-70.17379,41.68374]},"properties":{"f":2690}},{"type":"Feature","geometry":{"type":"Point","coordinates":[-70.1729,41.68299]},"properties":{"f":2613}},{"type":"Feature","geometry":{"type":"Point","coordinates":[-70.17311,41.68351]},"properties":{"f":2670}},{"type":"Feature","geometry":{"type":"Point","coordinates":[-70.17322,41.68376]},"properties":{"f":2777}},{"type":"Feature","geometry":{"type":"Point","coordinates":[-70.17344,41.68431]},"properties":{"f":3096}},{"type":"Feature","geometry":{"type":"Point","coordinates":[-70.17272,41.68466]},"properties":{"f":2909}},{"type":"Feature","geometry":{"type":"Point","coordinates":[-70.17261,41.68439]},"properties":{"f":3205}},{"type":"Feature","geometry":{"type":"Point","coordinates":[-70.1725,41.68413]},"properties":{"f":3360}},{"type":"Feature","geometry":{"type":"Point","coordinates":[-70.1724,41.68385]},"properties":{"f":2577}},{"type":"Feature","geometry":{"type":"Point","coordinates":[-70.1723,41.68358]},"properties":{"f":3172}},{"type":"Feature","geometry":{"type":"Point","coordinates":[-70.17218,41.68329]},"properties":{"f":2905}},{"type":"Feature","geometry":{"type":"Point","coordinates":[-70.1713,41.68361]},"properties":{"f":2771}},{"type":"Feature","geometry":{"type":"Point","coordinates":[-70.17057,41.68387]},"properties":{"f":2626}},{"type":"Feature","geometry":{"type":"Point","coordinates":[-70.16817,41.68242]},"properties":{"f":2813}},{"type":"Feature","geometry":{"type":"Point","coordinates":[-70.16804,41.68396]},"properties":{"f":2526}},{"type":"Feature","geometry":{"type":"Point","coordinates":[-70.16795,41.68466]},"properties":{"f":2537}},{"type":"Feature","geometry":{"type":"Point","coordinates":[-70.16927,41.6823]},"properties":{"f":2484}},{"type":"Feature","geometry":{"type":"Point","coordinates":[-70.17031,41.68241]},"properties":{"f":2463}},{"type":"Feature","geometry":{"type":"Point","coordinates":[-70.17135,41.6828]},"properties":{"f":2523}},{"type":"Feature","geometry":{"type":"Point","coordinates":[-70.17039,41.68289]},"properties":{"f":2547}},{"type":"Feature","geometry":{"type":"Point","coordinates":[-70.16992,41.68325]},"properties":{"f":2542}},{"type":"Feature","geometry":{"type":"Point","coordinates":[-70.16984,41.68357]},"properties":{"f":2973}},{"type":"Feature","geometry":{"type":"Point","coordinates":[-70.17183,41.68293]},"properties":{"f":2625}},{"type":"Feature","geometry":{"type":"Point","coordinates":[-70.17212,41.68269]},"properties":{"f":2478}},{"type":"Feature","geometry":{"type":"Point","coordinates":[-70.16307,41.6838]},"properties":{"f":2825}},{"type":"Feature","geometry":{"type":"Point","coordinates":[-70.16326,41.68327]},"properties":{"f":2687}},{"type":"Feature","geometry":{"type":"Point","coordinates":[-70.16405,41.68335]},"properties":{"f":3336}},{"type":"Feature","geometry":{"type":"Point","coordinates":[-70.1635,41.68229]},"properties":{"f":2586}},{"type":"Feature","geometry":{"type":"Point","coordinates":[-70.16405,41.68189]},"properties":{"f":2538}},{"type":"Feature","geometry":{"type":"Point","coordinates":[-70.16332,41.68146]},"properties":{"f":3025}},{"type":"Feature","geometry":{"type":"Point","coordinates":[-70.16385,41.68105]},"properties":{"f":4111}},{"type":"Feature","geometry":{"type":"Point","coordinates":[-70.16418,41.68082]},"properties":{"f":3040}},{"type":"Feature","geometry":{"type":"Point","coordinates":[-70.1642,41.68214]},"properties":{"f":2466}},{"type":"Feature","geometry":{"type":"Point","coordinates":[-70.16292,41.68476]},"properties":{"f":3287}},{"type":"Feature","geometry":{"type":"Point","coordinates":[-70.16253,41.68405]},"properties":{"f":3414}},{"type":"Feature","geometry":{"type":"Point","coordinates":[-70.25764,41.69114]},"properties":{"f":3190}},{"type":"Feature","geometry":{"type":"Point","coordinates":[-70.25765,41.69013]},"properties":{"f":2918}},{"type":"Feature","geometry":{"type":"Point","coordinates":[-70.25845,41.68859]},"properties":{"f":2631}},{"type":"Feature","geometry":{"type":"Point","coordinates":[-70.25853,41.68921]},"properties":{"f":3421}},{"type":"Feature","geometry":{"type":"Point","coordinates":[-70.26034,41.68856]},"properties":{"f":2949}},{"type":"Feature","geometry":{"type":"Point","coordinates":[-70.2577,41.68843]},"properties":{"f":3294}},{"type":"Feature","geometry":{"type":"Point","coordinates":[-70.25073,41.68976]},"properties":{"f":3079}},{"type":"Feature","geometry":{"type":"Point","coordinates":[-70.25144,41.68978]},"properties":{"f":3528}},{"type":"Feature","geometry":{"type":"Point","coordinates":[-70.25148,41.68911]},"properties":{"f":2984}},{"type":"Feature","geometry":{"type":"Point","coordinates":[-70.25081,41.68919]},"properties":{"f":2992}},{"type":"Feature","geometry":{"type":"Point","coordinates":[-70.24918,41.6909]},"properties":{"f":2610}},{"type":"Feature","geometry":{"type":"Point","coordinates":[-70.24942,41.69054]},"properties":{"f":2515}},{"type":"Feature","geometry":{"type":"Point","coordinates":[-70.24961,41.68977]},"properties":{"f":3284}},{"type":"Feature","geometry":{"type":"Point","coordinates":[-70.24967,41.68951]},"properties":{"f":2646}},{"type":"Feature","geometry":{"type":"Point","coordinates":[-70.24978,41.68905]},"properties":{"f":3691}},{"type":"Feature","geometry":{"type":"Point","coordinates":[-70.19878,41.68616]},"properties":{"f":2867}},{"type":"Feature","geometry":{"type":"Point","coordinates":[-70.19929,41.68732]},"properties":{"f":2560}},{"type":"Feature","geometry":{"type":"Point","coordinates":[-70.19931,41.68687]},"properties":{"f":2519}},{"type":"Feature","geometry":{"type":"Point","coordinates":[-70.19938,41.68651]},"properties":{"f":2734}},{"type":"Feature","geometry":{"type":"Point","coordinates":[-70.1986,41.68667]},"properties":{"f":2517}},{"type":"Feature","geometry":{"type":"Point","coordinates":[-70.19518,41.68678]},"properties":{"f":2577}},{"type":"Feature","geometry":{"type":"Point","coordinates":[-70.19521,41.68722]},"properties":{"f":2882}},{"type":"Feature","geometry":{"type":"Point","coordinates":[-70.1939,41.6884]},"properties":{"f":2598}},{"type":"Feature","geometry":{"type":"Point","coordinates":[-70.19382,41.68749]},"properties":{"f":2543}},{"type":"Feature","geometry":{"type":"Point","coordinates":[-70.19379,41.68706]},"properties":{"f":3120}},{"type":"Feature","geometry":{"type":"Point","coordinates":[-70.19054,41.68541]},"properties":{"f":2610}},{"type":"Feature","geometry":{"type":"Point","coordinates":[-70.19067,41.6857]},"properties":{"f":2475}},{"type":"Feature","geometry":{"type":"Point","coordinates":[-70.1915,41.68583]},"properties":{"f":2569}},{"type":"Feature","geometry":{"type":"Point","coordinates":[-70.19096,41.68505]},"properties":{"f":2676}},{"type":"Feature","geometry":{"type":"Point","coordinates":[-70.19325,41.68524]},"properties":{"f":2457}},{"type":"Feature","geometry":{"type":"Point","coordinates":[-70.19378,41.68505]},"properties":{"f":2641}},{"type":"Feature","geometry":{"type":"Point","coordinates":[-70.19425,41.68616]},"properties":{"f":2490}}]}