{"type":"FeatureCollection","features":[{"type":"Feature","geometry":{"type":"Point","coordinates":[-70.46159,41.59749]},"properties":{"f":5773}},{"type":"Feature","geometry":{"type":"Point","coordinates":[-70.46209,41.63429]},"properties":{"f":2503}},{"type":"Feature","geometry":{"type":"Point","coordinates":[-70.46135,41.63556]},"properties":{"f":2924}},{"type":"Feature","geometry":{"type":"Point","coordinates":[-70.46157,41.6368]},"properties":{"f":2598}},{"type":"Feature","geometry":{"type":"Point","coordinates":[-70.46198,41.63712]},"properties":{"f":2711}},{"type":"Feature","geometry":{"type":"Point","coordinates":[-70.46421,41.63704]},"properties":{"f":2759}},{"type":"Feature","geometry":{"type":"Point","coordinates":[-70.46618,41.63695]},"properties":{"f":2594}},{"type":"Feature","geometry":{"type":"Point","coordinates":[-70.46657,41.63431]},"properties":{"f":2571}},{"type":"Feature","geometry":{"type":"Point","coordinates":[-70.46563,41.63337]},"properties":{"f":2689}},{"type":"Feature","geometry":{"type":"Point","coordinates":[-70.46615,41.63448]},"properties":{"f":2465}},{"type":"Feature","geometry":{"type":"Point","coordinates":[-70.46505,41.63568]},"properties":{"f":2576}},{"type":"Feature","geometry":{"type":"Point","coordinates":[-70.46352,41.63662]},"properties":{"f":2653}},{"type":"Feature","geometry":{"type":"Point","coordinates":[-70.46234,41.63667]},"properties":{"f":2491}},{"type":"Feature","geometry":{"type":"Point","coordinates":[-70.4637,41.6358]},"properties":{"f":2530}},{"type":"Feature","geometry":{"type":"Point","coordinates":[-70.46405,41.63578]},"properties":{"f":2914}},{"type":"Feature","geometry":{"type":"Point","coordinates":[-70.46449,41.63567]},"properties":{"f":2643}},{"type":"Feature","geometry":{"type":"Point","coordinates":[-70.46423,41.63513]},"properties":{"f":2649}},{"type":"Feature","geometry":{"type":"Point","coordinates":[-70.46341,41.63531]},"properties":{"f":2575}},{"type":"Feature","geometry":{"type":"Point","coordinates":[-70.46205,41.63532]},"properties":{"f":2480}},{"type":"Feature","geometry":{"type":"Point","coordinates":[-70.4635,41.63427]},"properties":{"f":2751}},{"type":"Feature","geometry":{"type":"Point","coordinates":[-70.46356,41.6346]},"properties":{"f":2666}},{"type":"Feature","geometry":{"type":"Point","coordinates":[-70.46479,41.63443]},"properties":{"f":2516}},{"type":"Feature","geometry":{"type":"Point","coordinates":[-70.45921,41.59805]},"properties":{"f":3904}},{"type":"Feature","geometry":{"type":"Point","coordinates":[-70.45867,41.59813]},"properties":{"f":5668}},{"type":"Feature","geometry":{"type":"Point","coordinates":[-70.45205,41.59628]},"properties":{"f":2719}},{"type":"Feature","geometry":{"type":"Point","coordinates":[-70.45132,41.59589]},"properties":{"f":3970}},{"type":"Feature","geometry":{"type":"Point","coordinates":[-70.45176,41.59553]},"properties":{"f":2719}},{"type":"Feature","geometry":{"type":"Point","coordinates":[-70.45313,41.595]},"properties":{"f":5047}},{"type":"Feature","geometry":{"type":"Point","coordinates":[-70.46163,41.60128]},"properties":{"f":2620}},{"type":"Feature","geometry":{"type":"Point","coordinates":[-70.46174,41.60163]},"properties":{"f":2996}},{"type":"Feature","geometry":{"type":"Point","coordinates":[-70.45982,41.60443]},"properties":{"f":2684}},{"type":"Feature","geometry":{"type":"Point","coordinates":[-70.46005,41.6038]},"properties":{"f":2511}},{"type":"Feature","geometry":{"type":"Point","coordinates":[-70.46067,41.60224]},"properties":{"f":3764}},{"type":"Feature","geometry":{"type":"Point","coordinates":[-70.46092,41.60152]},"properties":{"f":2551}},{"type":"Feature","geometry":{"type":"Point","coordinates":[-70.46078,41.60102]},"properties":{"f":2676}},{"type":"Feature","geometry":{"type":"Point","coordinates":[-70.46047,41.60142]},"properties":{"f":3489}},{"type":"Feature","geometry":{"type":"Point","coordinates":[-70.46029,41.60181]},"properties":{"f":2840}},{"type":"Feature","geometry":{"type":"Point","coordinates":[-70.45986,41.60262]},"properties":{"f":2722}},{"type":"Feature","geometry":{"type":"Point","coordinates":[-70.46049,41.60259]},"properties":{"f":2623}},{"type":"Feature","geometry":{"type":"Point","coordinates":[-70.45922,41.60233]},"properties":{"f":2731}},{"type":"Feature","geometry":{"type":"Point","coordinates":[-70.45943,41.60198]},"properties":{"f":2718}},{"type":"Feature","geometry":{"type":"Point","coordinates":[-70.45963,41.60163]},"properties":{"f":2865}},{"type":"Feature","geometry":{"type":"Point","coordinates":[-70.45984,41.60127]},"properties":{"f":2495}},{"type":"Feature","geometry":{"type":"Point","coordinates":[-70.46,41.60101]},"properties":{"f":2579}},{"type":"Feature","geometry":{"type":"Point","coordinates":[-70.46019,41.60052]},"properties":{"f":2607}},{"type":"Feature","geometry":{"type":"Point","coordinates":[-70.4614,41.60241]},"properties":{"f":2781}},{"type":"Feature","geometry":{"type":"Point","coordinates":[-70.45957,41.60061]},"properties":{"f":2530}},{"type":"Feature","geometry":{"type":"Point","coordinates":[-70.4582,41.60046]},"properties":{"f":2715}},{"type":"Feature","geometry":{"type":"Point","coordinates":[-70.45851,41.59952]},"properties":{"f":2500}},{"type":"Feature","geometry":{"type":"Point","coordinates":[-70.45855,41.59908]},"properties":{"f":3970}},{"type":"Feature","geometry":{"type":"Point","coordinates":[-70.45906,41.59974]},"properties":{"f":2561}},{"type":"Feature","geometry":{"type":"Point","coordinates":[-70.45958,41.59924]},"properties":{"f":4339}},{"type":"Feature","geometry":{"type":"Point","coordinates":[-70.45165,41.60235]},"properties":{"f":6163}},{"type":"Feature","geometry":{"type":"Point","coordinates":[-70.45181,41.60104]},"properties":{"f":3385}},{"type":"Feature","geometry":{"type":"Point","coordinates":[-70.45134,41.60036]},"properties":{"f":5726}},{"type":"Feature","geometry":{"type":"Point","coordinates":[-70.45171,41.59984]},"properties":{"f":3045}},{"type":"Feature","geometry":{"type":"Point","coordinates":[-70.45185,41.59936]},"properties":{"f":2527}},{"type":"Feature","geometry":{"type":"Point","coordinates":[-70.45087,41.5991]},"properties":{"f":4312}},{"type":"Feature","geometry":{"type":"Point","coordinates":[-70.46094,41.60474]},"properties":{"f":2630}},{"type":"Feature","geometry":{"type":"Point","coordinates":[-70.46016,41.60641]},"properties":{"f":3179}},{"type":"Feature","geometry":{"type":"Point","coordinates":[-70.45957,41.60634]},"properties":{"f":4263}},{"type":"Feature","geometry":{"type":"Point","coordinates":[-70.45874,41.60599]},"properties":{"f":2873}},{"type":"Feature","geometry":{"type":"Point","coordinates":[-70.45807,41.60618]},"properties":{"f":3543}},{"type":"Feature","geometry":{"type":"Point","coordinates":[-70.45753,41.60619]},"properties":{"f":2976}},{"type":"Feature","geometry":{"type":"Point","coordinates":[-70.45695,41.60641]},"properties":{"f":3931}},{"type":"Feature","geometry":{"type":"Point","coordinates":[-70.45584,41.60838]},"properties":{"f":4026}},{"type":"Feature","geometry":{"type":"Point","coordinates":[-70.45583,41.60889]},"properties":{"f":3588}},{"type":"Feature","geometry":{"type":"Point","coordinates":[-70.45582,41.60928]},"properties":{"f":3298}},{"type":"Feature","geometry":{"type":"Point","coordinates":[-70.45572,41.60985]},"properties":{"f":3120}},{"type":"Feature","geometry":{"type":"Point","coordinates":[-70.45099,41.60739]},"properties":{"f":3121}},{"type":"Feature","geometry":{"type":"Point","coordinates":[-70.45309,41.60786]},"properties":{"f":3243}},{"type":"Feature","geometry":{"type":"Point","coordinates":[-70.45321,41.60837]},"properties":{"f":3146}},{"type":"Feature","geometry":{"type":"Point","coordinates":[-70.4546,41.60835]},"properties":{"f":3188}},{"type":"Feature","geometry":{"type":"Point","coordinates":[-70.4557,41.60783]},"properties":{"f":3022}},{"type":"Feature","geometry":{"type":"Point","coordinates":[-70.45715,41.60546]},"properties":{"f":2681}},{"type":"Feature","geometry":{"type":"Point","coordinates":[-70.45944,41.60462]},"properties":{"f":2569}},{"type":"Feature","geometry":{"type":"Point","coordinates":[-70.45115,41.60992]},"properties":{"f":2752}},{"type":"Feature","geometry":{"type":"Point","coordinates":[-70.45101,41.60922]},"properties":{"f":4392}},{"type":"Feature","geometry":{"type":"Point","coordinates":[-70.45172,41.60777]},"properties":{"f":2958}},{"type":"Feature","geometry":{"type":"Point","coordinates":[-70.45039,41.60755]},"properties":{"f":3050}},{"type":"Feature","geometry":{"type":"Point","coordinates":[-70.46019,41.60529]},"properties":{"f":3264}},{"type":"Feature","geometry":{"type":"Point","coordinates":[-70.45903,41.60529]},"properties":{"f":2521}},{"type":"Feature","geometry":{"type":"Point","coordinates":[-70.45559,41.61023]},"properties":{"f":5416}},{"type":"Feature","geometry":{"type":"Point","coordinates":[-70.45486,41.6102]},"properties":{"f":3710}},{"type":"Feature","geometry":{"type":"Point","coordinates":[-70.4542,41.61022]},"properties":{"f":3125}},{"type":"Feature","geometry":{"type":"Point","coordinates":[-70.45288,41.61038]},"properties":{"f":2538}},{"type":"Feature","geometry":{"type":"Point","coordinates":[-70.45212,41.61122]},"properties":{"f":3484}},{"type":"Feature","geometry":{"type":"Point","coordinates":[-70.45197,41.61151]},"properties":{"f":2465}},{"type":"Feature","geometry":{"type":"Point","coordinates":[-70.45086,41.61158]},"properties":{"f":3872}},{"type":"Feature","geometry":{"type":"Point","coordinates":[-70.45192,41.61037]},"properties":{"f":2856}},{"type":"Feature","geometry":{"type":"Point","coordinates":[-70.45032,41.61103]},"properties":{"f":2466}},{"type":"Feature","geometry":{"type":"Point","coordinates":[-70.45196,41.61256]},"properties":{"f":2669}},{"type":"Feature","geometry":{"type":"Point","coordinates":[-70.45199,41.61283]},"properties":{"f":4049}},{"type":"Feature","geometry":{"type":"Point","coordinates":[-70.45204,41.61313]},"properties":{"f":3320}},{"type":"Feature","geometry":{"type":"Point","coordinates":[-70.45205,41.61378]},"properties":{"f":3361}},{"type":"Feature","geometry":{"type":"Point","coordinates":[-70.45008,41.61449]},"properties":{"f":2678}},{"type":"Feature","geometry":{"type":"Point","coordinates":[-70.45102,41.61258]},"properties":{"f":4503}},{"type":"Feature","geometry":{"type":"Point","coordinates":[-70.45102,41.62959]},"properties":{"f":2702}},{"type":"Feature","geometry":{"type":"Point","coordinates":[-70.45585,41.63616]},"properties":{"f":4332}},{"type":"Feature","geometry":{"type":"Point","coordinates":[-70.45088,41.63331]},"properties":{"f":2527}},{"type":"Feature","geometry":{"type":"Point","coordinates":[-70.45226,41.63459]},"properties":{"f":2542}},{"type":"Feature","geometry":{"type":"Point","coordinates":[-70.45027,41.6361]},"properties":{"f":2512}},{"type":"Feature","geometry":{"type":"Point","coordinates":[-70.4559,41.63479]},"properties":{"f":3972}},{"type":"Feature","geometry":{"type":"Point","coordinates":[-70.45174,41.63281]},"properties":{"f":2685}},{"type":"Feature","geometry":{"type":"Point","coordinates":[-70.45923,41.63452]},"properties":{"f":2599}},{"type":"Feature","geometry":{"type":"Point","coordinates":[-70.45253,41.6407]},"properties":{"f":2591}},{"type":"Feature","geometry":{"type":"Point","coordinates":[-70.4523,41.64019]},"properties":{"f":3101}},{"type":"Feature","geometry":{"type":"Point","coordinates":[-70.45151,41.6402]},"properties":{"f":2583}},{"type":"Feature","geometry":{"type":"Point","coordinates":[-70.45003,41.63972]},"properties":{"f":2458}},{"type":"Feature","geometry":{"type":"Point","coordinates":[-70.45264,41.64113]},"properties":{"f":3172}},{"type":"Feature","geometry":{"type":"Point","coordinates":[-70.45131,41.64259]},"properties":{"f":2595}},{"type":"Feature","geometry":{"type":"Point","coordinates":[-70.45033,41.64302]},"properties":{"f":2505}},{"type":"Feature","geometry":{"type":"Point","coordinates":[-70.44945,41.65661]},"properties":{"f":2642}},{"type":"Feature","geometry":{"type":"Point","coordinates":[-70.45158,41.66957]},"properties":{"f":2517}},{"type":"Feature","geometry":{"type":"Point","coordinates":[-70.45137,41.66906]},"properties":{"f":2471}},{"type":"Feature","geometry":{"type":"Point","coordinates":[-70.44939,41.66789]},"properties":{"f":2855}},{"type":"Feature","geometry":{"type":"Point","coordinates":[-70.44971,41.67227]},"properties":{"f":2465}},{"type":"Feature","geometry":{"type":"Point","coordinates":[-70.44553,41.59211]},"properties":{"f":4649}},{"type":"Feature","geometry":{"type":"Point","coordinates":[-70.44607,41.5917]},"properties":{"f":4881}},{"type":"Feature","geometry":{"type":"Point","coordinates":[-70.44778,41.59095]},"properties":{"f":2820}},{"type":"Feature","geometry":{"type":"Point","coordinates":[-70.44843,41.59125]},"properties":{"f":4267}},{"type":"Feature","geometry":{"type":"Point","coordinates":[-70.4469,41.59392]},"properties":{"f":3372}},{"type":"Feature","geometry":{"type":"Point","coordinates":[-70.44721,41.59833]},"properties":{"f":4278}},{"type":"Feature","geometry":{"type":"Point","coordinates":[-70.44436,41.5974]},"properties":{"f":7008}},{"type":"Feature","geometry":{"type":"Point","coordinates":[-70.44441,41.59842]},"properties":{"f":7539}},{"type":"Feature","geometry":{"type":"Point","coordinates":[-70.44524,41.59573]},"properties":{"f":4788}},{"type":"Feature","geometry":{"type":"Point","coordinates":[-70.44562,41.59526]},"properties":{"f":3046}},{"type":"Feature","geometry":{"type":"Point","coordinates":[-70.44575,41.59477]},"properties":{"f":4577}},{"type":"Feature","geometry":{"type":"Point","coordinates":[-70.45002,41.59365]},"properties":{"f":5406}},{"type":"Feature","geometry":{"type":"Point","coordinates":[-70.44895,41.59536]},"properties":{"f":4779}},{"type":"Feature","geometry":{"type":"Point","coordinates":[-70.45014,41.59705]},"properties":{"f":2895}},{"type":"Feature","geometry":{"type":"Point","coordinates":[-70.4501,41.59605]},"properties":{"f":5435}},{"type":"Feature","geometry":{"type":"Point","coordinates":[-70.44998,41.59551]},"properties":{"f":3958}},{"type":"Feature","geometry":{"type":"Point","coordinates":[-70.4471,41.59934]},"properties":{"f":2966}},{"type":"Feature","geometry":{"type":"Point","coordinates":[-70.44721,41.59998]},"properties":{"f":4161}},{"type":"Feature","geometry":{"type":"Point","coordinates":[-70.44766,41.60068]},"properties":{"f":2923}},{"type":"Feature","geometry":{"type":"Point","coordinates":[-70.44813,41.60169]},"properties":{"f":4513}},{"type":"Feature","geometry":{"type":"Point","coordinates":[-70.43938,41.60373]},"properties":{"f":9871}},{"type":"Feature","geometry":{"type":"Point","coordinates":[-70.43967,41.6032]},"properties":{"f":8882}},{"type":"Feature","geometry":{"type":"Point","coordinates":[-70.44116,41.60245]},"properties":{"f":3882}},{"type":"Feature","geometry":{"type":"Point","coordinates":[-70.44177,41.60209]},"properties":{"f":4502}},{"type":"Feature","geometry":{"type":"Point","coordinates":[-70.44049,41.60283]},"properties":{"f":2962}},{"type":"Feature","geometry":{"type":"Point","coordinates":[-70.44801,41.60325]},"properties":{"f":4879}},{"type":"Feature","geometry":{"type":"Point","coordinates":[-70.44911,41.60261]},"properties":{"f":5290}},{"type":"Feature","geometry":{"type":"Point","coordinates":[-70.44874,41.60911]},"properties":{"f":3540}},{"type":"Feature","geometry":{"type":"Point","coordinates":[-70.45032,41.60824]},"properties":{"f":2710}},{"type":"Feature","geometry":{"type":"Point","coordinates":[-70.4429,41.60945]},"properties":{"f":2585}},{"type":"Feature","geometry":{"type":"Point","coordinates":[-70.44521,41.60868]},"properties":{"f":3230}},{"type":"Feature","geometry":{"type":"Point","coordinates":[-70.44347,41.60843]},"properties":{"f":2530}},{"type":"Feature","geometry":{"type":"Point","coordinates":[-70.44384,41.60846]},"properties":{"f":2664}},{"type":"Feature","geometry":{"type":"Point","coordinates":[-70.44086,41.60472]},"properties":{"f":3041}},{"type":"Feature","geometry":{"type":"Point","coordinates":[-70.43949,41.60762]},"properties":{"f":3493}},{"type":"Feature","geometry":{"type":"Point","coordinates":[-70.43927,41.60827]},"properties":{"f":4176}},{"type":"Feature","geometry":{"type":"Point","coordinates":[-70.44203,41.60734]},"properties":{"f":2663}},{"type":"Feature","geometry":{"type":"Point","coordinates":[-70.44243,41.6069]},"properties":{"f":3437}},{"type":"Feature","geometry":{"type":"Point","coordinates":[-70.4431,41.60641]},"properties":{"f":3402}},{"type":"Feature","geometry":{"type":"Point","coordinates":[-70.44474,41.60652]},"properties":{"f":4348}},{"type":"Feature","geometry":{"type":"Point","coordinates":[-70.44449,41.60701]},"properties":{"f":4381}},{"type":"Feature","geometry":{"type":"Point","coordinates":[-70.44376,41.60718]},"properties":{"f":2689}},{"type":"Feature","geometry":{"type":"Point","coordinates":[-70.4498,41.60763]},"properties":{"f":2481}},{"type":"Feature","geometry":{"type":"Point","coordinates":[-70.4496,41.60893]},"properties":{"f":2505}},{"type":"Feature","geometry":{"type":"Point","coordinates":[-70.44184,41.60944]},"properties":{"f":2467}},{"type":"Feature","geometry":{"type":"Point","coordinates":[-70.44257,41.60779]},"properties":{"f":2711}},{"type":"Feature","geometry":{"type":"Point","coordinates":[-70.44564,41.60779]},"properties":{"f":4342}},{"type":"Feature","geometry":{"type":"Point","coordinates":[-70.44449,41.60768]},"properties":{"f":2745}},{"type":"Feature","geometry":{"type":"Point","coordinates":[-70.44916,41.60978]},"properties":{"f":3131}},{"type":"Feature","geometry":{"type":"Point","coordinates":[-70.4479,41.61427]},"properties":{"f":2903}},{"type":"Feature","geometry":{"type":"Point","coordinates":[-70.44651,41.61378]},"properties":{"f":2976}},{"type":"Feature","geometry":{"type":"Point","coordinates":[-70.44239,41.61466]},"properties":{"f":2906}},{"type":"Feature","geometry":{"type":"Point","coordinates":[-70.44313,41.61403]},"properties":{"f":2456}},{"type":"Feature","geometry":{"type":"Point","coordinates":[-70.44012,41.61538]},"properties":{"f":2455}},{"type":"Feature","geometry":{"type":"Point","coordinates":[-70.43975,41.61317]},"properties":{"f":2937}},{"type":"Feature","geometry":{"type":"Point","coordinates":[-70.44356,41.61203]},"properties":{"f":2950}},{"type":"Feature","geometry":{"type":"Point","coordinates":[-70.44167,41.61213]},"properties":{"f":2638}},{"type":"Feature","geometry":{"type":"Point","coordinates":[-70.44181,41.61115]},"properties":{"f":3451}},{"type":"Feature","geometry":{"type":"Point","coordinates":[-70.44552,41.61151]},"properties":{"f":2795}},{"type":"Feature","geometry":{"type":"Point","coordinates":[-70.44511,41.6109]},"properties":{"f":2599}},{"type":"Feature","geometry":{"type":"Point","coordinates":[-70.44306,41.61096]},"properties":{"f":3119}},{"type":"Feature","geometry":{"type":"Point","coordinates":[-70.44058,41.61078]},"properties":{"f":2855}},{"type":"Feature","geometry":{"type":"Point","coordinates":[-70.44694,41.61047]},"properties":{"f":2659}},{"type":"Feature","geometry":{"type":"Point","coordinates":[-70.44992,41.61506]},"properties":{"f":2628}},{"type":"Feature","geometry":{"type":"Point","coordinates":[-70.44254,41.61014]},"properties":{"f":2686}},{"type":"Feature","geometry":{"type":"Point","coordinates":[-70.44167,41.61004]},"properties":{"f":2514}},{"type":"Feature","geometry":{"type":"Point","coordinates":[-70.44164,41.61033]},"properties":{"f":2561}},{"type":"Feature","geometry":{"type":"Point","coordinates":[-70.44282,41.61187]},"properties":{"f":2591}},{"type":"Feature","geometry":{"type":"Point","coordinates":[-70.44036,41.6101]},"properties":{"f":2501}},{"type":"Feature","geometry":{"type":"Point","coordinates":[-70.44314,41.61309]},"properties":{"f":2795}},{"type":"Feature","geometry":{"type":"Point","coordinates":[-70.43977,41.61272]},"properties":{"f":2518}},{"type":"Feature","geometry":{"type":"Point","coordinates":[-70.43965,41.61228]},"properties":{"f":2624}},{"type":"Feature","geometry":{"type":"Point","coordinates":[-70.44886,41.61061]},"properties":{"f":2727}},{"type":"Feature","geometry":{"type":"Point","coordinates":[-70.44779,41.61059]},"properties":{"f":2723}},{"type":"Feature","geometry":{"type":"Point","coordinates":[-70.44953,41.61661]},"properties":{"f":3038}},{"type":"Feature","geometry":{"type":"Point","coordinates":[-70.44363,41.62027]},"properties":{"f":2479}},{"type":"Feature","geometry":{"type":"Point","coordinates":[-70.44275,41.62022]},"properties":{"f":2723}},{"type":"Feature","geometry":{"type":"Point","coordinates":[-70.4422,41.62023]},"properties":{"f":2671}},{"type":"Feature","geometry":{"type":"Point","coordinates":[-70.44121,41.62051]},"properties":{"f":2618}},{"type":"Feature","geometry":{"type":"Point","coordinates":[-70.44569,41.61961]},"properties":{"f":4046}},{"type":"Feature","geometry":{"type":"Point","coordinates":[-70.43991,41.62083]},"properties":{"f":2923}},{"type":"Feature","geometry":{"type":"Point","coordinates":[-70.43914,41.61783]},"properties":{"f":3164}},{"type":"Feature","geometry":{"type":"Point","coordinates":[-70.44348,41.61961]},"properties":{"f":3245}},{"type":"Feature","geometry":{"type":"Point","coordinates":[-70.44799,41.61786]},"properties":{"f":3818}},{"type":"Feature","geometry":{"type":"Point","coordinates":[-70.44611,41.6185]},"properties":{"f":3015}},{"type":"Feature","geometry":{"type":"Point","coordinates":[-70.44575,41.61807]},"properties":{"f":2805}},{"type":"Feature","geometry":{"type":"Point","coordinates":[-70.44404,41.61825]},"properties":{"f":3240}},{"type":"Feature","geometry":{"type":"Point","coordinates":[-70.43951,41.61566]},"properties":{"f":2493}},{"type":"Feature","geometry":{"type":"Point","coordinates":[-70.44204,41.61579]},"properties":{"f":4436}},{"type":"Feature","geometry":{"type":"Point","coordinates":[-70.44015,41.61656]},"properties":{"f":2876}},{"type":"Feature","geometry":{"type":"Point","coordinates":[-70.44245,41.61709]},"properties":{"f":2749}},{"type":"Feature","geometry":{"type":"Point","coordinates":[-70.44375,41.61719]},"properties":{"f":3481}},{"type":"Feature","geometry":{"type":"Point","coordinates":[-70.44631,41.61659]},"properties":{"f":3076}},{"type":"Feature","geometry":{"type":"Point","coordinates":[-70.44894,41.61636]},"properties":{"f":2575}},{"type":"Feature","geometry":{"type":"Point","coordinates":[-70.44833,41.61591]},"properties":{"f":2571}},{"type":"Feature","geometry":{"type":"Point","coordinates":[-70.44653,41.61901]},"properties":{"f":3134}},{"type":"Feature","geometry":{"type":"Point","coordinates":[-70.44613,41.61946]},"properties":{"f":2832}},{"type":"Feature","geometry":{"type":"Point","coordinates":[-70.44616,41.61713]},"properties":{"f":2488}},{"type":"Feature","geometry":{"type":"Point","coordinates":[-70.44194,41.61958]},"properties":{"f":2580}},{"type":"Feature","geometry":{"type":"Point","coordinates":[-70.44039,41.6205]},"properties":{"f":2890}},{"type":"Feature","geometry":{"type":"Point","coordinates":[-70.44458,41.62068]},"properties":{"f":2807}},{"type":"Feature","geometry":{"type":"Point","coordinates":[-70.44198,41.62453]},"properties":{"f":4044}},{"type":"Feature","geometry":{"type":"Point","coordinates":[-70.44162,41.62493]},"properties":{"f":2586}},{"type":"Feature","geometry":{"type":"Point","coordinates":[-70.44144,41.62541]},"properties":{"f":3210}},{"type":"Feature","geometry":{"type":"Point","coordinates":[-70.44082,41.62563]},"properties":{"f":3027}},{"type":"Feature","geometry":{"type":"Point","coordinates":[-70.44239,41.62601]},"properties":{"f":4564}},{"type":"Feature","geometry":{"type":"Point","coordinates":[-70.4397,41.62593]},"properties":{"f":3245}},{"type":"Feature","geometry":{"type":"Point","coordinates":[-70.43978,41.62218]},"properties":{"f":2517}},{"type":"Feature","geometry":{"type":"Point","coordinates":[-70.44124,41.6213]},"properties":{"f":2920}},{"type":"Feature","geometry":{"type":"Point","coordinates":[-70.44135,41.62169]},"properties":{"f":3151}},{"type":"Feature","geometry":{"type":"Point","coordinates":[-70.44185,41.62258]},"properties":{"f":2676}},{"type":"Feature","geometry":{"type":"Point","coordinates":[-70.44774,41.6217]},"properties":{"f":3171}},{"type":"Feature","geometry":{"type":"Point","coordinates":[-70.44748,41.62365]},"properties":{"f":2488}},{"type":"Feature","geometry":{"type":"Point","coordinates":[-70.44757,41.62417]},"properties":{"f":2774}},{"type":"Feature","geometry":{"type":"Point","coordinates":[-70.44913,41.6259]},"properties":{"f":2874}},{"type":"Feature","geometry":{"type":"Point","coordinates":[-70.44863,41.62563]},"properties":{"f":3228}},{"type":"Feature","geometry":{"type":"Point","coordinates":[-70.44828,41.62553]},"properties":{"f":2589}},{"type":"Feature","geometry":{"type":"Point","coordinates":[-70.44788,41.62539]},"properties":{"f":2455}},{"type":"Feature","geometry":{"type":"Point","coordinates":[-70.44907,41.62559]},"properties":{"f":2987}},{"type":"Feature","geometry":{"type":"Point","coordinates":[-70.44865,41.62499]},"properties":{"f":2670}},{"type":"Feature","geometry":{"type":"Point","coordinates":[-70.44877,41.62647]},"properties":{"f":2889}},{"type":"Feature","geometry":{"type":"Point","coordinates":[-70.44708,41.62604]},"properties":{"f":2492}},{"type":"Feature","geometry":{"type":"Point","coordinates":[-70.44574,41.6249]},"properties":{"f":2498}},{"type":"Feature","geometry":{"type":"Point","coordinates":[-70.4465,41.62247]},"properties":{"f":2491}},{"type":"Feature","geometry":{"type":"Point","coordinates":[-70.44504,41.62518]},"properties":{"f":2738}},{"type":"Feature","geometry":{"type":"Point","coordinates":[-70.44576,41.62319]},"properties":{"f":3272}},{"type":"Feature","geometry":{"type":"Point","coordinates":[-70.44526,41.62132]},"properties":{"f":4069}},{"type":"Feature","geometry":{"type":"Point","coordinates":[-70.4445,41.62231]},"properties":{"f":3285}},{"type":"Feature","geometry":{"type":"Point","coordinates":[-70.4443,41.62118]},"properties":{"f":3027}},{"type":"Feature","geometry":{"type":"Point","coordinates":[-70.44075,41.62218]},"properties":{"f":4248}},{"type":"Feature","geometry":{"type":"Point","coordinates":[-70.44407,41.62618]},"properties":{"f":3024}},{"type":"Feature","geometry":{"type":"Point","coordinates":[-70.44336,41.62628]},"properties":{"f":3106}},{"type":"Feature","geometry":{"type":"Point","coordinates":[-70.4442,41.62516]},"properties":{"f":2919}},{"type":"Feature","geometry":{"type":"Point","coordinates":[-70.44362,41.62545]},"properties":{"f":3000}},{"type":"Feature","geometry":{"type":"Point","coordinates":[-70.44294,41.62558]},"properties":{"f":3216}},{"type":"Feature","geometry":{"type":"Point","coordinates":[-70.44309,41.62466]},"properties":{"f":3374}},{"type":"Feature","geometry":{"type":"Point","coordinates":[-70.44359,41.62449]},"properties":{"f":2853}},{"type":"Feature","geometry":{"type":"Point","coordinates":[-70.44725,41.6297]},"properties":{"f":2704}},{"type":"Feature","geometry":{"type":"Point","coordinates":[-70.44828,41.62872]},"properties":{"f":2735}},{"type":"Feature","geometry":{"type":"Point","coordinates":[-70.44514,41.63121]},"properties":{"f":2779}},{"type":"Feature","geometry":{"type":"Point","coordinates":[-70.44401,41.63036]},"properties":{"f":2846}},{"type":"Feature","geometry":{"type":"Point","coordinates":[-70.44323,41.62999]},"properties":{"f":4099}},{"type":"Feature","geometry":{"type":"Point","coordinates":[-70.44073,41.62858]},"properties":{"f":2743}},{"type":"Feature","geometry":{"type":"Point","coordinates":[-70.44517,41.63012]},"properties":{"f":4397}},{"type":"Feature","geometry":{"type":"Point","coordinates":[-70.44596,41.63061]},"properties":{"f":2857}},{"type":"Feature","geometry":{"type":"Point","coordinates":[-70.44562,41.62917]},"properties":{"f":3901}},{"type":"Feature","geometry":{"type":"Point","coordinates":[-70.44535,41.62805]},"properties":{"f":2715}},{"type":"Feature","geometry":{"type":"Point","coordinates":[-70.44523,41.62762]},"properties":{"f":2598}},{"type":"Feature","geometry":{"type":"Point","coordinates":[-70.44496,41.62703]},"properties":{"f":2489}},{"type":"Feature","geometry":{"type":"Point","coordinates":[-70.44627,41.62857]},"properties":{"f":3650}},{"type":"Feature","geometry":{"type":"Point","coordinates":[-70.4463,41.62905]},"properties":{"f":2477}},{"type":"Feature","geometry":{"type":"Point","coordinates":[-70.43969,41.62763]},"properties":{"f":3771}},{"type":"Feature","geometry":{"type":"Point","coordinates":[-70.4497,41.63079]},"properties":{"f":2578}},{"type":"Feature","geometry":{"type":"Point","coordinates":[-70.44967,41.63042]},"properties":{"f":2722}},{"type":"Feature","geometry":{"type":"Point","coordinates":[-70.44895,41.62937]},"properties":{"f":3683}},{"type":"Feature","geometry":{"type":"Point","coordinates":[-70.44831,41.62987]},"properties":{"f":2926}},{"type":"Feature","geometry":{"type":"Point","coordinates":[-70.44793,41.63017]},"properties":{"f":2674}},{"type":"Feature","geometry":{"type":"Point","coordinates":[-70.44854,41.63082]},"properties":{"f":3002}},{"type":"Feature","geometry":{"type":"Point","coordinates":[-70.44735,41.63064]},"properties":{"f":2872}},{"type":"Feature","geometry":{"type":"Point","coordinates":[-70.44882,41.62718]},"properties":{"f":2584}},{"type":"Feature","geometry":{"type":"Point","coordinates":[-70.44798,41.62779]},"properties":{"f":2886}},{"type":"Feature","geometry":{"type":"Point","coordinates":[-70.44684,41.62889]},"properties":{"f":2495}},{"type":"Feature","geometry":{"type":"Point","coordinates":[-70.44751,41.62862]},"properties":{"f":2825}},{"type":"Feature","geometry":{"type":"Point","coordinates":[-70.44866,41.62804]},"properties":{"f":2510}},{"type":"Feature","geometry":{"type":"Point","coordinates":[-70.44907,41.62755]},"properties":{"f":2956}},{"type":"Feature","geometry":{"type":"Point","coordinates":[-70.44967,41.62768]},"properties":{"f":2685}},{"type":"Feature","geometry":{"type":"Point","coordinates":[-70.44277,41.62794]},"properties":{"f":2885}},{"type":"Feature","geometry":{"type":"Point","coordinates":[-70.4432,41.62721]},"properties":{"f":2927}},{"type":"Feature","geometry":{"type":"Point","coordinates":[-70.44332,41.62673]},"properties":{"f":3157}},{"type":"Feature","geometry":{"type":"Point","coordinates":[-70.44216,41.6271]},"properties":{"f":2671}},{"type":"Feature","geometry":{"type":"Point","coordinates":[-70.44171,41.62613]},"properties":{"f":3784}},{"type":"Feature","geometry":{"type":"Point","coordinates":[-70.44093,41.62639]},"properties":{"f":2945}},{"type":"Feature","geometry":{"type":"Point","coordinates":[-70.44684,41.63492]},"properties":{"f":2593}},{"type":"Feature","geometry":{"type":"Point","coordinates":[-70.44659,41.63229]},"properties":{"f":2553}},{"type":"Feature","geometry":{"type":"Point","coordinates":[-70.44544,41.63349]},"properties":{"f":3208}},{"type":"Feature","geometry":{"type":"Point","coordinates":[-70.44585,41.63466]},"properties":{"f":2719}},{"type":"Feature","geometry":{"type":"Point","coordinates":[-70.44029,41.64043]},"properties":{"f":3420}},{"type":"Feature","geometry":{"type":"Point","coordinates":[-70.44099,41.63757]},"properties":{"f":2801}},{"type":"Feature","geometry":{"type":"Point","coordinates":[-70.44607,41.64629]},"properties":{"f":3074}},{"type":"Feature","geometry":{"type":"Point","coordinates":[-70.44581,41.64586]},"properties":{"f":3110}},{"type":"Feature","geometry":{"type":"Point","coordinates":[-70.44602,41.64567]},"properties":{"f":3266}},{"type":"Feature","geometry":{"type":"Point","coordinates":[-70.44705,41.64576]},"properties":{"f":3207}},{"type":"Feature","geometry":{"type":"Point","coordinates":[-70.44778,41.64591]},"properties":{"f":3431}},{"type":"Feature","geometry":{"type":"Point","coordinates":[-70.44823,41.64605]},"properties":{"f":3241}},{"type":"Feature","geometry":{"type":"Point","coordinates":[-70.44822,41.64696]},"properties":{"f":2595}},{"type":"Feature","geometry":{"type":"Point","coordinates":[-70.44748,41.64787]},"properties":{"f":3131}},{"type":"Feature","geometry":{"type":"Point","coordinates":[-70.44705,41.64731]},"properties":{"f":2756}},{"type":"Feature","geometry":{"type":"Point","coordinates":[-70.44701,41.64761]},"properties":{"f":2860}},{"type":"Feature","geometry":{"type":"Point","coordinates":[-70.44482,41.64692]},"properties":{"f":3338}},{"type":"Feature","geometry":{"type":"Point","coordinates":[-70.44434,41.64591]},"properties":{"f":2506}},{"type":"Feature","geometry":{"type":"Point","coordinates":[-70.44117,41.6463]},"properties":{"f":2951}},{"type":"Feature","geometry":{"type":"Point","coordinates":[-70.44051,41.64646]},"properties":{"f":3691}},{"type":"Feature","geometry":{"type":"Point","coordinates":[-70.43983,41.64573]},"properties":{"f":3249}},{"type":"Feature","geometry":{"type":"Point","coordinates":[-70.43871,41.64559]},"properties":{"f":2573}},{"type":"Feature","geometry":{"type":"Point","coordinates":[-70.44726,41.64322]},"properties":{"f":2609}},{"type":"Feature","geometry":{"type":"Point","coordinates":[-70.44253,41.65309]},"properties":{"f":3748}},{"type":"Feature","geometry":{"type":"Point","coordinates":[-70.44194,41.65169]},"properties":{"f":4083}},{"type":"Feature","geometry":{"type":"Point","coordinates":[-70.4425,41.6518]},"properties":{"f":3108}},{"type":"Feature","geometry":{"type":"Point","coordinates":[-70.44358,41.65185]},"properties":{"f":3701}},{"type":"Feature","geometry":{"type":"Point","coordinates":[-70.4446,41.65266]},"properties":{"f":2621}},{"type":"Feature","geometry":{"type":"Point","coordinates":[-70.44492,41.65004]},"properties":{"f":2556}},{"type":"Feature","geometry":{"type":"Point","coordinates":[-70.44618,41.65229]},"properties":{"f":2879}},{"type":"Feature","geometry":{"type":"Point","coordinates":[-70.44149,41.65848]},"properties":{"f":2952}},{"type":"Feature","geometry":{"type":"Point","coordinates":[-70.44152,41.65794]},"properties":{"f":2580}},{"type":"Feature","geometry":{"type":"Point","coordinates":[-70.44085,41.65726]},"properties":{"f":3721}},{"type":"Feature","geometry":{"type":"Point","coordinates":[-70.44559,41.65727]},"properties":{"f":2793}},{"type":"Feature","geometry":{"type":"Point","coordinates":[-70.44268,41.65905]},"properties":{"f":2622}},{"type":"Feature","geometry":{"type":"Point","coordinates":[-70.44053,41.65472]},"properties":{"f":2749}},{"type":"Feature","geometry":{"type":"Point","coordinates":[-70.44167,41.65473]},"properties":{"f":3675}},{"type":"Feature","geometry":{"type":"Point","coordinates":[-70.44235,41.66224]},"properties":{"f":2607}},{"type":"Feature","geometry":{"type":"Point","coordinates":[-70.44171,41.66239]},"properties":{"f":3883}},{"type":"Feature","geometry":{"type":"Point","coordinates":[-70.44125,41.66318]},"properties":{"f":2461}},{"type":"Feature","geometry":{"type":"Point","coordinates":[-70.44503,41.66048]},"properties":{"f":2687}},{"type":"Feature","geometry":{"type":"Point","coordinates":[-70.43848,41.66163]},"properties":{"f":2639}},{"type":"Feature","geometry":{"type":"Point","coordinates":[-70.44428,41.66136]},"properties":{"f":2890}},{"type":"Feature","geometry":{"type":"Point","coordinates":[-70.44591,41.65982]},"properties":{"f":2704}},{"type":"Feature","geometry":{"type":"Point","coordinates":[-70.44782,41.65955]},"properties":{"f":2710}},{"type":"Feature","geometry":{"type":"Point","coordinates":[-70.44111,41.66016]},"properties":{"f":3436}},{"type":"Feature","geometry":{"type":"Point","coordinates":[-70.4482,41.66374]},"properties":{"f":2626}},{"type":"Feature","geometry":{"type":"Point","coordinates":[-70.44775,41.6701]},"properties":{"f":2848}},{"type":"Feature","geometry":{"type":"Point","coordinates":[-70.43877,41.66754]},"properties":{"f":2553}},{"type":"Feature","geometry":{"type":"Point","coordinates":[-70.44774,41.6693]},"properties":{"f":2667}},{"type":"Feature","geometry":{"type":"Point","coordinates":[-70.44637,41.66766]},"properties":{"f":2565}},{"type":"Feature","geometry":{"type":"Point","coordinates":[-70.43834,41.67015]},"properties":{"f":3832}},{"type":"Feature","geometry":{"type":"Point","coordinates":[-70.43821,41.66896]},"properties":{"f":2504}},{"type":"Feature","geometry":{"type":"Point","coordinates":[-70.44603,41.66534]},"properties":{"f":2601}},{"type":"Feature","geometry":{"type":"Point","coordinates":[-70.44556,41.67255]},"properties":{"f":2526}},{"type":"Feature","geometry":{"type":"Point","coordinates":[-70.44639,41.67293]},"properties":{"f":2482}},{"type":"Feature","geometry":{"type":"Point","coordinates":[-70.44336,41.67307]},"properties":{"f":2570}},{"type":"Feature","geometry":{"type":"Point","coordinates":[-70.44272,41.67343]},"properties":{"f":3200}},{"type":"Feature","geometry":{"type":"Point","coordinates":[-70.44182,41.67227]},"properties":{"f":3473}},{"type":"Feature","geometry":{"type":"Point","coordinates":[-70.44501,41.6717]},"properties":{"f":3533}},{"type":"Feature","geometry":{"type":"Point","coordinates":[-70.44487,41.67261]},"properties":{"f":2539}},{"type":"Feature","geometry":{"type":"Point","coordinates":[-70.4388,41.67553]},"properties":{"f":2643}},{"type":"Feature","geometry":{"type":"Point","coordinates":[-70.4385,41.67525]},"properties":{"f":2460}},{"type":"Feature","geometry":{"type":"Point","coordinates":[-70.44062,41.67534]},"properties":{"f":3295}},{"type":"Feature","geometry":{"type":"Point","coordinates":[-70.44192,41.67528]},"properties":{"f":3303}},{"type":"Feature","geometry":{"type":"Point","coordinates":[-70.44511,41.67404]},"properties":{"f":2776}},{"type":"Feature","geometry":{"type":"Point","coordinates":[-70.4471,41.67446]},"properties":{"f":2699}},{"type":"Feature","geometry":{"type":"Point","coordinates":[-70.44637,41.67492]},"properties":{"f":2518}},{"type":"Feature","geometry":{"type":"Point","coordinates":[-70.44525,41.67487]},"properties":{"f":2791}},{"type":"Feature","geometry":{"type":"Point","coordinates":[-70.44646,41.67419]},"properties":{"f":2699}},{"type":"Feature","geometry":{"type":"Point","coordinates":[-70.444,41.67191]},"properties":{"f":2866}},{"type":"Feature","geometry":{"type":"Point","coordinates":[-70.44722,41.67253]},"properties":{"f":3272}},{"type":"Feature","geometry":{"type":"Point","coordinates":[-70.4476,41.67054]},"properties":{"f":3025}},{"type":"Feature","geometry":{"type":"Point","coordinates":[-70.43957,41.67587]},"properties":{"f":2550}},{"type":"Feature","geometry":{"type":"Point","coordinates":[-70.4433,41.67573]},"properties":{"f":2588}},{"type":"Feature","geometry":{"type":"Point","coordinates":[-70.43878,41.60658]},"properties":{"f":4165}},{"type":"Feature","geometry":{"type":"Point","coordinates":[-70.43798,41.60645]},"properties":{"f":5676}},{"type":"Feature","geometry":{"type":"Point","coordinates":[-70.43786,41.60701]},"properties":{"f":6515}},{"type":"Feature","geometry":{"type":"Point","coordinates":[-70.43862,41.60725]},"properties":{"f":3374}},{"type":"Feature","geometry":{"type":"Point","coordinates":[-70.43749,41.60845]},"properties":{"f":2585}},{"type":"Feature","geometry":{"type":"Point","coordinates":[-70.43595,41.60988]},"properties":{"f":5293}},{"type":"Feature","geometry":{"type":"Point","coordinates":[-70.43882,41.6057]},"properties":{"f":4197}},{"type":"Feature","geometry":{"type":"Point","coordinates":[-70.43651,41.60822]},"properties":{"f":6599}},{"type":"Feature","geometry":{"type":"Point","coordinates":[-70.43719,41.6099]},"properties":{"f":3370}},{"type":"Feature","geometry":{"type":"Point","coordinates":[-70.43536,41.60961]},"properties":{"f":3267}},{"type":"Feature","geometry":{"type":"Point","coordinates":[-70.43773,41.60788]},"properties":{"f":3006}},{"type":"Feature","geometry":{"type":"Point","coordinates":[-70.43794,41.60752]},"properties":{"f":3283}},{"type":"Feature","geometry":{"type":"Point","coordinates":[-70.43869,41.60795]},"properties":{"f":3770}},{"type":"Feature","geometry":{"type":"Point","coordinates":[-70.4367,41.60774]},"properties":{"f":3631}},{"type":"Feature","geometry":{"type":"Point","coordinates":[-70.43882,41.60445]},"properties":{"f":6795}},{"type":"Feature","geometry":{"type":"Point","coordinates":[-70.43843,41.61071]},"properties":{"f":3305}},{"type":"Feature","geometry":{"type":"Point","coordinates":[-70.43819,41.61185]},"properties":{"f":2551}},{"type":"Feature","geometry":{"type":"Point","coordinates":[-70.43761,41.61323]},"properties":{"f":2720}},{"type":"Feature","geometry":{"type":"Point","coordinates":[-70.43895,41.61451]},"properties":{"f":4341}},{"type":"Feature","geometry":{"type":"Point","coordinates":[-70.43668,41.61514]},"properties":{"f":2560}},{"type":"Feature","geometry":{"type":"Point","coordinates":[-70.43504,41.61508]},"properties":{"f":2757}},{"type":"Feature","geometry":{"type":"Point","coordinates":[-70.43708,41.61122]},"properties":{"f":3332}},{"type":"Feature","geometry":{"type":"Point","coordinates":[-70.43732,41.61204]},"properties":{"f":2888}},{"type":"Feature","geometry":{"type":"Point","coordinates":[-70.43608,41.61034]},"properties":{"f":3568}},{"type":"Feature","geometry":{"type":"Point","coordinates":[-70.43539,41.61449]},"properties":{"f":2973}},{"type":"Feature","geometry":{"type":"Point","coordinates":[-70.43335,41.61101]},"properties":{"f":6597}},{"type":"Feature","geometry":{"type":"Point","coordinates":[-70.43283,41.61118]},"properties":{"f":5448}},{"type":"Feature","geometry":{"type":"Point","coordinates":[-70.43108,41.61147]},"properties":{"f":3229}},{"type":"Feature","geometry":{"type":"Point","coordinates":[-70.43264,41.61201]},"properties":{"f":4082}},{"type":"Feature","geometry":{"type":"Point","coordinates":[-70.43532,41.61282]},"properties":{"f":3711}},{"type":"Feature","geometry":{"type":"Point","coordinates":[-70.43751,41.6156]},"properties":{"f":3724}},{"type":"Feature","geometry":{"type":"Point","coordinates":[-70.43607,41.61651]},"properties":{"f":3579}},{"type":"Feature","geometry":{"type":"Point","coordinates":[-70.43851,41.62041]},"properties":{"f":4394}},{"type":"Feature","geometry":{"type":"Point","coordinates":[-70.43667,41.62045]},"properties":{"f":2740}},{"type":"Feature","geometry":{"type":"Point","coordinates":[-70.4368,41.61896]},"properties":{"f":2696}},{"type":"Feature","geometry":{"type":"Point","coordinates":[-70.436,41.61931]},"properties":{"f":2559}},{"type":"Feature","geometry":{"type":"Point","coordinates":[-70.43519,41.61978]},"properties":{"f":4254}},{"type":"Feature","geometry":{"type":"Point","coordinates":[-70.43564,41.62033]},"properties":{"f":2656}},{"type":"Feature","geometry":{"type":"Point","coordinates":[-70.43443,41.6201]},"properties":{"f":2789}},{"type":"Feature","geometry":{"type":"Point","coordinates":[-70.43373,41.61971]},"properties":{"f":2537}},{"type":"Feature","geometry":{"type":"Point","coordinates":[-70.43402,41.61891]},"properties":{"f":2718}},{"type":"Feature","geometry":{"type":"Point","coordinates":[-70.43437,41.61862]},"properties":{"f":3697}},{"type":"Feature","geometry":{"type":"Point","coordinates":[-70.43296,41.61853]},"properties":{"f":5639}},{"type":"Feature","geometry":{"type":"Point","coordinates":[-70.43381,41.61715]},"properties":{"f":3324}},{"type":"Feature","geometry":{"type":"Point","coordinates":[-70.43419,41.61666]},"properties":{"f":3526}},{"type":"Feature","geometry":{"type":"Point","coordinates":[-70.43431,41.61651]},"properties":{"f":2596}},{"type":"Feature","geometry":{"type":"Point","coordinates":[-70.43461,41.61618]},"properties":{"f":2538}},{"type":"Feature","geometry":{"type":"Point","coordinates":[-70.43505,41.61574]},"properties":{"f":3327}},{"type":"Feature","geometry":{"type":"Point","coordinates":[-70.43513,41.6154]},"properties":{"f":5679}},{"type":"Feature","geometry":{"type":"Point","coordinates":[-70.43772,41.61813]},"properties":{"f":2537}},{"type":"Feature","geometry":{"type":"Point","coordinates":[-70.43614,41.6219]},"properties":{"f":3440}},{"type":"Feature","geometry":{"type":"Point","coordinates":[-70.43813,41.62541]},"properties":{"f":2487}},{"type":"Feature","geometry":{"type":"Point","coordinates":[-70.43516,41.62243]},"properties":{"f":4087}},{"type":"Feature","geometry":{"type":"Point","coordinates":[-70.42992,41.62427]},"properties":{"f":2710}},{"type":"Feature","geometry":{"type":"Point","coordinates":[-70.43259,41.62219]},"properties":{"f":4366}},{"type":"Feature","geometry":{"type":"Point","coordinates":[-70.43323,41.62188]},"properties":{"f":3247}},{"type":"Feature","geometry":{"type":"Point","coordinates":[-70.43417,41.62202]},"properties":{"f":3860}},{"type":"Feature","geometry":{"type":"Point","coordinates":[-70.43452,41.62121]},"properties":{"f":5326}},{"type":"Feature","geometry":{"type":"Point","coordinates":[-70.4371,41.62432]},"properties":{"f":5661}},{"type":"Feature","geometry":{"type":"Point","coordinates":[-70.43605,41.62701]},"properties":{"f":2455}},{"type":"Feature","geometry":{"type":"Point","coordinates":[-70.43556,41.62733]},"properties":{"f":3645}},{"type":"Feature","geometry":{"type":"Point","coordinates":[-70.43089,41.63136]},"properties":{"f":2861}},{"type":"Feature","geometry":{"type":"Point","coordinates":[-70.43133,41.63122]},"properties":{"f":3249}},{"type":"Feature","geometry":{"type":"Point","coordinates":[-70.43818,41.62768]},"properties":{"f":2639}},{"type":"Feature","geometry":{"type":"Point","coordinates":[-70.4312,41.63662]},"properties":{"f":2988}},{"type":"Feature","geometry":{"type":"Point","coordinates":[-70.43335,41.6344]},"properties":{"f":3227}},{"type":"Feature","geometry":{"type":"Point","coordinates":[-70.4321,41.63238]},"properties":{"f":3216}},{"type":"Feature","geometry":{"type":"Point","coordinates":[-70.43148,41.63174]},"properties":{"f":2892}},{"type":"Feature","geometry":{"type":"Point","coordinates":[-70.43096,41.63206]},"properties":{"f":2795}},{"type":"Feature","geometry":{"type":"Point","coordinates":[-70.42809,41.63212]},"properties":{"f":2487}},{"type":"Feature","geometry":{"type":"Point","coordinates":[-70.43616,41.64215]},"properties":{"f":2469}},{"type":"Feature","geometry":{"type":"Point","coordinates":[-70.43533,41.64103]},"properties":{"f":2569}},{"type":"Feature","geometry":{"type":"Point","coordinates":[-70.43514,41.64055]},"properties":{"f":2881}},{"type":"Feature","geometry":{"type":"Point","coordinates":[-70.43403,41.63939]},"properties":{"f":2789}},{"type":"Feature","geometry":{"type":"Point","coordinates":[-70.43337,41.64099]},"properties":{"f":3003}},{"type":"Feature","geometry":{"type":"Point","coordinates":[-70.42818,41.64089]},"properties":{"f":2570}},{"type":"Feature","geometry":{"type":"Point","coordinates":[-70.42868,41.6399]},"properties":{"f":2642}},{"type":"Feature","geometry":{"type":"Point","coordinates":[-70.43047,41.6411]},"properties":{"f":2817}},{"type":"Feature","geometry":{"type":"Point","coordinates":[-70.42921,41.64163]},"properties":{"f":2871}},{"type":"Feature","geometry":{"type":"Point","coordinates":[-70.42878,41.64202]},"properties":{"f":2537}},{"type":"Feature","geometry":{"type":"Point","coordinates":[-70.42948,41.63723]},"properties":{"f":2509}},{"type":"Feature","geometry":{"type":"Point","coordinates":[-70.43063,41.63794]},"properties":{"f":3316}},{"type":"Feature","geometry":{"type":"Point","coordinates":[-70.43082,41.63916]},"properties":{"f":2614}},{"type":"Feature","geometry":{"type":"Point","coordinates":[-70.43125,41.63808]},"properties":{"f":2769}},{"type":"Feature","geometry":{"type":"Point","coordinates":[-70.43152,41.63943]},"properties":{"f":2819}},{"type":"Feature","geometry":{"type":"Point","coordinates":[-70.43126,41.64054]},"properties":{"f":2721}},{"type":"Feature","geometry":{"type":"Point","coordinates":[-70.4321,41.63966]},"properties":{"f":2464}},{"type":"Feature","geometry":{"type":"Point","coordinates":[-70.4323,41.63762]},"properties":{"f":2933}},{"type":"Feature","geometry":{"type":"Point","coordinates":[-70.43572,41.64266]},"properties":{"f":2813}},{"type":"Feature","geometry":{"type":"Point","coordinates":[-70.4348,41.643]},"properties":{"f":3110}},{"type":"Feature","geometry":{"type":"Point","coordinates":[-70.42748,41.6428]},"properties":{"f":2905}},{"type":"Feature","geometry":{"type":"Point","coordinates":[-70.4387,41.64461]},"properties":{"f":4194}},{"type":"Feature","geometry":{"type":"Point","coordinates":[-70.43546,41.64579]},"properties":{"f":2930}},{"type":"Feature","geometry":{"type":"Point","coordinates":[-70.43791,41.64617]},"properties":{"f":2494}},{"type":"Feature","geometry":{"type":"Point","coordinates":[-70.43717,41.64639]},"properties":{"f":2495}},{"type":"Feature","geometry":{"type":"Point","coordinates":[-70.42841,41.64642]},"properties":{"f":2846}},{"type":"Feature","geometry":{"type":"Point","coordinates":[-70.4317,41.64939]},"properties":{"f":2468}},{"type":"Feature","geometry":{"type":"Point","coordinates":[-70.43383,41.6487]},"properties":{"f":3091}},{"type":"Feature","geometry":{"type":"Point","coordinates":[-70.43802,41.64944]},"properties":{"f":3152}},{"type":"Feature","geometry":{"type":"Point","coordinates":[-70.43805,41.65561]},"properties":{"f":2747}},{"type":"Feature","geometry":{"type":"Point","coordinates":[-70.43304,41.66397]},"properties":{"f":2867}},{"type":"Feature","geometry":{"type":"Point","coordinates":[-70.43809,41.66397]},"properties":{"f":2680}},{"type":"Feature","geometry":{"type":"Point","coordinates":[-70.43372,41.65994]},"properties":{"f":2556}},{"type":"Feature","geometry":{"type":"Point","coordinates":[-70.42954,41.66207]},"properties":{"f":2574}},{"type":"Feature","geometry":{"type":"Point","coordinates":[-70.4386,41.65901]},"properties":{"f":3298}},{"type":"Feature","geometry":{"type":"Point","coordinates":[-70.43587,41.66232]},"properties":{"f":3380}},{"type":"Feature","geometry":{"type":"Point","coordinates":[-70.43222,41.66269]},"properties":{"f":2563}},{"type":"Feature","geometry":{"type":"Point","coordinates":[-70.43505,41.66425]},"properties":{"f":3185}},{"type":"Feature","geometry":{"type":"Point","coordinates":[-70.43502,41.66458]},"properties":{"f":2485}},{"type":"Feature","geometry":{"type":"Point","coordinates":[-70.43397,41.66447]},"properties":{"f":2909}},{"type":"Feature","geometry":{"type":"Point","coordinates":[-70.43784,41.66764]},"properties":{"f":2688}},{"type":"Feature","geometry":{"type":"Point","coordinates":[-70.42871,41.66438]},"properties":{"f":3004}},{"type":"Feature","geometry":{"type":"Point","coordinates":[-70.43464,41.66478]},"properties":{"f":2692}},{"type":"Feature","geometry":{"type":"Point","coordinates":[-70.43427,41.66461]},"properties":{"f":2736}},{"type":"Feature","geometry":{"type":"Point","coordinates":[-70.43595,41.6675]},"properties":{"f":3066}},{"type":"Feature","geometry":{"type":"Point","coordinates":[-70.42804,41.66976]},"properties":{"f":2889}},{"type":"Feature","geometry":{"type":"Point","coordinates":[-70.43106,41.66501]},"properties":{"f":2768}},{"type":"Feature","geometry":{"type":"Point","coordinates":[-70.43088,41.66516]},"properties":{"f":2767}},{"type":"Feature","geometry":{"type":"Point","coordinates":[-70.43066,41.66535]},"properties":{"f":2974}},{"type":"Feature","geometry":{"type":"Point","coordinates":[-70.43021,41.66545]},"properties":{"f":2610}},{"type":"Feature","geometry":{"type":"Point","coordinates":[-70.4286,41.66772]},"properties":{"f":2799}},{"type":"Feature","geometry":{"type":"Point","coordinates":[-70.43073,41.67418]},"properties":{"f":2687}},{"type":"Feature","geometry":{"type":"Point","coordinates":[-70.42909,41.67458]},"properties":{"f":2659}},{"type":"Feature","geometry":{"type":"Point","coordinates":[-70.42963,41.67414]},"properties":{"f":4488}},{"type":"Feature","geometry":{"type":"Point","coordinates":[-70.43752,41.67401]},"properties":{"f":2546}},{"type":"Feature","geometry":{"type":"Point","coordinates":[-70.43802,41.674]},"properties":{"f":2692}},{"type":"Feature","geometry":{"type":"Point","coordinates":[-70.43015,41.6728]},"properties":{"f":2661}},{"type":"Feature","geometry":{"type":"Point","coordinates":[-70.4374,41.67115]},"properties":{"f":2466}},{"type":"Feature","geometry":{"type":"Point","coordinates":[-70.42807,41.6706]},"properties":{"f":2857}},{"type":"Feature","geometry":{"type":"Point","coordinates":[-70.43674,41.67544]},"properties":{"f":2671}},{"type":"Feature","geometry":{"type":"Point","coordinates":[-70.43505,41.67617]},"properties":{"f":2732}},{"type":"Feature","geometry":{"type":"Point","coordinates":[-70.43711,41.67627]},"properties":{"f":2580}},{"type":"Feature","geometry":{"type":"Point","coordinates":[-70.42776,41.67983]},"properties":{"f":2771}},{"type":"Feature","geometry":{"type":"Point","coordinates":[-70.42808,41.67863]},"properties":{"f":2573}},{"type":"Feature","geometry":{"type":"Point","coordinates":[-70.43732,41.67824]},"properties":{"f":2558}},{"type":"Feature","geometry":{"type":"Point","coordinates":[-70.43709,41.68013]},"properties":{"f":2883}},{"type":"Feature","geometry":{"type":"Point","coordinates":[-70.43025,41.68538]},"properties":{"f":2623}},{"type":"Feature","geometry":{"type":"Point","coordinates":[-70.42902,41.6816]},"properties":{"f":2716}},{"type":"Feature","geometry":{"type":"Point","coordinates":[-70.42666,41.6822]},"properties":{"f":2548}},{"type":"Feature","geometry":{"type":"Point","coordinates":[-70.43733,41.68182]},"properties":{"f":2711}},{"type":"Feature","geometry":{"type":"Point","coordinates":[-70.42695,41.68499]},"properties":{"f":3588}},{"type":"Feature","geometry":{"type":"Point","coordinates":[-70.42738,41.6859]},"properties":{"f":3480}},{"type":"Feature","geometry":{"type":"Point","coordinates":[-70.43358,41.6869]},"properties":{"f":3797}},{"type":"Feature","geometry":{"type":"Point","coordinates":[-70.43312,41.68675]},"properties":{"f":3273}},{"type":"Feature","geometry":{"type":"Point","coordinates":[-70.43,41.68807]},"properties":{"f":2470}},{"type":"Feature","geometry":{"type":"Point","coordinates":[-70.41945,41.61093]},"properties":{"f":8572}},{"type":"Feature","geometry":{"type":"Point","coordinates":[-70.41942,41.61021]},"properties":{"f":5509}},{"type":"Feature","geometry":{"type":"Point","coordinates":[-70.42028,41.61143]},"properties":{"f":6256}},{"type":"Feature","geometry":{"type":"Point","coordinates":[-70.41978,41.61215]},"properties":{"f":3802}},{"type":"Feature","geometry":{"type":"Point","coordinates":[-70.42161,41.61239]},"properties":{"f":7151}},{"type":"Feature","geometry":{"type":"Point","coordinates":[-70.42116,41.61208]},"properties":{"f":3359}},{"type":"Feature","geometry":{"type":"Point","coordinates":[-70.42196,41.61435]},"properties":{"f":4990}},{"type":"Feature","geometry":{"type":"Point","coordinates":[-70.42278,41.61455]},"properties":{"f":3387}},{"type":"Feature","geometry":{"type":"Point","coordinates":[-70.41826,41.61421]},"properties":{"f":5245}},{"type":"Feature","geometry":{"type":"Point","coordinates":[-70.41818,41.61327]},"properties":{"f":5402}},{"type":"Feature","geometry":{"type":"Point","coordinates":[-70.41788,41.61265]},"properties":{"f":5229}},{"type":"Feature","geometry":{"type":"Point","coordinates":[-70.41834,41.61218]},"properties":{"f":5376}},{"type":"Feature","geometry":{"type":"Point","coordinates":[-70.42089,41.61162]},"properties":{"f":5080}},{"type":"Feature","geometry":{"type":"Point","coordinates":[-70.41769,41.61138]},"properties":{"f":5008}},{"type":"Feature","geometry":{"type":"Point","coordinates":[-70.41747,41.61202]},"properties":{"f":4973}},{"type":"Feature","geometry":{"type":"Point","coordinates":[-70.41734,41.61435]},"properties":{"f":4664}},{"type":"Feature","geometry":{"type":"Point","coordinates":[-70.41713,41.61372]},"properties":{"f":5741}},{"type":"Feature","geometry":{"type":"Point","coordinates":[-70.41856,41.61486]},"properties":{"f":6017}},{"type":"Feature","geometry":{"type":"Point","coordinates":[-70.41935,41.6152]},"properties":{"f":4604}},{"type":"Feature","geometry":{"type":"Point","coordinates":[-70.4236,41.61725]},"properties":{"f":2821}},{"type":"Feature","geometry":{"type":"Point","coordinates":[-70.42413,41.61841]},"properties":{"f":3692}},{"type":"Feature","geometry":{"type":"Point","coordinates":[-70.423,41.61776]},"properties":{"f":3513}},{"type":"Feature","geometry":{"type":"Point","coordinates":[-70.42236,41.61882]},"properties":{"f":3596}},{"type":"Feature","geometry":{"type":"Point","coordinates":[-70.42185,41.61922]},"properties":{"f":4968}},{"type":"Feature","geometry":{"type":"Point","coordinates":[-70.42144,41.61966]},"properties":{"f":6771}},{"type":"Feature","geometry":{"type":"Point","coordinates":[-70.42127,41.62022]},"properties":{"f":5062}},{"type":"Feature","geometry":{"type":"Point","coordinates":[-70.42041,41.61999]},"properties":{"f":2948}},{"type":"Feature","geometry":{"type":"Point","coordinates":[-70.41968,41.61999]},"properties":{"f":6137}},{"type":"Feature","geometry":{"type":"Point","coordinates":[-70.4189,41.61643]},"properties":{"f":4393}},{"type":"Feature","geometry":{"type":"Point","coordinates":[-70.41904,41.6182]},"properties":{"f":5476}},{"type":"Feature","geometry":{"type":"Point","coordinates":[-70.41913,41.61754]},"properties":{"f":3748}},{"type":"Feature","geometry":{"type":"Point","coordinates":[-70.41993,41.61542]},"properties":{"f":4501}},{"type":"Feature","geometry":{"type":"Point","coordinates":[-70.41973,41.61909]},"properties":{"f":4868}},{"type":"Feature","geometry":{"type":"Point","coordinates":[-70.42098,41.61832]},"properties":{"f":3468}},{"type":"Feature","geometry":{"type":"Point","coordinates":[-70.42507,41.62329]},"properties":{"f":4597}},{"type":"Feature","geometry":{"type":"Point","coordinates":[-70.4244,41.62582]},"properties":{"f":3217}},{"type":"Feature","geometry":{"type":"Point","coordinates":[-70.42461,41.62535]},"properties":{"f":5467}},{"type":"Feature","geometry":{"type":"Point","coordinates":[-70.42066,41.62153]},"properties":{"f":5337}},{"type":"Feature","geometry":{"type":"Point","coordinates":[-70.42579,41.62756]},"properties":{"f":3164}},{"type":"Feature","geometry":{"type":"Point","coordinates":[-70.42613,41.63009]},"properties":{"f":4113}},{"type":"Feature","geometry":{"type":"Point","coordinates":[-70.42267,41.62877]},"properties":{"f":3075}},{"type":"Feature","geometry":{"type":"Point","coordinates":[-70.42153,41.62825]},"properties":{"f":3577}},{"type":"Feature","geometry":{"type":"Point","coordinates":[-70.42076,41.6283]},"properties":{"f":2457}},{"type":"Feature","geometry":{"type":"Point","coordinates":[-70.42211,41.62815]},"properties":{"f":4142}},{"type":"Feature","geometry":{"type":"Point","coordinates":[-70.42197,41.6287]},"properties":{"f":3290}},{"type":"Feature","geometry":{"type":"Point","coordinates":[-70.42218,41.62933]},"properties":{"f":4091}},{"type":"Feature","geometry":{"type":"Point","coordinates":[-70.42179,41.62995]},"properties":{"f":3462}},{"type":"Feature","geometry":{"type":"Point","coordinates":[-70.42112,41.62988]},"properties":{"f":3694}},{"type":"Feature","geometry":{"type":"Point","coordinates":[-70.42105,41.62893]},"properties":{"f":3620}},{"type":"Feature","geometry":{"type":"Point","coordinates":[-70.4187,41.62753]},"properties":{"f":2879}},{"type":"Feature","geometry":{"type":"Point","coordinates":[-70.41794,41.62761]},"properties":{"f":4918}},{"type":"Feature","geometry":{"type":"Point","coordinates":[-70.41712,41.6276]},"properties":{"f":3199}},{"type":"Feature","geometry":{"type":"Point","coordinates":[-70.41702,41.62818]},"properties":{"f":4260}},{"type":"Feature","geometry":{"type":"Point","coordinates":[-70.41969,41.62744]},"properties":{"f":4990}},{"type":"Feature","geometry":{"type":"Point","coordinates":[-70.42043,41.62738]},"properties":{"f":3850}},{"type":"Feature","geometry":{"type":"Point","coordinates":[-70.42165,41.62717]},"properties":{"f":3393}},{"type":"Feature","geometry":{"type":"Point","coordinates":[-70.42091,41.62731]},"properties":{"f":2616}},{"type":"Feature","geometry":{"type":"Point","coordinates":[-70.4231,41.62662]},"properties":{"f":2460}},{"type":"Feature","geometry":{"type":"Point","coordinates":[-70.42356,41.62633]},"properties":{"f":4280}},{"type":"Feature","geometry":{"type":"Point","coordinates":[-70.42415,41.6261]},"properties":{"f":4128}},{"type":"Feature","geometry":{"type":"Point","coordinates":[-70.42392,41.62758]},"properties":{"f":2651}},{"type":"Feature","geometry":{"type":"Point","coordinates":[-70.42427,41.62878]},"properties":{"f":3104}},{"type":"Feature","geometry":{"type":"Point","coordinates":[-70.4243,41.6272]},"properties":{"f":2880}},{"type":"Feature","geometry":{"type":"Point","coordinates":[-70.42413,41.62795]},"properties":{"f":2497}},{"type":"Feature","geometry":{"type":"Point","coordinates":[-70.42699,41.62701]},"properties":{"f":2646}},{"type":"Feature","geometry":{"type":"Point","coordinates":[-70.42281,41.63678]},"properties":{"f":3691}},{"type":"Feature","geometry":{"type":"Point","coordinates":[-70.4226,41.63637]},"properties":{"f":2994}},{"type":"Feature","geometry":{"type":"Point","coordinates":[-70.42233,41.63576]},"properties":{"f":4673}},{"type":"Feature","geometry":{"type":"Point","coordinates":[-70.42189,41.63708]},"properties":{"f":3033}},{"type":"Feature","geometry":{"type":"Point","coordinates":[-70.42136,41.63594]},"properties":{"f":2513}},{"type":"Feature","geometry":{"type":"Point","coordinates":[-70.41976,41.6367]},"properties":{"f":2513}},{"type":"Feature","geometry":{"type":"Point","coordinates":[-70.41906,41.63676]},"properties":{"f":3009}},{"type":"Feature","geometry":{"type":"Point","coordinates":[-70.42149,41.63635]},"properties":{"f":2548}},{"type":"Feature","geometry":{"type":"Point","coordinates":[-70.41952,41.63575]},"properties":{"f":3351}},{"type":"Feature","geometry":{"type":"Point","coordinates":[-70.41891,41.63564]},"properties":{"f":2758}},{"type":"Feature","geometry":{"type":"Point","coordinates":[-70.41773,41.63611]},"properties":{"f":2901}},{"type":"Feature","geometry":{"type":"Point","coordinates":[-70.41762,41.63678]},"properties":{"f":2590}},{"type":"Feature","geometry":{"type":"Point","coordinates":[-70.41773,41.63755]},"properties":{"f":2732}},{"type":"Feature","geometry":{"type":"Point","coordinates":[-70.42216,41.63509]},"properties":{"f":2679}},{"type":"Feature","geometry":{"type":"Point","coordinates":[-70.422,41.63463]},"properties":{"f":3228}},{"type":"Feature","geometry":{"type":"Point","coordinates":[-70.42156,41.63444]},"properties":{"f":2638}},{"type":"Feature","geometry":{"type":"Point","coordinates":[-70.4208,41.63429]},"properties":{"f":2672}},{"type":"Feature","geometry":{"type":"Point","coordinates":[-70.42,41.63433]},"properties":{"f":3884}},{"type":"Feature","geometry":{"type":"Point","coordinates":[-70.41923,41.6338]},"properties":{"f":2914}},{"type":"Feature","geometry":{"type":"Point","coordinates":[-70.41983,41.6333]},"properties":{"f":2853}},{"type":"Feature","geometry":{"type":"Point","coordinates":[-70.42036,41.63337]},"properties":{"f":3202}},{"type":"Feature","geometry":{"type":"Point","coordinates":[-70.42001,41.63291]},"properties":{"f":2655}},{"type":"Feature","geometry":{"type":"Point","coordinates":[-70.4194,41.63313]},"properties":{"f":2937}},{"type":"Feature","geometry":{"type":"Point","coordinates":[-70.41891,41.6334]},"properties":{"f":3344}},{"type":"Feature","geometry":{"type":"Point","coordinates":[-70.41832,41.63267]},"properties":{"f":3417}},{"type":"Feature","geometry":{"type":"Point","coordinates":[-70.41828,41.63219]},"properties":{"f":3058}},{"type":"Feature","geometry":{"type":"Point","coordinates":[-70.41791,41.63237]},"properties":{"f":2984}},{"type":"Feature","geometry":{"type":"Point","coordinates":[-70.41756,41.63241]},"properties":{"f":2843}},{"type":"Feature","geometry":{"type":"Point","coordinates":[-70.41654,41.6323]},"properties":{"f":2473}},{"type":"Feature","geometry":{"type":"Point","coordinates":[-70.4211,41.63492]},"properties":{"f":2834}},{"type":"Feature","geometry":{"type":"Point","coordinates":[-70.42026,41.635]},"properties":{"f":2742}},{"type":"Feature","geometry":{"type":"Point","coordinates":[-70.41955,41.63501]},"properties":{"f":3784}},{"type":"Feature","geometry":{"type":"Point","coordinates":[-70.41899,41.63478]},"properties":{"f":3513}},{"type":"Feature","geometry":{"type":"Point","coordinates":[-70.41792,41.63331]},"properties":{"f":2792}},{"type":"Feature","geometry":{"type":"Point","coordinates":[-70.41717,41.63311]},"properties":{"f":3615}},{"type":"Feature","geometry":{"type":"Point","coordinates":[-70.41682,41.63567]},"properties":{"f":3377}},{"type":"Feature","geometry":{"type":"Point","coordinates":[-70.41731,41.63554]},"properties":{"f":2495}},{"type":"Feature","geometry":{"type":"Point","coordinates":[-70.41778,41.63512]},"properties":{"f":3334}},{"type":"Feature","geometry":{"type":"Point","coordinates":[-70.4176,41.63416]},"properties":{"f":3584}},{"type":"Feature","geometry":{"type":"Point","coordinates":[-70.41661,41.63349]},"properties":{"f":2996}},{"type":"Feature","geometry":{"type":"Point","coordinates":[-70.41656,41.63387]},"properties":{"f":3311}},{"type":"Feature","geometry":{"type":"Point","coordinates":[-70.41638,41.63447]},"properties":{"f":2546}},{"type":"Feature","geometry":{"type":"Point","coordinates":[-70.41658,41.63498]},"properties":{"f":4334}},{"type":"Feature","geometry":{"type":"Point","coordinates":[-70.4217,41.64063]},"properties":{"f":2503}},{"type":"Feature","geometry":{"type":"Point","coordinates":[-70.42248,41.64011]},"properties":{"f":3262}},{"type":"Feature","geometry":{"type":"Point","coordinates":[-70.42343,41.64005]},"properties":{"f":3364}},{"type":"Feature","geometry":{"type":"Point","coordinates":[-70.42344,41.6407]},"properties":{"f":2455}},{"type":"Feature","geometry":{"type":"Point","coordinates":[-70.42381,41.6419]},"properties":{"f":4475}},{"type":"Feature","geometry":{"type":"Point","coordinates":[-70.42256,41.64161]},"properties":{"f":2999}},{"type":"Feature","geometry":{"type":"Point","coordinates":[-70.41979,41.64132]},"properties":{"f":2537}},{"type":"Feature","geometry":{"type":"Point","coordinates":[-70.41997,41.64068]},"properties":{"f":3055}},{"type":"Feature","geometry":{"type":"Point","coordinates":[-70.42067,41.64055]},"properties":{"f":2638}},{"type":"Feature","geometry":{"type":"Point","coordinates":[-70.42415,41.64268]},"properties":{"f":3145}},{"type":"Feature","geometry":{"type":"Point","coordinates":[-70.423,41.64222]},"properties":{"f":2516}},{"type":"Feature","geometry":{"type":"Point","coordinates":[-70.42193,41.64146]},"properties":{"f":2508}},{"type":"Feature","geometry":{"type":"Point","coordinates":[-70.42144,41.64131]},"properties":{"f":2882}},{"type":"Feature","geometry":{"type":"Point","coordinates":[-70.42076,41.64147]},"properties":{"f":3089}},{"type":"Feature","geometry":{"type":"Point","coordinates":[-70.41905,41.63966]},"properties":{"f":2628}},{"type":"Feature","geometry":{"type":"Point","coordinates":[-70.418,41.63843]},"properties":{"f":2638}},{"type":"Feature","geometry":{"type":"Point","coordinates":[-70.42427,41.63878]},"properties":{"f":2486}},{"type":"Feature","geometry":{"type":"Point","coordinates":[-70.42425,41.63921]},"properties":{"f":3225}},{"type":"Feature","geometry":{"type":"Point","coordinates":[-70.42362,41.63926]},"properties":{"f":3346}},{"type":"Feature","geometry":{"type":"Point","coordinates":[-70.42314,41.63946]},"properties":{"f":3004}},{"type":"Feature","geometry":{"type":"Point","coordinates":[-70.42207,41.63973]},"properties":{"f":3322}},{"type":"Feature","geometry":{"type":"Point","coordinates":[-70.42149,41.63974]},"properties":{"f":3465}},{"type":"Feature","geometry":{"type":"Point","coordinates":[-70.42022,41.63976]},"properties":{"f":3000}},{"type":"Feature","geometry":{"type":"Point","coordinates":[-70.41947,41.63975]},"properties":{"f":2910}},{"type":"Feature","geometry":{"type":"Point","coordinates":[-70.41931,41.63912]},"properties":{"f":2730}},{"type":"Feature","geometry":{"type":"Point","coordinates":[-70.4187,41.63804]},"properties":{"f":2789}},{"type":"Feature","geometry":{"type":"Point","coordinates":[-70.41865,41.6377]},"properties":{"f":2483}},{"type":"Feature","geometry":{"type":"Point","coordinates":[-70.41819,41.63759]},"properties":{"f":2484}},{"type":"Feature","geometry":{"type":"Point","coordinates":[-70.42371,41.63801]},"properties":{"f":2497}},{"type":"Feature","geometry":{"type":"Point","coordinates":[-70.42351,41.63771]},"properties":{"f":2764}},{"type":"Feature","geometry":{"type":"Point","coordinates":[-70.42313,41.63751]},"properties":{"f":2622}},{"type":"Feature","geometry":{"type":"Point","coordinates":[-70.4224,41.63875]},"properties":{"f":2933}},{"type":"Feature","geometry":{"type":"Point","coordinates":[-70.42184,41.63888]},"properties":{"f":2981}},{"type":"Feature","geometry":{"type":"Point","coordinates":[-70.4214,41.63911]},"properties":{"f":2690}},{"type":"Feature","geometry":{"type":"Point","coordinates":[-70.4209,41.63917]},"properties":{"f":2603}},{"type":"Feature","geometry":{"type":"Point","coordinates":[-70.42048,41.63899]},"properties":{"f":2481}},{"type":"Feature","geometry":{"type":"Point","coordinates":[-70.42004,41.63871]},"properties":{"f":2633}},{"type":"Feature","geometry":{"type":"Point","coordinates":[-70.41977,41.63817]},"properties":{"f":2762}},{"type":"Feature","geometry":{"type":"Point","coordinates":[-70.42164,41.63821]},"properties":{"f":6245}},{"type":"Feature","geometry":{"type":"Point","coordinates":[-70.42069,41.63818]},"properties":{"f":2574}},{"type":"Feature","geometry":{"type":"Point","coordinates":[-70.42057,41.63737]},"properties":{"f":3768}},{"type":"Feature","geometry":{"type":"Point","coordinates":[-70.41992,41.63733]},"properties":{"f":3004}},{"type":"Feature","geometry":{"type":"Point","coordinates":[-70.41929,41.63744]},"properties":{"f":3423}},{"type":"Feature","geometry":{"type":"Point","coordinates":[-70.422,41.63734]},"properties":{"f":3150}},{"type":"Feature","geometry":{"type":"Point","coordinates":[-70.42138,41.63756]},"properties":{"f":3480}},{"type":"Feature","geometry":{"type":"Point","coordinates":[-70.41766,41.64149]},"properties":{"f":3763}},{"type":"Feature","geometry":{"type":"Point","coordinates":[-70.41708,41.64123]},"properties":{"f":2559}},{"type":"Feature","geometry":{"type":"Point","coordinates":[-70.41684,41.64185]},"properties":{"f":3522}},{"type":"Feature","geometry":{"type":"Point","coordinates":[-70.42645,41.64263]},"properties":{"f":2970}},{"type":"Feature","geometry":{"type":"Point","coordinates":[-70.42534,41.64053]},"properties":{"f":2488}},{"type":"Feature","geometry":{"type":"Point","coordinates":[-70.42411,41.63967]},"properties":{"f":2783}},{"type":"Feature","geometry":{"type":"Point","coordinates":[-70.42419,41.64033]},"properties":{"f":3091}},{"type":"Feature","geometry":{"type":"Point","coordinates":[-70.42467,41.6415]},"properties":{"f":4600}},{"type":"Feature","geometry":{"type":"Point","coordinates":[-70.42484,41.64192]},"properties":{"f":2814}},{"type":"Feature","geometry":{"type":"Point","coordinates":[-70.41816,41.64089]},"properties":{"f":2965}},{"type":"Feature","geometry":{"type":"Point","coordinates":[-70.41763,41.63951]},"properties":{"f":2736}},{"type":"Feature","geometry":{"type":"Point","coordinates":[-70.41658,41.63876]},"properties":{"f":5088}},{"type":"Feature","geometry":{"type":"Point","coordinates":[-70.42578,41.64557]},"properties":{"f":2469}},{"type":"Feature","geometry":{"type":"Point","coordinates":[-70.42615,41.64719]},"properties":{"f":2679}},{"type":"Feature","geometry":{"type":"Point","coordinates":[-70.4211,41.64832]},"properties":{"f":2634}},{"type":"Feature","geometry":{"type":"Point","coordinates":[-70.42101,41.64761]},"properties":{"f":3137}},{"type":"Feature","geometry":{"type":"Point","coordinates":[-70.41965,41.64421]},"properties":{"f":3044}},{"type":"Feature","geometry":{"type":"Point","coordinates":[-70.41948,41.64371]},"properties":{"f":2463}},{"type":"Feature","geometry":{"type":"Point","coordinates":[-70.41937,41.64334]},"properties":{"f":2630}},{"type":"Feature","geometry":{"type":"Point","coordinates":[-70.4165,41.64827]},"properties":{"f":2498}},{"type":"Feature","geometry":{"type":"Point","coordinates":[-70.41716,41.6482]},"properties":{"f":2493}},{"type":"Feature","geometry":{"type":"Point","coordinates":[-70.41779,41.64808]},"properties":{"f":2538}},{"type":"Feature","geometry":{"type":"Point","coordinates":[-70.41872,41.64713]},"properties":{"f":2978}},{"type":"Feature","geometry":{"type":"Point","coordinates":[-70.4189,41.64682]},"properties":{"f":2724}},{"type":"Feature","geometry":{"type":"Point","coordinates":[-70.41902,41.64647]},"properties":{"f":2504}},{"type":"Feature","geometry":{"type":"Point","coordinates":[-70.41906,41.64506]},"properties":{"f":2504}},{"type":"Feature","geometry":{"type":"Point","coordinates":[-70.41848,41.64375]},"properties":{"f":2525}},{"type":"Feature","geometry":{"type":"Point","coordinates":[-70.4181,41.64241]},"properties":{"f":2509}},{"type":"Feature","geometry":{"type":"Point","coordinates":[-70.41823,41.64502]},"properties":{"f":2622}},{"type":"Feature","geometry":{"type":"Point","coordinates":[-70.4167,41.64753]},"properties":{"f":2807}},{"type":"Feature","geometry":{"type":"Point","coordinates":[-70.41748,41.64743]},"properties":{"f":2800}},{"type":"Feature","geometry":{"type":"Point","coordinates":[-70.41799,41.64683]},"properties":{"f":2812}},{"type":"Feature","geometry":{"type":"Point","coordinates":[-70.4181,41.64651]},"properties":{"f":3230}},{"type":"Feature","geometry":{"type":"Point","coordinates":[-70.41797,41.64617]},"properties":{"f":3344}},{"type":"Feature","geometry":{"type":"Point","coordinates":[-70.4172,41.64449]},"properties":{"f":2855}},{"type":"Feature","geometry":{"type":"Point","coordinates":[-70.41649,41.64411]},"properties":{"f":2490}},{"type":"Feature","geometry":{"type":"Point","coordinates":[-70.41744,41.64668]},"properties":{"f":2848}},{"type":"Feature","geometry":{"type":"Point","coordinates":[-70.41726,41.64633]},"properties":{"f":2522}},{"type":"Feature","geometry":{"type":"Point","coordinates":[-70.41707,41.64603]},"properties":{"f":2836}},{"type":"Feature","geometry":{"type":"Point","coordinates":[-70.41686,41.64569]},"properties":{"f":2502}},{"type":"Feature","geometry":{"type":"Point","coordinates":[-70.41992,41.64497]},"properties":{"f":2693}},{"type":"Feature","geometry":{"type":"Point","coordinates":[-70.42025,41.64354]},"properties":{"f":2877}},{"type":"Feature","geometry":{"type":"Point","coordinates":[-70.42079,41.64283]},"properties":{"f":3095}},{"type":"Feature","geometry":{"type":"Point","coordinates":[-70.421,41.64374]},"properties":{"f":2595}},{"type":"Feature","geometry":{"type":"Point","coordinates":[-70.42151,41.6448]},"properties":{"f":2694}},{"type":"Feature","geometry":{"type":"Point","coordinates":[-70.42402,41.64559]},"properties":{"f":2691}},{"type":"Feature","geometry":{"type":"Point","coordinates":[-70.42381,41.64502]},"properties":{"f":2516}},{"type":"Feature","geometry":{"type":"Point","coordinates":[-70.42348,41.64361]},"properties":{"f":2568}},{"type":"Feature","geometry":{"type":"Point","coordinates":[-70.42405,41.64377]},"properties":{"f":3654}},{"type":"Feature","geometry":{"type":"Point","coordinates":[-70.42443,41.64411]},"properties":{"f":2951}},{"type":"Feature","geometry":{"type":"Point","coordinates":[-70.42496,41.6436]},"properties":{"f":2472}},{"type":"Feature","geometry":{"type":"Point","coordinates":[-70.42508,41.64265]},"properties":{"f":3178}},{"type":"Feature","geometry":{"type":"Point","coordinates":[-70.42614,41.64383]},"properties":{"f":2842}},{"type":"Feature","geometry":{"type":"Point","coordinates":[-70.42563,41.64417]},"properties":{"f":3774}},{"type":"Feature","geometry":{"type":"Point","coordinates":[-70.42496,41.64485]},"properties":{"f":2485}},{"type":"Feature","geometry":{"type":"Point","coordinates":[-70.41946,41.64954]},"properties":{"f":2496}},{"type":"Feature","geometry":{"type":"Point","coordinates":[-70.41844,41.64986]},"properties":{"f":2621}},{"type":"Feature","geometry":{"type":"Point","coordinates":[-70.41727,41.65039]},"properties":{"f":2645}},{"type":"Feature","geometry":{"type":"Point","coordinates":[-70.41995,41.65045]},"properties":{"f":3642}},{"type":"Feature","geometry":{"type":"Point","coordinates":[-70.4201,41.64953]},"properties":{"f":2775}},{"type":"Feature","geometry":{"type":"Point","coordinates":[-70.41858,41.64833]},"properties":{"f":3559}},{"type":"Feature","geometry":{"type":"Point","coordinates":[-70.4202,41.65926]},"properties":{"f":4204}},{"type":"Feature","geometry":{"type":"Point","coordinates":[-70.41867,41.65691]},"properties":{"f":2670}},{"type":"Feature","geometry":{"type":"Point","coordinates":[-70.42001,41.65785]},"properties":{"f":2527}},{"type":"Feature","geometry":{"type":"Point","coordinates":[-70.4222,41.65851]},"properties":{"f":3096}},{"type":"Feature","geometry":{"type":"Point","coordinates":[-70.42405,41.66436]},"properties":{"f":2858}},{"type":"Feature","geometry":{"type":"Point","coordinates":[-70.42457,41.66333]},"properties":{"f":2488}},{"type":"Feature","geometry":{"type":"Point","coordinates":[-70.426,41.66451]},"properties":{"f":2938}},{"type":"Feature","geometry":{"type":"Point","coordinates":[-70.42011,41.66012]},"properties":{"f":2606}},{"type":"Feature","geometry":{"type":"Point","coordinates":[-70.42556,41.66602]},"properties":{"f":2528}},{"type":"Feature","geometry":{"type":"Point","coordinates":[-70.4195,41.66858]},"properties":{"f":2974}},{"type":"Feature","geometry":{"type":"Point","coordinates":[-70.41995,41.6684]},"properties":{"f":2497}},{"type":"Feature","geometry":{"type":"Point","coordinates":[-70.42048,41.66754]},"properties":{"f":2505}},{"type":"Feature","geometry":{"type":"Point","coordinates":[-70.41965,41.66644]},"properties":{"f":2632}},{"type":"Feature","geometry":{"type":"Point","coordinates":[-70.41881,41.66662]},"properties":{"f":4059}},{"type":"Feature","geometry":{"type":"Point","coordinates":[-70.41906,41.66743]},"properties":{"f":2586}},{"type":"Feature","geometry":{"type":"Point","coordinates":[-70.41959,41.66752]},"properties":{"f":2773}},{"type":"Feature","geometry":{"type":"Point","coordinates":[-70.41967,41.6679]},"properties":{"f":3231}},{"type":"Feature","geometry":{"type":"Point","coordinates":[-70.41914,41.66796]},"properties":{"f":2517}},{"type":"Feature","geometry":{"type":"Point","coordinates":[-70.42054,41.66637]},"properties":{"f":3203}},{"type":"Feature","geometry":{"type":"Point","coordinates":[-70.41963,41.66615]},"properties":{"f":2486}},{"type":"Feature","geometry":{"type":"Point","coordinates":[-70.4197,41.66575]},"properties":{"f":2773}},{"type":"Feature","geometry":{"type":"Point","coordinates":[-70.41939,41.66529]},"properties":{"f":3102}},{"type":"Feature","geometry":{"type":"Point","coordinates":[-70.41882,41.66541]},"properties":{"f":3065}},{"type":"Feature","geometry":{"type":"Point","coordinates":[-70.41861,41.66585]},"properties":{"f":3607}},{"type":"Feature","geometry":{"type":"Point","coordinates":[-70.41869,41.66618]},"properties":{"f":3486}},{"type":"Feature","geometry":{"type":"Point","coordinates":[-70.41681,41.66838]},"properties":{"f":3787}},{"type":"Feature","geometry":{"type":"Point","coordinates":[-70.41728,41.66535]},"properties":{"f":3344}},{"type":"Feature","geometry":{"type":"Point","coordinates":[-70.41742,41.66576]},"properties":{"f":3818}},{"type":"Feature","geometry":{"type":"Point","coordinates":[-70.41756,41.66616]},"properties":{"f":2619}},{"type":"Feature","geometry":{"type":"Point","coordinates":[-70.4177,41.66656]},"properties":{"f":4042}},{"type":"Feature","geometry":{"type":"Point","coordinates":[-70.41783,41.66697]},"properties":{"f":2782}},{"type":"Feature","geometry":{"type":"Point","coordinates":[-70.41799,41.66764]},"properties":{"f":4240}},{"type":"Feature","geometry":{"type":"Point","coordinates":[-70.41658,41.66732]},"properties":{"f":3514}},{"type":"Feature","geometry":{"type":"Point","coordinates":[-70.41646,41.66582]},"properties":{"f":3332}},{"type":"Feature","geometry":{"type":"Point","coordinates":[-70.41622,41.66827]},"properties":{"f":2678}},{"type":"Feature","geometry":{"type":"Point","coordinates":[-70.41735,41.66852]},"properties":{"f":7157}},{"type":"Feature","geometry":{"type":"Point","coordinates":[-70.42643,41.6648]},"properties":{"f":3082}},{"type":"Feature","geometry":{"type":"Point","coordinates":[-70.4183,41.66901]},"properties":{"f":3174}},{"type":"Feature","geometry":{"type":"Point","coordinates":[-70.42466,41.67004]},"properties":{"f":2837}},{"type":"Feature","geometry":{"type":"Point","coordinates":[-70.42401,41.66859]},"properties":{"f":3292}},{"type":"Feature","geometry":{"type":"Point","coordinates":[-70.42363,41.66766]},"properties":{"f":3452}},{"type":"Feature","geometry":{"type":"Point","coordinates":[-70.42247,41.6678]},"properties":{"f":3391}},{"type":"Feature","geometry":{"type":"Point","coordinates":[-70.42146,41.66756]},"properties":{"f":2510}},{"type":"Feature","geometry":{"type":"Point","coordinates":[-70.42293,41.6685]},"properties":{"f":2545}},{"type":"Feature","geometry":{"type":"Point","coordinates":[-70.42614,41.66596]},"properties":{"f":2595}},{"type":"Feature","geometry":{"type":"Point","coordinates":[-70.42628,41.66598]},"properties":{"f":3237}},{"type":"Feature","geometry":{"type":"Point","coordinates":[-70.42059,41.67375]},"properties":{"f":3017}},{"type":"Feature","geometry":{"type":"Point","coordinates":[-70.41896,41.67303]},"properties":{"f":2518}},{"type":"Feature","geometry":{"type":"Point","coordinates":[-70.4212,41.67507]},"properties":{"f":2529}},{"type":"Feature","geometry":{"type":"Point","coordinates":[-70.42599,41.67507]},"properties":{"f":3324}},{"type":"Feature","geometry":{"type":"Point","coordinates":[-70.42552,41.67465]},"properties":{"f":2719}},{"type":"Feature","geometry":{"type":"Point","coordinates":[-70.42625,41.67215]},"properties":{"f":3232}},{"type":"Feature","geometry":{"type":"Point","coordinates":[-70.42456,41.67106]},"properties":{"f":2597}},{"type":"Feature","geometry":{"type":"Point","coordinates":[-70.42471,41.67046]},"properties":{"f":3321}},{"type":"Feature","geometry":{"type":"Point","coordinates":[-70.42208,41.67506]},"properties":{"f":3728}},{"type":"Feature","geometry":{"type":"Point","coordinates":[-70.42306,41.67503]},"properties":{"f":2916}},{"type":"Feature","geometry":{"type":"Point","coordinates":[-70.42333,41.6745]},"properties":{"f":2855}},{"type":"Feature","geometry":{"type":"Point","coordinates":[-70.42339,41.67254]},"properties":{"f":3514}},{"type":"Feature","geometry":{"type":"Point","coordinates":[-70.41953,41.67143]},"properties":{"f":3107}},{"type":"Feature","geometry":{"type":"Point","coordinates":[-70.42031,41.67124]},"properties":{"f":2722}},{"type":"Feature","geometry":{"type":"Point","coordinates":[-70.41962,41.67039]},"properties":{"f":2878}},{"type":"Feature","geometry":{"type":"Point","coordinates":[-70.42029,41.67043]},"properties":{"f":2534}},{"type":"Feature","geometry":{"type":"Point","coordinates":[-70.42216,41.66995]},"properties":{"f":3413}},{"type":"Feature","geometry":{"type":"Point","coordinates":[-70.42145,41.67114]},"properties":{"f":2851}},{"type":"Feature","geometry":{"type":"Point","coordinates":[-70.42657,41.67884]},"properties":{"f":3733}},{"type":"Feature","geometry":{"type":"Point","coordinates":[-70.42533,41.67984]},"properties":{"f":3551}},{"type":"Feature","geometry":{"type":"Point","coordinates":[-70.42349,41.67979]},"properties":{"f":2683}},{"type":"Feature","geometry":{"type":"Point","coordinates":[-70.42265,41.6795]},"properties":{"f":3053}},{"type":"Feature","geometry":{"type":"Point","coordinates":[-70.42423,41.6775]},"properties":{"f":3265}},{"type":"Feature","geometry":{"type":"Point","coordinates":[-70.42197,41.67572]},"properties":{"f":2470}},{"type":"Feature","geometry":{"type":"Point","coordinates":[-70.4224,41.67774]},"properties":{"f":2535}},{"type":"Feature","geometry":{"type":"Point","coordinates":[-70.42271,41.67865]},"properties":{"f":3055}},{"type":"Feature","geometry":{"type":"Point","coordinates":[-70.42148,41.67825]},"properties":{"f":2604}},{"type":"Feature","geometry":{"type":"Point","coordinates":[-70.42198,41.67929]},"properties":{"f":3776}},{"type":"Feature","geometry":{"type":"Point","coordinates":[-70.42139,41.67897]},"properties":{"f":2456}},{"type":"Feature","geometry":{"type":"Point","coordinates":[-70.4207,41.67721]},"properties":{"f":2743}},{"type":"Feature","geometry":{"type":"Point","coordinates":[-70.42069,41.67776]},"properties":{"f":2489}},{"type":"Feature","geometry":{"type":"Point","coordinates":[-70.41959,41.67712]},"properties":{"f":3108}},{"type":"Feature","geometry":{"type":"Point","coordinates":[-70.41963,41.67767]},"properties":{"f":2621}},{"type":"Feature","geometry":{"type":"Point","coordinates":[-70.42345,41.68087]},"properties":{"f":2956}},{"type":"Feature","geometry":{"type":"Point","coordinates":[-70.42307,41.68058]},"properties":{"f":2806}},{"type":"Feature","geometry":{"type":"Point","coordinates":[-70.42029,41.67996]},"properties":{"f":3521}},{"type":"Feature","geometry":{"type":"Point","coordinates":[-70.41879,41.68087]},"properties":{"f":3542}},{"type":"Feature","geometry":{"type":"Point","coordinates":[-70.42125,41.68077]},"properties":{"f":2814}},{"type":"Feature","geometry":{"type":"Point","coordinates":[-70.42164,41.68095]},"properties":{"f":2799}},{"type":"Feature","geometry":{"type":"Point","coordinates":[-70.42565,41.67782]},"properties":{"f":2630}},{"type":"Feature","geometry":{"type":"Point","coordinates":[-70.42679,41.67733]},"properties":{"f":2517}},{"type":"Feature","geometry":{"type":"Point","coordinates":[-70.42683,41.67675]},"properties":{"f":3107}},{"type":"Feature","geometry":{"type":"Point","coordinates":[-70.42562,41.67677]},"properties":{"f":2536}},{"type":"Feature","geometry":{"type":"Point","coordinates":[-70.42469,41.67581]},"properties":{"f":3029}},{"type":"Feature","geometry":{"type":"Point","coordinates":[-70.4174,41.68346]},"properties":{"f":2854}},{"type":"Feature","geometry":{"type":"Point","coordinates":[-70.42235,41.68475]},"properties":{"f":2776}},{"type":"Feature","geometry":{"type":"Point","coordinates":[-70.42012,41.6834]},"properties":{"f":2839}},{"type":"Feature","geometry":{"type":"Point","coordinates":[-70.41934,41.6825]},"properties":{"f":2686}},{"type":"Feature","geometry":{"type":"Point","coordinates":[-70.41925,41.68216]},"properties":{"f":2945}},{"type":"Feature","geometry":{"type":"Point","coordinates":[-70.41953,41.68188]},"properties":{"f":2951}},{"type":"Feature","geometry":{"type":"Point","coordinates":[-70.41981,41.68142]},"properties":{"f":4374}},{"type":"Feature","geometry":{"type":"Point","coordinates":[-70.41924,41.68105]},"properties":{"f":3291}},{"type":"Feature","geometry":{"type":"Point","coordinates":[-70.42378,41.68116]},"properties":{"f":3657}},{"type":"Feature","geometry":{"type":"Point","coordinates":[-70.42233,41.68226]},"properties":{"f":2461}},{"type":"Feature","geometry":{"type":"Point","coordinates":[-70.42214,41.68264]},"properties":{"f":2467}},{"type":"Feature","geometry":{"type":"Point","coordinates":[-70.42177,41.68315]},"properties":{"f":3140}},{"type":"Feature","geometry":{"type":"Point","coordinates":[-70.4209,41.68258]},"properties":{"f":3134}},{"type":"Feature","geometry":{"type":"Point","coordinates":[-70.42099,41.68191]},"properties":{"f":2590}},{"type":"Feature","geometry":{"type":"Point","coordinates":[-70.42225,41.68168]},"properties":{"f":2477}},{"type":"Feature","geometry":{"type":"Point","coordinates":[-70.41678,41.686]},"properties":{"f":2634}},{"type":"Feature","geometry":{"type":"Point","coordinates":[-70.41686,41.6863]},"properties":{"f":2685}},{"type":"Feature","geometry":{"type":"Point","coordinates":[-70.42671,41.68593]},"properties":{"f":2535}},{"type":"Feature","geometry":{"type":"Point","coordinates":[-70.42276,41.68839]},"properties":{"f":2693}},{"type":"Feature","geometry":{"type":"Point","coordinates":[-70.42568,41.68733]},"properties":{"f":3076}},{"type":"Feature","geometry":{"type":"Point","coordinates":[-70.42171,41.68807]},"properties":{"f":2888}},{"type":"Feature","geometry":{"type":"Point","coordinates":[-70.42147,41.68878]},"properties":{"f":3180}},{"type":"Feature","geometry":{"type":"Point","coordinates":[-70.41617,41.6119]},"properties":{"f":5873}},{"type":"Feature","geometry":{"type":"Point","coordinates":[-70.41467,41.61133]},"properties":{"f":4190}},{"type":"Feature","geometry":{"type":"Point","coordinates":[-70.41242,41.61245]},"properties":{"f":5806}},{"type":"Feature","geometry":{"type":"Point","coordinates":[-70.41318,41.61181]},"properties":{"f":2754}},{"type":"Feature","geometry":{"type":"Point","coordinates":[-70.41374,41.61232]},"properties":{"f":4405}},{"type":"Feature","geometry":{"type":"Point","coordinates":[-70.41696,41.61296]},"properties":{"f":9554}},{"type":"Feature","geometry":{"type":"Point","coordinates":[-70.41226,41.61335]},"properties":{"f":5994}},{"type":"Feature","geometry":{"type":"Point","coordinates":[-70.41287,41.6132]},"properties":{"f":3347}},{"type":"Feature","geometry":{"type":"Point","coordinates":[-70.41348,41.61307]},"properties":{"f":4853}},{"type":"Feature","geometry":{"type":"Point","coordinates":[-70.41586,41.61275]},"properties":{"f":5702}},{"type":"Feature","geometry":{"type":"Point","coordinates":[-70.40694,41.61131]},"properties":{"f":2844}},{"type":"Feature","geometry":{"type":"Point","coordinates":[-70.41136,41.61153]},"properties":{"f":7370}},{"type":"Feature","geometry":{"type":"Point","coordinates":[-70.41146,41.61004]},"properties":{"f":3068}},{"type":"Feature","geometry":{"type":"Point","coordinates":[-70.41431,41.61046]},"properties":{"f":3126}},{"type":"Feature","geometry":{"type":"Point","coordinates":[-70.41482,41.61018]},"properties":{"f":2696}},{"type":"Feature","geometry":{"type":"Point","coordinates":[-70.41527,41.61017]},"properties":{"f":6017}},{"type":"Feature","geometry":{"type":"Point","coordinates":[-70.41667,41.61007]},"properties":{"f":6976}},{"type":"Feature","geometry":{"type":"Point","coordinates":[-70.40692,41.61363]},"properties":{"f":3395}},{"type":"Feature","geometry":{"type":"Point","coordinates":[-70.40858,41.61286]},"properties":{"f":6165}},{"type":"Feature","geometry":{"type":"Point","coordinates":[-70.40673,41.61455]},"properties":{"f":10516}},{"type":"Feature","geometry":{"type":"Point","coordinates":[-70.41567,41.61413]},"properties":{"f":4609}},{"type":"Feature","geometry":{"type":"Point","coordinates":[-70.416,41.61753]},"properties":{"f":5463}},{"type":"Feature","geometry":{"type":"Point","coordinates":[-70.4158,41.61706]},"properties":{"f":4795}},{"type":"Feature","geometry":{"type":"Point","coordinates":[-70.41572,41.61674]},"properties":{"f":3318}},{"type":"Feature","geometry":{"type":"Point","coordinates":[-70.41566,41.61625]},"properties":{"f":4991}},{"type":"Feature","geometry":{"type":"Point","coordinates":[-70.41565,41.6159]},"properties":{"f":6233}},{"type":"Feature","geometry":{"type":"Point","coordinates":[-70.41563,41.6155]},"properties":{"f":5118}},{"type":"Feature","geometry":{"type":"Point","coordinates":[-70.41562,41.61514]},"properties":{"f":4148}},{"type":"Feature","geometry":{"type":"Point","coordinates":[-70.41631,41.61797]},"properties":{"f":5310}},{"type":"Feature","geometry":{"type":"Point","coordinates":[-70.4166,41.6184]},"properties":{"f":5603}},{"type":"Feature","geometry":{"type":"Point","coordinates":[-70.41458,41.61695]},"properties":{"f":5136}},{"type":"Feature","geometry":{"type":"Point","coordinates":[-70.41086,41.61868]},"properties":{"f":5551}},{"type":"Feature","geometry":{"type":"Point","coordinates":[-70.41086,41.61945]},"properties":{"f":4567}},{"type":"Feature","geometry":{"type":"Point","coordinates":[-70.41476,41.6174]},"properties":{"f":3368}},{"type":"Feature","geometry":{"type":"Point","coordinates":[-70.4144,41.61597]},"properties":{"f":4342}},{"type":"Feature","geometry":{"type":"Point","coordinates":[-70.41075,41.61756]},"properties":{"f":2696}},{"type":"Feature","geometry":{"type":"Point","coordinates":[-70.40987,41.61923]},"properties":{"f":2640}},{"type":"Feature","geometry":{"type":"Point","coordinates":[-70.40987,41.61845]},"properties":{"f":2566}},{"type":"Feature","geometry":{"type":"Point","coordinates":[-70.41004,41.62033]},"properties":{"f":4493}},{"type":"Feature","geometry":{"type":"Point","coordinates":[-70.40977,41.61883]},"properties":{"f":5961}},{"type":"Feature","geometry":{"type":"Point","coordinates":[-70.40994,41.61788]},"properties":{"f":7474}},{"type":"Feature","geometry":{"type":"Point","coordinates":[-70.40971,41.6172]},"properties":{"f":5626}},{"type":"Feature","geometry":{"type":"Point","coordinates":[-70.40903,41.61741]},"properties":{"f":6049}},{"type":"Feature","geometry":{"type":"Point","coordinates":[-70.40908,41.61792]},"properties":{"f":4158}},{"type":"Feature","geometry":{"type":"Point","coordinates":[-70.40902,41.61833]},"properties":{"f":5503}},{"type":"Feature","geometry":{"type":"Point","coordinates":[-70.40889,41.619]},"properties":{"f":4806}},{"type":"Feature","geometry":{"type":"Point","coordinates":[-70.40857,41.62011]},"properties":{"f":5381}},{"type":"Feature","geometry":{"type":"Point","coordinates":[-70.40753,41.61747]},"properties":{"f":7011}},{"type":"Feature","geometry":{"type":"Point","coordinates":[-70.40765,41.61869]},"properties":{"f":3490}},{"type":"Feature","geometry":{"type":"Point","coordinates":[-70.40737,41.61702]},"properties":{"f":4387}},{"type":"Feature","geometry":{"type":"Point","coordinates":[-70.40656,41.6153]},"properties":{"f":3645}},{"type":"Feature","geometry":{"type":"Point","coordinates":[-70.40814,41.61613]},"properties":{"f":4886}},{"type":"Feature","geometry":{"type":"Point","coordinates":[-70.41641,41.62229]},"properties":{"f":4182}},{"type":"Feature","geometry":{"type":"Point","coordinates":[-70.41572,41.62374]},"properties":{"f":5934}},{"type":"Feature","geometry":{"type":"Point","coordinates":[-70.41493,41.62497]},"properties":{"f":4127}},{"type":"Feature","geometry":{"type":"Point","coordinates":[-70.41458,41.62539]},"properties":{"f":3412}},{"type":"Feature","geometry":{"type":"Point","coordinates":[-70.41207,41.62584]},"properties":{"f":5522}},{"type":"Feature","geometry":{"type":"Point","coordinates":[-70.41384,41.62506]},"properties":{"f":2791}},{"type":"Feature","geometry":{"type":"Point","coordinates":[-70.41336,41.62546]},"properties":{"f":3957}},{"type":"Feature","geometry":{"type":"Point","coordinates":[-70.41273,41.62565]},"properties":{"f":4115}},{"type":"Feature","geometry":{"type":"Point","coordinates":[-70.4112,41.62598]},"properties":{"f":7255}},{"type":"Feature","geometry":{"type":"Point","coordinates":[-70.41225,41.62086]},"properties":{"f":3831}},{"type":"Feature","geometry":{"type":"Point","coordinates":[-70.41166,41.62084]},"properties":{"f":3910}},{"type":"Feature","geometry":{"type":"Point","coordinates":[-70.4118,41.62137]},"properties":{"f":4045}},{"type":"Feature","geometry":{"type":"Point","coordinates":[-70.41189,41.62197]},"properties":{"f":3307}},{"type":"Feature","geometry":{"type":"Point","coordinates":[-70.41231,41.62318]},"properties":{"f":4030}},{"type":"Feature","geometry":{"type":"Point","coordinates":[-70.41063,41.62189]},"properties":{"f":8408}},{"type":"Feature","geometry":{"type":"Point","coordinates":[-70.41036,41.62252]},"properties":{"f":4038}},{"type":"Feature","geometry":{"type":"Point","coordinates":[-70.41063,41.62312]},"properties":{"f":4658}},{"type":"Feature","geometry":{"type":"Point","coordinates":[-70.41109,41.62414]},"properties":{"f":2635}},{"type":"Feature","geometry":{"type":"Point","coordinates":[-70.41061,41.6239]},"properties":{"f":3023}},{"type":"Feature","geometry":{"type":"Point","coordinates":[-70.41152,41.62357]},"properties":{"f":3506}},{"type":"Feature","geometry":{"type":"Point","coordinates":[-70.41131,41.62301]},"properties":{"f":3272}},{"type":"Feature","geometry":{"type":"Point","coordinates":[-70.4097,41.62495]},"properties":{"f":5416}},{"type":"Feature","geometry":{"type":"Point","coordinates":[-70.40634,41.62362]},"properties":{"f":3789}},{"type":"Feature","geometry":{"type":"Point","coordinates":[-70.40643,41.6245]},"properties":{"f":3562}},{"type":"Feature","geometry":{"type":"Point","coordinates":[-70.40717,41.62477]},"properties":{"f":4606}},{"type":"Feature","geometry":{"type":"Point","coordinates":[-70.40676,41.62559]},"properties":{"f":6992}},{"type":"Feature","geometry":{"type":"Point","coordinates":[-70.40595,41.62562]},"properties":{"f":7124}},{"type":"Feature","geometry":{"type":"Point","coordinates":[-70.40644,41.62291]},"properties":{"f":2755}},{"type":"Feature","geometry":{"type":"Point","coordinates":[-70.40925,41.62235]},"properties":{"f":5939}},{"type":"Feature","geometry":{"type":"Point","coordinates":[-70.40855,41.62135]},"properties":{"f":5025}},{"type":"Feature","geometry":{"type":"Point","coordinates":[-70.40863,41.62067]},"properties":{"f":5361}},{"type":"Feature","geometry":{"type":"Point","coordinates":[-70.41021,41.62089]},"properties":{"f":5457}},{"type":"Feature","geometry":{"type":"Point","coordinates":[-70.41432,41.63009]},"properties":{"f":3486}},{"type":"Feature","geometry":{"type":"Point","coordinates":[-70.41449,41.62958]},"properties":{"f":3477}},{"type":"Feature","geometry":{"type":"Point","coordinates":[-70.41476,41.62861]},"properties":{"f":4170}},{"type":"Feature","geometry":{"type":"Point","coordinates":[-70.41442,41.62887]},"properties":{"f":2722}},{"type":"Feature","geometry":{"type":"Point","coordinates":[-70.4131,41.62646]},"properties":{"f":4155}},{"type":"Feature","geometry":{"type":"Point","coordinates":[-70.41259,41.62692]},"properties":{"f":4355}},{"type":"Feature","geometry":{"type":"Point","coordinates":[-70.41189,41.62726]},"properties":{"f":7535}},{"type":"Feature","geometry":{"type":"Point","coordinates":[-70.41007,41.62844]},"properties":{"f":4559}},{"type":"Feature","geometry":{"type":"Point","coordinates":[-70.41016,41.62763]},"properties":{"f":3652}},{"type":"Feature","geometry":{"type":"Point","coordinates":[-70.41041,41.62729]},"properties":{"f":7163}},{"type":"Feature","geometry":{"type":"Point","coordinates":[-70.41119,41.62765]},"properties":{"f":4003}},{"type":"Feature","geometry":{"type":"Point","coordinates":[-70.40807,41.62831]},"properties":{"f":4344}},{"type":"Feature","geometry":{"type":"Point","coordinates":[-70.40846,41.62788]},"properties":{"f":3412}},{"type":"Feature","geometry":{"type":"Point","coordinates":[-70.40898,41.62767]},"properties":{"f":4851}},{"type":"Feature","geometry":{"type":"Point","coordinates":[-70.40925,41.62719]},"properties":{"f":4900}},{"type":"Feature","geometry":{"type":"Point","coordinates":[-70.40977,41.62624]},"properties":{"f":5788}},{"type":"Feature","geometry":{"type":"Point","coordinates":[-70.41216,41.63122]},"properties":{"f":4834}},{"type":"Feature","geometry":{"type":"Point","coordinates":[-70.41077,41.63091]},"properties":{"f":2954}},{"type":"Feature","geometry":{"type":"Point","coordinates":[-70.41257,41.63142]},"properties":{"f":5493}},{"type":"Feature","geometry":{"type":"Point","coordinates":[-70.41628,41.62797]},"properties":{"f":4205}},{"type":"Feature","geometry":{"type":"Point","coordinates":[-70.41428,41.63128]},"properties":{"f":5246}},{"type":"Feature","geometry":{"type":"Point","coordinates":[-70.41349,41.63148]},"properties":{"f":3983}},{"type":"Feature","geometry":{"type":"Point","coordinates":[-70.41307,41.63116]},"properties":{"f":4842}},{"type":"Feature","geometry":{"type":"Point","coordinates":[-70.40954,41.62867]},"properties":{"f":2961}},{"type":"Feature","geometry":{"type":"Point","coordinates":[-70.41388,41.62624]},"properties":{"f":5436}},{"type":"Feature","geometry":{"type":"Point","coordinates":[-70.41172,41.62662]},"properties":{"f":4477}},{"type":"Feature","geometry":{"type":"Point","coordinates":[-70.41563,41.63583]},"properties":{"f":4107}},{"type":"Feature","geometry":{"type":"Point","coordinates":[-70.41453,41.63485]},"properties":{"f":4270}},{"type":"Feature","geometry":{"type":"Point","coordinates":[-70.41178,41.63741]},"properties":{"f":6853}},{"type":"Feature","geometry":{"type":"Point","coordinates":[-70.41126,41.63161]},"properties":{"f":5859}},{"type":"Feature","geometry":{"type":"Point","coordinates":[-70.41188,41.63211]},"properties":{"f":4308}},{"type":"Feature","geometry":{"type":"Point","coordinates":[-70.416,41.63302]},"properties":{"f":2602}},{"type":"Feature","geometry":{"type":"Point","coordinates":[-70.41588,41.63224]},"properties":{"f":2838}},{"type":"Feature","geometry":{"type":"Point","coordinates":[-70.41547,41.63196]},"properties":{"f":3000}},{"type":"Feature","geometry":{"type":"Point","coordinates":[-70.41499,41.63234]},"properties":{"f":3259}},{"type":"Feature","geometry":{"type":"Point","coordinates":[-70.41447,41.63244]},"properties":{"f":2733}},{"type":"Feature","geometry":{"type":"Point","coordinates":[-70.41389,41.63227]},"properties":{"f":2468}},{"type":"Feature","geometry":{"type":"Point","coordinates":[-70.41304,41.63242]},"properties":{"f":4715}},{"type":"Feature","geometry":{"type":"Point","coordinates":[-70.41322,41.63274]},"properties":{"f":2650}},{"type":"Feature","geometry":{"type":"Point","coordinates":[-70.41299,41.63787]},"properties":{"f":3665}},{"type":"Feature","geometry":{"type":"Point","coordinates":[-70.41618,41.63785]},"properties":{"f":3359}},{"type":"Feature","geometry":{"type":"Point","coordinates":[-70.41596,41.63843]},"properties":{"f":3212}},{"type":"Feature","geometry":{"type":"Point","coordinates":[-70.41547,41.63837]},"properties":{"f":3923}},{"type":"Feature","geometry":{"type":"Point","coordinates":[-70.41487,41.63817]},"properties":{"f":3668}},{"type":"Feature","geometry":{"type":"Point","coordinates":[-70.41421,41.63797]},"properties":{"f":2956}},{"type":"Feature","geometry":{"type":"Point","coordinates":[-70.41118,41.63974]},"properties":{"f":3825}},{"type":"Feature","geometry":{"type":"Point","coordinates":[-70.40707,41.64103]},"properties":{"f":4025}},{"type":"Feature","geometry":{"type":"Point","coordinates":[-70.40748,41.63815]},"properties":{"f":8223}},{"type":"Feature","geometry":{"type":"Point","coordinates":[-70.40728,41.6386]},"properties":{"f":6607}},{"type":"Feature","geometry":{"type":"Point","coordinates":[-70.40732,41.63911]},"properties":{"f":5594}},{"type":"Feature","geometry":{"type":"Point","coordinates":[-70.40773,41.63977]},"properties":{"f":5130}},{"type":"Feature","geometry":{"type":"Point","coordinates":[-70.40858,41.6404]},"properties":{"f":5841}},{"type":"Feature","geometry":{"type":"Point","coordinates":[-70.4089,41.64093]},"properties":{"f":3853}},{"type":"Feature","geometry":{"type":"Point","coordinates":[-70.40881,41.64146]},"properties":{"f":4606}},{"type":"Feature","geometry":{"type":"Point","coordinates":[-70.40817,41.64111]},"properties":{"f":4006}},{"type":"Feature","geometry":{"type":"Point","coordinates":[-70.40793,41.64059]},"properties":{"f":5449}},{"type":"Feature","geometry":{"type":"Point","coordinates":[-70.40672,41.64045]},"properties":{"f":4159}},{"type":"Feature","geometry":{"type":"Point","coordinates":[-70.40626,41.6398]},"properties":{"f":3083}},{"type":"Feature","geometry":{"type":"Point","coordinates":[-70.40861,41.63778]},"properties":{"f":3295}},{"type":"Feature","geometry":{"type":"Point","coordinates":[-70.40817,41.63794]},"properties":{"f":3516}},{"type":"Feature","geometry":{"type":"Point","coordinates":[-70.41108,41.63809]},"properties":{"f":5536}},{"type":"Feature","geometry":{"type":"Point","coordinates":[-70.41008,41.63816]},"properties":{"f":8144}},{"type":"Feature","geometry":{"type":"Point","coordinates":[-70.41388,41.64234]},"properties":{"f":2876}},{"type":"Feature","geometry":{"type":"Point","coordinates":[-70.41447,41.64127]},"properties":{"f":3192}},{"type":"Feature","geometry":{"type":"Point","coordinates":[-70.41504,41.64068]},"properties":{"f":4710}},{"type":"Feature","geometry":{"type":"Point","coordinates":[-70.41474,41.64017]},"properties":{"f":5350}},{"type":"Feature","geometry":{"type":"Point","coordinates":[-70.41537,41.63926]},"properties":{"f":3921}},{"type":"Feature","geometry":{"type":"Point","coordinates":[-70.41651,41.64033]},"properties":{"f":2980}},{"type":"Feature","geometry":{"type":"Point","coordinates":[-70.41566,41.6398]},"properties":{"f":3258}},{"type":"Feature","geometry":{"type":"Point","coordinates":[-70.41463,41.63913]},"properties":{"f":4555}},{"type":"Feature","geometry":{"type":"Point","coordinates":[-70.414,41.63899]},"properties":{"f":5216}},{"type":"Feature","geometry":{"type":"Point","coordinates":[-70.41261,41.63936]},"properties":{"f":4622}},{"type":"Feature","geometry":{"type":"Point","coordinates":[-70.41176,41.63955]},"properties":{"f":5336}},{"type":"Feature","geometry":{"type":"Point","coordinates":[-70.41603,41.64136]},"properties":{"f":2514}},{"type":"Feature","geometry":{"type":"Point","coordinates":[-70.41031,41.63968]},"properties":{"f":4148}},{"type":"Feature","geometry":{"type":"Point","coordinates":[-70.40963,41.64001]},"properties":{"f":2495}},{"type":"Feature","geometry":{"type":"Point","coordinates":[-70.41013,41.64047]},"properties":{"f":6397}},{"type":"Feature","geometry":{"type":"Point","coordinates":[-70.41023,41.64109]},"properties":{"f":4813}},{"type":"Feature","geometry":{"type":"Point","coordinates":[-70.41024,41.64172]},"properties":{"f":4648}},{"type":"Feature","geometry":{"type":"Point","coordinates":[-70.40964,41.64221]},"properties":{"f":5404}},{"type":"Feature","geometry":{"type":"Point","coordinates":[-70.40779,41.6421]},"properties":{"f":3653}},{"type":"Feature","geometry":{"type":"Point","coordinates":[-70.40822,41.64287]},"properties":{"f":4125}},{"type":"Feature","geometry":{"type":"Point","coordinates":[-70.41072,41.64661]},"properties":{"f":2469}},{"type":"Feature","geometry":{"type":"Point","coordinates":[-70.41284,41.64415]},"properties":{"f":2776}},{"type":"Feature","geometry":{"type":"Point","coordinates":[-70.41372,41.64282]},"properties":{"f":3151}},{"type":"Feature","geometry":{"type":"Point","coordinates":[-70.41601,41.64728]},"properties":{"f":3207}},{"type":"Feature","geometry":{"type":"Point","coordinates":[-70.41503,41.64743]},"properties":{"f":2795}},{"type":"Feature","geometry":{"type":"Point","coordinates":[-70.41643,41.64684]},"properties":{"f":3253}},{"type":"Feature","geometry":{"type":"Point","coordinates":[-70.41525,41.64665]},"properties":{"f":2792}},{"type":"Feature","geometry":{"type":"Point","coordinates":[-70.41479,41.6468]},"properties":{"f":3652}},{"type":"Feature","geometry":{"type":"Point","coordinates":[-70.41293,41.64536]},"properties":{"f":2863}},{"type":"Feature","geometry":{"type":"Point","coordinates":[-70.41465,41.6455]},"properties":{"f":3011}},{"type":"Feature","geometry":{"type":"Point","coordinates":[-70.41412,41.64559]},"properties":{"f":3188}},{"type":"Feature","geometry":{"type":"Point","coordinates":[-70.41568,41.64537]},"properties":{"f":2502}},{"type":"Feature","geometry":{"type":"Point","coordinates":[-70.41567,41.64438]},"properties":{"f":2969}},{"type":"Feature","geometry":{"type":"Point","coordinates":[-70.41472,41.64486]},"properties":{"f":3083}},{"type":"Feature","geometry":{"type":"Point","coordinates":[-70.41377,41.64484]},"properties":{"f":2695}},{"type":"Feature","geometry":{"type":"Point","coordinates":[-70.41675,41.64342]},"properties":{"f":3769}},{"type":"Feature","geometry":{"type":"Point","coordinates":[-70.41607,41.64351]},"properties":{"f":2855}},{"type":"Feature","geometry":{"type":"Point","coordinates":[-70.41616,41.64313]},"properties":{"f":3203}},{"type":"Feature","geometry":{"type":"Point","coordinates":[-70.41358,41.64339]},"properties":{"f":3637}},{"type":"Feature","geometry":{"type":"Point","coordinates":[-70.41323,41.64377]},"properties":{"f":3140}},{"type":"Feature","geometry":{"type":"Point","coordinates":[-70.40933,41.64273]},"properties":{"f":5578}},{"type":"Feature","geometry":{"type":"Point","coordinates":[-70.40926,41.6432]},"properties":{"f":7554}},{"type":"Feature","geometry":{"type":"Point","coordinates":[-70.41458,41.64929]},"properties":{"f":2976}},{"type":"Feature","geometry":{"type":"Point","coordinates":[-70.40612,41.6527]},"properties":{"f":2854}},{"type":"Feature","geometry":{"type":"Point","coordinates":[-70.41076,41.6501]},"properties":{"f":3435}},{"type":"Feature","geometry":{"type":"Point","coordinates":[-70.40986,41.65035]},"properties":{"f":5632}},{"type":"Feature","geometry":{"type":"Point","coordinates":[-70.40919,41.65031]},"properties":{"f":4136}},{"type":"Feature","geometry":{"type":"Point","coordinates":[-70.40837,41.64953]},"properties":{"f":3651}},{"type":"Feature","geometry":{"type":"Point","coordinates":[-70.40747,41.65079]},"properties":{"f":3617}},{"type":"Feature","geometry":{"type":"Point","coordinates":[-70.40677,41.65062]},"properties":{"f":3995}},{"type":"Feature","geometry":{"type":"Point","coordinates":[-70.40834,41.65022]},"properties":{"f":3765}},{"type":"Feature","geometry":{"type":"Point","coordinates":[-70.41575,41.6484]},"properties":{"f":3389}},{"type":"Feature","geometry":{"type":"Point","coordinates":[-70.41472,41.64872]},"properties":{"f":3294}},{"type":"Feature","geometry":{"type":"Point","coordinates":[-70.41281,41.64817]},"properties":{"f":2727}},{"type":"Feature","geometry":{"type":"Point","coordinates":[-70.41407,41.65472]},"properties":{"f":2601}},{"type":"Feature","geometry":{"type":"Point","coordinates":[-70.41488,41.65816]},"properties":{"f":3463}},{"type":"Feature","geometry":{"type":"Point","coordinates":[-70.41459,41.65708]},"properties":{"f":5872}},{"type":"Feature","geometry":{"type":"Point","coordinates":[-70.41474,41.65617]},"properties":{"f":2532}},{"type":"Feature","geometry":{"type":"Point","coordinates":[-70.41139,41.6581]},"properties":{"f":2685}},{"type":"Feature","geometry":{"type":"Point","coordinates":[-70.40868,41.65566]},"properties":{"f":2646}},{"type":"Feature","geometry":{"type":"Point","coordinates":[-70.41072,41.65389]},"properties":{"f":2602}},{"type":"Feature","geometry":{"type":"Point","coordinates":[-70.40953,41.65555]},"properties":{"f":2778}},{"type":"Feature","geometry":{"type":"Point","coordinates":[-70.40862,41.65621]},"properties":{"f":2808}},{"type":"Feature","geometry":{"type":"Point","coordinates":[-70.40808,41.65497]},"properties":{"f":3898}},{"type":"Feature","geometry":{"type":"Point","coordinates":[-70.40749,41.65553]},"properties":{"f":2911}},{"type":"Feature","geometry":{"type":"Point","coordinates":[-70.41524,41.65953]},"properties":{"f":2466}},{"type":"Feature","geometry":{"type":"Point","coordinates":[-70.41376,41.66226]},"properties":{"f":3188}},{"type":"Feature","geometry":{"type":"Point","coordinates":[-70.41493,41.6644]},"properties":{"f":3709}},{"type":"Feature","geometry":{"type":"Point","coordinates":[-70.41618,41.65948]},"properties":{"f":3024}},{"type":"Feature","geometry":{"type":"Point","coordinates":[-70.40664,41.66019]},"properties":{"f":3139}},{"type":"Feature","geometry":{"type":"Point","coordinates":[-70.41018,41.66133]},"properties":{"f":2458}},{"type":"Feature","geometry":{"type":"Point","coordinates":[-70.41046,41.66186]},"properties":{"f":2650}},{"type":"Feature","geometry":{"type":"Point","coordinates":[-70.41177,41.66285]},"properties":{"f":3360}},{"type":"Feature","geometry":{"type":"Point","coordinates":[-70.41334,41.66328]},"properties":{"f":3644}},{"type":"Feature","geometry":{"type":"Point","coordinates":[-70.41383,41.66347]},"properties":{"f":4468}},{"type":"Feature","geometry":{"type":"Point","coordinates":[-70.41375,41.66401]},"properties":{"f":4191}},{"type":"Feature","geometry":{"type":"Point","coordinates":[-70.41143,41.66177]},"properties":{"f":3948}},{"type":"Feature","geometry":{"type":"Point","coordinates":[-70.4121,41.66187]},"properties":{"f":2984}},{"type":"Feature","geometry":{"type":"Point","coordinates":[-70.41318,41.66205]},"properties":{"f":3597}},{"type":"Feature","geometry":{"type":"Point","coordinates":[-70.41437,41.66238]},"properties":{"f":2710}},{"type":"Feature","geometry":{"type":"Point","coordinates":[-70.4147,41.66301]},"properties":{"f":3294}},{"type":"Feature","geometry":{"type":"Point","coordinates":[-70.41488,41.6635]},"properties":{"f":3859}},{"type":"Feature","geometry":{"type":"Point","coordinates":[-70.41492,41.66406]},"properties":{"f":3239}},{"type":"Feature","geometry":{"type":"Point","coordinates":[-70.41146,41.66126]},"properties":{"f":2612}},{"type":"Feature","geometry":{"type":"Point","coordinates":[-70.41165,41.66086]},"properties":{"f":2770}},{"type":"Feature","geometry":{"type":"Point","coordinates":[-70.41246,41.66092]},"properties":{"f":3063}},{"type":"Feature","geometry":{"type":"Point","coordinates":[-70.41521,41.66212]},"properties":{"f":2664}},{"type":"Feature","geometry":{"type":"Point","coordinates":[-70.41533,41.66287]},"properties":{"f":2930}},{"type":"Feature","geometry":{"type":"Point","coordinates":[-70.41584,41.66298]},"properties":{"f":2595}},{"type":"Feature","geometry":{"type":"Point","coordinates":[-70.41576,41.66352]},"properties":{"f":3825}},{"type":"Feature","geometry":{"type":"Point","coordinates":[-70.41052,41.66065]},"properties":{"f":3775}},{"type":"Feature","geometry":{"type":"Point","coordinates":[-70.41105,41.66015]},"properties":{"f":2935}},{"type":"Feature","geometry":{"type":"Point","coordinates":[-70.4117,41.66002]},"properties":{"f":4292}},{"type":"Feature","geometry":{"type":"Point","coordinates":[-70.41345,41.66025]},"properties":{"f":3160}},{"type":"Feature","geometry":{"type":"Point","coordinates":[-70.41406,41.66028]},"properties":{"f":4049}},{"type":"Feature","geometry":{"type":"Point","coordinates":[-70.41488,41.65988]},"properties":{"f":2841}},{"type":"Feature","geometry":{"type":"Point","coordinates":[-70.41603,41.66206]},"properties":{"f":2595}},{"type":"Feature","geometry":{"type":"Point","coordinates":[-70.40826,41.65927]},"properties":{"f":2476}},{"type":"Feature","geometry":{"type":"Point","coordinates":[-70.41494,41.66484]},"properties":{"f":2549}},{"type":"Feature","geometry":{"type":"Point","coordinates":[-70.41465,41.66572]},"properties":{"f":2844}},{"type":"Feature","geometry":{"type":"Point","coordinates":[-70.41537,41.66661]},"properties":{"f":2783}},{"type":"Feature","geometry":{"type":"Point","coordinates":[-70.41372,41.66446]},"properties":{"f":2649}},{"type":"Feature","geometry":{"type":"Point","coordinates":[-70.41365,41.66487]},"properties":{"f":2808}},{"type":"Feature","geometry":{"type":"Point","coordinates":[-70.41359,41.66523]},"properties":{"f":2854}},{"type":"Feature","geometry":{"type":"Point","coordinates":[-70.41357,41.6656]},"properties":{"f":3743}},{"type":"Feature","geometry":{"type":"Point","coordinates":[-70.41364,41.66652]},"properties":{"f":2621}},{"type":"Feature","geometry":{"type":"Point","coordinates":[-70.41494,41.66522]},"properties":{"f":2865}},{"type":"Feature","geometry":{"type":"Point","coordinates":[-70.41594,41.66483]},"properties":{"f":2627}},{"type":"Feature","geometry":{"type":"Point","coordinates":[-70.41604,41.66525]},"properties":{"f":2504}},{"type":"Feature","geometry":{"type":"Point","coordinates":[-70.41524,41.66581]},"properties":{"f":3069}},{"type":"Feature","geometry":{"type":"Point","coordinates":[-70.41466,41.66652]},"properties":{"f":2498}},{"type":"Feature","geometry":{"type":"Point","coordinates":[-70.41609,41.66668]},"properties":{"f":2562}},{"type":"Feature","geometry":{"type":"Point","coordinates":[-70.41447,41.66725]},"properties":{"f":2499}},{"type":"Feature","geometry":{"type":"Point","coordinates":[-70.41576,41.66731]},"properties":{"f":2782}},{"type":"Feature","geometry":{"type":"Point","coordinates":[-70.41354,41.66697]},"properties":{"f":2825}},{"type":"Feature","geometry":{"type":"Point","coordinates":[-70.41335,41.66736]},"properties":{"f":3138}},{"type":"Feature","geometry":{"type":"Point","coordinates":[-70.41322,41.6677]},"properties":{"f":2617}},{"type":"Feature","geometry":{"type":"Point","coordinates":[-70.41466,41.67521]},"properties":{"f":4572}},{"type":"Feature","geometry":{"type":"Point","coordinates":[-70.41199,41.6753]},"properties":{"f":3137}},{"type":"Feature","geometry":{"type":"Point","coordinates":[-70.40509,41.67223]},"properties":{"f":2970}},{"type":"Feature","geometry":{"type":"Point","coordinates":[-70.40521,41.67259]},"properties":{"f":6129}},{"type":"Feature","geometry":{"type":"Point","coordinates":[-70.41121,41.67136]},"properties":{"f":3441}},{"type":"Feature","geometry":{"type":"Point","coordinates":[-70.41314,41.67178]},"properties":{"f":3218}},{"type":"Feature","geometry":{"type":"Point","coordinates":[-70.41369,41.67168]},"properties":{"f":2541}},{"type":"Feature","geometry":{"type":"Point","coordinates":[-70.41307,41.67077]},"properties":{"f":4083}},{"type":"Feature","geometry":{"type":"Point","coordinates":[-70.41248,41.67036]},"properties":{"f":3328}},{"type":"Feature","geometry":{"type":"Point","coordinates":[-70.41206,41.67027]},"properties":{"f":3143}},{"type":"Feature","geometry":{"type":"Point","coordinates":[-70.41326,41.67507]},"properties":{"f":3010}},{"type":"Feature","geometry":{"type":"Point","coordinates":[-70.41255,41.67525]},"properties":{"f":3676}},{"type":"Feature","geometry":{"type":"Point","coordinates":[-70.40641,41.67307]},"properties":{"f":3123}},{"type":"Feature","geometry":{"type":"Point","coordinates":[-70.4144,41.67634]},"properties":{"f":3130}},{"type":"Feature","geometry":{"type":"Point","coordinates":[-70.41452,41.67604]},"properties":{"f":2954}},{"type":"Feature","geometry":{"type":"Point","coordinates":[-70.41148,41.67813]},"properties":{"f":2477}},{"type":"Feature","geometry":{"type":"Point","coordinates":[-70.4113,41.67867]},"properties":{"f":2803}},{"type":"Feature","geometry":{"type":"Point","coordinates":[-70.41118,41.67903]},"properties":{"f":2900}},{"type":"Feature","geometry":{"type":"Point","coordinates":[-70.41075,41.67929]},"properties":{"f":2692}},{"type":"Feature","geometry":{"type":"Point","coordinates":[-70.41033,41.67979]},"properties":{"f":3389}},{"type":"Feature","geometry":{"type":"Point","coordinates":[-70.40887,41.67834]},"properties":{"f":4010}},{"type":"Feature","geometry":{"type":"Point","coordinates":[-70.40645,41.68045]},"properties":{"f":2505}},{"type":"Feature","geometry":{"type":"Point","coordinates":[-70.40608,41.68085]},"properties":{"f":3188}},{"type":"Feature","geometry":{"type":"Point","coordinates":[-70.40966,41.67962]},"properties":{"f":4054}},{"type":"Feature","geometry":{"type":"Point","coordinates":[-70.40883,41.67948]},"properties":{"f":4458}},{"type":"Feature","geometry":{"type":"Point","coordinates":[-70.40748,41.67949]},"properties":{"f":3385}},{"type":"Feature","geometry":{"type":"Point","coordinates":[-70.40706,41.67638]},"properties":{"f":4100}},{"type":"Feature","geometry":{"type":"Point","coordinates":[-70.41109,41.68522]},"properties":{"f":2717}},{"type":"Feature","geometry":{"type":"Point","coordinates":[-70.4107,41.68326]},"properties":{"f":2832}},{"type":"Feature","geometry":{"type":"Point","coordinates":[-70.4103,41.68354]},"properties":{"f":4412}},{"type":"Feature","geometry":{"type":"Point","coordinates":[-70.41173,41.68275]},"properties":{"f":3336}},{"type":"Feature","geometry":{"type":"Point","coordinates":[-70.40998,41.68627]},"properties":{"f":2676}},{"type":"Feature","geometry":{"type":"Point","coordinates":[-70.41025,41.68505]},"properties":{"f":3160}},{"type":"Feature","geometry":{"type":"Point","coordinates":[-70.40958,41.68411]},"properties":{"f":2887}},{"type":"Feature","geometry":{"type":"Point","coordinates":[-70.41544,41.68571]},"properties":{"f":2938}},{"type":"Feature","geometry":{"type":"Point","coordinates":[-70.40931,41.71331]},"properties":{"f":2843}},{"type":"Feature","geometry":{"type":"Point","coordinates":[-70.40759,41.71293]},"properties":{"f":2592}},{"type":"Feature","geometry":{"type":"Point","coordinates":[-70.40815,41.71302]},"properties":{"f":2924}},{"type":"Feature","geometry":{"type":"Point","coordinates":[-70.40617,41.71296]},"properties":{"f":2700}},{"type":"Feature","geometry":{"type":"Point","coordinates":[-70.40577,41.71426]},"properties":{"f":3312}},{"type":"Feature","geometry":{"type":"Point","coordinates":[-70.40575,41.7118]},"properties":{"f":2716}},{"type":"Feature","geometry":{"type":"Point","coordinates":[-70.40468,41.71246]},"properties":{"f":2752}},{"type":"Feature","geometry":{"type":"Point","coordinates":[-70.40701,41.71279]},"properties":{"f":3603}},{"type":"Feature","geometry":{"type":"Point","coordinates":[-70.40798,41.71072]},"properties":{"f":2801}},{"type":"Feature","geometry":{"type":"Point","coordinates":[-70.40856,41.71093]},"properties":{"f":2640}},{"type":"Feature","geometry":{"type":"Point","coordinates":[-70.40783,41.71481]},"properties":{"f":3510}},{"type":"Feature","geometry":{"type":"Point","coordinates":[-70.40653,41.71616]},"properties":{"f":2995}},{"type":"Feature","geometry":{"type":"Point","coordinates":[-70.40588,41.71679]},"properties":{"f":3937}},{"type":"Feature","geometry":{"type":"Point","coordinates":[-70.40538,41.71734]},"properties":{"f":2833}},{"type":"Feature","geometry":{"type":"Point","coordinates":[-70.40628,41.71543]},"properties":{"f":2558}},{"type":"Feature","geometry":{"type":"Point","coordinates":[-70.40576,41.71567]},"properties":{"f":3685}},{"type":"Feature","geometry":{"type":"Point","coordinates":[-70.4053,41.7162]},"properties":{"f":2906}},{"type":"Feature","geometry":{"type":"Point","coordinates":[-70.40485,41.71658]},"properties":{"f":4948}},{"type":"Feature","geometry":{"type":"Point","coordinates":[-70.40444,41.7171]},"properties":{"f":2813}},{"type":"Feature","geometry":{"type":"Point","coordinates":[-70.40408,41.71755]},"properties":{"f":3486}},{"type":"Feature","geometry":{"type":"Point","coordinates":[-70.4073,41.71435]},"properties":{"f":3781}},{"type":"Feature","geometry":{"type":"Point","coordinates":[-70.40696,41.71469]},"properties":{"f":4754}},{"type":"Feature","geometry":{"type":"Point","coordinates":[-70.40843,41.71419]},"properties":{"f":2583}},{"type":"Feature","geometry":{"type":"Point","coordinates":[-70.39611,41.60942]},"properties":{"f":4010}},{"type":"Feature","geometry":{"type":"Point","coordinates":[-70.3951,41.60814]},"properties":{"f":5574}},{"type":"Feature","geometry":{"type":"Point","coordinates":[-70.39706,41.60838]},"properties":{"f":5348}},{"type":"Feature","geometry":{"type":"Point","coordinates":[-70.3994,41.6086]},"properties":{"f":3155}},{"type":"Feature","geometry":{"type":"Point","coordinates":[-70.39953,41.60813]},"properties":{"f":4984}},{"type":"Feature","geometry":{"type":"Point","coordinates":[-70.40295,41.6095]},"properties":{"f":6005}},{"type":"Feature","geometry":{"type":"Point","coordinates":[-70.39849,41.60961]},"properties":{"f":3437}},{"type":"Feature","geometry":{"type":"Point","coordinates":[-70.39773,41.60975]},"properties":{"f":7116}},{"type":"Feature","geometry":{"type":"Point","coordinates":[-70.39714,41.60996]},"properties":{"f":6100}},{"type":"Feature","geometry":{"type":"Point","coordinates":[-70.39659,41.61013]},"properties":{"f":3361}},{"type":"Feature","geometry":{"type":"Point","coordinates":[-70.39502,41.61107]},"properties":{"f":5072}},{"type":"Feature","geometry":{"type":"Point","coordinates":[-70.39616,41.61198]},"properties":{"f":4799}},{"type":"Feature","geometry":{"type":"Point","coordinates":[-70.3957,41.61338]},"properties":{"f":7042}},{"type":"Feature","geometry":{"type":"Point","coordinates":[-70.39596,41.61473]},"properties":{"f":6246}},{"type":"Feature","geometry":{"type":"Point","coordinates":[-70.39554,41.61411]},"properties":{"f":6596}},{"type":"Feature","geometry":{"type":"Point","coordinates":[-70.39561,41.61068]},"properties":{"f":4253}},{"type":"Feature","geometry":{"type":"Point","coordinates":[-70.39684,41.61625]},"properties":{"f":3684}},{"type":"Feature","geometry":{"type":"Point","coordinates":[-70.40559,41.62301]},"properties":{"f":3031}},{"type":"Feature","geometry":{"type":"Point","coordinates":[-70.40599,41.62315]},"properties":{"f":2745}},{"type":"Feature","geometry":{"type":"Point","coordinates":[-70.40535,41.62412]},"properties":{"f":3645}},{"type":"Feature","geometry":{"type":"Point","coordinates":[-70.40453,41.62483]},"properties":{"f":4375}},{"type":"Feature","geometry":{"type":"Point","coordinates":[-70.40457,41.6243]},"properties":{"f":3760}},{"type":"Feature","geometry":{"type":"Point","coordinates":[-70.40367,41.62462]},"properties":{"f":2931}},{"type":"Feature","geometry":{"type":"Point","coordinates":[-70.40313,41.62464]},"properties":{"f":2905}},{"type":"Feature","geometry":{"type":"Point","coordinates":[-70.40307,41.62496]},"properties":{"f":2618}},{"type":"Feature","geometry":{"type":"Point","coordinates":[-70.40376,41.62497]},"properties":{"f":4176}},{"type":"Feature","geometry":{"type":"Point","coordinates":[-70.40509,41.62562]},"properties":{"f":4556}},{"type":"Feature","geometry":{"type":"Point","coordinates":[-70.403,41.62583]},"properties":{"f":4273}},{"type":"Feature","geometry":{"type":"Point","coordinates":[-70.40251,41.62576]},"properties":{"f":4298}},{"type":"Feature","geometry":{"type":"Point","coordinates":[-70.40238,41.62489]},"properties":{"f":2736}},{"type":"Feature","geometry":{"type":"Point","coordinates":[-70.40242,41.62457]},"properties":{"f":4529}},{"type":"Feature","geometry":{"type":"Point","coordinates":[-70.40192,41.62464]},"properties":{"f":4745}},{"type":"Feature","geometry":{"type":"Point","coordinates":[-70.39996,41.62589]},"properties":{"f":6261}},{"type":"Feature","geometry":{"type":"Point","coordinates":[-70.4019,41.62526]},"properties":{"f":9688}},{"type":"Feature","geometry":{"type":"Point","coordinates":[-70.39795,41.62413]},"properties":{"f":2471}},{"type":"Feature","geometry":{"type":"Point","coordinates":[-70.39574,41.62243]},"properties":{"f":2477}},{"type":"Feature","geometry":{"type":"Point","coordinates":[-70.39837,41.62325]},"properties":{"f":3123}},{"type":"Feature","geometry":{"type":"Point","coordinates":[-70.39841,41.62284]},"properties":{"f":2631}},{"type":"Feature","geometry":{"type":"Point","coordinates":[-70.39763,41.62299]},"properties":{"f":4104}},{"type":"Feature","geometry":{"type":"Point","coordinates":[-70.39891,41.62192]},"properties":{"f":7106}},{"type":"Feature","geometry":{"type":"Point","coordinates":[-70.39903,41.62341]},"properties":{"f":3482}},{"type":"Feature","geometry":{"type":"Point","coordinates":[-70.40074,41.62343]},"properties":{"f":3867}},{"type":"Feature","geometry":{"type":"Point","coordinates":[-70.40093,41.62162]},"properties":{"f":8267}},{"type":"Feature","geometry":{"type":"Point","coordinates":[-70.40026,41.62165]},"properties":{"f":6263}},{"type":"Feature","geometry":{"type":"Point","coordinates":[-70.39972,41.62184]},"properties":{"f":5187}},{"type":"Feature","geometry":{"type":"Point","coordinates":[-70.40135,41.62366]},"properties":{"f":3928}},{"type":"Feature","geometry":{"type":"Point","coordinates":[-70.4017,41.62132]},"properties":{"f":10210}},{"type":"Feature","geometry":{"type":"Point","coordinates":[-70.40259,41.62135]},"properties":{"f":6542}},{"type":"Feature","geometry":{"type":"Point","coordinates":[-70.4045,41.62292]},"properties":{"f":3249}},{"type":"Feature","geometry":{"type":"Point","coordinates":[-70.40499,41.62267]},"properties":{"f":2690}},{"type":"Feature","geometry":{"type":"Point","coordinates":[-70.40461,41.62349]},"properties":{"f":4966}},{"type":"Feature","geometry":{"type":"Point","coordinates":[-70.40406,41.62368]},"properties":{"f":4139}},{"type":"Feature","geometry":{"type":"Point","coordinates":[-70.40358,41.62376]},"properties":{"f":3226}},{"type":"Feature","geometry":{"type":"Point","coordinates":[-70.40291,41.62385]},"properties":{"f":4682}},{"type":"Feature","geometry":{"type":"Point","coordinates":[-70.40267,41.62266]},"properties":{"f":4472}},{"type":"Feature","geometry":{"type":"Point","coordinates":[-70.40375,41.62299]},"properties":{"f":4223}},{"type":"Feature","geometry":{"type":"Point","coordinates":[-70.40123,41.6226]},"properties":{"f":4656}},{"type":"Feature","geometry":{"type":"Point","coordinates":[-70.40069,41.62259]},"properties":{"f":4036}},{"type":"Feature","geometry":{"type":"Point","coordinates":[-70.40318,41.62136]},"properties":{"f":5534}},{"type":"Feature","geometry":{"type":"Point","coordinates":[-70.40169,41.62246]},"properties":{"f":2717}},{"type":"Feature","geometry":{"type":"Point","coordinates":[-70.3994,41.62415]},"properties":{"f":3381}},{"type":"Feature","geometry":{"type":"Point","coordinates":[-70.39852,41.62428]},"properties":{"f":3575}},{"type":"Feature","geometry":{"type":"Point","coordinates":[-70.3987,41.62472]},"properties":{"f":2740}},{"type":"Feature","geometry":{"type":"Point","coordinates":[-70.39912,41.6251]},"properties":{"f":4436}},{"type":"Feature","geometry":{"type":"Point","coordinates":[-70.40433,41.62569]},"properties":{"f":3423}},{"type":"Feature","geometry":{"type":"Point","coordinates":[-70.40363,41.62578]},"properties":{"f":3317}},{"type":"Feature","geometry":{"type":"Point","coordinates":[-70.40022,41.62335]},"properties":{"f":4571}},{"type":"Feature","geometry":{"type":"Point","coordinates":[-70.39972,41.62313]},"properties":{"f":3630}},{"type":"Feature","geometry":{"type":"Point","coordinates":[-70.3954,41.6291]},"properties":{"f":5051}},{"type":"Feature","geometry":{"type":"Point","coordinates":[-70.3953,41.62861]},"properties":{"f":4422}},{"type":"Feature","geometry":{"type":"Point","coordinates":[-70.40289,41.63529]},"properties":{"f":3264}},{"type":"Feature","geometry":{"type":"Point","coordinates":[-70.40303,41.63437]},"properties":{"f":3129}},{"type":"Feature","geometry":{"type":"Point","coordinates":[-70.4,41.63451]},"properties":{"f":2595}},{"type":"Feature","geometry":{"type":"Point","coordinates":[-70.40015,41.63559]},"properties":{"f":3792}},{"type":"Feature","geometry":{"type":"Point","coordinates":[-70.39846,41.63606]},"properties":{"f":3338}},{"type":"Feature","geometry":{"type":"Point","coordinates":[-70.39484,41.63509]},"properties":{"f":4399}},{"type":"Feature","geometry":{"type":"Point","coordinates":[-70.395,41.63585]},"properties":{"f":4140}},{"type":"Feature","geometry":{"type":"Point","coordinates":[-70.39539,41.63407]},"properties":{"f":4434}},{"type":"Feature","geometry":{"type":"Point","coordinates":[-70.39608,41.6331]},"properties":{"f":4464}},{"type":"Feature","geometry":{"type":"Point","coordinates":[-70.39731,41.632]},"properties":{"f":8762}},{"type":"Feature","geometry":{"type":"Point","coordinates":[-70.39917,41.63317]},"properties":{"f":4034}},{"type":"Feature","geometry":{"type":"Point","coordinates":[-70.39668,41.6351]},"properties":{"f":3016}},{"type":"Feature","geometry":{"type":"Point","coordinates":[-70.39742,41.63682]},"properties":{"f":4779}},{"type":"Feature","geometry":{"type":"Point","coordinates":[-70.39755,41.63577]},"properties":{"f":3473}},{"type":"Feature","geometry":{"type":"Point","coordinates":[-70.39762,41.63468]},"properties":{"f":4278}},{"type":"Feature","geometry":{"type":"Point","coordinates":[-70.39606,41.63653]},"properties":{"f":4362}},{"type":"Feature","geometry":{"type":"Point","coordinates":[-70.39612,41.63598]},"properties":{"f":2585}},{"type":"Feature","geometry":{"type":"Point","coordinates":[-70.39543,41.637]},"properties":{"f":2861}},{"type":"Feature","geometry":{"type":"Point","coordinates":[-70.39591,41.63495]},"properties":{"f":3990}},{"type":"Feature","geometry":{"type":"Point","coordinates":[-70.40294,41.63938]},"properties":{"f":4019}},{"type":"Feature","geometry":{"type":"Point","coordinates":[-70.40347,41.64082]},"properties":{"f":4050}},{"type":"Feature","geometry":{"type":"Point","coordinates":[-70.40464,41.64137]},"properties":{"f":3284}},{"type":"Feature","geometry":{"type":"Point","coordinates":[-70.39752,41.64095]},"properties":{"f":4551}},{"type":"Feature","geometry":{"type":"Point","coordinates":[-70.39663,41.64077]},"properties":{"f":4725}},{"type":"Feature","geometry":{"type":"Point","coordinates":[-70.39608,41.6413]},"properties":{"f":3553}},{"type":"Feature","geometry":{"type":"Point","coordinates":[-70.39504,41.64168]},"properties":{"f":3484}},{"type":"Feature","geometry":{"type":"Point","coordinates":[-70.39564,41.63832]},"properties":{"f":4095}},{"type":"Feature","geometry":{"type":"Point","coordinates":[-70.39601,41.6396]},"properties":{"f":5114}},{"type":"Feature","geometry":{"type":"Point","coordinates":[-70.39529,41.63912]},"properties":{"f":4113}},{"type":"Feature","geometry":{"type":"Point","coordinates":[-70.39687,41.63818]},"properties":{"f":3855}},{"type":"Feature","geometry":{"type":"Point","coordinates":[-70.3963,41.63748]},"properties":{"f":4545}},{"type":"Feature","geometry":{"type":"Point","coordinates":[-70.39884,41.63978]},"properties":{"f":5511}},{"type":"Feature","geometry":{"type":"Point","coordinates":[-70.39968,41.63993]},"properties":{"f":3604}},{"type":"Feature","geometry":{"type":"Point","coordinates":[-70.40062,41.63989]},"properties":{"f":3750}},{"type":"Feature","geometry":{"type":"Point","coordinates":[-70.40195,41.63837]},"properties":{"f":4000}},{"type":"Feature","geometry":{"type":"Point","coordinates":[-70.39728,41.63952]},"properties":{"f":2685}},{"type":"Feature","geometry":{"type":"Point","coordinates":[-70.39828,41.63955]},"properties":{"f":3797}},{"type":"Feature","geometry":{"type":"Point","coordinates":[-70.39659,41.63924]},"properties":{"f":2993}},{"type":"Feature","geometry":{"type":"Point","coordinates":[-70.40453,41.63718]},"properties":{"f":7973}},{"type":"Feature","geometry":{"type":"Point","coordinates":[-70.40188,41.64124]},"properties":{"f":3445}},{"type":"Feature","geometry":{"type":"Point","coordinates":[-70.39845,41.64114]},"properties":{"f":4532}},{"type":"Feature","geometry":{"type":"Point","coordinates":[-70.39951,41.64128]},"properties":{"f":3458}},{"type":"Feature","geometry":{"type":"Point","coordinates":[-70.40073,41.64129]},"properties":{"f":4595}},{"type":"Feature","geometry":{"type":"Point","coordinates":[-70.40377,41.64306]},"properties":{"f":6431}},{"type":"Feature","geometry":{"type":"Point","coordinates":[-70.4003,41.64474]},"properties":{"f":6492}},{"type":"Feature","geometry":{"type":"Point","coordinates":[-70.39888,41.64512]},"properties":{"f":5150}},{"type":"Feature","geometry":{"type":"Point","coordinates":[-70.39943,41.64557]},"properties":{"f":5642}},{"type":"Feature","geometry":{"type":"Point","coordinates":[-70.39987,41.64572]},"properties":{"f":4024}},{"type":"Feature","geometry":{"type":"Point","coordinates":[-70.40033,41.64568]},"properties":{"f":7278}},{"type":"Feature","geometry":{"type":"Point","coordinates":[-70.40101,41.64522]},"properties":{"f":5816}},{"type":"Feature","geometry":{"type":"Point","coordinates":[-70.40129,41.64349]},"properties":{"f":3176}},{"type":"Feature","geometry":{"type":"Point","coordinates":[-70.40243,41.643]},"properties":{"f":5102}},{"type":"Feature","geometry":{"type":"Point","coordinates":[-70.40087,41.64309]},"properties":{"f":6329}},{"type":"Feature","geometry":{"type":"Point","coordinates":[-70.3983,41.64386]},"properties":{"f":3980}},{"type":"Feature","geometry":{"type":"Point","coordinates":[-70.39389,41.64736]},"properties":{"f":2532}},{"type":"Feature","geometry":{"type":"Point","coordinates":[-70.39448,41.64764]},"properties":{"f":3967}},{"type":"Feature","geometry":{"type":"Point","coordinates":[-70.39512,41.64775]},"properties":{"f":3171}},{"type":"Feature","geometry":{"type":"Point","coordinates":[-70.39669,41.64447]},"properties":{"f":4798}},{"type":"Feature","geometry":{"type":"Point","coordinates":[-70.3994,41.64827]},"properties":{"f":4727}},{"type":"Feature","geometry":{"type":"Point","coordinates":[-70.39804,41.64543]},"properties":{"f":2952}},{"type":"Feature","geometry":{"type":"Point","coordinates":[-70.39712,41.64582]},"properties":{"f":5052}},{"type":"Feature","geometry":{"type":"Point","coordinates":[-70.39509,41.64259]},"properties":{"f":3652}},{"type":"Feature","geometry":{"type":"Point","coordinates":[-70.39582,41.64251]},"properties":{"f":3457}},{"type":"Feature","geometry":{"type":"Point","coordinates":[-70.3967,41.64248]},"properties":{"f":3158}},{"type":"Feature","geometry":{"type":"Point","coordinates":[-70.39722,41.64256]},"properties":{"f":3574}},{"type":"Feature","geometry":{"type":"Point","coordinates":[-70.3971,41.64313]},"properties":{"f":3653}},{"type":"Feature","geometry":{"type":"Point","coordinates":[-70.3962,41.64336]},"properties":{"f":3277}},{"type":"Feature","geometry":{"type":"Point","coordinates":[-70.39575,41.64362]},"properties":{"f":3108}},{"type":"Feature","geometry":{"type":"Point","coordinates":[-70.39516,41.64389]},"properties":{"f":3680}},{"type":"Feature","geometry":{"type":"Point","coordinates":[-70.39529,41.64459]},"properties":{"f":3672}},{"type":"Feature","geometry":{"type":"Point","coordinates":[-70.3956,41.64537]},"properties":{"f":3253}},{"type":"Feature","geometry":{"type":"Point","coordinates":[-70.39571,41.64596]},"properties":{"f":3371}},{"type":"Feature","geometry":{"type":"Point","coordinates":[-70.40145,41.65147]},"properties":{"f":2697}},{"type":"Feature","geometry":{"type":"Point","coordinates":[-70.39859,41.65296]},"properties":{"f":2994}},{"type":"Feature","geometry":{"type":"Point","coordinates":[-70.399,41.6528]},"properties":{"f":2585}},{"type":"Feature","geometry":{"type":"Point","coordinates":[-70.3994,41.65192]},"properties":{"f":2480}},{"type":"Feature","geometry":{"type":"Point","coordinates":[-70.40048,41.6522]},"properties":{"f":2636}},{"type":"Feature","geometry":{"type":"Point","coordinates":[-70.40004,41.65288]},"properties":{"f":2542}},{"type":"Feature","geometry":{"type":"Point","coordinates":[-70.39719,41.64972]},"properties":{"f":2964}},{"type":"Feature","geometry":{"type":"Point","coordinates":[-70.40448,41.65067]},"properties":{"f":8464}},{"type":"Feature","geometry":{"type":"Point","coordinates":[-70.40398,41.65004]},"properties":{"f":4352}},{"type":"Feature","geometry":{"type":"Point","coordinates":[-70.40317,41.64997]},"properties":{"f":4155}},{"type":"Feature","geometry":{"type":"Point","coordinates":[-70.40348,41.64891]},"properties":{"f":6244}},{"type":"Feature","geometry":{"type":"Point","coordinates":[-70.40201,41.64971]},"properties":{"f":4521}},{"type":"Feature","geometry":{"type":"Point","coordinates":[-70.40591,41.65079]},"properties":{"f":3095}},{"type":"Feature","geometry":{"type":"Point","coordinates":[-70.39932,41.65007]},"properties":{"f":3649}},{"type":"Feature","geometry":{"type":"Point","coordinates":[-70.39574,41.64845]},"properties":{"f":3858}},{"type":"Feature","geometry":{"type":"Point","coordinates":[-70.39412,41.6515]},"properties":{"f":2582}},{"type":"Feature","geometry":{"type":"Point","coordinates":[-70.39447,41.65103]},"properties":{"f":2701}},{"type":"Feature","geometry":{"type":"Point","coordinates":[-70.39445,41.65057]},"properties":{"f":2582}},{"type":"Feature","geometry":{"type":"Point","coordinates":[-70.39499,41.65083]},"properties":{"f":3199}},{"type":"Feature","geometry":{"type":"Point","coordinates":[-70.39545,41.65038]},"properties":{"f":3080}},{"type":"Feature","geometry":{"type":"Point","coordinates":[-70.39483,41.65013]},"properties":{"f":3034}},{"type":"Feature","geometry":{"type":"Point","coordinates":[-70.39544,41.64992]},"properties":{"f":3284}},{"type":"Feature","geometry":{"type":"Point","coordinates":[-70.39574,41.64964]},"properties":{"f":3173}},{"type":"Feature","geometry":{"type":"Point","coordinates":[-70.3962,41.64941]},"properties":{"f":4064}},{"type":"Feature","geometry":{"type":"Point","coordinates":[-70.39702,41.64918]},"properties":{"f":2528}},{"type":"Feature","geometry":{"type":"Point","coordinates":[-70.39649,41.64903]},"properties":{"f":3639}},{"type":"Feature","geometry":{"type":"Point","coordinates":[-70.39402,41.65006]},"properties":{"f":3469}},{"type":"Feature","geometry":{"type":"Point","coordinates":[-70.39441,41.64956]},"properties":{"f":3575}},{"type":"Feature","geometry":{"type":"Point","coordinates":[-70.39423,41.64904]},"properties":{"f":3784}},{"type":"Feature","geometry":{"type":"Point","coordinates":[-70.39416,41.64853]},"properties":{"f":3382}},{"type":"Feature","geometry":{"type":"Point","coordinates":[-70.39519,41.64885]},"properties":{"f":2856}},{"type":"Feature","geometry":{"type":"Point","coordinates":[-70.39481,41.6483]},"properties":{"f":3214}},{"type":"Feature","geometry":{"type":"Point","coordinates":[-70.39534,41.6483]},"properties":{"f":2879}},{"type":"Feature","geometry":{"type":"Point","coordinates":[-70.40484,41.65712]},"properties":{"f":2577}},{"type":"Feature","geometry":{"type":"Point","coordinates":[-70.40272,41.65724]},"properties":{"f":2767}},{"type":"Feature","geometry":{"type":"Point","coordinates":[-70.40382,41.65745]},"properties":{"f":2806}},{"type":"Feature","geometry":{"type":"Point","coordinates":[-70.40209,41.65876]},"properties":{"f":3105}},{"type":"Feature","geometry":{"type":"Point","coordinates":[-70.4037,41.66392]},"properties":{"f":2743}},{"type":"Feature","geometry":{"type":"Point","coordinates":[-70.40328,41.65927]},"properties":{"f":2587}},{"type":"Feature","geometry":{"type":"Point","coordinates":[-70.40303,41.65993]},"properties":{"f":2877}},{"type":"Feature","geometry":{"type":"Point","coordinates":[-70.40278,41.6606]},"properties":{"f":2934}},{"type":"Feature","geometry":{"type":"Point","coordinates":[-70.40501,41.66764]},"properties":{"f":2464}},{"type":"Feature","geometry":{"type":"Point","coordinates":[-70.40464,41.66888]},"properties":{"f":3147}},{"type":"Feature","geometry":{"type":"Point","coordinates":[-70.40449,41.6695]},"properties":{"f":3754}},{"type":"Feature","geometry":{"type":"Point","coordinates":[-70.40293,41.66942]},"properties":{"f":2650}},{"type":"Feature","geometry":{"type":"Point","coordinates":[-70.40174,41.66925]},"properties":{"f":2615}},{"type":"Feature","geometry":{"type":"Point","coordinates":[-70.40332,41.66501]},"properties":{"f":2515}},{"type":"Feature","geometry":{"type":"Point","coordinates":[-70.40243,41.66556]},"properties":{"f":2508}},{"type":"Feature","geometry":{"type":"Point","coordinates":[-70.39843,41.66833]},"properties":{"f":2464}},{"type":"Feature","geometry":{"type":"Point","coordinates":[-70.40121,41.67332]},"properties":{"f":2585}},{"type":"Feature","geometry":{"type":"Point","coordinates":[-70.4004,41.67165]},"properties":{"f":2616}},{"type":"Feature","geometry":{"type":"Point","coordinates":[-70.40354,41.67163]},"properties":{"f":4109}},{"type":"Feature","geometry":{"type":"Point","coordinates":[-70.40464,41.67136]},"properties":{"f":2513}},{"type":"Feature","geometry":{"type":"Point","coordinates":[-70.40492,41.67182]},"properties":{"f":3040}},{"type":"Feature","geometry":{"type":"Point","coordinates":[-70.40475,41.67071]},"properties":{"f":2513}},{"type":"Feature","geometry":{"type":"Point","coordinates":[-70.39866,41.66995]},"properties":{"f":3178}},{"type":"Feature","geometry":{"type":"Point","coordinates":[-70.40081,41.68085]},"properties":{"f":2953}},{"type":"Feature","geometry":{"type":"Point","coordinates":[-70.39882,41.67848]},"properties":{"f":2741}},{"type":"Feature","geometry":{"type":"Point","coordinates":[-70.39503,41.6762]},"properties":{"f":2672}},{"type":"Feature","geometry":{"type":"Point","coordinates":[-70.40077,41.67562]},"properties":{"f":2813}},{"type":"Feature","geometry":{"type":"Point","coordinates":[-70.404,41.68031]},"properties":{"f":3494}},{"type":"Feature","geometry":{"type":"Point","coordinates":[-70.40426,41.67995]},"properties":{"f":2463}},{"type":"Feature","geometry":{"type":"Point","coordinates":[-70.4045,41.67952]},"properties":{"f":2786}},{"type":"Feature","geometry":{"type":"Point","coordinates":[-70.39479,41.67792]},"properties":{"f":2906}},{"type":"Feature","geometry":{"type":"Point","coordinates":[-70.39442,41.67726]},"properties":{"f":2774}},{"type":"Feature","geometry":{"type":"Point","coordinates":[-70.39425,41.67631]},"properties":{"f":2762}},{"type":"Feature","geometry":{"type":"Point","coordinates":[-70.39407,41.6759]},"properties":{"f":3903}},{"type":"Feature","geometry":{"type":"Point","coordinates":[-70.4053,41.68167]},"properties":{"f":4459}},{"type":"Feature","geometry":{"type":"Point","coordinates":[-70.40319,41.68191]},"properties":{"f":3541}},{"type":"Feature","geometry":{"type":"Point","coordinates":[-70.4034,41.681]},"properties":{"f":2560}},{"type":"Feature","geometry":{"type":"Point","coordinates":[-70.39807,41.68879]},"properties":{"f":2599}},{"type":"Feature","geometry":{"type":"Point","coordinates":[-70.3968,41.68804]},"properties":{"f":3296}},{"type":"Feature","geometry":{"type":"Point","coordinates":[-70.39398,41.70717]},"properties":{"f":2710}},{"type":"Feature","geometry":{"type":"Point","coordinates":[-70.39498,41.70728]},"properties":{"f":2588}},{"type":"Feature","geometry":{"type":"Point","coordinates":[-70.39713,41.70798]},"properties":{"f":3008}},{"type":"Feature","geometry":{"type":"Point","coordinates":[-70.40319,41.71391]},"properties":{"f":2625}},{"type":"Feature","geometry":{"type":"Point","coordinates":[-70.40221,41.71367]},"properties":{"f":4589}},{"type":"Feature","geometry":{"type":"Point","coordinates":[-70.40191,41.71347]},"properties":{"f":2629}},{"type":"Feature","geometry":{"type":"Point","coordinates":[-70.40157,41.7132]},"properties":{"f":2779}},{"type":"Feature","geometry":{"type":"Point","coordinates":[-70.40091,41.71345]},"properties":{"f":3038}},{"type":"Feature","geometry":{"type":"Point","coordinates":[-70.40263,41.71055]},"properties":{"f":3261}},{"type":"Feature","geometry":{"type":"Point","coordinates":[-70.39418,41.70858]},"properties":{"f":3270}},{"type":"Feature","geometry":{"type":"Point","coordinates":[-70.39495,41.70932]},"properties":{"f":4268}},{"type":"Feature","geometry":{"type":"Point","coordinates":[-70.39344,41.7116]},"properties":{"f":2798}},{"type":"Feature","geometry":{"type":"Point","coordinates":[-70.39775,41.71314]},"properties":{"f":2832}},{"type":"Feature","geometry":{"type":"Point","coordinates":[-70.39593,41.70961]},"properties":{"f":2890}},{"type":"Feature","geometry":{"type":"Point","coordinates":[-70.39611,41.71069]},"properties":{"f":2603}},{"type":"Feature","geometry":{"type":"Point","coordinates":[-70.39717,41.71247]},"properties":{"f":3060}},{"type":"Feature","geometry":{"type":"Point","coordinates":[-70.39761,41.7084]},"properties":{"f":2734}},{"type":"Feature","geometry":{"type":"Point","coordinates":[-70.4001,41.71086]},"properties":{"f":2903}},{"type":"Feature","geometry":{"type":"Point","coordinates":[-70.39818,41.71036]},"properties":{"f":2690}},{"type":"Feature","geometry":{"type":"Point","coordinates":[-70.39585,41.718]},"properties":{"f":2922}},{"type":"Feature","geometry":{"type":"Point","coordinates":[-70.39953,41.71736]},"properties":{"f":2572}},{"type":"Feature","geometry":{"type":"Point","coordinates":[-70.39778,41.71778]},"properties":{"f":2613}},{"type":"Feature","geometry":{"type":"Point","coordinates":[-70.39883,41.718]},"properties":{"f":3067}},{"type":"Feature","geometry":{"type":"Point","coordinates":[-70.39359,41.71932]},"properties":{"f":3269}},{"type":"Feature","geometry":{"type":"Point","coordinates":[-70.39519,41.71643]},"properties":{"f":2502}},{"type":"Feature","geometry":{"type":"Point","coordinates":[-70.39549,41.71602]},"properties":{"f":2517}},{"type":"Feature","geometry":{"type":"Point","coordinates":[-70.39507,41.71806]},"properties":{"f":3167}},{"type":"Feature","geometry":{"type":"Point","coordinates":[-70.39821,41.71402]},"properties":{"f":3606}},{"type":"Feature","geometry":{"type":"Point","coordinates":[-70.40379,41.71596]},"properties":{"f":2466}},{"type":"Feature","geometry":{"type":"Point","coordinates":[-70.40398,41.71649]},"properties":{"f":3147}},{"type":"Feature","geometry":{"type":"Point","coordinates":[-70.3934,41.71786]},"properties":{"f":2456}},{"type":"Feature","geometry":{"type":"Point","coordinates":[-70.39389,41.71777]},"properties":{"f":2969}},{"type":"Feature","geometry":{"type":"Point","coordinates":[-70.39393,41.71516]},"properties":{"f":2779}},{"type":"Feature","geometry":{"type":"Point","coordinates":[-70.39348,41.71513]},"properties":{"f":3304}},{"type":"Feature","geometry":{"type":"Point","coordinates":[-70.3937,41.71659]},"properties":{"f":2916}},{"type":"Feature","geometry":{"type":"Point","coordinates":[-70.3927,41.71698]},"properties":{"f":3324}},{"type":"Feature","geometry":{"type":"Point","coordinates":[-70.39286,41.71637]},"properties":{"f":3434}},{"type":"Feature","geometry":{"type":"Point","coordinates":[-70.40184,41.71447]},"properties":{"f":2906}},{"type":"Feature","geometry":{"type":"Point","coordinates":[-70.40214,41.71475]},"properties":{"f":2708}},{"type":"Feature","geometry":{"type":"Point","coordinates":[-70.4022,41.7152]},"properties":{"f":2805}},{"type":"Feature","geometry":{"type":"Point","coordinates":[-70.40075,41.71582]},"properties":{"f":2672}},{"type":"Feature","geometry":{"type":"Point","coordinates":[-70.39412,41.72189]},"properties":{"f":3706}},{"type":"Feature","geometry":{"type":"Point","coordinates":[-70.39768,41.72353]},"properties":{"f":2796}},{"type":"Feature","geometry":{"type":"Point","coordinates":[-70.39423,41.71981]},"properties":{"f":2783}},{"type":"Feature","geometry":{"type":"Point","coordinates":[-70.39569,41.7201]},"properties":{"f":2494}},{"type":"Feature","geometry":{"type":"Point","coordinates":[-70.39378,41.72278]},"properties":{"f":3708}},{"type":"Feature","geometry":{"type":"Point","coordinates":[-70.39673,41.72116]},"properties":{"f":3627}},{"type":"Feature","geometry":{"type":"Point","coordinates":[-70.39729,41.72136]},"properties":{"f":2589}},{"type":"Feature","geometry":{"type":"Point","coordinates":[-70.39794,41.72158]},"properties":{"f":3243}},{"type":"Feature","geometry":{"type":"Point","coordinates":[-70.39565,41.72129]},"properties":{"f":2647}},{"type":"Feature","geometry":{"type":"Point","coordinates":[-70.39626,41.7218]},"properties":{"f":3182}},{"type":"Feature","geometry":{"type":"Point","coordinates":[-70.39679,41.722]},"properties":{"f":2525}},{"type":"Feature","geometry":{"type":"Point","coordinates":[-70.39738,41.72221]},"properties":{"f":2785}},{"type":"Feature","geometry":{"type":"Point","coordinates":[-70.39564,41.72255]},"properties":{"f":3538}},{"type":"Feature","geometry":{"type":"Point","coordinates":[-70.40095,41.72044]},"properties":{"f":3422}},{"type":"Feature","geometry":{"type":"Point","coordinates":[-70.39935,41.72099]},"properties":{"f":2477}},{"type":"Feature","geometry":{"type":"Point","coordinates":[-70.39841,41.71995]},"properties":{"f":4396}},{"type":"Feature","geometry":{"type":"Point","coordinates":[-70.39965,41.71967]},"properties":{"f":2858}},{"type":"Feature","geometry":{"type":"Point","coordinates":[-70.39452,41.60829]},"properties":{"f":6748}},{"type":"Feature","geometry":{"type":"Point","coordinates":[-70.39469,41.60877]},"properties":{"f":3306}},{"type":"Feature","geometry":{"type":"Point","coordinates":[-70.39363,41.60832]},"properties":{"f":10288}},{"type":"Feature","geometry":{"type":"Point","coordinates":[-70.39162,41.60874]},"properties":{"f":3722}},{"type":"Feature","geometry":{"type":"Point","coordinates":[-70.39095,41.60854]},"properties":{"f":6196}},{"type":"Feature","geometry":{"type":"Point","coordinates":[-70.39052,41.60894]},"properties":{"f":2904}},{"type":"Feature","geometry":{"type":"Point","coordinates":[-70.38962,41.60878]},"properties":{"f":2584}},{"type":"Feature","geometry":{"type":"Point","coordinates":[-70.39424,41.61069]},"properties":{"f":5152}},{"type":"Feature","geometry":{"type":"Point","coordinates":[-70.39391,41.60982]},"properties":{"f":6696}},{"type":"Feature","geometry":{"type":"Point","coordinates":[-70.3945,41.60977]},"properties":{"f":4478}},{"type":"Feature","geometry":{"type":"Point","coordinates":[-70.39389,41.61296]},"properties":{"f":3651}},{"type":"Feature","geometry":{"type":"Point","coordinates":[-70.39288,41.61034]},"properties":{"f":5390}},{"type":"Feature","geometry":{"type":"Point","coordinates":[-70.39365,41.61439]},"properties":{"f":4577}},{"type":"Feature","geometry":{"type":"Point","coordinates":[-70.39474,41.61541]},"properties":{"f":8175}},{"type":"Feature","geometry":{"type":"Point","coordinates":[-70.39355,41.6139]},"properties":{"f":3810}},{"type":"Feature","geometry":{"type":"Point","coordinates":[-70.39179,41.61247]},"properties":{"f":4928}},{"type":"Feature","geometry":{"type":"Point","coordinates":[-70.39084,41.61141]},"properties":{"f":6996}},{"type":"Feature","geometry":{"type":"Point","coordinates":[-70.39146,41.61074]},"properties":{"f":2710}},{"type":"Feature","geometry":{"type":"Point","coordinates":[-70.39087,41.61056]},"properties":{"f":3777}},{"type":"Feature","geometry":{"type":"Point","coordinates":[-70.39079,41.61027]},"properties":{"f":6971}},{"type":"Feature","geometry":{"type":"Point","coordinates":[-70.39025,41.60989]},"properties":{"f":5178}},{"type":"Feature","geometry":{"type":"Point","coordinates":[-70.3877,41.61179]},"properties":{"f":6737}},{"type":"Feature","geometry":{"type":"Point","coordinates":[-70.38815,41.61218]},"properties":{"f":3422}},{"type":"Feature","geometry":{"type":"Point","coordinates":[-70.38849,41.61241]},"properties":{"f":2605}},{"type":"Feature","geometry":{"type":"Point","coordinates":[-70.38881,41.61279]},"properties":{"f":4283}},{"type":"Feature","geometry":{"type":"Point","coordinates":[-70.38857,41.61407]},"properties":{"f":4444}},{"type":"Feature","geometry":{"type":"Point","coordinates":[-70.38713,41.61389]},"properties":{"f":3833}},{"type":"Feature","geometry":{"type":"Point","coordinates":[-70.38609,41.61417]},"properties":{"f":2713}},{"type":"Feature","geometry":{"type":"Point","coordinates":[-70.38552,41.61438]},"properties":{"f":3458}},{"type":"Feature","geometry":{"type":"Point","coordinates":[-70.38531,41.61501]},"properties":{"f":3078}},{"type":"Feature","geometry":{"type":"Point","coordinates":[-70.3859,41.61487]},"properties":{"f":3703}},{"type":"Feature","geometry":{"type":"Point","coordinates":[-70.38642,41.61471]},"properties":{"f":4001}},{"type":"Feature","geometry":{"type":"Point","coordinates":[-70.38694,41.61457]},"properties":{"f":3030}},{"type":"Feature","geometry":{"type":"Point","coordinates":[-70.38746,41.61443]},"properties":{"f":3775}},{"type":"Feature","geometry":{"type":"Point","coordinates":[-70.38797,41.61428]},"properties":{"f":3586}},{"type":"Feature","geometry":{"type":"Point","coordinates":[-70.38533,41.61348]},"properties":{"f":3410}},{"type":"Feature","geometry":{"type":"Point","coordinates":[-70.38488,41.61178]},"properties":{"f":3146}},{"type":"Feature","geometry":{"type":"Point","coordinates":[-70.38524,41.61152]},"properties":{"f":5470}},{"type":"Feature","geometry":{"type":"Point","coordinates":[-70.38568,41.61098]},"properties":{"f":2853}},{"type":"Feature","geometry":{"type":"Point","coordinates":[-70.38608,41.61088]},"properties":{"f":5171}},{"type":"Feature","geometry":{"type":"Point","coordinates":[-70.38643,41.61062]},"properties":{"f":2674}},{"type":"Feature","geometry":{"type":"Point","coordinates":[-70.38711,41.61014]},"properties":{"f":4762}},{"type":"Feature","geometry":{"type":"Point","coordinates":[-70.38661,41.61038]},"properties":{"f":5095}},{"type":"Feature","geometry":{"type":"Point","coordinates":[-70.38765,41.611]},"properties":{"f":3348}},{"type":"Feature","geometry":{"type":"Point","coordinates":[-70.3931,41.61363]},"properties":{"f":4897}},{"type":"Feature","geometry":{"type":"Point","coordinates":[-70.38569,41.61293]},"properties":{"f":3191}},{"type":"Feature","geometry":{"type":"Point","coordinates":[-70.38569,41.61248]},"properties":{"f":3380}},{"type":"Feature","geometry":{"type":"Point","coordinates":[-70.38661,41.61222]},"properties":{"f":3093}},{"type":"Feature","geometry":{"type":"Point","coordinates":[-70.39204,41.61014]},"properties":{"f":5308}},{"type":"Feature","geometry":{"type":"Point","coordinates":[-70.393,41.60966]},"properties":{"f":2741}},{"type":"Feature","geometry":{"type":"Point","coordinates":[-70.39335,41.61058]},"properties":{"f":3268}},{"type":"Feature","geometry":{"type":"Point","coordinates":[-70.39348,41.6111]},"properties":{"f":3504}},{"type":"Feature","geometry":{"type":"Point","coordinates":[-70.39285,41.61159]},"properties":{"f":3773}},{"type":"Feature","geometry":{"type":"Point","coordinates":[-70.3925,41.61097]},"properties":{"f":6994}},{"type":"Feature","geometry":{"type":"Point","coordinates":[-70.39081,41.61652]},"properties":{"f":5448}},{"type":"Feature","geometry":{"type":"Point","coordinates":[-70.39048,41.61745]},"properties":{"f":4587}},{"type":"Feature","geometry":{"type":"Point","coordinates":[-70.38988,41.62006]},"properties":{"f":3558}},{"type":"Feature","geometry":{"type":"Point","coordinates":[-70.3878,41.62053]},"properties":{"f":4138}},{"type":"Feature","geometry":{"type":"Point","coordinates":[-70.39006,41.61584]},"properties":{"f":4984}},{"type":"Feature","geometry":{"type":"Point","coordinates":[-70.38914,41.61484]},"properties":{"f":3477}},{"type":"Feature","geometry":{"type":"Point","coordinates":[-70.38845,41.61488]},"properties":{"f":3213}},{"type":"Feature","geometry":{"type":"Point","coordinates":[-70.38789,41.61504]},"properties":{"f":3738}},{"type":"Feature","geometry":{"type":"Point","coordinates":[-70.38675,41.61535]},"properties":{"f":3765}},{"type":"Feature","geometry":{"type":"Point","coordinates":[-70.38559,41.61562]},"properties":{"f":2936}},{"type":"Feature","geometry":{"type":"Point","coordinates":[-70.38498,41.61582]},"properties":{"f":3071}},{"type":"Feature","geometry":{"type":"Point","coordinates":[-70.38361,41.61561]},"properties":{"f":4732}},{"type":"Feature","geometry":{"type":"Point","coordinates":[-70.39034,41.61526]},"properties":{"f":3836}},{"type":"Feature","geometry":{"type":"Point","coordinates":[-70.38982,41.61503]},"properties":{"f":3211}},{"type":"Feature","geometry":{"type":"Point","coordinates":[-70.39166,41.6155]},"properties":{"f":3469}},{"type":"Feature","geometry":{"type":"Point","coordinates":[-70.38464,41.61983]},"properties":{"f":3016}},{"type":"Feature","geometry":{"type":"Point","coordinates":[-70.3936,41.62287]},"properties":{"f":2474}},{"type":"Feature","geometry":{"type":"Point","coordinates":[-70.39335,41.623]},"properties":{"f":3150}},{"type":"Feature","geometry":{"type":"Point","coordinates":[-70.39317,41.62327]},"properties":{"f":3247}},{"type":"Feature","geometry":{"type":"Point","coordinates":[-70.39297,41.6236]},"properties":{"f":4406}},{"type":"Feature","geometry":{"type":"Point","coordinates":[-70.39348,41.62376]},"properties":{"f":2650}},{"type":"Feature","geometry":{"type":"Point","coordinates":[-70.39172,41.62426]},"properties":{"f":2551}},{"type":"Feature","geometry":{"type":"Point","coordinates":[-70.39064,41.62427]},"properties":{"f":2621}},{"type":"Feature","geometry":{"type":"Point","coordinates":[-70.38634,41.62455]},"properties":{"f":2849}},{"type":"Feature","geometry":{"type":"Point","coordinates":[-70.38607,41.62403]},"properties":{"f":3949}},{"type":"Feature","geometry":{"type":"Point","coordinates":[-70.38574,41.62455]},"properties":{"f":3012}},{"type":"Feature","geometry":{"type":"Point","coordinates":[-70.38551,41.62503]},"properties":{"f":2682}},{"type":"Feature","geometry":{"type":"Point","coordinates":[-70.38438,41.62344]},"properties":{"f":2856}},{"type":"Feature","geometry":{"type":"Point","coordinates":[-70.38542,41.62303]},"properties":{"f":2533}},{"type":"Feature","geometry":{"type":"Point","coordinates":[-70.38429,41.62214]},"properties":{"f":4169}},{"type":"Feature","geometry":{"type":"Point","coordinates":[-70.38465,41.62122]},"properties":{"f":3313}},{"type":"Feature","geometry":{"type":"Point","coordinates":[-70.38393,41.62107]},"properties":{"f":2780}},{"type":"Feature","geometry":{"type":"Point","coordinates":[-70.38453,41.6206]},"properties":{"f":4254}},{"type":"Feature","geometry":{"type":"Point","coordinates":[-70.38477,41.62022]},"properties":{"f":4951}},{"type":"Feature","geometry":{"type":"Point","coordinates":[-70.38582,41.62191]},"properties":{"f":4281}},{"type":"Feature","geometry":{"type":"Point","coordinates":[-70.38601,41.62228]},"properties":{"f":3491}},{"type":"Feature","geometry":{"type":"Point","coordinates":[-70.38615,41.62256]},"properties":{"f":3148}},{"type":"Feature","geometry":{"type":"Point","coordinates":[-70.38643,41.62306]},"properties":{"f":3234}},{"type":"Feature","geometry":{"type":"Point","coordinates":[-70.38939,41.62389]},"properties":{"f":3737}},{"type":"Feature","geometry":{"type":"Point","coordinates":[-70.39016,41.62382]},"properties":{"f":3084}},{"type":"Feature","geometry":{"type":"Point","coordinates":[-70.39011,41.6234]},"properties":{"f":2767}},{"type":"Feature","geometry":{"type":"Point","coordinates":[-70.38955,41.62257]},"properties":{"f":3944}},{"type":"Feature","geometry":{"type":"Point","coordinates":[-70.38887,41.62272]},"properties":{"f":4199}},{"type":"Feature","geometry":{"type":"Point","coordinates":[-70.38888,41.62214]},"properties":{"f":2523}},{"type":"Feature","geometry":{"type":"Point","coordinates":[-70.38845,41.62154]},"properties":{"f":5203}},{"type":"Feature","geometry":{"type":"Point","coordinates":[-70.3881,41.62079]},"properties":{"f":3187}},{"type":"Feature","geometry":{"type":"Point","coordinates":[-70.39117,41.62038]},"properties":{"f":5004}},{"type":"Feature","geometry":{"type":"Point","coordinates":[-70.39014,41.62081]},"properties":{"f":4199}},{"type":"Feature","geometry":{"type":"Point","coordinates":[-70.39006,41.62237]},"properties":{"f":2513}},{"type":"Feature","geometry":{"type":"Point","coordinates":[-70.39092,41.62147]},"properties":{"f":7013}},{"type":"Feature","geometry":{"type":"Point","coordinates":[-70.39171,41.62158]},"properties":{"f":2712}},{"type":"Feature","geometry":{"type":"Point","coordinates":[-70.39054,41.62248]},"properties":{"f":2494}},{"type":"Feature","geometry":{"type":"Point","coordinates":[-70.39079,41.62277]},"properties":{"f":3045}},{"type":"Feature","geometry":{"type":"Point","coordinates":[-70.3911,41.62298]},"properties":{"f":3158}},{"type":"Feature","geometry":{"type":"Point","coordinates":[-70.39096,41.62373]},"properties":{"f":2742}},{"type":"Feature","geometry":{"type":"Point","coordinates":[-70.39174,41.62366]},"properties":{"f":2894}},{"type":"Feature","geometry":{"type":"Point","coordinates":[-70.39206,41.62209]},"properties":{"f":2836}},{"type":"Feature","geometry":{"type":"Point","coordinates":[-70.39424,41.62201]},"properties":{"f":2651}},{"type":"Feature","geometry":{"type":"Point","coordinates":[-70.39049,41.62112]},"properties":{"f":2851}},{"type":"Feature","geometry":{"type":"Point","coordinates":[-70.38687,41.62396]},"properties":{"f":3797}},{"type":"Feature","geometry":{"type":"Point","coordinates":[-70.39051,41.62492]},"properties":{"f":2691}},{"type":"Feature","geometry":{"type":"Point","coordinates":[-70.39335,41.62423]},"properties":{"f":2505}},{"type":"Feature","geometry":{"type":"Point","coordinates":[-70.38482,41.62177]},"properties":{"f":3198}},{"type":"Feature","geometry":{"type":"Point","coordinates":[-70.3847,41.62151]},"properties":{"f":2632}},{"type":"Feature","geometry":{"type":"Point","coordinates":[-70.39629,41.62947]},"properties":{"f":3092}},{"type":"Feature","geometry":{"type":"Point","coordinates":[-70.39535,41.6299]},"properties":{"f":5833}},{"type":"Feature","geometry":{"type":"Point","coordinates":[-70.39392,41.63063]},"properties":{"f":2576}},{"type":"Feature","geometry":{"type":"Point","coordinates":[-70.39515,41.63088]},"properties":{"f":2847}},{"type":"Feature","geometry":{"type":"Point","coordinates":[-70.39111,41.63108]},"properties":{"f":3265}},{"type":"Feature","geometry":{"type":"Point","coordinates":[-70.39324,41.62971]},"properties":{"f":3120}},{"type":"Feature","geometry":{"type":"Point","coordinates":[-70.3922,41.62932]},"properties":{"f":3614}},{"type":"Feature","geometry":{"type":"Point","coordinates":[-70.39229,41.62875]},"properties":{"f":2983}},{"type":"Feature","geometry":{"type":"Point","coordinates":[-70.39102,41.62875]},"properties":{"f":3156}},{"type":"Feature","geometry":{"type":"Point","coordinates":[-70.38963,41.63025]},"properties":{"f":2733}},{"type":"Feature","geometry":{"type":"Point","coordinates":[-70.38879,41.6295]},"properties":{"f":4364}},{"type":"Feature","geometry":{"type":"Point","coordinates":[-70.38833,41.63044]},"properties":{"f":2632}},{"type":"Feature","geometry":{"type":"Point","coordinates":[-70.387,41.63131]},"properties":{"f":2741}},{"type":"Feature","geometry":{"type":"Point","coordinates":[-70.38451,41.63084]},"properties":{"f":3092}},{"type":"Feature","geometry":{"type":"Point","coordinates":[-70.3869,41.62762]},"properties":{"f":2889}},{"type":"Feature","geometry":{"type":"Point","coordinates":[-70.38526,41.62725]},"properties":{"f":2575}},{"type":"Feature","geometry":{"type":"Point","coordinates":[-70.38674,41.62683]},"properties":{"f":3538}},{"type":"Feature","geometry":{"type":"Point","coordinates":[-70.38703,41.6267]},"properties":{"f":3557}},{"type":"Feature","geometry":{"type":"Point","coordinates":[-70.38789,41.62655]},"properties":{"f":6012}},{"type":"Feature","geometry":{"type":"Point","coordinates":[-70.38762,41.62703]},"properties":{"f":3439}},{"type":"Feature","geometry":{"type":"Point","coordinates":[-70.38806,41.62701]},"properties":{"f":2764}},{"type":"Feature","geometry":{"type":"Point","coordinates":[-70.38976,41.62808]},"properties":{"f":3439}},{"type":"Feature","geometry":{"type":"Point","coordinates":[-70.39086,41.62819]},"properties":{"f":4022}},{"type":"Feature","geometry":{"type":"Point","coordinates":[-70.39161,41.62825]},"properties":{"f":3866}},{"type":"Feature","geometry":{"type":"Point","coordinates":[-70.39408,41.62775]},"properties":{"f":7188}},{"type":"Feature","geometry":{"type":"Point","coordinates":[-70.38402,41.63077]},"properties":{"f":2657}},{"type":"Feature","geometry":{"type":"Point","coordinates":[-70.39476,41.62795]},"properties":{"f":3410}},{"type":"Feature","geometry":{"type":"Point","coordinates":[-70.3879,41.62817]},"properties":{"f":3448}},{"type":"Feature","geometry":{"type":"Point","coordinates":[-70.38925,41.63028]},"properties":{"f":2793}},{"type":"Feature","geometry":{"type":"Point","coordinates":[-70.39047,41.63004]},"properties":{"f":2608}},{"type":"Feature","geometry":{"type":"Point","coordinates":[-70.39135,41.63027]},"properties":{"f":3535}},{"type":"Feature","geometry":{"type":"Point","coordinates":[-70.38934,41.63208]},"properties":{"f":3476}},{"type":"Feature","geometry":{"type":"Point","coordinates":[-70.38692,41.63573]},"properties":{"f":3066}},{"type":"Feature","geometry":{"type":"Point","coordinates":[-70.38678,41.63532]},"properties":{"f":2967}},{"type":"Feature","geometry":{"type":"Point","coordinates":[-70.3864,41.6352]},"properties":{"f":2915}},{"type":"Feature","geometry":{"type":"Point","coordinates":[-70.38517,41.6359]},"properties":{"f":2507}},{"type":"Feature","geometry":{"type":"Point","coordinates":[-70.38425,41.63191]},"properties":{"f":2531}},{"type":"Feature","geometry":{"type":"Point","coordinates":[-70.38475,41.63181]},"properties":{"f":3207}},{"type":"Feature","geometry":{"type":"Point","coordinates":[-70.38554,41.63235]},"properties":{"f":3185}},{"type":"Feature","geometry":{"type":"Point","coordinates":[-70.38659,41.63287]},"properties":{"f":2774}},{"type":"Feature","geometry":{"type":"Point","coordinates":[-70.38424,41.63379]},"properties":{"f":3210}},{"type":"Feature","geometry":{"type":"Point","coordinates":[-70.38616,41.6346]},"properties":{"f":4025}},{"type":"Feature","geometry":{"type":"Point","coordinates":[-70.39052,41.63146]},"properties":{"f":2858}},{"type":"Feature","geometry":{"type":"Point","coordinates":[-70.39383,41.63265]},"properties":{"f":6933}},{"type":"Feature","geometry":{"type":"Point","coordinates":[-70.39357,41.63404]},"properties":{"f":4532}},{"type":"Feature","geometry":{"type":"Point","coordinates":[-70.39468,41.63412]},"properties":{"f":4263}},{"type":"Feature","geometry":{"type":"Point","coordinates":[-70.39454,41.63327]},"properties":{"f":5582}},{"type":"Feature","geometry":{"type":"Point","coordinates":[-70.39246,41.63377]},"properties":{"f":3983}},{"type":"Feature","geometry":{"type":"Point","coordinates":[-70.3915,41.63388]},"properties":{"f":2974}},{"type":"Feature","geometry":{"type":"Point","coordinates":[-70.39165,41.63261]},"properties":{"f":3258}},{"type":"Feature","geometry":{"type":"Point","coordinates":[-70.39164,41.63178]},"properties":{"f":3935}},{"type":"Feature","geometry":{"type":"Point","coordinates":[-70.3917,41.63351]},"properties":{"f":4161}},{"type":"Feature","geometry":{"type":"Point","coordinates":[-70.38621,41.63631]},"properties":{"f":3100}},{"type":"Feature","geometry":{"type":"Point","coordinates":[-70.38692,41.63198]},"properties":{"f":2532}},{"type":"Feature","geometry":{"type":"Point","coordinates":[-70.39212,41.6368]},"properties":{"f":3144}},{"type":"Feature","geometry":{"type":"Point","coordinates":[-70.39269,41.63652]},"properties":{"f":3609}},{"type":"Feature","geometry":{"type":"Point","coordinates":[-70.39328,41.63645]},"properties":{"f":2765}},{"type":"Feature","geometry":{"type":"Point","coordinates":[-70.39403,41.63659]},"properties":{"f":3329}},{"type":"Feature","geometry":{"type":"Point","coordinates":[-70.39232,41.63467]},"properties":{"f":5675}},{"type":"Feature","geometry":{"type":"Point","coordinates":[-70.39363,41.63509]},"properties":{"f":4911}},{"type":"Feature","geometry":{"type":"Point","coordinates":[-70.39351,41.63559]},"properties":{"f":4497}},{"type":"Feature","geometry":{"type":"Point","coordinates":[-70.39475,41.64049]},"properties":{"f":3492}},{"type":"Feature","geometry":{"type":"Point","coordinates":[-70.38675,41.6397]},"properties":{"f":3610}},{"type":"Feature","geometry":{"type":"Point","coordinates":[-70.38565,41.63814]},"properties":{"f":3648}},{"type":"Feature","geometry":{"type":"Point","coordinates":[-70.3851,41.64046]},"properties":{"f":3383}},{"type":"Feature","geometry":{"type":"Point","coordinates":[-70.3844,41.64014]},"properties":{"f":2823}},{"type":"Feature","geometry":{"type":"Point","coordinates":[-70.38702,41.63751]},"properties":{"f":3134}},{"type":"Feature","geometry":{"type":"Point","coordinates":[-70.39361,41.64056]},"properties":{"f":4127}},{"type":"Feature","geometry":{"type":"Point","coordinates":[-70.38753,41.63749]},"properties":{"f":3785}},{"type":"Feature","geometry":{"type":"Point","coordinates":[-70.39238,41.63767]},"properties":{"f":2729}},{"type":"Feature","geometry":{"type":"Point","coordinates":[-70.39307,41.63741]},"properties":{"f":3085}},{"type":"Feature","geometry":{"type":"Point","coordinates":[-70.3939,41.63719]},"properties":{"f":2621}},{"type":"Feature","geometry":{"type":"Point","coordinates":[-70.39479,41.63744]},"properties":{"f":4468}},{"type":"Feature","geometry":{"type":"Point","coordinates":[-70.39355,41.64233]},"properties":{"f":3313}},{"type":"Feature","geometry":{"type":"Point","coordinates":[-70.38432,41.64141]},"properties":{"f":2729}},{"type":"Feature","geometry":{"type":"Point","coordinates":[-70.39415,41.64193]},"properties":{"f":3219}},{"type":"Feature","geometry":{"type":"Point","coordinates":[-70.39322,41.64418]},"properties":{"f":5036}},{"type":"Feature","geometry":{"type":"Point","coordinates":[-70.39354,41.64464]},"properties":{"f":2821}},{"type":"Feature","geometry":{"type":"Point","coordinates":[-70.3939,41.64515]},"properties":{"f":2755}},{"type":"Feature","geometry":{"type":"Point","coordinates":[-70.39477,41.64642]},"properties":{"f":2665}},{"type":"Feature","geometry":{"type":"Point","coordinates":[-70.39405,41.64657]},"properties":{"f":2944}},{"type":"Feature","geometry":{"type":"Point","coordinates":[-70.39343,41.64636]},"properties":{"f":2919}},{"type":"Feature","geometry":{"type":"Point","coordinates":[-70.3933,41.64566]},"properties":{"f":3908}},{"type":"Feature","geometry":{"type":"Point","coordinates":[-70.39245,41.6459]},"properties":{"f":3921}},{"type":"Feature","geometry":{"type":"Point","coordinates":[-70.39198,41.64565]},"properties":{"f":3483}},{"type":"Feature","geometry":{"type":"Point","coordinates":[-70.39242,41.64478]},"properties":{"f":3207}},{"type":"Feature","geometry":{"type":"Point","coordinates":[-70.39249,41.64377]},"properties":{"f":3727}},{"type":"Feature","geometry":{"type":"Point","coordinates":[-70.39233,41.64692]},"properties":{"f":3159}},{"type":"Feature","geometry":{"type":"Point","coordinates":[-70.38939,41.64618]},"properties":{"f":2603}},{"type":"Feature","geometry":{"type":"Point","coordinates":[-70.3842,41.64546]},"properties":{"f":3055}},{"type":"Feature","geometry":{"type":"Point","coordinates":[-70.38358,41.64602]},"properties":{"f":3042}},{"type":"Feature","geometry":{"type":"Point","coordinates":[-70.39118,41.64482]},"properties":{"f":2797}},{"type":"Feature","geometry":{"type":"Point","coordinates":[-70.39156,41.64326]},"properties":{"f":2508}},{"type":"Feature","geometry":{"type":"Point","coordinates":[-70.38956,41.6466]},"properties":{"f":2751}},{"type":"Feature","geometry":{"type":"Point","coordinates":[-70.38852,41.64742]},"properties":{"f":2473}},{"type":"Feature","geometry":{"type":"Point","coordinates":[-70.3857,41.64622]},"properties":{"f":2534}},{"type":"Feature","geometry":{"type":"Point","coordinates":[-70.38658,41.64643]},"properties":{"f":2882}},{"type":"Feature","geometry":{"type":"Point","coordinates":[-70.38464,41.64728]},"properties":{"f":2577}},{"type":"Feature","geometry":{"type":"Point","coordinates":[-70.38814,41.64522]},"properties":{"f":2580}},{"type":"Feature","geometry":{"type":"Point","coordinates":[-70.3861,41.64562]},"properties":{"f":2493}},{"type":"Feature","geometry":{"type":"Point","coordinates":[-70.38575,41.64564]},"properties":{"f":2524}},{"type":"Feature","geometry":{"type":"Point","coordinates":[-70.39338,41.64804]},"properties":{"f":2787}},{"type":"Feature","geometry":{"type":"Point","coordinates":[-70.39346,41.64733]},"properties":{"f":2934}},{"type":"Feature","geometry":{"type":"Point","coordinates":[-70.39307,41.6472]},"properties":{"f":2668}},{"type":"Feature","geometry":{"type":"Point","coordinates":[-70.38431,41.64284]},"properties":{"f":3306}},{"type":"Feature","geometry":{"type":"Point","coordinates":[-70.3941,41.64339]},"properties":{"f":3094}},{"type":"Feature","geometry":{"type":"Point","coordinates":[-70.39377,41.64318]},"properties":{"f":2955}},{"type":"Feature","geometry":{"type":"Point","coordinates":[-70.39468,41.64329]},"properties":{"f":4039}},{"type":"Feature","geometry":{"type":"Point","coordinates":[-70.39261,41.64872]},"properties":{"f":2561}},{"type":"Feature","geometry":{"type":"Point","coordinates":[-70.39053,41.65101]},"properties":{"f":3340}},{"type":"Feature","geometry":{"type":"Point","coordinates":[-70.39008,41.65266]},"properties":{"f":2760}},{"type":"Feature","geometry":{"type":"Point","coordinates":[-70.39081,41.65188]},"properties":{"f":2517}},{"type":"Feature","geometry":{"type":"Point","coordinates":[-70.39117,41.64805]},"properties":{"f":2830}},{"type":"Feature","geometry":{"type":"Point","coordinates":[-70.3879,41.64847]},"properties":{"f":2569}},{"type":"Feature","geometry":{"type":"Point","coordinates":[-70.38634,41.65232]},"properties":{"f":2728}},{"type":"Feature","geometry":{"type":"Point","coordinates":[-70.38655,41.65139]},"properties":{"f":2637}},{"type":"Feature","geometry":{"type":"Point","coordinates":[-70.38804,41.64928]},"properties":{"f":3362}},{"type":"Feature","geometry":{"type":"Point","coordinates":[-70.39209,41.6516]},"properties":{"f":2638}},{"type":"Feature","geometry":{"type":"Point","coordinates":[-70.39145,41.65134]},"properties":{"f":2614}},{"type":"Feature","geometry":{"type":"Point","coordinates":[-70.38617,41.64804]},"properties":{"f":2834}},{"type":"Feature","geometry":{"type":"Point","coordinates":[-70.38375,41.64806]},"properties":{"f":2593}},{"type":"Feature","geometry":{"type":"Point","coordinates":[-70.38345,41.64941]},"properties":{"f":2540}},{"type":"Feature","geometry":{"type":"Point","coordinates":[-70.39352,41.65177]},"properties":{"f":2848}},{"type":"Feature","geometry":{"type":"Point","coordinates":[-70.39356,41.65118]},"properties":{"f":2633}},{"type":"Feature","geometry":{"type":"Point","coordinates":[-70.39321,41.65072]},"properties":{"f":3215}},{"type":"Feature","geometry":{"type":"Point","coordinates":[-70.39345,41.65005]},"properties":{"f":3215}},{"type":"Feature","geometry":{"type":"Point","coordinates":[-70.39377,41.64943]},"properties":{"f":2720}},{"type":"Feature","geometry":{"type":"Point","coordinates":[-70.39033,41.65374]},"properties":{"f":3028}},{"type":"Feature","geometry":{"type":"Point","coordinates":[-70.38998,41.65451]},"properties":{"f":2645}},{"type":"Feature","geometry":{"type":"Point","coordinates":[-70.38972,41.65517]},"properties":{"f":3070}},{"type":"Feature","geometry":{"type":"Point","coordinates":[-70.39093,41.65531]},"properties":{"f":2532}},{"type":"Feature","geometry":{"type":"Point","coordinates":[-70.39052,41.65589]},"properties":{"f":3167}},{"type":"Feature","geometry":{"type":"Point","coordinates":[-70.38972,41.65581]},"properties":{"f":2565}},{"type":"Feature","geometry":{"type":"Point","coordinates":[-70.38905,41.65524]},"properties":{"f":2503}},{"type":"Feature","geometry":{"type":"Point","coordinates":[-70.38545,41.65433]},"properties":{"f":4239}},{"type":"Feature","geometry":{"type":"Point","coordinates":[-70.38552,41.65871]},"properties":{"f":2517}},{"type":"Feature","geometry":{"type":"Point","coordinates":[-70.38411,41.65662]},"properties":{"f":2555}},{"type":"Feature","geometry":{"type":"Point","coordinates":[-70.3834,41.65632]},"properties":{"f":2866}},{"type":"Feature","geometry":{"type":"Point","coordinates":[-70.38357,41.65724]},"properties":{"f":2555}},{"type":"Feature","geometry":{"type":"Point","coordinates":[-70.38814,41.65686]},"properties":{"f":2690}},{"type":"Feature","geometry":{"type":"Point","coordinates":[-70.3864,41.65644]},"properties":{"f":2480}},{"type":"Feature","geometry":{"type":"Point","coordinates":[-70.38571,41.65641]},"properties":{"f":2588}},{"type":"Feature","geometry":{"type":"Point","coordinates":[-70.38694,41.65645]},"properties":{"f":2930}},{"type":"Feature","geometry":{"type":"Point","coordinates":[-70.38736,41.65444]},"properties":{"f":2475}},{"type":"Feature","geometry":{"type":"Point","coordinates":[-70.38366,41.66401]},"properties":{"f":2556}},{"type":"Feature","geometry":{"type":"Point","coordinates":[-70.39428,41.66434]},"properties":{"f":2465}},{"type":"Feature","geometry":{"type":"Point","coordinates":[-70.39122,41.66701]},"properties":{"f":2917}},{"type":"Feature","geometry":{"type":"Point","coordinates":[-70.38907,41.6665]},"properties":{"f":2909}},{"type":"Feature","geometry":{"type":"Point","coordinates":[-70.38904,41.66915]},"properties":{"f":2639}},{"type":"Feature","geometry":{"type":"Point","coordinates":[-70.39004,41.66909]},"properties":{"f":4041}},{"type":"Feature","geometry":{"type":"Point","coordinates":[-70.38777,41.66992]},"properties":{"f":3088}},{"type":"Feature","geometry":{"type":"Point","coordinates":[-70.38434,41.67014]},"properties":{"f":2982}},{"type":"Feature","geometry":{"type":"Point","coordinates":[-70.38463,41.6658]},"properties":{"f":2895}},{"type":"Feature","geometry":{"type":"Point","coordinates":[-70.3864,41.66687]},"properties":{"f":5698}},{"type":"Feature","geometry":{"type":"Point","coordinates":[-70.38662,41.66581]},"properties":{"f":2887}},{"type":"Feature","geometry":{"type":"Point","coordinates":[-70.3934,41.66923]},"properties":{"f":3487}},{"type":"Feature","geometry":{"type":"Point","coordinates":[-70.38952,41.67307]},"properties":{"f":2905}},{"type":"Feature","geometry":{"type":"Point","coordinates":[-70.39397,41.67456]},"properties":{"f":2684}},{"type":"Feature","geometry":{"type":"Point","coordinates":[-70.39316,41.67455]},"properties":{"f":3358}},{"type":"Feature","geometry":{"type":"Point","coordinates":[-70.3917,41.67442]},"properties":{"f":2645}},{"type":"Feature","geometry":{"type":"Point","coordinates":[-70.38907,41.67477]},"properties":{"f":2754}},{"type":"Feature","geometry":{"type":"Point","coordinates":[-70.38854,41.67026]},"properties":{"f":2727}},{"type":"Feature","geometry":{"type":"Point","coordinates":[-70.38656,41.67789]},"properties":{"f":2471}},{"type":"Feature","geometry":{"type":"Point","coordinates":[-70.38552,41.6754]},"properties":{"f":2614}},{"type":"Feature","geometry":{"type":"Point","coordinates":[-70.39279,41.67918]},"properties":{"f":2591}},{"type":"Feature","geometry":{"type":"Point","coordinates":[-70.39321,41.67722]},"properties":{"f":3419}},{"type":"Feature","geometry":{"type":"Point","coordinates":[-70.39322,41.67672]},"properties":{"f":3303}},{"type":"Feature","geometry":{"type":"Point","coordinates":[-70.39223,41.67655]},"properties":{"f":2741}},{"type":"Feature","geometry":{"type":"Point","coordinates":[-70.38944,41.67601]},"properties":{"f":2659}},{"type":"Feature","geometry":{"type":"Point","coordinates":[-70.39126,41.67533]},"properties":{"f":2566}},{"type":"Feature","geometry":{"type":"Point","coordinates":[-70.388,41.67677]},"properties":{"f":2822}},{"type":"Feature","geometry":{"type":"Point","coordinates":[-70.38837,41.67586]},"properties":{"f":3047}},{"type":"Feature","geometry":{"type":"Point","coordinates":[-70.38872,41.67522]},"properties":{"f":2786}},{"type":"Feature","geometry":{"type":"Point","coordinates":[-70.38928,41.68384]},"properties":{"f":3284}},{"type":"Feature","geometry":{"type":"Point","coordinates":[-70.3864,41.68297]},"properties":{"f":6018}},{"type":"Feature","geometry":{"type":"Point","coordinates":[-70.38469,41.68434]},"properties":{"f":3069}},{"type":"Feature","geometry":{"type":"Point","coordinates":[-70.38383,41.68507]},"properties":{"f":2532}},{"type":"Feature","geometry":{"type":"Point","coordinates":[-70.38344,41.68523]},"properties":{"f":2777}},{"type":"Feature","geometry":{"type":"Point","coordinates":[-70.39194,41.68478]},"properties":{"f":3648}},{"type":"Feature","geometry":{"type":"Point","coordinates":[-70.38402,41.69031]},"properties":{"f":2698}},{"type":"Feature","geometry":{"type":"Point","coordinates":[-70.38363,41.68686]},"properties":{"f":2837}},{"type":"Feature","geometry":{"type":"Point","coordinates":[-70.38602,41.6872]},"properties":{"f":2470}},{"type":"Feature","geometry":{"type":"Point","coordinates":[-70.38757,41.68888]},"properties":{"f":2648}},{"type":"Feature","geometry":{"type":"Point","coordinates":[-70.38889,41.68695]},"properties":{"f":2628}},{"type":"Feature","geometry":{"type":"Point","coordinates":[-70.38945,41.68685]},"properties":{"f":3299}},{"type":"Feature","geometry":{"type":"Point","coordinates":[-70.38768,41.68745]},"properties":{"f":2798}},{"type":"Feature","geometry":{"type":"Point","coordinates":[-70.38676,41.68942]},"properties":{"f":3917}},{"type":"Feature","geometry":{"type":"Point","coordinates":[-70.38597,41.68956]},"properties":{"f":3062}},{"type":"Feature","geometry":{"type":"Point","coordinates":[-70.38622,41.69008]},"properties":{"f":3471}},{"type":"Feature","geometry":{"type":"Point","coordinates":[-70.38477,41.69089]},"properties":{"f":3190}},{"type":"Feature","geometry":{"type":"Point","coordinates":[-70.38512,41.69054]},"properties":{"f":2512}},{"type":"Feature","geometry":{"type":"Point","coordinates":[-70.38743,41.68711]},"properties":{"f":3944}},{"type":"Feature","geometry":{"type":"Point","coordinates":[-70.38805,41.68623]},"properties":{"f":2596}},{"type":"Feature","geometry":{"type":"Point","coordinates":[-70.38393,41.69217]},"properties":{"f":2969}},{"type":"Feature","geometry":{"type":"Point","coordinates":[-70.38383,41.69177]},"properties":{"f":3340}},{"type":"Feature","geometry":{"type":"Point","coordinates":[-70.38637,41.7018]},"properties":{"f":2514}},{"type":"Feature","geometry":{"type":"Point","coordinates":[-70.38416,41.69956]},"properties":{"f":3613}},{"type":"Feature","geometry":{"type":"Point","coordinates":[-70.38736,41.70126]},"properties":{"f":3030}},{"type":"Feature","geometry":{"type":"Point","coordinates":[-70.3884,41.70004]},"properties":{"f":2631}},{"type":"Feature","geometry":{"type":"Point","coordinates":[-70.39076,41.70356]},"properties":{"f":2812}},{"type":"Feature","geometry":{"type":"Point","coordinates":[-70.39027,41.70702]},"properties":{"f":2805}},{"type":"Feature","geometry":{"type":"Point","coordinates":[-70.39157,41.70632]},"properties":{"f":2785}},{"type":"Feature","geometry":{"type":"Point","coordinates":[-70.38373,41.70749]},"properties":{"f":3632}},{"type":"Feature","geometry":{"type":"Point","coordinates":[-70.38505,41.70601]},"properties":{"f":2501}},{"type":"Feature","geometry":{"type":"Point","coordinates":[-70.38719,41.706]},"properties":{"f":3291}},{"type":"Feature","geometry":{"type":"Point","coordinates":[-70.3907,41.70682]},"properties":{"f":2556}},{"type":"Feature","geometry":{"type":"Point","coordinates":[-70.39339,41.70839]},"properties":{"f":2932}},{"type":"Feature","geometry":{"type":"Point","coordinates":[-70.38939,41.70929]},"properties":{"f":2564}},{"type":"Feature","geometry":{"type":"Point","coordinates":[-70.38747,41.71113]},"properties":{"f":2710}},{"type":"Feature","geometry":{"type":"Point","coordinates":[-70.38773,41.71245]},"properties":{"f":2623}},{"type":"Feature","geometry":{"type":"Point","coordinates":[-70.38728,41.70906]},"properties":{"f":3837}},{"type":"Feature","geometry":{"type":"Point","coordinates":[-70.39014,41.71003]},"properties":{"f":3877}},{"type":"Feature","geometry":{"type":"Point","coordinates":[-70.38944,41.71297]},"properties":{"f":2699}},{"type":"Feature","geometry":{"type":"Point","coordinates":[-70.38632,41.71359]},"properties":{"f":2834}},{"type":"Feature","geometry":{"type":"Point","coordinates":[-70.38652,41.71696]},"properties":{"f":2539}},{"type":"Feature","geometry":{"type":"Point","coordinates":[-70.38475,41.71782]},"properties":{"f":2683}},{"type":"Feature","geometry":{"type":"Point","coordinates":[-70.38525,41.71623]},"properties":{"f":2504}},{"type":"Feature","geometry":{"type":"Point","coordinates":[-70.38417,41.71624]},"properties":{"f":2928}},{"type":"Feature","geometry":{"type":"Point","coordinates":[-70.38254,41.71826]},"properties":{"f":3113}},{"type":"Feature","geometry":{"type":"Point","coordinates":[-70.38228,41.71865]},"properties":{"f":2740}},{"type":"Feature","geometry":{"type":"Point","coordinates":[-70.38214,41.71909]},"properties":{"f":4996}},{"type":"Feature","geometry":{"type":"Point","coordinates":[-70.39066,41.7175]},"properties":{"f":3621}},{"type":"Feature","geometry":{"type":"Point","coordinates":[-70.38971,41.71733]},"properties":{"f":2641}},{"type":"Feature","geometry":{"type":"Point","coordinates":[-70.39009,41.71418]},"properties":{"f":3071}},{"type":"Feature","geometry":{"type":"Point","coordinates":[-70.38749,41.71514]},"properties":{"f":3232}},{"type":"Feature","geometry":{"type":"Point","coordinates":[-70.38807,41.71437]},"properties":{"f":3664}},{"type":"Feature","geometry":{"type":"Point","coordinates":[-70.38402,41.71378]},"properties":{"f":2875}},{"type":"Feature","geometry":{"type":"Point","coordinates":[-70.39296,41.71851]},"properties":{"f":3321}},{"type":"Feature","geometry":{"type":"Point","coordinates":[-70.39271,41.71822]},"properties":{"f":3084}},{"type":"Feature","geometry":{"type":"Point","coordinates":[-70.39248,41.71788]},"properties":{"f":2699}},{"type":"Feature","geometry":{"type":"Point","coordinates":[-70.39214,41.71753]},"properties":{"f":4268}},{"type":"Feature","geometry":{"type":"Point","coordinates":[-70.39129,41.71691]},"properties":{"f":2506}},{"type":"Feature","geometry":{"type":"Point","coordinates":[-70.39247,41.71652]},"properties":{"f":3173}},{"type":"Feature","geometry":{"type":"Point","coordinates":[-70.39209,41.71574]},"properties":{"f":3499}},{"type":"Feature","geometry":{"type":"Point","coordinates":[-70.3915,41.71559]},"properties":{"f":2902}},{"type":"Feature","geometry":{"type":"Point","coordinates":[-70.39073,41.71489]},"properties":{"f":2749}},{"type":"Feature","geometry":{"type":"Point","coordinates":[-70.39006,41.71486]},"properties":{"f":2760}},{"type":"Feature","geometry":{"type":"Point","coordinates":[-70.39082,41.71399]},"properties":{"f":3311}},{"type":"Feature","geometry":{"type":"Point","coordinates":[-70.39134,41.71387]},"properties":{"f":3519}},{"type":"Feature","geometry":{"type":"Point","coordinates":[-70.39221,41.71416]},"properties":{"f":3336}},{"type":"Feature","geometry":{"type":"Point","coordinates":[-70.3925,41.71466]},"properties":{"f":3322}},{"type":"Feature","geometry":{"type":"Point","coordinates":[-70.39323,41.71479]},"properties":{"f":3530}},{"type":"Feature","geometry":{"type":"Point","coordinates":[-70.3929,41.71521]},"properties":{"f":3255}},{"type":"Feature","geometry":{"type":"Point","coordinates":[-70.39174,41.71958]},"properties":{"f":3068}},{"type":"Feature","geometry":{"type":"Point","coordinates":[-70.3911,41.72257]},"properties":{"f":3288}},{"type":"Feature","geometry":{"type":"Point","coordinates":[-70.38295,41.72057]},"properties":{"f":3804}},{"type":"Feature","geometry":{"type":"Point","coordinates":[-70.39132,41.72303]},"properties":{"f":4341}},{"type":"Feature","geometry":{"type":"Point","coordinates":[-70.38781,41.72914]},"properties":{"f":2792}},{"type":"Feature","geometry":{"type":"Point","coordinates":[-70.38941,41.73227]},"properties":{"f":3590}},{"type":"Feature","geometry":{"type":"Point","coordinates":[-70.38704,41.73587]},"properties":{"f":4019}},{"type":"Feature","geometry":{"type":"Point","coordinates":[-70.38659,41.73524]},"properties":{"f":3284}},{"type":"Feature","geometry":{"type":"Point","coordinates":[-70.38906,41.73383]},"properties":{"f":2886}},{"type":"Feature","geometry":{"type":"Point","coordinates":[-70.38908,41.7333]},"properties":{"f":3987}},{"type":"Feature","geometry":{"type":"Point","coordinates":[-70.38996,41.73048]},"properties":{"f":2536}},{"type":"Feature","geometry":{"type":"Point","coordinates":[-70.38756,41.73373]},"properties":{"f":3277}},{"type":"Feature","geometry":{"type":"Point","coordinates":[-70.38675,41.73381]},"properties":{"f":2793}},{"type":"Feature","geometry":{"type":"Point","coordinates":[-70.38646,41.73317]},"properties":{"f":3302}},{"type":"Feature","geometry":{"type":"Point","coordinates":[-70.38715,41.73307]},"properties":{"f":2524}},{"type":"Feature","geometry":{"type":"Point","coordinates":[-70.38644,41.73243]},"properties":{"f":3426}},{"type":"Feature","geometry":{"type":"Point","coordinates":[-70.38591,41.73231]},"properties":{"f":3470}},{"type":"Feature","geometry":{"type":"Point","coordinates":[-70.38542,41.73212]},"properties":{"f":3440}},{"type":"Feature","geometry":{"type":"Point","coordinates":[-70.38489,41.73161]},"properties":{"f":2984}},{"type":"Feature","geometry":{"type":"Point","coordinates":[-70.38525,41.73119]},"properties":{"f":3128}},{"type":"Feature","geometry":{"type":"Point","coordinates":[-70.38602,41.73125]},"properties":{"f":3365}},{"type":"Feature","geometry":{"type":"Point","coordinates":[-70.38696,41.73161]},"properties":{"f":2696}},{"type":"Feature","geometry":{"type":"Point","coordinates":[-70.38755,41.7316]},"properties":{"f":2993}},{"type":"Feature","geometry":{"type":"Point","coordinates":[-70.38857,41.73107]},"properties":{"f":2914}},{"type":"Feature","geometry":{"type":"Point","coordinates":[-70.38738,41.73103]},"properties":{"f":3878}},{"type":"Feature","geometry":{"type":"Point","coordinates":[-70.3883,41.73026]},"properties":{"f":2871}},{"type":"Feature","geometry":{"type":"Point","coordinates":[-70.39011,41.73183]},"properties":{"f":2501}},{"type":"Feature","geometry":{"type":"Point","coordinates":[-70.39115,41.73153]},"properties":{"f":3760}},{"type":"Feature","geometry":{"type":"Point","coordinates":[-70.39025,41.73123]},"properties":{"f":3588}},{"type":"Feature","geometry":{"type":"Point","coordinates":[-70.39054,41.73077]},"properties":{"f":3642}},{"type":"Feature","geometry":{"type":"Point","coordinates":[-70.39156,41.73063]},"properties":{"f":2693}},{"type":"Feature","geometry":{"type":"Point","coordinates":[-70.38325,41.61381]},"properties":{"f":7090}},{"type":"Feature","geometry":{"type":"Point","coordinates":[-70.38142,41.61332]},"properties":{"f":4076}},{"type":"Feature","geometry":{"type":"Point","coordinates":[-70.37968,41.61376]},"properties":{"f":4217}},{"type":"Feature","geometry":{"type":"Point","coordinates":[-70.37799,41.61341]},"properties":{"f":3110}},{"type":"Feature","geometry":{"type":"Point","coordinates":[-70.37735,41.61366]},"properties":{"f":4333}},{"type":"Feature","geometry":{"type":"Point","coordinates":[-70.3764,41.61476]},"properties":{"f":2934}},{"type":"Feature","geometry":{"type":"Point","coordinates":[-70.37466,41.61447]},"properties":{"f":3472}},{"type":"Feature","geometry":{"type":"Point","coordinates":[-70.37397,41.61483]},"properties":{"f":2880}},{"type":"Feature","geometry":{"type":"Point","coordinates":[-70.3731,41.61446]},"properties":{"f":3552}},{"type":"Feature","geometry":{"type":"Point","coordinates":[-70.37385,41.61408]},"properties":{"f":2705}},{"type":"Feature","geometry":{"type":"Point","coordinates":[-70.37454,41.61384]},"properties":{"f":5129}},{"type":"Feature","geometry":{"type":"Point","coordinates":[-70.37515,41.61361]},"properties":{"f":3013}},{"type":"Feature","geometry":{"type":"Point","coordinates":[-70.37566,41.61341]},"properties":{"f":3675}},{"type":"Feature","geometry":{"type":"Point","coordinates":[-70.3765,41.61311]},"properties":{"f":5011}},{"type":"Feature","geometry":{"type":"Point","coordinates":[-70.37732,41.6128]},"properties":{"f":3044}},{"type":"Feature","geometry":{"type":"Point","coordinates":[-70.38134,41.61172]},"properties":{"f":3732}},{"type":"Feature","geometry":{"type":"Point","coordinates":[-70.38183,41.61205]},"properties":{"f":4527}},{"type":"Feature","geometry":{"type":"Point","coordinates":[-70.38232,41.61151]},"properties":{"f":4928}},{"type":"Feature","geometry":{"type":"Point","coordinates":[-70.38394,41.61117]},"properties":{"f":5396}},{"type":"Feature","geometry":{"type":"Point","coordinates":[-70.3842,41.61195]},"properties":{"f":4928}},{"type":"Feature","geometry":{"type":"Point","coordinates":[-70.37599,41.6148]},"properties":{"f":3557}},{"type":"Feature","geometry":{"type":"Point","coordinates":[-70.37903,41.61209]},"properties":{"f":6912}},{"type":"Feature","geometry":{"type":"Point","coordinates":[-70.38161,41.61128]},"properties":{"f":4620}},{"type":"Feature","geometry":{"type":"Point","coordinates":[-70.37686,41.61812]},"properties":{"f":3039}},{"type":"Feature","geometry":{"type":"Point","coordinates":[-70.37689,41.61843]},"properties":{"f":3354}},{"type":"Feature","geometry":{"type":"Point","coordinates":[-70.37731,41.61927]},"properties":{"f":2886}},{"type":"Feature","geometry":{"type":"Point","coordinates":[-70.37731,41.61882]},"properties":{"f":2956}},{"type":"Feature","geometry":{"type":"Point","coordinates":[-70.3776,41.61994]},"properties":{"f":2510}},{"type":"Feature","geometry":{"type":"Point","coordinates":[-70.38013,41.61957]},"properties":{"f":3311}},{"type":"Feature","geometry":{"type":"Point","coordinates":[-70.38102,41.6198]},"properties":{"f":2484}},{"type":"Feature","geometry":{"type":"Point","coordinates":[-70.38143,41.61996]},"properties":{"f":2681}},{"type":"Feature","geometry":{"type":"Point","coordinates":[-70.38328,41.62035]},"properties":{"f":4559}},{"type":"Feature","geometry":{"type":"Point","coordinates":[-70.37694,41.62042]},"properties":{"f":3191}},{"type":"Feature","geometry":{"type":"Point","coordinates":[-70.37691,41.61999]},"properties":{"f":3537}},{"type":"Feature","geometry":{"type":"Point","coordinates":[-70.37607,41.62007]},"properties":{"f":2951}},{"type":"Feature","geometry":{"type":"Point","coordinates":[-70.37523,41.61978]},"properties":{"f":2567}},{"type":"Feature","geometry":{"type":"Point","coordinates":[-70.3766,41.61934]},"properties":{"f":2790}},{"type":"Feature","geometry":{"type":"Point","coordinates":[-70.37641,41.61898]},"properties":{"f":3833}},{"type":"Feature","geometry":{"type":"Point","coordinates":[-70.37516,41.61928]},"properties":{"f":2563}},{"type":"Feature","geometry":{"type":"Point","coordinates":[-70.3748,41.61943]},"properties":{"f":2974}},{"type":"Feature","geometry":{"type":"Point","coordinates":[-70.37305,41.62012]},"properties":{"f":3986}},{"type":"Feature","geometry":{"type":"Point","coordinates":[-70.37296,41.61949]},"properties":{"f":3400}},{"type":"Feature","geometry":{"type":"Point","coordinates":[-70.37346,41.61939]},"properties":{"f":3112}},{"type":"Feature","geometry":{"type":"Point","coordinates":[-70.37429,41.6191]},"properties":{"f":2826}},{"type":"Feature","geometry":{"type":"Point","coordinates":[-70.37476,41.61885]},"properties":{"f":3775}},{"type":"Feature","geometry":{"type":"Point","coordinates":[-70.37471,41.61864]},"properties":{"f":2678}},{"type":"Feature","geometry":{"type":"Point","coordinates":[-70.37603,41.61835]},"properties":{"f":2821}},{"type":"Feature","geometry":{"type":"Point","coordinates":[-70.37619,41.61631]},"properties":{"f":3733}},{"type":"Feature","geometry":{"type":"Point","coordinates":[-70.37452,41.61672]},"properties":{"f":2926}},{"type":"Feature","geometry":{"type":"Point","coordinates":[-70.37637,41.61557]},"properties":{"f":3703}},{"type":"Feature","geometry":{"type":"Point","coordinates":[-70.37623,41.61535]},"properties":{"f":4328}},{"type":"Feature","geometry":{"type":"Point","coordinates":[-70.37487,41.61596]},"properties":{"f":2832}},{"type":"Feature","geometry":{"type":"Point","coordinates":[-70.3734,41.61583]},"properties":{"f":2747}},{"type":"Feature","geometry":{"type":"Point","coordinates":[-70.37328,41.61512]},"properties":{"f":3240}},{"type":"Feature","geometry":{"type":"Point","coordinates":[-70.37527,41.61596]},"properties":{"f":3198}},{"type":"Feature","geometry":{"type":"Point","coordinates":[-70.38265,41.62029]},"properties":{"f":3699}},{"type":"Feature","geometry":{"type":"Point","coordinates":[-70.37622,41.61774]},"properties":{"f":2760}},{"type":"Feature","geometry":{"type":"Point","coordinates":[-70.38366,41.62025]},"properties":{"f":4045}},{"type":"Feature","geometry":{"type":"Point","coordinates":[-70.38323,41.62117]},"properties":{"f":2595}},{"type":"Feature","geometry":{"type":"Point","coordinates":[-70.38244,41.62142]},"properties":{"f":2685}},{"type":"Feature","geometry":{"type":"Point","coordinates":[-70.38361,41.62354]},"properties":{"f":2511}},{"type":"Feature","geometry":{"type":"Point","coordinates":[-70.38365,41.62382]},"properties":{"f":2788}},{"type":"Feature","geometry":{"type":"Point","coordinates":[-70.38399,41.6246]},"properties":{"f":2526}},{"type":"Feature","geometry":{"type":"Point","coordinates":[-70.38211,41.62575]},"properties":{"f":4120}},{"type":"Feature","geometry":{"type":"Point","coordinates":[-70.38171,41.62149]},"properties":{"f":2706}},{"type":"Feature","geometry":{"type":"Point","coordinates":[-70.38128,41.62158]},"properties":{"f":2547}},{"type":"Feature","geometry":{"type":"Point","coordinates":[-70.38211,41.62272]},"properties":{"f":2905}},{"type":"Feature","geometry":{"type":"Point","coordinates":[-70.38222,41.62427]},"properties":{"f":2698}},{"type":"Feature","geometry":{"type":"Point","coordinates":[-70.3819,41.62441]},"properties":{"f":2914}},{"type":"Feature","geometry":{"type":"Point","coordinates":[-70.38151,41.62492]},"properties":{"f":3843}},{"type":"Feature","geometry":{"type":"Point","coordinates":[-70.38254,41.62474]},"properties":{"f":3010}},{"type":"Feature","geometry":{"type":"Point","coordinates":[-70.38219,41.62485]},"properties":{"f":3249}},{"type":"Feature","geometry":{"type":"Point","coordinates":[-70.38194,41.6252]},"properties":{"f":2823}},{"type":"Feature","geometry":{"type":"Point","coordinates":[-70.38166,41.62553]},"properties":{"f":3404}},{"type":"Feature","geometry":{"type":"Point","coordinates":[-70.38022,41.62589]},"properties":{"f":2930}},{"type":"Feature","geometry":{"type":"Point","coordinates":[-70.3806,41.62565]},"properties":{"f":3603}},{"type":"Feature","geometry":{"type":"Point","coordinates":[-70.38143,41.62408]},"properties":{"f":4267}},{"type":"Feature","geometry":{"type":"Point","coordinates":[-70.38141,41.62366]},"properties":{"f":3029}},{"type":"Feature","geometry":{"type":"Point","coordinates":[-70.38065,41.62505]},"properties":{"f":3036}},{"type":"Feature","geometry":{"type":"Point","coordinates":[-70.38069,41.62479]},"properties":{"f":2832}},{"type":"Feature","geometry":{"type":"Point","coordinates":[-70.38071,41.6238]},"properties":{"f":2592}},{"type":"Feature","geometry":{"type":"Point","coordinates":[-70.38071,41.62252]},"properties":{"f":2572}},{"type":"Feature","geometry":{"type":"Point","coordinates":[-70.37994,41.62107]},"properties":{"f":3087}},{"type":"Feature","geometry":{"type":"Point","coordinates":[-70.38015,41.62158]},"properties":{"f":3145}},{"type":"Feature","geometry":{"type":"Point","coordinates":[-70.37988,41.62231]},"properties":{"f":3179}},{"type":"Feature","geometry":{"type":"Point","coordinates":[-70.37895,41.62229]},"properties":{"f":3144}},{"type":"Feature","geometry":{"type":"Point","coordinates":[-70.37844,41.62178]},"properties":{"f":2677}},{"type":"Feature","geometry":{"type":"Point","coordinates":[-70.37838,41.62151]},"properties":{"f":3046}},{"type":"Feature","geometry":{"type":"Point","coordinates":[-70.37829,41.62127]},"properties":{"f":2904}},{"type":"Feature","geometry":{"type":"Point","coordinates":[-70.3787,41.62087]},"properties":{"f":2887}},{"type":"Feature","geometry":{"type":"Point","coordinates":[-70.37887,41.62119]},"properties":{"f":2472}},{"type":"Feature","geometry":{"type":"Point","coordinates":[-70.37964,41.62189]},"properties":{"f":2876}},{"type":"Feature","geometry":{"type":"Point","coordinates":[-70.37943,41.62136]},"properties":{"f":2736}},{"type":"Feature","geometry":{"type":"Point","coordinates":[-70.37682,41.62131]},"properties":{"f":4162}},{"type":"Feature","geometry":{"type":"Point","coordinates":[-70.37723,41.62147]},"properties":{"f":2861}},{"type":"Feature","geometry":{"type":"Point","coordinates":[-70.37756,41.62155]},"properties":{"f":3102}},{"type":"Feature","geometry":{"type":"Point","coordinates":[-70.3779,41.62184]},"properties":{"f":2782}},{"type":"Feature","geometry":{"type":"Point","coordinates":[-70.37712,41.62202]},"properties":{"f":3546}},{"type":"Feature","geometry":{"type":"Point","coordinates":[-70.37647,41.62231]},"properties":{"f":2485}},{"type":"Feature","geometry":{"type":"Point","coordinates":[-70.37612,41.62211]},"properties":{"f":2876}},{"type":"Feature","geometry":{"type":"Point","coordinates":[-70.37685,41.62251]},"properties":{"f":3540}},{"type":"Feature","geometry":{"type":"Point","coordinates":[-70.37719,41.62269]},"properties":{"f":3942}},{"type":"Feature","geometry":{"type":"Point","coordinates":[-70.37753,41.62293]},"properties":{"f":4814}},{"type":"Feature","geometry":{"type":"Point","coordinates":[-70.37795,41.62314]},"properties":{"f":3270}},{"type":"Feature","geometry":{"type":"Point","coordinates":[-70.37821,41.62336]},"properties":{"f":3743}},{"type":"Feature","geometry":{"type":"Point","coordinates":[-70.37989,41.62337]},"properties":{"f":3690}},{"type":"Feature","geometry":{"type":"Point","coordinates":[-70.37875,41.62355]},"properties":{"f":3050}},{"type":"Feature","geometry":{"type":"Point","coordinates":[-70.37906,41.62378]},"properties":{"f":3003}},{"type":"Feature","geometry":{"type":"Point","coordinates":[-70.38008,41.62402]},"properties":{"f":3775}},{"type":"Feature","geometry":{"type":"Point","coordinates":[-70.38015,41.62445]},"properties":{"f":2751}},{"type":"Feature","geometry":{"type":"Point","coordinates":[-70.37995,41.62533]},"properties":{"f":3247}},{"type":"Feature","geometry":{"type":"Point","coordinates":[-70.37856,41.6246]},"properties":{"f":2845}},{"type":"Feature","geometry":{"type":"Point","coordinates":[-70.37832,41.62425]},"properties":{"f":3179}},{"type":"Feature","geometry":{"type":"Point","coordinates":[-70.37716,41.62343]},"properties":{"f":4029}},{"type":"Feature","geometry":{"type":"Point","coordinates":[-70.37514,41.62269]},"properties":{"f":2827}},{"type":"Feature","geometry":{"type":"Point","coordinates":[-70.37414,41.62226]},"properties":{"f":2834}},{"type":"Feature","geometry":{"type":"Point","coordinates":[-70.37282,41.62195]},"properties":{"f":5221}},{"type":"Feature","geometry":{"type":"Point","coordinates":[-70.37334,41.62388]},"properties":{"f":4386}},{"type":"Feature","geometry":{"type":"Point","coordinates":[-70.37373,41.62341]},"properties":{"f":2883}},{"type":"Feature","geometry":{"type":"Point","coordinates":[-70.37601,41.62301]},"properties":{"f":4302}},{"type":"Feature","geometry":{"type":"Point","coordinates":[-70.37632,41.62431]},"properties":{"f":2520}},{"type":"Feature","geometry":{"type":"Point","coordinates":[-70.37665,41.62477]},"properties":{"f":4616}},{"type":"Feature","geometry":{"type":"Point","coordinates":[-70.37646,41.62449]},"properties":{"f":2889}},{"type":"Feature","geometry":{"type":"Point","coordinates":[-70.37734,41.62506]},"properties":{"f":3115}},{"type":"Feature","geometry":{"type":"Point","coordinates":[-70.37785,41.62401]},"properties":{"f":5111}},{"type":"Feature","geometry":{"type":"Point","coordinates":[-70.3778,41.62537]},"properties":{"f":4707}},{"type":"Feature","geometry":{"type":"Point","coordinates":[-70.37485,41.62537]},"properties":{"f":7630}},{"type":"Feature","geometry":{"type":"Point","coordinates":[-70.37481,41.62487]},"properties":{"f":3759}},{"type":"Feature","geometry":{"type":"Point","coordinates":[-70.37414,41.62486]},"properties":{"f":4959}},{"type":"Feature","geometry":{"type":"Point","coordinates":[-70.37342,41.62495]},"properties":{"f":3407}},{"type":"Feature","geometry":{"type":"Point","coordinates":[-70.37442,41.62126]},"properties":{"f":4414}},{"type":"Feature","geometry":{"type":"Point","coordinates":[-70.37495,41.62155]},"properties":{"f":3895}},{"type":"Feature","geometry":{"type":"Point","coordinates":[-70.37568,41.62194]},"properties":{"f":2586}},{"type":"Feature","geometry":{"type":"Point","coordinates":[-70.37449,41.62066]},"properties":{"f":3836}},{"type":"Feature","geometry":{"type":"Point","coordinates":[-70.37598,41.62071]},"properties":{"f":2635}},{"type":"Feature","geometry":{"type":"Point","coordinates":[-70.3765,41.62046]},"properties":{"f":3476}},{"type":"Feature","geometry":{"type":"Point","coordinates":[-70.37968,41.62266]},"properties":{"f":2782}},{"type":"Feature","geometry":{"type":"Point","coordinates":[-70.37401,41.62053]},"properties":{"f":2723}},{"type":"Feature","geometry":{"type":"Point","coordinates":[-70.37729,41.6207]},"properties":{"f":3682}},{"type":"Feature","geometry":{"type":"Point","coordinates":[-70.37706,41.62103]},"properties":{"f":2993}},{"type":"Feature","geometry":{"type":"Point","coordinates":[-70.37972,41.62055]},"properties":{"f":2489}},{"type":"Feature","geometry":{"type":"Point","coordinates":[-70.38138,41.62187]},"properties":{"f":3476}},{"type":"Feature","geometry":{"type":"Point","coordinates":[-70.38296,41.62077]},"properties":{"f":2555}},{"type":"Feature","geometry":{"type":"Point","coordinates":[-70.37654,41.62312]},"properties":{"f":3065}},{"type":"Feature","geometry":{"type":"Point","coordinates":[-70.37635,41.62338]},"properties":{"f":3445}},{"type":"Feature","geometry":{"type":"Point","coordinates":[-70.37612,41.62365]},"properties":{"f":2637}},{"type":"Feature","geometry":{"type":"Point","coordinates":[-70.37563,41.62456]},"properties":{"f":4293}},{"type":"Feature","geometry":{"type":"Point","coordinates":[-70.37919,41.6208]},"properties":{"f":3229}},{"type":"Feature","geometry":{"type":"Point","coordinates":[-70.37933,41.62108]},"properties":{"f":2918}},{"type":"Feature","geometry":{"type":"Point","coordinates":[-70.38138,41.62627]},"properties":{"f":3928}},{"type":"Feature","geometry":{"type":"Point","coordinates":[-70.38066,41.62653]},"properties":{"f":2757}},{"type":"Feature","geometry":{"type":"Point","coordinates":[-70.37991,41.62649]},"properties":{"f":2999}},{"type":"Feature","geometry":{"type":"Point","coordinates":[-70.37982,41.62759]},"properties":{"f":3738}},{"type":"Feature","geometry":{"type":"Point","coordinates":[-70.38252,41.63108]},"properties":{"f":2996}},{"type":"Feature","geometry":{"type":"Point","coordinates":[-70.38332,41.6309]},"properties":{"f":2714}},{"type":"Feature","geometry":{"type":"Point","coordinates":[-70.38345,41.63027]},"properties":{"f":3273}},{"type":"Feature","geometry":{"type":"Point","coordinates":[-70.37941,41.62828]},"properties":{"f":3125}},{"type":"Feature","geometry":{"type":"Point","coordinates":[-70.37922,41.63082]},"properties":{"f":3116}},{"type":"Feature","geometry":{"type":"Point","coordinates":[-70.37815,41.62889]},"properties":{"f":3061}},{"type":"Feature","geometry":{"type":"Point","coordinates":[-70.37589,41.63119]},"properties":{"f":2676}},{"type":"Feature","geometry":{"type":"Point","coordinates":[-70.37598,41.63076]},"properties":{"f":2638}},{"type":"Feature","geometry":{"type":"Point","coordinates":[-70.3757,41.63031]},"properties":{"f":2975}},{"type":"Feature","geometry":{"type":"Point","coordinates":[-70.37497,41.63003]},"properties":{"f":2464}},{"type":"Feature","geometry":{"type":"Point","coordinates":[-70.37436,41.63003]},"properties":{"f":4071}},{"type":"Feature","geometry":{"type":"Point","coordinates":[-70.37386,41.63027]},"properties":{"f":2922}},{"type":"Feature","geometry":{"type":"Point","coordinates":[-70.37418,41.63122]},"properties":{"f":2629}},{"type":"Feature","geometry":{"type":"Point","coordinates":[-70.37323,41.62742]},"properties":{"f":4658}},{"type":"Feature","geometry":{"type":"Point","coordinates":[-70.37408,41.62858]},"properties":{"f":3627}},{"type":"Feature","geometry":{"type":"Point","coordinates":[-70.37404,41.62767]},"properties":{"f":2565}},{"type":"Feature","geometry":{"type":"Point","coordinates":[-70.37524,41.62863]},"properties":{"f":3325}},{"type":"Feature","geometry":{"type":"Point","coordinates":[-70.37585,41.62784]},"properties":{"f":3068}},{"type":"Feature","geometry":{"type":"Point","coordinates":[-70.37817,41.62767]},"properties":{"f":2558}},{"type":"Feature","geometry":{"type":"Point","coordinates":[-70.37729,41.6271]},"properties":{"f":4469}},{"type":"Feature","geometry":{"type":"Point","coordinates":[-70.37617,41.62736]},"properties":{"f":6775}},{"type":"Feature","geometry":{"type":"Point","coordinates":[-70.37842,41.62591]},"properties":{"f":2855}},{"type":"Feature","geometry":{"type":"Point","coordinates":[-70.37895,41.62634]},"properties":{"f":2906}},{"type":"Feature","geometry":{"type":"Point","coordinates":[-70.37275,41.62791]},"properties":{"f":6715}},{"type":"Feature","geometry":{"type":"Point","coordinates":[-70.37286,41.62916]},"properties":{"f":2618}},{"type":"Feature","geometry":{"type":"Point","coordinates":[-70.37443,41.62725]},"properties":{"f":8745}},{"type":"Feature","geometry":{"type":"Point","coordinates":[-70.37805,41.6337]},"properties":{"f":2495}},{"type":"Feature","geometry":{"type":"Point","coordinates":[-70.37501,41.63578]},"properties":{"f":2972}},{"type":"Feature","geometry":{"type":"Point","coordinates":[-70.3733,41.63364]},"properties":{"f":2960}},{"type":"Feature","geometry":{"type":"Point","coordinates":[-70.37474,41.63424]},"properties":{"f":3156}},{"type":"Feature","geometry":{"type":"Point","coordinates":[-70.37601,41.63218]},"properties":{"f":2572}},{"type":"Feature","geometry":{"type":"Point","coordinates":[-70.37715,41.63234]},"properties":{"f":2594}},{"type":"Feature","geometry":{"type":"Point","coordinates":[-70.37669,41.63284]},"properties":{"f":3234}},{"type":"Feature","geometry":{"type":"Point","coordinates":[-70.37353,41.63294]},"properties":{"f":2805}},{"type":"Feature","geometry":{"type":"Point","coordinates":[-70.37827,41.63232]},"properties":{"f":2520}},{"type":"Feature","geometry":{"type":"Point","coordinates":[-70.37595,41.63185]},"properties":{"f":2704}},{"type":"Feature","geometry":{"type":"Point","coordinates":[-70.37539,41.63443]},"properties":{"f":3480}},{"type":"Feature","geometry":{"type":"Point","coordinates":[-70.37636,41.63349]},"properties":{"f":2544}},{"type":"Feature","geometry":{"type":"Point","coordinates":[-70.37404,41.63399]},"properties":{"f":2841}},{"type":"Feature","geometry":{"type":"Point","coordinates":[-70.37384,41.63372]},"properties":{"f":3675}},{"type":"Feature","geometry":{"type":"Point","coordinates":[-70.37376,41.63466]},"properties":{"f":2822}},{"type":"Feature","geometry":{"type":"Point","coordinates":[-70.3729,41.6348]},"properties":{"f":3928}},{"type":"Feature","geometry":{"type":"Point","coordinates":[-70.37299,41.63544]},"properties":{"f":2668}},{"type":"Feature","geometry":{"type":"Point","coordinates":[-70.37392,41.63529]},"properties":{"f":2774}},{"type":"Feature","geometry":{"type":"Point","coordinates":[-70.38344,41.64498]},"properties":{"f":2889}},{"type":"Feature","geometry":{"type":"Point","coordinates":[-70.38293,41.64533]},"properties":{"f":2602}},{"type":"Feature","geometry":{"type":"Point","coordinates":[-70.3827,41.64554]},"properties":{"f":2600}},{"type":"Feature","geometry":{"type":"Point","coordinates":[-70.38247,41.64576]},"properties":{"f":3516}},{"type":"Feature","geometry":{"type":"Point","coordinates":[-70.38201,41.64618]},"properties":{"f":2468}},{"type":"Feature","geometry":{"type":"Point","coordinates":[-70.38178,41.64639]},"properties":{"f":2470}},{"type":"Feature","geometry":{"type":"Point","coordinates":[-70.38132,41.64682]},"properties":{"f":3105}},{"type":"Feature","geometry":{"type":"Point","coordinates":[-70.38109,41.64704]},"properties":{"f":3170}},{"type":"Feature","geometry":{"type":"Point","coordinates":[-70.38091,41.64734]},"properties":{"f":2818}},{"type":"Feature","geometry":{"type":"Point","coordinates":[-70.38041,41.64661]},"properties":{"f":3212}},{"type":"Feature","geometry":{"type":"Point","coordinates":[-70.38068,41.64649]},"properties":{"f":2524}},{"type":"Feature","geometry":{"type":"Point","coordinates":[-70.38119,41.64605]},"properties":{"f":2863}},{"type":"Feature","geometry":{"type":"Point","coordinates":[-70.38145,41.6458]},"properties":{"f":2688}},{"type":"Feature","geometry":{"type":"Point","coordinates":[-70.38192,41.64538]},"properties":{"f":3038}},{"type":"Feature","geometry":{"type":"Point","coordinates":[-70.38214,41.64516]},"properties":{"f":3195}},{"type":"Feature","geometry":{"type":"Point","coordinates":[-70.38242,41.64492]},"properties":{"f":2650}},{"type":"Feature","geometry":{"type":"Point","coordinates":[-70.38346,41.64448]},"properties":{"f":3123}},{"type":"Feature","geometry":{"type":"Point","coordinates":[-70.37586,41.64274]},"properties":{"f":2976}},{"type":"Feature","geometry":{"type":"Point","coordinates":[-70.37196,41.64193]},"properties":{"f":2809}},{"type":"Feature","geometry":{"type":"Point","coordinates":[-70.37354,41.64197]},"properties":{"f":4851}},{"type":"Feature","geometry":{"type":"Point","coordinates":[-70.37589,41.64381]},"properties":{"f":2691}},{"type":"Feature","geometry":{"type":"Point","coordinates":[-70.38266,41.64911]},"properties":{"f":2734}},{"type":"Feature","geometry":{"type":"Point","coordinates":[-70.38196,41.65152]},"properties":{"f":2640}},{"type":"Feature","geometry":{"type":"Point","coordinates":[-70.37332,41.65709]},"properties":{"f":3381}},{"type":"Feature","geometry":{"type":"Point","coordinates":[-70.37217,41.65813]},"properties":{"f":3980}},{"type":"Feature","geometry":{"type":"Point","coordinates":[-70.37812,41.65843]},"properties":{"f":4881}},{"type":"Feature","geometry":{"type":"Point","coordinates":[-70.3818,41.65772]},"properties":{"f":2470}},{"type":"Feature","geometry":{"type":"Point","coordinates":[-70.38041,41.65812]},"properties":{"f":3527}},{"type":"Feature","geometry":{"type":"Point","coordinates":[-70.37788,41.65498]},"properties":{"f":3052}},{"type":"Feature","geometry":{"type":"Point","coordinates":[-70.37654,41.66359]},"properties":{"f":2765}},{"type":"Feature","geometry":{"type":"Point","coordinates":[-70.37913,41.66033]},"properties":{"f":2860}},{"type":"Feature","geometry":{"type":"Point","coordinates":[-70.383,41.66265]},"properties":{"f":2549}},{"type":"Feature","geometry":{"type":"Point","coordinates":[-70.3736,41.66366]},"properties":{"f":2608}},{"type":"Feature","geometry":{"type":"Point","coordinates":[-70.38376,41.66344]},"properties":{"f":2551}},{"type":"Feature","geometry":{"type":"Point","coordinates":[-70.37918,41.66115]},"properties":{"f":2486}},{"type":"Feature","geometry":{"type":"Point","coordinates":[-70.37875,41.65886]},"properties":{"f":3662}},{"type":"Feature","geometry":{"type":"Point","coordinates":[-70.37837,41.65871]},"properties":{"f":2703}},{"type":"Feature","geometry":{"type":"Point","coordinates":[-70.37263,41.66046]},"properties":{"f":2707}},{"type":"Feature","geometry":{"type":"Point","coordinates":[-70.37293,41.66107]},"properties":{"f":2486}},{"type":"Feature","geometry":{"type":"Point","coordinates":[-70.37292,41.66214]},"properties":{"f":2476}},{"type":"Feature","geometry":{"type":"Point","coordinates":[-70.37853,41.66282]},"properties":{"f":2806}},{"type":"Feature","geometry":{"type":"Point","coordinates":[-70.37503,41.6659]},"properties":{"f":2728}},{"type":"Feature","geometry":{"type":"Point","coordinates":[-70.37301,41.66684]},"properties":{"f":2752}},{"type":"Feature","geometry":{"type":"Point","coordinates":[-70.38222,41.66537]},"properties":{"f":3586}},{"type":"Feature","geometry":{"type":"Point","coordinates":[-70.37492,41.6687]},"properties":{"f":3377}},{"type":"Feature","geometry":{"type":"Point","coordinates":[-70.3755,41.66776]},"properties":{"f":2478}},{"type":"Feature","geometry":{"type":"Point","coordinates":[-70.3742,41.66799]},"properties":{"f":2981}},{"type":"Feature","geometry":{"type":"Point","coordinates":[-70.37648,41.66766]},"properties":{"f":2499}},{"type":"Feature","geometry":{"type":"Point","coordinates":[-70.37914,41.66907]},"properties":{"f":2710}},{"type":"Feature","geometry":{"type":"Point","coordinates":[-70.37801,41.66932]},"properties":{"f":2749}},{"type":"Feature","geometry":{"type":"Point","coordinates":[-70.38021,41.67327]},"properties":{"f":2625}},{"type":"Feature","geometry":{"type":"Point","coordinates":[-70.37822,41.67344]},"properties":{"f":2463}},{"type":"Feature","geometry":{"type":"Point","coordinates":[-70.37216,41.67299]},"properties":{"f":3496}},{"type":"Feature","geometry":{"type":"Point","coordinates":[-70.37675,41.67258]},"properties":{"f":3405}},{"type":"Feature","geometry":{"type":"Point","coordinates":[-70.37911,41.67086]},"properties":{"f":2761}},{"type":"Feature","geometry":{"type":"Point","coordinates":[-70.38028,41.67119]},"properties":{"f":2666}},{"type":"Feature","geometry":{"type":"Point","coordinates":[-70.38032,41.67034]},"properties":{"f":2994}},{"type":"Feature","geometry":{"type":"Point","coordinates":[-70.38293,41.67102]},"properties":{"f":3040}},{"type":"Feature","geometry":{"type":"Point","coordinates":[-70.38127,41.67343]},"properties":{"f":2892}},{"type":"Feature","geometry":{"type":"Point","coordinates":[-70.38034,41.6747]},"properties":{"f":2518}},{"type":"Feature","geometry":{"type":"Point","coordinates":[-70.38037,41.67369]},"properties":{"f":2485}},{"type":"Feature","geometry":{"type":"Point","coordinates":[-70.3822,41.67114]},"properties":{"f":2725}},{"type":"Feature","geometry":{"type":"Point","coordinates":[-70.38044,41.67295]},"properties":{"f":2673}},{"type":"Feature","geometry":{"type":"Point","coordinates":[-70.3793,41.67449]},"properties":{"f":2813}},{"type":"Feature","geometry":{"type":"Point","coordinates":[-70.37559,41.67121]},"properties":{"f":2619}},{"type":"Feature","geometry":{"type":"Point","coordinates":[-70.37422,41.67311]},"properties":{"f":3521}},{"type":"Feature","geometry":{"type":"Point","coordinates":[-70.37382,41.67294]},"properties":{"f":4063}},{"type":"Feature","geometry":{"type":"Point","coordinates":[-70.37341,41.67277]},"properties":{"f":2717}},{"type":"Feature","geometry":{"type":"Point","coordinates":[-70.37299,41.6726]},"properties":{"f":3129}},{"type":"Feature","geometry":{"type":"Point","coordinates":[-70.37469,41.6727]},"properties":{"f":3254}},{"type":"Feature","geometry":{"type":"Point","coordinates":[-70.37426,41.6725]},"properties":{"f":2528}},{"type":"Feature","geometry":{"type":"Point","coordinates":[-70.37336,41.6722]},"properties":{"f":3743}},{"type":"Feature","geometry":{"type":"Point","coordinates":[-70.37351,41.67178]},"properties":{"f":3118}},{"type":"Feature","geometry":{"type":"Point","coordinates":[-70.37395,41.67127]},"properties":{"f":3109}},{"type":"Feature","geometry":{"type":"Point","coordinates":[-70.37459,41.67118]},"properties":{"f":3831}},{"type":"Feature","geometry":{"type":"Point","coordinates":[-70.37413,41.67096]},"properties":{"f":2986}},{"type":"Feature","geometry":{"type":"Point","coordinates":[-70.37457,41.67057]},"properties":{"f":2467}},{"type":"Feature","geometry":{"type":"Point","coordinates":[-70.37499,41.67069]},"properties":{"f":2902}},{"type":"Feature","geometry":{"type":"Point","coordinates":[-70.37482,41.6703]},"properties":{"f":3245}},{"type":"Feature","geometry":{"type":"Point","coordinates":[-70.37518,41.67017]},"properties":{"f":2951}},{"type":"Feature","geometry":{"type":"Point","coordinates":[-70.37565,41.6703]},"properties":{"f":3647}},{"type":"Feature","geometry":{"type":"Point","coordinates":[-70.37289,41.67168]},"properties":{"f":2625}},{"type":"Feature","geometry":{"type":"Point","coordinates":[-70.37306,41.67143]},"properties":{"f":2620}},{"type":"Feature","geometry":{"type":"Point","coordinates":[-70.37341,41.67092]},"properties":{"f":2568}},{"type":"Feature","geometry":{"type":"Point","coordinates":[-70.37365,41.67064]},"properties":{"f":2716}},{"type":"Feature","geometry":{"type":"Point","coordinates":[-70.37383,41.67037]},"properties":{"f":2506}},{"type":"Feature","geometry":{"type":"Point","coordinates":[-70.37447,41.66972]},"properties":{"f":3186}},{"type":"Feature","geometry":{"type":"Point","coordinates":[-70.37481,41.66935]},"properties":{"f":3106}},{"type":"Feature","geometry":{"type":"Point","coordinates":[-70.37525,41.66959]},"properties":{"f":2658}},{"type":"Feature","geometry":{"type":"Point","coordinates":[-70.37573,41.66981]},"properties":{"f":2927}},{"type":"Feature","geometry":{"type":"Point","coordinates":[-70.37573,41.67199]},"properties":{"f":3427}},{"type":"Feature","geometry":{"type":"Point","coordinates":[-70.37499,41.67212]},"properties":{"f":3097}},{"type":"Feature","geometry":{"type":"Point","coordinates":[-70.37458,41.67179]},"properties":{"f":2468}},{"type":"Feature","geometry":{"type":"Point","coordinates":[-70.37347,41.67327]},"properties":{"f":3259}},{"type":"Feature","geometry":{"type":"Point","coordinates":[-70.38107,41.67023]},"properties":{"f":2814}},{"type":"Feature","geometry":{"type":"Point","coordinates":[-70.37697,41.67439]},"properties":{"f":3030}},{"type":"Feature","geometry":{"type":"Point","coordinates":[-70.37796,41.67397]},"properties":{"f":2464}},{"type":"Feature","geometry":{"type":"Point","coordinates":[-70.37752,41.67486]},"properties":{"f":2885}},{"type":"Feature","geometry":{"type":"Point","coordinates":[-70.37698,41.67519]},"properties":{"f":2560}},{"type":"Feature","geometry":{"type":"Point","coordinates":[-70.37487,41.67589]},"properties":{"f":2678}},{"type":"Feature","geometry":{"type":"Point","coordinates":[-70.38348,41.67791]},"properties":{"f":2657}},{"type":"Feature","geometry":{"type":"Point","coordinates":[-70.37892,41.67519]},"properties":{"f":2592}},{"type":"Feature","geometry":{"type":"Point","coordinates":[-70.37377,41.67726]},"properties":{"f":3385}},{"type":"Feature","geometry":{"type":"Point","coordinates":[-70.37779,41.68132]},"properties":{"f":2803}},{"type":"Feature","geometry":{"type":"Point","coordinates":[-70.37759,41.68175]},"properties":{"f":2588}},{"type":"Feature","geometry":{"type":"Point","coordinates":[-70.38094,41.68482]},"properties":{"f":2570}},{"type":"Feature","geometry":{"type":"Point","coordinates":[-70.38134,41.68437]},"properties":{"f":2472}},{"type":"Feature","geometry":{"type":"Point","coordinates":[-70.38175,41.68392]},"properties":{"f":3006}},{"type":"Feature","geometry":{"type":"Point","coordinates":[-70.38227,41.6823]},"properties":{"f":2693}},{"type":"Feature","geometry":{"type":"Point","coordinates":[-70.37941,41.685]},"properties":{"f":2533}},{"type":"Feature","geometry":{"type":"Point","coordinates":[-70.37913,41.68591]},"properties":{"f":2533}},{"type":"Feature","geometry":{"type":"Point","coordinates":[-70.37349,41.68342]},"properties":{"f":3229}},{"type":"Feature","geometry":{"type":"Point","coordinates":[-70.37573,41.68185]},"properties":{"f":2868}},{"type":"Feature","geometry":{"type":"Point","coordinates":[-70.37583,41.68277]},"properties":{"f":2670}},{"type":"Feature","geometry":{"type":"Point","coordinates":[-70.37309,41.68146]},"properties":{"f":2774}},{"type":"Feature","geometry":{"type":"Point","coordinates":[-70.37695,41.68894]},"properties":{"f":2554}},{"type":"Feature","geometry":{"type":"Point","coordinates":[-70.37649,41.68691]},"properties":{"f":4096}},{"type":"Feature","geometry":{"type":"Point","coordinates":[-70.37317,41.68891]},"properties":{"f":2513}},{"type":"Feature","geometry":{"type":"Point","coordinates":[-70.37523,41.68659]},"properties":{"f":2783}},{"type":"Feature","geometry":{"type":"Point","coordinates":[-70.382,41.68842]},"properties":{"f":2680}},{"type":"Feature","geometry":{"type":"Point","coordinates":[-70.38031,41.68927]},"properties":{"f":2811}},{"type":"Feature","geometry":{"type":"Point","coordinates":[-70.38135,41.6923]},"properties":{"f":2908}},{"type":"Feature","geometry":{"type":"Point","coordinates":[-70.37874,41.69032]},"properties":{"f":2948}},{"type":"Feature","geometry":{"type":"Point","coordinates":[-70.37763,41.68864]},"properties":{"f":2551}},{"type":"Feature","geometry":{"type":"Point","coordinates":[-70.37821,41.68755]},"properties":{"f":2610}},{"type":"Feature","geometry":{"type":"Point","coordinates":[-70.37228,41.68743]},"properties":{"f":2941}},{"type":"Feature","geometry":{"type":"Point","coordinates":[-70.38106,41.69029]},"properties":{"f":2476}},{"type":"Feature","geometry":{"type":"Point","coordinates":[-70.37477,41.6945]},"properties":{"f":2598}},{"type":"Feature","geometry":{"type":"Point","coordinates":[-70.37543,41.69454]},"properties":{"f":2683}},{"type":"Feature","geometry":{"type":"Point","coordinates":[-70.37193,41.69225]},"properties":{"f":3404}},{"type":"Feature","geometry":{"type":"Point","coordinates":[-70.37764,41.69655]},"properties":{"f":2762}},{"type":"Feature","geometry":{"type":"Point","coordinates":[-70.37925,41.69208]},"properties":{"f":3006}},{"type":"Feature","geometry":{"type":"Point","coordinates":[-70.38156,41.6981]},"properties":{"f":3396}},{"type":"Feature","geometry":{"type":"Point","coordinates":[-70.38097,41.70266]},"properties":{"f":3301}},{"type":"Feature","geometry":{"type":"Point","coordinates":[-70.37998,41.7073]},"properties":{"f":2659}},{"type":"Feature","geometry":{"type":"Point","coordinates":[-70.3828,41.70564]},"properties":{"f":2518}},{"type":"Feature","geometry":{"type":"Point","coordinates":[-70.37506,41.70608]},"properties":{"f":2473}},{"type":"Feature","geometry":{"type":"Point","coordinates":[-70.37505,41.70346]},"properties":{"f":4578}},{"type":"Feature","geometry":{"type":"Point","coordinates":[-70.38068,41.70865]},"properties":{"f":3094}},{"type":"Feature","geometry":{"type":"Point","coordinates":[-70.38027,41.70887]},"properties":{"f":3669}},{"type":"Feature","geometry":{"type":"Point","coordinates":[-70.37502,41.70993]},"properties":{"f":3324}},{"type":"Feature","geometry":{"type":"Point","coordinates":[-70.37825,41.70967]},"properties":{"f":2510}},{"type":"Feature","geometry":{"type":"Point","coordinates":[-70.37481,41.71108]},"properties":{"f":2536}},{"type":"Feature","geometry":{"type":"Point","coordinates":[-70.37066,41.61827]},"properties":{"f":3644}},{"type":"Feature","geometry":{"type":"Point","coordinates":[-70.37021,41.61883]},"properties":{"f":3129}},{"type":"Feature","geometry":{"type":"Point","coordinates":[-70.37092,41.61923]},"properties":{"f":3518}},{"type":"Feature","geometry":{"type":"Point","coordinates":[-70.37165,41.6195]},"properties":{"f":4451}},{"type":"Feature","geometry":{"type":"Point","coordinates":[-70.36945,41.61933]},"properties":{"f":3269}},{"type":"Feature","geometry":{"type":"Point","coordinates":[-70.36833,41.61962]},"properties":{"f":3831}},{"type":"Feature","geometry":{"type":"Point","coordinates":[-70.36846,41.61901]},"properties":{"f":3939}},{"type":"Feature","geometry":{"type":"Point","coordinates":[-70.36932,41.61862]},"properties":{"f":5519}},{"type":"Feature","geometry":{"type":"Point","coordinates":[-70.36999,41.61778]},"properties":{"f":3166}},{"type":"Feature","geometry":{"type":"Point","coordinates":[-70.37241,41.61558]},"properties":{"f":3517}},{"type":"Feature","geometry":{"type":"Point","coordinates":[-70.37186,41.61492]},"properties":{"f":2959}},{"type":"Feature","geometry":{"type":"Point","coordinates":[-70.36915,41.61735]},"properties":{"f":3121}},{"type":"Feature","geometry":{"type":"Point","coordinates":[-70.36896,41.61777]},"properties":{"f":4218}},{"type":"Feature","geometry":{"type":"Point","coordinates":[-70.36865,41.61823]},"properties":{"f":3470}},{"type":"Feature","geometry":{"type":"Point","coordinates":[-70.37233,41.61982]},"properties":{"f":5021}},{"type":"Feature","geometry":{"type":"Point","coordinates":[-70.37297,41.62051]},"properties":{"f":3028}},{"type":"Feature","geometry":{"type":"Point","coordinates":[-70.37253,41.62029]},"properties":{"f":4076}},{"type":"Feature","geometry":{"type":"Point","coordinates":[-70.3713,41.62079]},"properties":{"f":5217}},{"type":"Feature","geometry":{"type":"Point","coordinates":[-70.37278,41.62346]},"properties":{"f":3836}},{"type":"Feature","geometry":{"type":"Point","coordinates":[-70.37,41.62106]},"properties":{"f":2659}},{"type":"Feature","geometry":{"type":"Point","coordinates":[-70.37158,41.62285]},"properties":{"f":3618}},{"type":"Feature","geometry":{"type":"Point","coordinates":[-70.37106,41.62231]},"properties":{"f":4605}},{"type":"Feature","geometry":{"type":"Point","coordinates":[-70.37212,41.62138]},"properties":{"f":5435}},{"type":"Feature","geometry":{"type":"Point","coordinates":[-70.37094,41.62139]},"properties":{"f":3489}},{"type":"Feature","geometry":{"type":"Point","coordinates":[-70.36834,41.62018]},"properties":{"f":6636}},{"type":"Feature","geometry":{"type":"Point","coordinates":[-70.36823,41.6305]},"properties":{"f":5334}},{"type":"Feature","geometry":{"type":"Point","coordinates":[-70.37285,41.63099]},"properties":{"f":3414}},{"type":"Feature","geometry":{"type":"Point","coordinates":[-70.37207,41.62835]},"properties":{"f":4441}},{"type":"Feature","geometry":{"type":"Point","coordinates":[-70.37204,41.6291]},"properties":{"f":5124}},{"type":"Feature","geometry":{"type":"Point","coordinates":[-70.36678,41.63024]},"properties":{"f":2794}},{"type":"Feature","geometry":{"type":"Point","coordinates":[-70.37222,41.63275]},"properties":{"f":3267}},{"type":"Feature","geometry":{"type":"Point","coordinates":[-70.37197,41.63238]},"properties":{"f":3662}},{"type":"Feature","geometry":{"type":"Point","coordinates":[-70.37142,41.63352]},"properties":{"f":2896}},{"type":"Feature","geometry":{"type":"Point","coordinates":[-70.37181,41.63358]},"properties":{"f":2641}},{"type":"Feature","geometry":{"type":"Point","coordinates":[-70.37249,41.63331]},"properties":{"f":3179}},{"type":"Feature","geometry":{"type":"Point","coordinates":[-70.37187,41.6343]},"properties":{"f":2878}},{"type":"Feature","geometry":{"type":"Point","coordinates":[-70.3728,41.63399]},"properties":{"f":2674}},{"type":"Feature","geometry":{"type":"Point","coordinates":[-70.37076,41.63553]},"properties":{"f":3033}},{"type":"Feature","geometry":{"type":"Point","coordinates":[-70.37026,41.63557]},"properties":{"f":3820}},{"type":"Feature","geometry":{"type":"Point","coordinates":[-70.36962,41.6358]},"properties":{"f":3754}},{"type":"Feature","geometry":{"type":"Point","coordinates":[-70.36906,41.63583]},"properties":{"f":2570}},{"type":"Feature","geometry":{"type":"Point","coordinates":[-70.3691,41.635]},"properties":{"f":3376}},{"type":"Feature","geometry":{"type":"Point","coordinates":[-70.37009,41.63483]},"properties":{"f":3954}},{"type":"Feature","geometry":{"type":"Point","coordinates":[-70.36884,41.63466]},"properties":{"f":3030}},{"type":"Feature","geometry":{"type":"Point","coordinates":[-70.37012,41.63416]},"properties":{"f":3536}},{"type":"Feature","geometry":{"type":"Point","coordinates":[-70.36937,41.6342]},"properties":{"f":3642}},{"type":"Feature","geometry":{"type":"Point","coordinates":[-70.37071,41.63427]},"properties":{"f":2668}},{"type":"Feature","geometry":{"type":"Point","coordinates":[-70.37043,41.63222]},"properties":{"f":2469}},{"type":"Feature","geometry":{"type":"Point","coordinates":[-70.37037,41.633]},"properties":{"f":5161}},{"type":"Feature","geometry":{"type":"Point","coordinates":[-70.36967,41.63275]},"properties":{"f":3366}},{"type":"Feature","geometry":{"type":"Point","coordinates":[-70.3686,41.63414]},"properties":{"f":3208}},{"type":"Feature","geometry":{"type":"Point","coordinates":[-70.36814,41.63466]},"properties":{"f":2481}},{"type":"Feature","geometry":{"type":"Point","coordinates":[-70.36808,41.63504]},"properties":{"f":2993}},{"type":"Feature","geometry":{"type":"Point","coordinates":[-70.36683,41.63647]},"properties":{"f":3806}},{"type":"Feature","geometry":{"type":"Point","coordinates":[-70.36647,41.63547]},"properties":{"f":2584}},{"type":"Feature","geometry":{"type":"Point","coordinates":[-70.36569,41.63513]},"properties":{"f":3488}},{"type":"Feature","geometry":{"type":"Point","coordinates":[-70.36695,41.63468]},"properties":{"f":3455}},{"type":"Feature","geometry":{"type":"Point","coordinates":[-70.36687,41.63438]},"properties":{"f":2533}},{"type":"Feature","geometry":{"type":"Point","coordinates":[-70.3668,41.63397]},"properties":{"f":3869}},{"type":"Feature","geometry":{"type":"Point","coordinates":[-70.3671,41.6337]},"properties":{"f":3234}},{"type":"Feature","geometry":{"type":"Point","coordinates":[-70.36688,41.63332]},"properties":{"f":2841}},{"type":"Feature","geometry":{"type":"Point","coordinates":[-70.36812,41.63336]},"properties":{"f":2733}},{"type":"Feature","geometry":{"type":"Point","coordinates":[-70.36807,41.63284]},"properties":{"f":2837}},{"type":"Feature","geometry":{"type":"Point","coordinates":[-70.36345,41.63386]},"properties":{"f":3560}},{"type":"Feature","geometry":{"type":"Point","coordinates":[-70.36268,41.63416]},"properties":{"f":4844}},{"type":"Feature","geometry":{"type":"Point","coordinates":[-70.36406,41.63436]},"properties":{"f":3559}},{"type":"Feature","geometry":{"type":"Point","coordinates":[-70.36209,41.63456]},"properties":{"f":3028}},{"type":"Feature","geometry":{"type":"Point","coordinates":[-70.36257,41.63637]},"properties":{"f":4133}},{"type":"Feature","geometry":{"type":"Point","coordinates":[-70.36267,41.63254]},"properties":{"f":8389}},{"type":"Feature","geometry":{"type":"Point","coordinates":[-70.37287,41.63429]},"properties":{"f":3659}},{"type":"Feature","geometry":{"type":"Point","coordinates":[-70.36579,41.63649]},"properties":{"f":3885}},{"type":"Feature","geometry":{"type":"Point","coordinates":[-70.37128,41.6314]},"properties":{"f":2484}},{"type":"Feature","geometry":{"type":"Point","coordinates":[-70.36453,41.63129]},"properties":{"f":2958}},{"type":"Feature","geometry":{"type":"Point","coordinates":[-70.36613,41.63125]},"properties":{"f":3034}},{"type":"Feature","geometry":{"type":"Point","coordinates":[-70.36928,41.63278]},"properties":{"f":3316}},{"type":"Feature","geometry":{"type":"Point","coordinates":[-70.36881,41.63273]},"properties":{"f":2571}},{"type":"Feature","geometry":{"type":"Point","coordinates":[-70.36871,41.63602]},"properties":{"f":2659}},{"type":"Feature","geometry":{"type":"Point","coordinates":[-70.37035,41.63616]},"properties":{"f":2744}},{"type":"Feature","geometry":{"type":"Point","coordinates":[-70.36928,41.63631]},"properties":{"f":2874}},{"type":"Feature","geometry":{"type":"Point","coordinates":[-70.37121,41.63247]},"properties":{"f":2783}},{"type":"Feature","geometry":{"type":"Point","coordinates":[-70.37079,41.63259]},"properties":{"f":2670}},{"type":"Feature","geometry":{"type":"Point","coordinates":[-70.37166,41.63281]},"properties":{"f":2618}},{"type":"Feature","geometry":{"type":"Point","coordinates":[-70.37234,41.63431]},"properties":{"f":2506}},{"type":"Feature","geometry":{"type":"Point","coordinates":[-70.37139,41.63423]},"properties":{"f":2542}},{"type":"Feature","geometry":{"type":"Point","coordinates":[-70.37219,41.63481]},"properties":{"f":2791}},{"type":"Feature","geometry":{"type":"Point","coordinates":[-70.37129,41.6348]},"properties":{"f":3962}},{"type":"Feature","geometry":{"type":"Point","coordinates":[-70.3714,41.63545]},"properties":{"f":2698}},{"type":"Feature","geometry":{"type":"Point","coordinates":[-70.37221,41.63541]},"properties":{"f":2582}},{"type":"Feature","geometry":{"type":"Point","coordinates":[-70.37175,41.63155]},"properties":{"f":2540}},{"type":"Feature","geometry":{"type":"Point","coordinates":[-70.36277,41.63593]},"properties":{"f":3006}},{"type":"Feature","geometry":{"type":"Point","coordinates":[-70.36735,41.6315]},"properties":{"f":5201}},{"type":"Feature","geometry":{"type":"Point","coordinates":[-70.37218,41.64062]},"properties":{"f":2657}},{"type":"Feature","geometry":{"type":"Point","coordinates":[-70.36974,41.63986]},"properties":{"f":2835}},{"type":"Feature","geometry":{"type":"Point","coordinates":[-70.36923,41.64026]},"properties":{"f":3561}},{"type":"Feature","geometry":{"type":"Point","coordinates":[-70.3699,41.63817]},"properties":{"f":2511}},{"type":"Feature","geometry":{"type":"Point","coordinates":[-70.36826,41.63895]},"properties":{"f":3414}},{"type":"Feature","geometry":{"type":"Point","coordinates":[-70.37073,41.64137]},"properties":{"f":3522}},{"type":"Feature","geometry":{"type":"Point","coordinates":[-70.36667,41.63783]},"properties":{"f":2658}},{"type":"Feature","geometry":{"type":"Point","coordinates":[-70.36348,41.63661]},"properties":{"f":3780}},{"type":"Feature","geometry":{"type":"Point","coordinates":[-70.3643,41.63678]},"properties":{"f":3396}},{"type":"Feature","geometry":{"type":"Point","coordinates":[-70.36502,41.63678]},"properties":{"f":3737}},{"type":"Feature","geometry":{"type":"Point","coordinates":[-70.36535,41.63793]},"properties":{"f":4826}},{"type":"Feature","geometry":{"type":"Point","coordinates":[-70.3667,41.63866]},"properties":{"f":3293}},{"type":"Feature","geometry":{"type":"Point","coordinates":[-70.36725,41.63988]},"properties":{"f":3766}},{"type":"Feature","geometry":{"type":"Point","coordinates":[-70.36809,41.63997]},"properties":{"f":3050}},{"type":"Feature","geometry":{"type":"Point","coordinates":[-70.36898,41.64128]},"properties":{"f":5635}},{"type":"Feature","geometry":{"type":"Point","coordinates":[-70.36985,41.64152]},"properties":{"f":3047}},{"type":"Feature","geometry":{"type":"Point","coordinates":[-70.36592,41.64102]},"properties":{"f":4621}},{"type":"Feature","geometry":{"type":"Point","coordinates":[-70.3652,41.64059]},"properties":{"f":3106}},{"type":"Feature","geometry":{"type":"Point","coordinates":[-70.36628,41.64045]},"properties":{"f":3167}},{"type":"Feature","geometry":{"type":"Point","coordinates":[-70.36526,41.6402]},"properties":{"f":3469}},{"type":"Feature","geometry":{"type":"Point","coordinates":[-70.36533,41.63926]},"properties":{"f":4473}},{"type":"Feature","geometry":{"type":"Point","coordinates":[-70.36433,41.6388]},"properties":{"f":4741}},{"type":"Feature","geometry":{"type":"Point","coordinates":[-70.36361,41.63835]},"properties":{"f":5591}},{"type":"Feature","geometry":{"type":"Point","coordinates":[-70.37239,41.63867]},"properties":{"f":2619}},{"type":"Feature","geometry":{"type":"Point","coordinates":[-70.36948,41.63682]},"properties":{"f":3668}},{"type":"Feature","geometry":{"type":"Point","coordinates":[-70.36933,41.63761]},"properties":{"f":2617}},{"type":"Feature","geometry":{"type":"Point","coordinates":[-70.37087,41.6391]},"properties":{"f":2611}},{"type":"Feature","geometry":{"type":"Point","coordinates":[-70.36983,41.63748]},"properties":{"f":2724}},{"type":"Feature","geometry":{"type":"Point","coordinates":[-70.37017,41.63904]},"properties":{"f":2556}},{"type":"Feature","geometry":{"type":"Point","coordinates":[-70.36307,41.63795]},"properties":{"f":3643}},{"type":"Feature","geometry":{"type":"Point","coordinates":[-70.37047,41.64051]},"properties":{"f":3278}},{"type":"Feature","geometry":{"type":"Point","coordinates":[-70.36829,41.64084]},"properties":{"f":2828}},{"type":"Feature","geometry":{"type":"Point","coordinates":[-70.36782,41.64061]},"properties":{"f":3455}},{"type":"Feature","geometry":{"type":"Point","coordinates":[-70.36153,41.63747]},"properties":{"f":4450}},{"type":"Feature","geometry":{"type":"Point","coordinates":[-70.37028,41.63818]},"properties":{"f":2817}},{"type":"Feature","geometry":{"type":"Point","coordinates":[-70.37023,41.63776]},"properties":{"f":2849}},{"type":"Feature","geometry":{"type":"Point","coordinates":[-70.3667,41.64138]},"properties":{"f":3361}},{"type":"Feature","geometry":{"type":"Point","coordinates":[-70.36675,41.64175]},"properties":{"f":2949}},{"type":"Feature","geometry":{"type":"Point","coordinates":[-70.3672,41.64213]},"properties":{"f":6196}},{"type":"Feature","geometry":{"type":"Point","coordinates":[-70.36798,41.64712]},"properties":{"f":2460}},{"type":"Feature","geometry":{"type":"Point","coordinates":[-70.36591,41.64651]},"properties":{"f":2790}},{"type":"Feature","geometry":{"type":"Point","coordinates":[-70.3659,41.64509]},"properties":{"f":2796}},{"type":"Feature","geometry":{"type":"Point","coordinates":[-70.36504,41.64391]},"properties":{"f":2966}},{"type":"Feature","geometry":{"type":"Point","coordinates":[-70.36464,41.64395]},"properties":{"f":2899}},{"type":"Feature","geometry":{"type":"Point","coordinates":[-70.3668,41.64508]},"properties":{"f":4325}},{"type":"Feature","geometry":{"type":"Point","coordinates":[-70.3697,41.64585]},"properties":{"f":13608}},{"type":"Feature","geometry":{"type":"Point","coordinates":[-70.37062,41.6448]},"properties":{"f":2721}},{"type":"Feature","geometry":{"type":"Point","coordinates":[-70.36962,41.64421]},"properties":{"f":3205}},{"type":"Feature","geometry":{"type":"Point","coordinates":[-70.3676,41.64395]},"properties":{"f":3203}},{"type":"Feature","geometry":{"type":"Point","coordinates":[-70.36873,41.64331]},"properties":{"f":2463}},{"type":"Feature","geometry":{"type":"Point","coordinates":[-70.37033,41.6434]},"properties":{"f":3363}},{"type":"Feature","geometry":{"type":"Point","coordinates":[-70.37073,41.64293]},"properties":{"f":3597}},{"type":"Feature","geometry":{"type":"Point","coordinates":[-70.37008,41.64221]},"properties":{"f":3476}},{"type":"Feature","geometry":{"type":"Point","coordinates":[-70.37082,41.64253]},"properties":{"f":3639}},{"type":"Feature","geometry":{"type":"Point","coordinates":[-70.37267,41.64762]},"properties":{"f":3254}},{"type":"Feature","geometry":{"type":"Point","coordinates":[-70.36448,41.64703]},"properties":{"f":2897}},{"type":"Feature","geometry":{"type":"Point","coordinates":[-70.36451,41.6467]},"properties":{"f":4055}},{"type":"Feature","geometry":{"type":"Point","coordinates":[-70.36441,41.64571]},"properties":{"f":2622}},{"type":"Feature","geometry":{"type":"Point","coordinates":[-70.36435,41.64514]},"properties":{"f":3168}},{"type":"Feature","geometry":{"type":"Point","coordinates":[-70.36432,41.64481]},"properties":{"f":2552}},{"type":"Feature","geometry":{"type":"Point","coordinates":[-70.36348,41.64577]},"properties":{"f":2877}},{"type":"Feature","geometry":{"type":"Point","coordinates":[-70.3637,41.64616]},"properties":{"f":2988}},{"type":"Feature","geometry":{"type":"Point","coordinates":[-70.36273,41.64618]},"properties":{"f":3449}},{"type":"Feature","geometry":{"type":"Point","coordinates":[-70.36317,41.64688]},"properties":{"f":2925}},{"type":"Feature","geometry":{"type":"Point","coordinates":[-70.36715,41.64332]},"properties":{"f":2923}},{"type":"Feature","geometry":{"type":"Point","coordinates":[-70.37071,41.64738]},"properties":{"f":3336}},{"type":"Feature","geometry":{"type":"Point","coordinates":[-70.36876,41.64241]},"properties":{"f":3158}},{"type":"Feature","geometry":{"type":"Point","coordinates":[-70.36525,41.65118]},"properties":{"f":2672}},{"type":"Feature","geometry":{"type":"Point","coordinates":[-70.36436,41.6481]},"properties":{"f":2734}},{"type":"Feature","geometry":{"type":"Point","coordinates":[-70.3655,41.64811]},"properties":{"f":2706}},{"type":"Feature","geometry":{"type":"Point","coordinates":[-70.3675,41.64901]},"properties":{"f":2886}},{"type":"Feature","geometry":{"type":"Point","coordinates":[-70.36948,41.64781]},"properties":{"f":2456}},{"type":"Feature","geometry":{"type":"Point","coordinates":[-70.36639,41.64779]},"properties":{"f":2487}},{"type":"Feature","geometry":{"type":"Point","coordinates":[-70.36284,41.6527]},"properties":{"f":3288}},{"type":"Feature","geometry":{"type":"Point","coordinates":[-70.37041,41.65011]},"properties":{"f":2722}},{"type":"Feature","geometry":{"type":"Point","coordinates":[-70.37049,41.64951]},"properties":{"f":2764}},{"type":"Feature","geometry":{"type":"Point","coordinates":[-70.37125,41.64944]},"properties":{"f":2544}},{"type":"Feature","geometry":{"type":"Point","coordinates":[-70.37139,41.649]},"properties":{"f":3265}},{"type":"Feature","geometry":{"type":"Point","coordinates":[-70.36556,41.64892]},"properties":{"f":2515}},{"type":"Feature","geometry":{"type":"Point","coordinates":[-70.3661,41.64942]},"properties":{"f":2728}},{"type":"Feature","geometry":{"type":"Point","coordinates":[-70.36833,41.65126]},"properties":{"f":2594}},{"type":"Feature","geometry":{"type":"Point","coordinates":[-70.36174,41.65685]},"properties":{"f":2672}},{"type":"Feature","geometry":{"type":"Point","coordinates":[-70.36779,41.65772]},"properties":{"f":2584}},{"type":"Feature","geometry":{"type":"Point","coordinates":[-70.37005,41.65658]},"properties":{"f":2686}},{"type":"Feature","geometry":{"type":"Point","coordinates":[-70.37087,41.65627]},"properties":{"f":2626}},{"type":"Feature","geometry":{"type":"Point","coordinates":[-70.37023,41.6571]},"properties":{"f":2566}},{"type":"Feature","geometry":{"type":"Point","coordinates":[-70.3686,41.65511]},"properties":{"f":2946}},{"type":"Feature","geometry":{"type":"Point","coordinates":[-70.36717,41.65465]},"properties":{"f":2635}},{"type":"Feature","geometry":{"type":"Point","coordinates":[-70.37202,41.6592]},"properties":{"f":2549}},{"type":"Feature","geometry":{"type":"Point","coordinates":[-70.37114,41.65913]},"properties":{"f":5030}},{"type":"Feature","geometry":{"type":"Point","coordinates":[-70.37142,41.65965]},"properties":{"f":4394}},{"type":"Feature","geometry":{"type":"Point","coordinates":[-70.36416,41.66018]},"properties":{"f":2757}},{"type":"Feature","geometry":{"type":"Point","coordinates":[-70.36281,41.66183]},"properties":{"f":2586}},{"type":"Feature","geometry":{"type":"Point","coordinates":[-70.36183,41.66108]},"properties":{"f":2658}},{"type":"Feature","geometry":{"type":"Point","coordinates":[-70.36167,41.66075]},"properties":{"f":2478}},{"type":"Feature","geometry":{"type":"Point","coordinates":[-70.36277,41.6602]},"properties":{"f":2483}},{"type":"Feature","geometry":{"type":"Point","coordinates":[-70.36291,41.66263]},"properties":{"f":2601}},{"type":"Feature","geometry":{"type":"Point","coordinates":[-70.36246,41.6639]},"properties":{"f":3489}},{"type":"Feature","geometry":{"type":"Point","coordinates":[-70.36228,41.66261]},"properties":{"f":2511}},{"type":"Feature","geometry":{"type":"Point","coordinates":[-70.36134,41.66368]},"properties":{"f":2948}},{"type":"Feature","geometry":{"type":"Point","coordinates":[-70.36124,41.66393]},"properties":{"f":2466}},{"type":"Feature","geometry":{"type":"Point","coordinates":[-70.36581,41.66403]},"properties":{"f":2649}},{"type":"Feature","geometry":{"type":"Point","coordinates":[-70.36581,41.66313]},"properties":{"f":2550}},{"type":"Feature","geometry":{"type":"Point","coordinates":[-70.36638,41.66205]},"properties":{"f":2744}},{"type":"Feature","geometry":{"type":"Point","coordinates":[-70.36702,41.66324]},"properties":{"f":2471}},{"type":"Feature","geometry":{"type":"Point","coordinates":[-70.36696,41.66269]},"properties":{"f":2575}},{"type":"Feature","geometry":{"type":"Point","coordinates":[-70.3669,41.6621]},"properties":{"f":2522}},{"type":"Feature","geometry":{"type":"Point","coordinates":[-70.36796,41.66391]},"properties":{"f":2926}},{"type":"Feature","geometry":{"type":"Point","coordinates":[-70.36778,41.66338]},"properties":{"f":2532}},{"type":"Feature","geometry":{"type":"Point","coordinates":[-70.36764,41.66304]},"properties":{"f":3492}},{"type":"Feature","geometry":{"type":"Point","coordinates":[-70.36837,41.66302]},"properties":{"f":2499}},{"type":"Feature","geometry":{"type":"Point","coordinates":[-70.36836,41.66342]},"properties":{"f":2686}},{"type":"Feature","geometry":{"type":"Point","coordinates":[-70.36899,41.66293]},"properties":{"f":2496}},{"type":"Feature","geometry":{"type":"Point","coordinates":[-70.36953,41.66286]},"properties":{"f":3190}},{"type":"Feature","geometry":{"type":"Point","coordinates":[-70.36958,41.66326]},"properties":{"f":2773}},{"type":"Feature","geometry":{"type":"Point","coordinates":[-70.37019,41.6628]},"properties":{"f":2652}},{"type":"Feature","geometry":{"type":"Point","coordinates":[-70.37114,41.66228]},"properties":{"f":2513}},{"type":"Feature","geometry":{"type":"Point","coordinates":[-70.37235,41.66143]},"properties":{"f":2537}},{"type":"Feature","geometry":{"type":"Point","coordinates":[-70.37091,41.6617]},"properties":{"f":2521}},{"type":"Feature","geometry":{"type":"Point","coordinates":[-70.36992,41.66225]},"properties":{"f":2693}},{"type":"Feature","geometry":{"type":"Point","coordinates":[-70.36882,41.6624]},"properties":{"f":2649}},{"type":"Feature","geometry":{"type":"Point","coordinates":[-70.36845,41.66242]},"properties":{"f":2469}},{"type":"Feature","geometry":{"type":"Point","coordinates":[-70.36809,41.6625]},"properties":{"f":2483}},{"type":"Feature","geometry":{"type":"Point","coordinates":[-70.36763,41.6619]},"properties":{"f":2511}},{"type":"Feature","geometry":{"type":"Point","coordinates":[-70.36765,41.66157]},"properties":{"f":2530}},{"type":"Feature","geometry":{"type":"Point","coordinates":[-70.36813,41.66108]},"properties":{"f":3175}},{"type":"Feature","geometry":{"type":"Point","coordinates":[-70.36774,41.66105]},"properties":{"f":2490}},{"type":"Feature","geometry":{"type":"Point","coordinates":[-70.36131,41.66548]},"properties":{"f":2539}},{"type":"Feature","geometry":{"type":"Point","coordinates":[-70.36123,41.66575]},"properties":{"f":2472}},{"type":"Feature","geometry":{"type":"Point","coordinates":[-70.36091,41.66682]},"properties":{"f":2458}},{"type":"Feature","geometry":{"type":"Point","coordinates":[-70.36082,41.6671]},"properties":{"f":2458}},{"type":"Feature","geometry":{"type":"Point","coordinates":[-70.36994,41.66732]},"properties":{"f":2626}},{"type":"Feature","geometry":{"type":"Point","coordinates":[-70.37146,41.66815]},"properties":{"f":2484}},{"type":"Feature","geometry":{"type":"Point","coordinates":[-70.37176,41.6683]},"properties":{"f":4072}},{"type":"Feature","geometry":{"type":"Point","coordinates":[-70.37209,41.66617]},"properties":{"f":3105}},{"type":"Feature","geometry":{"type":"Point","coordinates":[-70.36592,41.66791]},"properties":{"f":2541}},{"type":"Feature","geometry":{"type":"Point","coordinates":[-70.36738,41.66601]},"properties":{"f":2740}},{"type":"Feature","geometry":{"type":"Point","coordinates":[-70.36781,41.66484]},"properties":{"f":2457}},{"type":"Feature","geometry":{"type":"Point","coordinates":[-70.36544,41.66934]},"properties":{"f":2556}},{"type":"Feature","geometry":{"type":"Point","coordinates":[-70.36485,41.66912]},"properties":{"f":2504}},{"type":"Feature","geometry":{"type":"Point","coordinates":[-70.36414,41.66938]},"properties":{"f":2718}},{"type":"Feature","geometry":{"type":"Point","coordinates":[-70.36362,41.66935]},"properties":{"f":2646}},{"type":"Feature","geometry":{"type":"Point","coordinates":[-70.36411,41.66879]},"properties":{"f":2464}},{"type":"Feature","geometry":{"type":"Point","coordinates":[-70.36475,41.6679]},"properties":{"f":2462}},{"type":"Feature","geometry":{"type":"Point","coordinates":[-70.36457,41.66717]},"properties":{"f":2647}},{"type":"Feature","geometry":{"type":"Point","coordinates":[-70.36473,41.66667]},"properties":{"f":2461}},{"type":"Feature","geometry":{"type":"Point","coordinates":[-70.36665,41.66595]},"properties":{"f":2763}},{"type":"Feature","geometry":{"type":"Point","coordinates":[-70.36687,41.66541]},"properties":{"f":2502}},{"type":"Feature","geometry":{"type":"Point","coordinates":[-70.3671,41.66405]},"properties":{"f":2535}},{"type":"Feature","geometry":{"type":"Point","coordinates":[-70.36557,41.66543]},"properties":{"f":3475}},{"type":"Feature","geometry":{"type":"Point","coordinates":[-70.36578,41.66492]},"properties":{"f":2594}},{"type":"Feature","geometry":{"type":"Point","coordinates":[-70.36581,41.66429]},"properties":{"f":2631}},{"type":"Feature","geometry":{"type":"Point","coordinates":[-70.36803,41.66944]},"properties":{"f":2689}},{"type":"Feature","geometry":{"type":"Point","coordinates":[-70.36893,41.6682]},"properties":{"f":2719}},{"type":"Feature","geometry":{"type":"Point","coordinates":[-70.36957,41.66716]},"properties":{"f":2652}},{"type":"Feature","geometry":{"type":"Point","coordinates":[-70.36942,41.66624]},"properties":{"f":2794}},{"type":"Feature","geometry":{"type":"Point","coordinates":[-70.36926,41.66587]},"properties":{"f":2658}},{"type":"Feature","geometry":{"type":"Point","coordinates":[-70.36666,41.66829]},"properties":{"f":2901}},{"type":"Feature","geometry":{"type":"Point","coordinates":[-70.366,41.66897]},"properties":{"f":2702}},{"type":"Feature","geometry":{"type":"Point","coordinates":[-70.36744,41.66911]},"properties":{"f":3042}},{"type":"Feature","geometry":{"type":"Point","coordinates":[-70.36857,41.66774]},"properties":{"f":2587}},{"type":"Feature","geometry":{"type":"Point","coordinates":[-70.36903,41.66669]},"properties":{"f":2493}},{"type":"Feature","geometry":{"type":"Point","coordinates":[-70.36789,41.66792]},"properties":{"f":3059}},{"type":"Feature","geometry":{"type":"Point","coordinates":[-70.36684,41.66919]},"properties":{"f":2469}},{"type":"Feature","geometry":{"type":"Point","coordinates":[-70.36255,41.66588]},"properties":{"f":2560}},{"type":"Feature","geometry":{"type":"Point","coordinates":[-70.36298,41.67223]},"properties":{"f":2609}},{"type":"Feature","geometry":{"type":"Point","coordinates":[-70.36303,41.6709]},"properties":{"f":2556}},{"type":"Feature","geometry":{"type":"Point","coordinates":[-70.36552,41.6746]},"properties":{"f":3106}},{"type":"Feature","geometry":{"type":"Point","coordinates":[-70.36598,41.67384]},"properties":{"f":2473}},{"type":"Feature","geometry":{"type":"Point","coordinates":[-70.36785,41.67256]},"properties":{"f":3441}},{"type":"Feature","geometry":{"type":"Point","coordinates":[-70.36978,41.67208]},"properties":{"f":2853}},{"type":"Feature","geometry":{"type":"Point","coordinates":[-70.36995,41.67292]},"properties":{"f":2462}},{"type":"Feature","geometry":{"type":"Point","coordinates":[-70.36492,41.67499]},"properties":{"f":2537}},{"type":"Feature","geometry":{"type":"Point","coordinates":[-70.37119,41.67434]},"properties":{"f":2687}},{"type":"Feature","geometry":{"type":"Point","coordinates":[-70.37287,41.67081]},"properties":{"f":2556}},{"type":"Feature","geometry":{"type":"Point","coordinates":[-70.3709,41.67253]},"properties":{"f":2944}},{"type":"Feature","geometry":{"type":"Point","coordinates":[-70.36442,41.6719]},"properties":{"f":2465}},{"type":"Feature","geometry":{"type":"Point","coordinates":[-70.36571,41.67185]},"properties":{"f":2687}},{"type":"Feature","geometry":{"type":"Point","coordinates":[-70.36587,41.67125]},"properties":{"f":2457}},{"type":"Feature","geometry":{"type":"Point","coordinates":[-70.36664,41.67206]},"properties":{"f":2642}},{"type":"Feature","geometry":{"type":"Point","coordinates":[-70.36728,41.67095]},"properties":{"f":3023}},{"type":"Feature","geometry":{"type":"Point","coordinates":[-70.3674,41.67068]},"properties":{"f":2896}},{"type":"Feature","geometry":{"type":"Point","coordinates":[-70.36753,41.67041]},"properties":{"f":2468}},{"type":"Feature","geometry":{"type":"Point","coordinates":[-70.36765,41.67015]},"properties":{"f":2537}},{"type":"Feature","geometry":{"type":"Point","coordinates":[-70.36614,41.6719]},"properties":{"f":2635}},{"type":"Feature","geometry":{"type":"Point","coordinates":[-70.36661,41.67073]},"properties":{"f":2818}},{"type":"Feature","geometry":{"type":"Point","coordinates":[-70.3669,41.66988]},"properties":{"f":2563}},{"type":"Feature","geometry":{"type":"Point","coordinates":[-70.37039,41.6759]},"properties":{"f":3098}},{"type":"Feature","geometry":{"type":"Point","coordinates":[-70.37165,41.67603]},"properties":{"f":2786}},{"type":"Feature","geometry":{"type":"Point","coordinates":[-70.36649,41.67857]},"properties":{"f":2802}},{"type":"Feature","geometry":{"type":"Point","coordinates":[-70.36431,41.678]},"properties":{"f":2994}},{"type":"Feature","geometry":{"type":"Point","coordinates":[-70.36472,41.67749]},"properties":{"f":2653}},{"type":"Feature","geometry":{"type":"Point","coordinates":[-70.36473,41.677]},"properties":{"f":3274}},{"type":"Feature","geometry":{"type":"Point","coordinates":[-70.36648,41.67717]},"properties":{"f":2823}},{"type":"Feature","geometry":{"type":"Point","coordinates":[-70.36635,41.67606]},"properties":{"f":2613}},{"type":"Feature","geometry":{"type":"Point","coordinates":[-70.36643,41.67948]},"properties":{"f":3220}},{"type":"Feature","geometry":{"type":"Point","coordinates":[-70.36868,41.67559]},"properties":{"f":2913}},{"type":"Feature","geometry":{"type":"Point","coordinates":[-70.36331,41.68023]},"properties":{"f":2691}},{"type":"Feature","geometry":{"type":"Point","coordinates":[-70.371,41.68483]},"properties":{"f":2525}},{"type":"Feature","geometry":{"type":"Point","coordinates":[-70.3625,41.68344]},"properties":{"f":2472}},{"type":"Feature","geometry":{"type":"Point","coordinates":[-70.36931,41.68679]},"properties":{"f":2560}},{"type":"Feature","geometry":{"type":"Point","coordinates":[-70.36941,41.69439]},"properties":{"f":3214}},{"type":"Feature","geometry":{"type":"Point","coordinates":[-70.369,41.69544]},"properties":{"f":2713}},{"type":"Feature","geometry":{"type":"Point","coordinates":[-70.36747,41.69517]},"properties":{"f":2894}},{"type":"Feature","geometry":{"type":"Point","coordinates":[-70.36626,41.69477]},"properties":{"f":3076}},{"type":"Feature","geometry":{"type":"Point","coordinates":[-70.36726,41.69188]},"properties":{"f":2573}},{"type":"Feature","geometry":{"type":"Point","coordinates":[-70.36634,41.7067]},"properties":{"f":3208}},{"type":"Feature","geometry":{"type":"Point","coordinates":[-70.36964,41.70852]},"properties":{"f":2489}},{"type":"Feature","geometry":{"type":"Point","coordinates":[-70.36683,41.71248]},"properties":{"f":3356}},{"type":"Feature","geometry":{"type":"Point","coordinates":[-70.36823,41.71121]},"properties":{"f":4202}},{"type":"Feature","geometry":{"type":"Point","coordinates":[-70.35637,41.63621]},"properties":{"f":2842}},{"type":"Feature","geometry":{"type":"Point","coordinates":[-70.35542,41.63627]},"properties":{"f":3021}},{"type":"Feature","geometry":{"type":"Point","coordinates":[-70.35496,41.63643]},"properties":{"f":2705}},{"type":"Feature","geometry":{"type":"Point","coordinates":[-70.35351,41.63636]},"properties":{"f":4871}},{"type":"Feature","geometry":{"type":"Point","coordinates":[-70.35457,41.63596]},"properties":{"f":4122}},{"type":"Feature","geometry":{"type":"Point","coordinates":[-70.35573,41.63552]},"properties":{"f":3856}},{"type":"Feature","geometry":{"type":"Point","coordinates":[-70.35734,41.63496]},"properties":{"f":2518}},{"type":"Feature","geometry":{"type":"Point","coordinates":[-70.36002,41.63408]},"properties":{"f":3912}},{"type":"Feature","geometry":{"type":"Point","coordinates":[-70.35266,41.63544]},"properties":{"f":2526}},{"type":"Feature","geometry":{"type":"Point","coordinates":[-70.35091,41.63539]},"properties":{"f":2672}},{"type":"Feature","geometry":{"type":"Point","coordinates":[-70.35155,41.63518]},"properties":{"f":2470}},{"type":"Feature","geometry":{"type":"Point","coordinates":[-70.35206,41.63507]},"properties":{"f":3464}},{"type":"Feature","geometry":{"type":"Point","coordinates":[-70.35249,41.63493]},"properties":{"f":5655}},{"type":"Feature","geometry":{"type":"Point","coordinates":[-70.35298,41.63475]},"properties":{"f":5152}},{"type":"Feature","geometry":{"type":"Point","coordinates":[-70.3574,41.63567]},"properties":{"f":4100}},{"type":"Feature","geometry":{"type":"Point","coordinates":[-70.35715,41.63595]},"properties":{"f":2926}},{"type":"Feature","geometry":{"type":"Point","coordinates":[-70.36068,41.63367]},"properties":{"f":4960}},{"type":"Feature","geometry":{"type":"Point","coordinates":[-70.36084,41.6347]},"properties":{"f":4399}},{"type":"Feature","geometry":{"type":"Point","coordinates":[-70.3613,41.63716]},"properties":{"f":2980}},{"type":"Feature","geometry":{"type":"Point","coordinates":[-70.36144,41.63663]},"properties":{"f":2945}},{"type":"Feature","geometry":{"type":"Point","coordinates":[-70.35908,41.63688]},"properties":{"f":2791}},{"type":"Feature","geometry":{"type":"Point","coordinates":[-70.35977,41.63815]},"properties":{"f":3810}},{"type":"Feature","geometry":{"type":"Point","coordinates":[-70.36022,41.63839]},"properties":{"f":4169}},{"type":"Feature","geometry":{"type":"Point","coordinates":[-70.36157,41.63908]},"properties":{"f":2457}},{"type":"Feature","geometry":{"type":"Point","coordinates":[-70.3618,41.64162]},"properties":{"f":3377}},{"type":"Feature","geometry":{"type":"Point","coordinates":[-70.35813,41.64103]},"properties":{"f":2917}},{"type":"Feature","geometry":{"type":"Point","coordinates":[-70.35927,41.64089]},"properties":{"f":3541}},{"type":"Feature","geometry":{"type":"Point","coordinates":[-70.36114,41.64018]},"properties":{"f":3142}},{"type":"Feature","geometry":{"type":"Point","coordinates":[-70.35852,41.6388]},"properties":{"f":2922}},{"type":"Feature","geometry":{"type":"Point","coordinates":[-70.35895,41.63919]},"properties":{"f":2686}},{"type":"Feature","geometry":{"type":"Point","coordinates":[-70.35804,41.63768]},"properties":{"f":2863}},{"type":"Feature","geometry":{"type":"Point","coordinates":[-70.35682,41.63796]},"properties":{"f":2466}},{"type":"Feature","geometry":{"type":"Point","coordinates":[-70.3561,41.63861]},"properties":{"f":2936}},{"type":"Feature","geometry":{"type":"Point","coordinates":[-70.35405,41.6376]},"properties":{"f":2970}},{"type":"Feature","geometry":{"type":"Point","coordinates":[-70.35284,41.6384]},"properties":{"f":3837}},{"type":"Feature","geometry":{"type":"Point","coordinates":[-70.35081,41.63864]},"properties":{"f":2764}},{"type":"Feature","geometry":{"type":"Point","coordinates":[-70.35796,41.63699]},"properties":{"f":2491}},{"type":"Feature","geometry":{"type":"Point","coordinates":[-70.35778,41.63673]},"properties":{"f":2920}},{"type":"Feature","geometry":{"type":"Point","coordinates":[-70.35643,41.64145]},"properties":{"f":2704}},{"type":"Feature","geometry":{"type":"Point","coordinates":[-70.35691,41.64161]},"properties":{"f":3493}},{"type":"Feature","geometry":{"type":"Point","coordinates":[-70.35593,41.64209]},"properties":{"f":3383}},{"type":"Feature","geometry":{"type":"Point","coordinates":[-70.36016,41.64225]},"properties":{"f":2630}},{"type":"Feature","geometry":{"type":"Point","coordinates":[-70.35789,41.64245]},"properties":{"f":2631}},{"type":"Feature","geometry":{"type":"Point","coordinates":[-70.35722,41.64232]},"properties":{"f":3055}},{"type":"Feature","geometry":{"type":"Point","coordinates":[-70.35708,41.64303]},"properties":{"f":2582}},{"type":"Feature","geometry":{"type":"Point","coordinates":[-70.35758,41.64292]},"properties":{"f":2888}},{"type":"Feature","geometry":{"type":"Point","coordinates":[-70.35735,41.64313]},"properties":{"f":2464}},{"type":"Feature","geometry":{"type":"Point","coordinates":[-70.35699,41.64326]},"properties":{"f":2994}},{"type":"Feature","geometry":{"type":"Point","coordinates":[-70.35752,41.6427]},"properties":{"f":2833}},{"type":"Feature","geometry":{"type":"Point","coordinates":[-70.35977,41.64629]},"properties":{"f":3455}},{"type":"Feature","geometry":{"type":"Point","coordinates":[-70.35992,41.64537]},"properties":{"f":3241}},{"type":"Feature","geometry":{"type":"Point","coordinates":[-70.36061,41.64572]},"properties":{"f":4341}},{"type":"Feature","geometry":{"type":"Point","coordinates":[-70.36162,41.64543]},"properties":{"f":3164}},{"type":"Feature","geometry":{"type":"Point","coordinates":[-70.35808,41.6473]},"properties":{"f":3625}},{"type":"Feature","geometry":{"type":"Point","coordinates":[-70.35745,41.64693]},"properties":{"f":2858}},{"type":"Feature","geometry":{"type":"Point","coordinates":[-70.35202,41.64729]},"properties":{"f":3506}},{"type":"Feature","geometry":{"type":"Point","coordinates":[-70.35128,41.64278]},"properties":{"f":2742}},{"type":"Feature","geometry":{"type":"Point","coordinates":[-70.36154,41.64633]},"properties":{"f":2689}},{"type":"Feature","geometry":{"type":"Point","coordinates":[-70.35941,41.6471]},"properties":{"f":2604}},{"type":"Feature","geometry":{"type":"Point","coordinates":[-70.35611,41.64588]},"properties":{"f":2710}},{"type":"Feature","geometry":{"type":"Point","coordinates":[-70.35672,41.64507]},"properties":{"f":2483}},{"type":"Feature","geometry":{"type":"Point","coordinates":[-70.35703,41.64434]},"properties":{"f":3116}},{"type":"Feature","geometry":{"type":"Point","coordinates":[-70.35708,41.64402]},"properties":{"f":3062}},{"type":"Feature","geometry":{"type":"Point","coordinates":[-70.357,41.64366]},"properties":{"f":3261}},{"type":"Feature","geometry":{"type":"Point","coordinates":[-70.35839,41.645]},"properties":{"f":3226}},{"type":"Feature","geometry":{"type":"Point","coordinates":[-70.35855,41.64452]},"properties":{"f":5235}},{"type":"Feature","geometry":{"type":"Point","coordinates":[-70.35149,41.6463]},"properties":{"f":2756}},{"type":"Feature","geometry":{"type":"Point","coordinates":[-70.35183,41.646]},"properties":{"f":2520}},{"type":"Feature","geometry":{"type":"Point","coordinates":[-70.35342,41.6432]},"properties":{"f":2670}},{"type":"Feature","geometry":{"type":"Point","coordinates":[-70.35261,41.64355]},"properties":{"f":2549}},{"type":"Feature","geometry":{"type":"Point","coordinates":[-70.35216,41.64352]},"properties":{"f":2908}},{"type":"Feature","geometry":{"type":"Point","coordinates":[-70.35132,41.64403]},"properties":{"f":2596}},{"type":"Feature","geometry":{"type":"Point","coordinates":[-70.35199,41.64412]},"properties":{"f":2636}},{"type":"Feature","geometry":{"type":"Point","coordinates":[-70.35633,41.64335]},"properties":{"f":2765}},{"type":"Feature","geometry":{"type":"Point","coordinates":[-70.35646,41.64262]},"properties":{"f":3466}},{"type":"Feature","geometry":{"type":"Point","coordinates":[-70.35665,41.6422]},"properties":{"f":2914}},{"type":"Feature","geometry":{"type":"Point","coordinates":[-70.35618,41.64366]},"properties":{"f":3379}},{"type":"Feature","geometry":{"type":"Point","coordinates":[-70.35637,41.6442]},"properties":{"f":2963}},{"type":"Feature","geometry":{"type":"Point","coordinates":[-70.35618,41.64481]},"properties":{"f":2681}},{"type":"Feature","geometry":{"type":"Point","coordinates":[-70.35507,41.64525]},"properties":{"f":3146}},{"type":"Feature","geometry":{"type":"Point","coordinates":[-70.35491,41.64213]},"properties":{"f":3525}},{"type":"Feature","geometry":{"type":"Point","coordinates":[-70.35575,41.6433]},"properties":{"f":3098}},{"type":"Feature","geometry":{"type":"Point","coordinates":[-70.35463,41.64313]},"properties":{"f":2741}},{"type":"Feature","geometry":{"type":"Point","coordinates":[-70.35815,41.65128]},"properties":{"f":3716}},{"type":"Feature","geometry":{"type":"Point","coordinates":[-70.35109,41.64767]},"properties":{"f":2995}},{"type":"Feature","geometry":{"type":"Point","coordinates":[-70.35622,41.65179]},"properties":{"f":2576}},{"type":"Feature","geometry":{"type":"Point","coordinates":[-70.35386,41.64911]},"properties":{"f":3141}},{"type":"Feature","geometry":{"type":"Point","coordinates":[-70.35428,41.64906]},"properties":{"f":2595}},{"type":"Feature","geometry":{"type":"Point","coordinates":[-70.35269,41.64998]},"properties":{"f":4281}},{"type":"Feature","geometry":{"type":"Point","coordinates":[-70.35212,41.65017]},"properties":{"f":2756}},{"type":"Feature","geometry":{"type":"Point","coordinates":[-70.35232,41.6507]},"properties":{"f":2977}},{"type":"Feature","geometry":{"type":"Point","coordinates":[-70.35065,41.64856]},"properties":{"f":3312}},{"type":"Feature","geometry":{"type":"Point","coordinates":[-70.35155,41.64777]},"properties":{"f":2572}},{"type":"Feature","geometry":{"type":"Point","coordinates":[-70.35142,41.64801]},"properties":{"f":2513}},{"type":"Feature","geometry":{"type":"Point","coordinates":[-70.35359,41.64809]},"properties":{"f":3157}},{"type":"Feature","geometry":{"type":"Point","coordinates":[-70.3566,41.64931]},"properties":{"f":3113}},{"type":"Feature","geometry":{"type":"Point","coordinates":[-70.35688,41.64846]},"properties":{"f":2752}},{"type":"Feature","geometry":{"type":"Point","coordinates":[-70.35772,41.64868]},"properties":{"f":2731}},{"type":"Feature","geometry":{"type":"Point","coordinates":[-70.35789,41.6495]},"properties":{"f":2691}},{"type":"Feature","geometry":{"type":"Point","coordinates":[-70.35828,41.64959]},"properties":{"f":2728}},{"type":"Feature","geometry":{"type":"Point","coordinates":[-70.3594,41.64856]},"properties":{"f":2763}},{"type":"Feature","geometry":{"type":"Point","coordinates":[-70.35966,41.6481]},"properties":{"f":3300}},{"type":"Feature","geometry":{"type":"Point","coordinates":[-70.3605,41.64859]},"properties":{"f":3257}},{"type":"Feature","geometry":{"type":"Point","coordinates":[-70.361,41.64809]},"properties":{"f":3473}},{"type":"Feature","geometry":{"type":"Point","coordinates":[-70.36091,41.64777]},"properties":{"f":3038}},{"type":"Feature","geometry":{"type":"Point","coordinates":[-70.35174,41.65099]},"properties":{"f":3086}},{"type":"Feature","geometry":{"type":"Point","coordinates":[-70.35121,41.65078]},"properties":{"f":3944}},{"type":"Feature","geometry":{"type":"Point","coordinates":[-70.35143,41.65148]},"properties":{"f":2870}},{"type":"Feature","geometry":{"type":"Point","coordinates":[-70.35065,41.6514]},"properties":{"f":2611}},{"type":"Feature","geometry":{"type":"Point","coordinates":[-70.36112,41.64841]},"properties":{"f":2593}},{"type":"Feature","geometry":{"type":"Point","coordinates":[-70.35142,41.65005]},"properties":{"f":2473}},{"type":"Feature","geometry":{"type":"Point","coordinates":[-70.35692,41.6475]},"properties":{"f":3435}},{"type":"Feature","geometry":{"type":"Point","coordinates":[-70.35947,41.6498]},"properties":{"f":2725}},{"type":"Feature","geometry":{"type":"Point","coordinates":[-70.35869,41.65027]},"properties":{"f":3791}},{"type":"Feature","geometry":{"type":"Point","coordinates":[-70.36037,41.6498]},"properties":{"f":2619}},{"type":"Feature","geometry":{"type":"Point","coordinates":[-70.36063,41.65105]},"properties":{"f":3332}},{"type":"Feature","geometry":{"type":"Point","coordinates":[-70.36131,41.64938]},"properties":{"f":2927}},{"type":"Feature","geometry":{"type":"Point","coordinates":[-70.36074,41.65227]},"properties":{"f":3049}},{"type":"Feature","geometry":{"type":"Point","coordinates":[-70.359,41.65092]},"properties":{"f":3155}},{"type":"Feature","geometry":{"type":"Point","coordinates":[-70.35811,41.65079]},"properties":{"f":2503}},{"type":"Feature","geometry":{"type":"Point","coordinates":[-70.35647,41.65449]},"properties":{"f":3071}},{"type":"Feature","geometry":{"type":"Point","coordinates":[-70.35589,41.65469]},"properties":{"f":2664}},{"type":"Feature","geometry":{"type":"Point","coordinates":[-70.35791,41.65494]},"properties":{"f":3034}},{"type":"Feature","geometry":{"type":"Point","coordinates":[-70.35291,41.65729]},"properties":{"f":2648}},{"type":"Feature","geometry":{"type":"Point","coordinates":[-70.354,41.65779]},"properties":{"f":3030}},{"type":"Feature","geometry":{"type":"Point","coordinates":[-70.35469,41.65776]},"properties":{"f":3124}},{"type":"Feature","geometry":{"type":"Point","coordinates":[-70.35858,41.65648]},"properties":{"f":2585}},{"type":"Feature","geometry":{"type":"Point","coordinates":[-70.35311,41.65512]},"properties":{"f":3452}},{"type":"Feature","geometry":{"type":"Point","coordinates":[-70.35063,41.65394]},"properties":{"f":3254}},{"type":"Feature","geometry":{"type":"Point","coordinates":[-70.35572,41.65416]},"properties":{"f":2580}},{"type":"Feature","geometry":{"type":"Point","coordinates":[-70.35277,41.65422]},"properties":{"f":2709}},{"type":"Feature","geometry":{"type":"Point","coordinates":[-70.35281,41.65382]},"properties":{"f":3315}},{"type":"Feature","geometry":{"type":"Point","coordinates":[-70.35294,41.65331]},"properties":{"f":3975}},{"type":"Feature","geometry":{"type":"Point","coordinates":[-70.35305,41.65293]},"properties":{"f":3023}},{"type":"Feature","geometry":{"type":"Point","coordinates":[-70.35181,41.65264]},"properties":{"f":3232}},{"type":"Feature","geometry":{"type":"Point","coordinates":[-70.35148,41.6531]},"properties":{"f":3801}},{"type":"Feature","geometry":{"type":"Point","coordinates":[-70.35155,41.65359]},"properties":{"f":2618}},{"type":"Feature","geometry":{"type":"Point","coordinates":[-70.35156,41.65393]},"properties":{"f":3291}},{"type":"Feature","geometry":{"type":"Point","coordinates":[-70.35062,41.65823]},"properties":{"f":2510}},{"type":"Feature","geometry":{"type":"Point","coordinates":[-70.3591,41.65418]},"properties":{"f":2584}},{"type":"Feature","geometry":{"type":"Point","coordinates":[-70.35819,41.65356]},"properties":{"f":3837}},{"type":"Feature","geometry":{"type":"Point","coordinates":[-70.35795,41.65286]},"properties":{"f":2709}},{"type":"Feature","geometry":{"type":"Point","coordinates":[-70.35967,41.65856]},"properties":{"f":2498}},{"type":"Feature","geometry":{"type":"Point","coordinates":[-70.35947,41.65895]},"properties":{"f":2539}},{"type":"Feature","geometry":{"type":"Point","coordinates":[-70.35998,41.65941]},"properties":{"f":2900}},{"type":"Feature","geometry":{"type":"Point","coordinates":[-70.35776,41.66064]},"properties":{"f":2525}},{"type":"Feature","geometry":{"type":"Point","coordinates":[-70.35597,41.65856]},"properties":{"f":2463}},{"type":"Feature","geometry":{"type":"Point","coordinates":[-70.35222,41.6618]},"properties":{"f":2711}},{"type":"Feature","geometry":{"type":"Point","coordinates":[-70.35019,41.6634]},"properties":{"f":2561}},{"type":"Feature","geometry":{"type":"Point","coordinates":[-70.35369,41.6598]},"properties":{"f":3084}},{"type":"Feature","geometry":{"type":"Point","coordinates":[-70.36098,41.66157]},"properties":{"f":2824}},{"type":"Feature","geometry":{"type":"Point","coordinates":[-70.36128,41.66224]},"properties":{"f":2920}},{"type":"Feature","geometry":{"type":"Point","coordinates":[-70.36015,41.66182]},"properties":{"f":2835}},{"type":"Feature","geometry":{"type":"Point","coordinates":[-70.35961,41.66125]},"properties":{"f":2857}},{"type":"Feature","geometry":{"type":"Point","coordinates":[-70.3613,41.65856]},"properties":{"f":2976}},{"type":"Feature","geometry":{"type":"Point","coordinates":[-70.35713,41.66288]},"properties":{"f":3108}},{"type":"Feature","geometry":{"type":"Point","coordinates":[-70.35768,41.66275]},"properties":{"f":2952}},{"type":"Feature","geometry":{"type":"Point","coordinates":[-70.35722,41.66329]},"properties":{"f":3023}},{"type":"Feature","geometry":{"type":"Point","coordinates":[-70.36103,41.66262]},"properties":{"f":2595}},{"type":"Feature","geometry":{"type":"Point","coordinates":[-70.35554,41.66542]},"properties":{"f":2854}},{"type":"Feature","geometry":{"type":"Point","coordinates":[-70.35426,41.66419]},"properties":{"f":2629}},{"type":"Feature","geometry":{"type":"Point","coordinates":[-70.35211,41.66519]},"properties":{"f":2940}},{"type":"Feature","geometry":{"type":"Point","coordinates":[-70.35196,41.66611]},"properties":{"f":2639}},{"type":"Feature","geometry":{"type":"Point","coordinates":[-70.35196,41.66877]},"properties":{"f":2646}},{"type":"Feature","geometry":{"type":"Point","coordinates":[-70.35518,41.66846]},"properties":{"f":2742}},{"type":"Feature","geometry":{"type":"Point","coordinates":[-70.35562,41.66854]},"properties":{"f":2719}},{"type":"Feature","geometry":{"type":"Point","coordinates":[-70.35631,41.6684]},"properties":{"f":2539}},{"type":"Feature","geometry":{"type":"Point","coordinates":[-70.35357,41.66771]},"properties":{"f":2619}},{"type":"Feature","geometry":{"type":"Point","coordinates":[-70.35318,41.66547]},"properties":{"f":2842}},{"type":"Feature","geometry":{"type":"Point","coordinates":[-70.3527,41.66658]},"properties":{"f":2668}},{"type":"Feature","geometry":{"type":"Point","coordinates":[-70.35281,41.66752]},"properties":{"f":2464}},{"type":"Feature","geometry":{"type":"Point","coordinates":[-70.36009,41.66945]},"properties":{"f":2578}},{"type":"Feature","geometry":{"type":"Point","coordinates":[-70.36002,41.66729]},"properties":{"f":2684}},{"type":"Feature","geometry":{"type":"Point","coordinates":[-70.35372,41.6692]},"properties":{"f":2760}},{"type":"Feature","geometry":{"type":"Point","coordinates":[-70.35402,41.66807]},"properties":{"f":2768}},{"type":"Feature","geometry":{"type":"Point","coordinates":[-70.35767,41.66825]},"properties":{"f":2456}},{"type":"Feature","geometry":{"type":"Point","coordinates":[-70.35893,41.66495]},"properties":{"f":2750}},{"type":"Feature","geometry":{"type":"Point","coordinates":[-70.36045,41.66432]},"properties":{"f":3057}},{"type":"Feature","geometry":{"type":"Point","coordinates":[-70.35966,41.66598]},"properties":{"f":2462}},{"type":"Feature","geometry":{"type":"Point","coordinates":[-70.35301,41.66986]},"properties":{"f":2764}},{"type":"Feature","geometry":{"type":"Point","coordinates":[-70.35252,41.67066]},"properties":{"f":2934}},{"type":"Feature","geometry":{"type":"Point","coordinates":[-70.3526,41.67151]},"properties":{"f":2498}},{"type":"Feature","geometry":{"type":"Point","coordinates":[-70.35261,41.67186]},"properties":{"f":2574}},{"type":"Feature","geometry":{"type":"Point","coordinates":[-70.35162,41.67288]},"properties":{"f":3427}},{"type":"Feature","geometry":{"type":"Point","coordinates":[-70.35143,41.67264]},"properties":{"f":3757}},{"type":"Feature","geometry":{"type":"Point","coordinates":[-70.35089,41.67239]},"properties":{"f":2652}},{"type":"Feature","geometry":{"type":"Point","coordinates":[-70.35098,41.6713]},"properties":{"f":3175}},{"type":"Feature","geometry":{"type":"Point","coordinates":[-70.35166,41.67206]},"properties":{"f":2568}},{"type":"Feature","geometry":{"type":"Point","coordinates":[-70.35653,41.67007]},"properties":{"f":3420}},{"type":"Feature","geometry":{"type":"Point","coordinates":[-70.35026,41.6695]},"properties":{"f":2983}},{"type":"Feature","geometry":{"type":"Point","coordinates":[-70.35046,41.67066]},"properties":{"f":3105}},{"type":"Feature","geometry":{"type":"Point","coordinates":[-70.35702,41.67068]},"properties":{"f":2542}},{"type":"Feature","geometry":{"type":"Point","coordinates":[-70.35709,41.67149]},"properties":{"f":2544}},{"type":"Feature","geometry":{"type":"Point","coordinates":[-70.35718,41.67297]},"properties":{"f":2799}},{"type":"Feature","geometry":{"type":"Point","coordinates":[-70.35834,41.67065]},"properties":{"f":2902}},{"type":"Feature","geometry":{"type":"Point","coordinates":[-70.35793,41.67078]},"properties":{"f":2677}},{"type":"Feature","geometry":{"type":"Point","coordinates":[-70.35752,41.6717]},"properties":{"f":2582}},{"type":"Feature","geometry":{"type":"Point","coordinates":[-70.35695,41.67182]},"properties":{"f":2926}},{"type":"Feature","geometry":{"type":"Point","coordinates":[-70.35704,41.67236]},"properties":{"f":3677}},{"type":"Feature","geometry":{"type":"Point","coordinates":[-70.35657,41.67461]},"properties":{"f":2718}},{"type":"Feature","geometry":{"type":"Point","coordinates":[-70.35683,41.67398]},"properties":{"f":2842}},{"type":"Feature","geometry":{"type":"Point","coordinates":[-70.35687,41.67357]},"properties":{"f":3019}},{"type":"Feature","geometry":{"type":"Point","coordinates":[-70.35645,41.67355]},"properties":{"f":2700}},{"type":"Feature","geometry":{"type":"Point","coordinates":[-70.35638,41.67389]},"properties":{"f":2468}},{"type":"Feature","geometry":{"type":"Point","coordinates":[-70.35609,41.67302]},"properties":{"f":2615}},{"type":"Feature","geometry":{"type":"Point","coordinates":[-70.35633,41.67189]},"properties":{"f":2539}},{"type":"Feature","geometry":{"type":"Point","coordinates":[-70.35646,41.67153]},"properties":{"f":2631}},{"type":"Feature","geometry":{"type":"Point","coordinates":[-70.35661,41.67112]},"properties":{"f":2535}},{"type":"Feature","geometry":{"type":"Point","coordinates":[-70.35982,41.67012]},"properties":{"f":2675}},{"type":"Feature","geometry":{"type":"Point","coordinates":[-70.35425,41.66982]},"properties":{"f":2583}},{"type":"Feature","geometry":{"type":"Point","coordinates":[-70.35611,41.66993]},"properties":{"f":2683}},{"type":"Feature","geometry":{"type":"Point","coordinates":[-70.35595,41.67046]},"properties":{"f":3156}},{"type":"Feature","geometry":{"type":"Point","coordinates":[-70.35561,41.67129]},"properties":{"f":3390}},{"type":"Feature","geometry":{"type":"Point","coordinates":[-70.35437,41.67113]},"properties":{"f":3608}},{"type":"Feature","geometry":{"type":"Point","coordinates":[-70.35372,41.67452]},"properties":{"f":2919}},{"type":"Feature","geometry":{"type":"Point","coordinates":[-70.35262,41.67973]},"properties":{"f":2722}},{"type":"Feature","geometry":{"type":"Point","coordinates":[-70.35205,41.67972]},"properties":{"f":3612}},{"type":"Feature","geometry":{"type":"Point","coordinates":[-70.35128,41.67809]},"properties":{"f":3040}},{"type":"Feature","geometry":{"type":"Point","coordinates":[-70.35219,41.67746]},"properties":{"f":2603}},{"type":"Feature","geometry":{"type":"Point","coordinates":[-70.35149,41.67644]},"properties":{"f":3101}},{"type":"Feature","geometry":{"type":"Point","coordinates":[-70.35135,41.67618]},"properties":{"f":2463}},{"type":"Feature","geometry":{"type":"Point","coordinates":[-70.35178,41.67586]},"properties":{"f":4626}},{"type":"Feature","geometry":{"type":"Point","coordinates":[-70.35174,41.67541]},"properties":{"f":3661}},{"type":"Feature","geometry":{"type":"Point","coordinates":[-70.35032,41.67877]},"properties":{"f":2945}},{"type":"Feature","geometry":{"type":"Point","coordinates":[-70.35323,41.67909]},"properties":{"f":2910}},{"type":"Feature","geometry":{"type":"Point","coordinates":[-70.35319,41.67806]},"properties":{"f":2998}},{"type":"Feature","geometry":{"type":"Point","coordinates":[-70.35486,41.67573]},"properties":{"f":2676}},{"type":"Feature","geometry":{"type":"Point","coordinates":[-70.35215,41.67694]},"properties":{"f":3841}},{"type":"Feature","geometry":{"type":"Point","coordinates":[-70.35522,41.67804]},"properties":{"f":2620}},{"type":"Feature","geometry":{"type":"Point","coordinates":[-70.35608,41.67757]},"properties":{"f":2768}},{"type":"Feature","geometry":{"type":"Point","coordinates":[-70.35637,41.67723]},"properties":{"f":3038}},{"type":"Feature","geometry":{"type":"Point","coordinates":[-70.35516,41.67698]},"properties":{"f":2896}},{"type":"Feature","geometry":{"type":"Point","coordinates":[-70.35658,41.67797]},"properties":{"f":2636}},{"type":"Feature","geometry":{"type":"Point","coordinates":[-70.35964,41.67611]},"properties":{"f":2555}},{"type":"Feature","geometry":{"type":"Point","coordinates":[-70.35939,41.67847]},"properties":{"f":2468}},{"type":"Feature","geometry":{"type":"Point","coordinates":[-70.35837,41.68184]},"properties":{"f":2619}},{"type":"Feature","geometry":{"type":"Point","coordinates":[-70.35874,41.68098]},"properties":{"f":2481}},{"type":"Feature","geometry":{"type":"Point","coordinates":[-70.35821,41.68108]},"properties":{"f":2901}},{"type":"Feature","geometry":{"type":"Point","coordinates":[-70.35254,41.6853]},"properties":{"f":2836}},{"type":"Feature","geometry":{"type":"Point","coordinates":[-70.35464,41.68141]},"properties":{"f":2690}},{"type":"Feature","geometry":{"type":"Point","coordinates":[-70.35599,41.68061]},"properties":{"f":2511}},{"type":"Feature","geometry":{"type":"Point","coordinates":[-70.35537,41.68188]},"properties":{"f":3980}},{"type":"Feature","geometry":{"type":"Point","coordinates":[-70.35498,41.6807]},"properties":{"f":2666}},{"type":"Feature","geometry":{"type":"Point","coordinates":[-70.35636,41.68148]},"properties":{"f":2499}},{"type":"Feature","geometry":{"type":"Point","coordinates":[-70.35269,41.68241]},"properties":{"f":2476}},{"type":"Feature","geometry":{"type":"Point","coordinates":[-70.35288,41.68129]},"properties":{"f":3120}},{"type":"Feature","geometry":{"type":"Point","coordinates":[-70.3509,41.68067]},"properties":{"f":2672}},{"type":"Feature","geometry":{"type":"Point","coordinates":[-70.35268,41.69081]},"properties":{"f":2457}},{"type":"Feature","geometry":{"type":"Point","coordinates":[-70.35247,41.68856]},"properties":{"f":3162}},{"type":"Feature","geometry":{"type":"Point","coordinates":[-70.3501,41.68842]},"properties":{"f":3017}},{"type":"Feature","geometry":{"type":"Point","coordinates":[-70.35209,41.68615]},"properties":{"f":2696}},{"type":"Feature","geometry":{"type":"Point","coordinates":[-70.35609,41.69566]},"properties":{"f":2763}},{"type":"Feature","geometry":{"type":"Point","coordinates":[-70.35074,41.69648]},"properties":{"f":3504}},{"type":"Feature","geometry":{"type":"Point","coordinates":[-70.35013,41.69579]},"properties":{"f":3072}},{"type":"Feature","geometry":{"type":"Point","coordinates":[-70.35076,41.6954]},"properties":{"f":2713}},{"type":"Feature","geometry":{"type":"Point","coordinates":[-70.35111,41.69486]},"properties":{"f":3955}},{"type":"Feature","geometry":{"type":"Point","coordinates":[-70.35516,41.69414]},"properties":{"f":3045}},{"type":"Feature","geometry":{"type":"Point","coordinates":[-70.35382,41.69305]},"properties":{"f":3573}},{"type":"Feature","geometry":{"type":"Point","coordinates":[-70.35946,41.69961]},"properties":{"f":3690}},{"type":"Feature","geometry":{"type":"Point","coordinates":[-70.35066,41.63611]},"properties":{"f":3191}},{"type":"Feature","geometry":{"type":"Point","coordinates":[-70.34985,41.63635]},"properties":{"f":3694}},{"type":"Feature","geometry":{"type":"Point","coordinates":[-70.34667,41.6362]},"properties":{"f":2723}},{"type":"Feature","geometry":{"type":"Point","coordinates":[-70.34847,41.63596]},"properties":{"f":2488}},{"type":"Feature","geometry":{"type":"Point","coordinates":[-70.34907,41.63575]},"properties":{"f":2806}},{"type":"Feature","geometry":{"type":"Point","coordinates":[-70.34944,41.63573]},"properties":{"f":3196}},{"type":"Feature","geometry":{"type":"Point","coordinates":[-70.35004,41.63559]},"properties":{"f":3268}},{"type":"Feature","geometry":{"type":"Point","coordinates":[-70.34989,41.63707]},"properties":{"f":3355}},{"type":"Feature","geometry":{"type":"Point","coordinates":[-70.34415,41.63654]},"properties":{"f":2948}},{"type":"Feature","geometry":{"type":"Point","coordinates":[-70.3451,41.63642]},"properties":{"f":2814}},{"type":"Feature","geometry":{"type":"Point","coordinates":[-70.34415,41.63833]},"properties":{"f":2592}},{"type":"Feature","geometry":{"type":"Point","coordinates":[-70.34738,41.64037]},"properties":{"f":3411}},{"type":"Feature","geometry":{"type":"Point","coordinates":[-70.34817,41.64038]},"properties":{"f":3535}},{"type":"Feature","geometry":{"type":"Point","coordinates":[-70.34979,41.64098]},"properties":{"f":2557}},{"type":"Feature","geometry":{"type":"Point","coordinates":[-70.34229,41.64078]},"properties":{"f":3894}},{"type":"Feature","geometry":{"type":"Point","coordinates":[-70.34525,41.64171]},"properties":{"f":3118}},{"type":"Feature","geometry":{"type":"Point","coordinates":[-70.34461,41.63999]},"properties":{"f":4428}},{"type":"Feature","geometry":{"type":"Point","coordinates":[-70.35002,41.6395]},"properties":{"f":2939}},{"type":"Feature","geometry":{"type":"Point","coordinates":[-70.34293,41.63784]},"properties":{"f":3087}},{"type":"Feature","geometry":{"type":"Point","coordinates":[-70.3476,41.63766]},"properties":{"f":2494}},{"type":"Feature","geometry":{"type":"Point","coordinates":[-70.3469,41.63798]},"properties":{"f":2887}},{"type":"Feature","geometry":{"type":"Point","coordinates":[-70.34226,41.63875]},"properties":{"f":3741}},{"type":"Feature","geometry":{"type":"Point","coordinates":[-70.34875,41.64552]},"properties":{"f":3080}},{"type":"Feature","geometry":{"type":"Point","coordinates":[-70.34966,41.64684]},"properties":{"f":3140}},{"type":"Feature","geometry":{"type":"Point","coordinates":[-70.3493,41.64685]},"properties":{"f":3017}},{"type":"Feature","geometry":{"type":"Point","coordinates":[-70.34873,41.64681]},"properties":{"f":2728}},{"type":"Feature","geometry":{"type":"Point","coordinates":[-70.34728,41.64609]},"properties":{"f":2492}},{"type":"Feature","geometry":{"type":"Point","coordinates":[-70.34647,41.6448]},"properties":{"f":3483}},{"type":"Feature","geometry":{"type":"Point","coordinates":[-70.34623,41.64225]},"properties":{"f":3734}},{"type":"Feature","geometry":{"type":"Point","coordinates":[-70.34384,41.64472]},"properties":{"f":3062}},{"type":"Feature","geometry":{"type":"Point","coordinates":[-70.342,41.64712]},"properties":{"f":3573}},{"type":"Feature","geometry":{"type":"Point","coordinates":[-70.3398,41.64297]},"properties":{"f":4402}},{"type":"Feature","geometry":{"type":"Point","coordinates":[-70.33889,41.64367]},"properties":{"f":3999}},{"type":"Feature","geometry":{"type":"Point","coordinates":[-70.34127,41.64472]},"properties":{"f":2834}},{"type":"Feature","geometry":{"type":"Point","coordinates":[-70.34303,41.64608]},"properties":{"f":2914}},{"type":"Feature","geometry":{"type":"Point","coordinates":[-70.34076,41.6421]},"properties":{"f":3131}},{"type":"Feature","geometry":{"type":"Point","coordinates":[-70.34921,41.64387]},"properties":{"f":2814}},{"type":"Feature","geometry":{"type":"Point","coordinates":[-70.3433,41.64556]},"properties":{"f":3599}},{"type":"Feature","geometry":{"type":"Point","coordinates":[-70.3501,41.64451]},"properties":{"f":2484}},{"type":"Feature","geometry":{"type":"Point","coordinates":[-70.34989,41.64549]},"properties":{"f":3968}},{"type":"Feature","geometry":{"type":"Point","coordinates":[-70.34939,41.64614]},"properties":{"f":3103}},{"type":"Feature","geometry":{"type":"Point","coordinates":[-70.34089,41.64693]},"properties":{"f":2578}},{"type":"Feature","geometry":{"type":"Point","coordinates":[-70.34146,41.64629]},"properties":{"f":3474}},{"type":"Feature","geometry":{"type":"Point","coordinates":[-70.34072,41.64577]},"properties":{"f":2720}},{"type":"Feature","geometry":{"type":"Point","coordinates":[-70.34029,41.64562]},"properties":{"f":2712}},{"type":"Feature","geometry":{"type":"Point","coordinates":[-70.35017,41.64358]},"properties":{"f":2491}},{"type":"Feature","geometry":{"type":"Point","coordinates":[-70.35023,41.64761]},"properties":{"f":3418}},{"type":"Feature","geometry":{"type":"Point","coordinates":[-70.35023,41.6496]},"properties":{"f":2919}},{"type":"Feature","geometry":{"type":"Point","coordinates":[-70.34909,41.64862]},"properties":{"f":3036}},{"type":"Feature","geometry":{"type":"Point","coordinates":[-70.34992,41.65068]},"properties":{"f":3214}},{"type":"Feature","geometry":{"type":"Point","coordinates":[-70.34955,41.65144]},"properties":{"f":3476}},{"type":"Feature","geometry":{"type":"Point","coordinates":[-70.34848,41.65054]},"properties":{"f":2774}},{"type":"Feature","geometry":{"type":"Point","coordinates":[-70.34751,41.65262]},"properties":{"f":2511}},{"type":"Feature","geometry":{"type":"Point","coordinates":[-70.34146,41.65257]},"properties":{"f":3687}},{"type":"Feature","geometry":{"type":"Point","coordinates":[-70.34613,41.64863]},"properties":{"f":2535}},{"type":"Feature","geometry":{"type":"Point","coordinates":[-70.34607,41.64808]},"properties":{"f":3940}},{"type":"Feature","geometry":{"type":"Point","coordinates":[-70.34302,41.64893]},"properties":{"f":2854}},{"type":"Feature","geometry":{"type":"Point","coordinates":[-70.34184,41.65179]},"properties":{"f":2612}},{"type":"Feature","geometry":{"type":"Point","coordinates":[-70.34712,41.65098]},"properties":{"f":2558}},{"type":"Feature","geometry":{"type":"Point","coordinates":[-70.34641,41.65045]},"properties":{"f":2487}},{"type":"Feature","geometry":{"type":"Point","coordinates":[-70.34704,41.64867]},"properties":{"f":3568}},{"type":"Feature","geometry":{"type":"Point","coordinates":[-70.34828,41.64752]},"properties":{"f":2563}},{"type":"Feature","geometry":{"type":"Point","coordinates":[-70.34803,41.64852]},"properties":{"f":4512}},{"type":"Feature","geometry":{"type":"Point","coordinates":[-70.34092,41.64812]},"properties":{"f":2457}},{"type":"Feature","geometry":{"type":"Point","coordinates":[-70.35012,41.65323]},"properties":{"f":2800}},{"type":"Feature","geometry":{"type":"Point","coordinates":[-70.34076,41.65686]},"properties":{"f":3831}},{"type":"Feature","geometry":{"type":"Point","coordinates":[-70.34123,41.65644]},"properties":{"f":3569}},{"type":"Feature","geometry":{"type":"Point","coordinates":[-70.34057,41.65589]},"properties":{"f":2745}},{"type":"Feature","geometry":{"type":"Point","coordinates":[-70.34051,41.65555]},"properties":{"f":3661}},{"type":"Feature","geometry":{"type":"Point","coordinates":[-70.34021,41.65646]},"properties":{"f":2777}},{"type":"Feature","geometry":{"type":"Point","coordinates":[-70.3398,41.65705]},"properties":{"f":3335}},{"type":"Feature","geometry":{"type":"Point","coordinates":[-70.33993,41.65596]},"properties":{"f":2918}},{"type":"Feature","geometry":{"type":"Point","coordinates":[-70.33948,41.65509]},"properties":{"f":3259}},{"type":"Feature","geometry":{"type":"Point","coordinates":[-70.3399,41.65503]},"properties":{"f":3579}},{"type":"Feature","geometry":{"type":"Point","coordinates":[-70.34039,41.65504]},"properties":{"f":3105}},{"type":"Feature","geometry":{"type":"Point","coordinates":[-70.34077,41.65625]},"properties":{"f":3190}},{"type":"Feature","geometry":{"type":"Point","coordinates":[-70.34116,41.6552]},"properties":{"f":2657}},{"type":"Feature","geometry":{"type":"Point","coordinates":[-70.34178,41.65477]},"properties":{"f":3850}},{"type":"Feature","geometry":{"type":"Point","coordinates":[-70.34274,41.65424]},"properties":{"f":2995}},{"type":"Feature","geometry":{"type":"Point","coordinates":[-70.34176,41.65423]},"properties":{"f":3679}},{"type":"Feature","geometry":{"type":"Point","coordinates":[-70.33985,41.65562]},"properties":{"f":2835}},{"type":"Feature","geometry":{"type":"Point","coordinates":[-70.34091,41.65343]},"properties":{"f":2510}},{"type":"Feature","geometry":{"type":"Point","coordinates":[-70.34179,41.65335]},"properties":{"f":3814}},{"type":"Feature","geometry":{"type":"Point","coordinates":[-70.3416,41.65371]},"properties":{"f":3896}},{"type":"Feature","geometry":{"type":"Point","coordinates":[-70.34208,41.65379]},"properties":{"f":3605}},{"type":"Feature","geometry":{"type":"Point","coordinates":[-70.34665,41.65302]},"properties":{"f":2941}},{"type":"Feature","geometry":{"type":"Point","coordinates":[-70.34596,41.65311]},"properties":{"f":2907}},{"type":"Feature","geometry":{"type":"Point","coordinates":[-70.33973,41.65651]},"properties":{"f":3132}},{"type":"Feature","geometry":{"type":"Point","coordinates":[-70.34819,41.65459]},"properties":{"f":3834}},{"type":"Feature","geometry":{"type":"Point","coordinates":[-70.34751,41.65393]},"properties":{"f":4178}},{"type":"Feature","geometry":{"type":"Point","coordinates":[-70.34683,41.65386]},"properties":{"f":5380}},{"type":"Feature","geometry":{"type":"Point","coordinates":[-70.34919,41.65379]},"properties":{"f":2607}},{"type":"Feature","geometry":{"type":"Point","coordinates":[-70.33947,41.65581]},"properties":{"f":3501}},{"type":"Feature","geometry":{"type":"Point","coordinates":[-70.34286,41.65357]},"properties":{"f":2894}},{"type":"Feature","geometry":{"type":"Point","coordinates":[-70.34573,41.65445]},"properties":{"f":2957}},{"type":"Feature","geometry":{"type":"Point","coordinates":[-70.34489,41.65377]},"properties":{"f":3185}},{"type":"Feature","geometry":{"type":"Point","coordinates":[-70.34616,41.65399]},"properties":{"f":2567}},{"type":"Feature","geometry":{"type":"Point","coordinates":[-70.34674,41.65428]},"properties":{"f":3293}},{"type":"Feature","geometry":{"type":"Point","coordinates":[-70.34959,41.66256]},"properties":{"f":2767}},{"type":"Feature","geometry":{"type":"Point","coordinates":[-70.34795,41.66421]},"properties":{"f":2505}},{"type":"Feature","geometry":{"type":"Point","coordinates":[-70.34728,41.66217]},"properties":{"f":2552}},{"type":"Feature","geometry":{"type":"Point","coordinates":[-70.34446,41.66311]},"properties":{"f":2458}},{"type":"Feature","geometry":{"type":"Point","coordinates":[-70.34449,41.6625]},"properties":{"f":2537}},{"type":"Feature","geometry":{"type":"Point","coordinates":[-70.34671,41.66207]},"properties":{"f":2555}},{"type":"Feature","geometry":{"type":"Point","coordinates":[-70.34571,41.66143]},"properties":{"f":3506}},{"type":"Feature","geometry":{"type":"Point","coordinates":[-70.345,41.66213]},"properties":{"f":2604}},{"type":"Feature","geometry":{"type":"Point","coordinates":[-70.34456,41.66196]},"properties":{"f":2462}},{"type":"Feature","geometry":{"type":"Point","coordinates":[-70.34465,41.66154]},"properties":{"f":3088}},{"type":"Feature","geometry":{"type":"Point","coordinates":[-70.34208,41.66144]},"properties":{"f":3073}},{"type":"Feature","geometry":{"type":"Point","coordinates":[-70.34142,41.66133]},"properties":{"f":2603}},{"type":"Feature","geometry":{"type":"Point","coordinates":[-70.34077,41.66132]},"properties":{"f":3520}},{"type":"Feature","geometry":{"type":"Point","coordinates":[-70.33942,41.66197]},"properties":{"f":4684}},{"type":"Feature","geometry":{"type":"Point","coordinates":[-70.34047,41.66083]},"properties":{"f":3048}},{"type":"Feature","geometry":{"type":"Point","coordinates":[-70.34007,41.66108]},"properties":{"f":3420}},{"type":"Feature","geometry":{"type":"Point","coordinates":[-70.34834,41.66005]},"properties":{"f":2919}},{"type":"Feature","geometry":{"type":"Point","coordinates":[-70.34675,41.66266]},"properties":{"f":2573}},{"type":"Feature","geometry":{"type":"Point","coordinates":[-70.34129,41.66245]},"properties":{"f":3672}},{"type":"Feature","geometry":{"type":"Point","coordinates":[-70.34428,41.66154]},"properties":{"f":2780}},{"type":"Feature","geometry":{"type":"Point","coordinates":[-70.34834,41.66838]},"properties":{"f":6051}},{"type":"Feature","geometry":{"type":"Point","coordinates":[-70.34714,41.66558]},"properties":{"f":3907}},{"type":"Feature","geometry":{"type":"Point","coordinates":[-70.34015,41.6652]},"properties":{"f":6230}},{"type":"Feature","geometry":{"type":"Point","coordinates":[-70.34852,41.66983]},"properties":{"f":3906}},{"type":"Feature","geometry":{"type":"Point","coordinates":[-70.34972,41.67346]},"properties":{"f":3344}},{"type":"Feature","geometry":{"type":"Point","coordinates":[-70.34937,41.67303]},"properties":{"f":3312}},{"type":"Feature","geometry":{"type":"Point","coordinates":[-70.34872,41.67276]},"properties":{"f":3687}},{"type":"Feature","geometry":{"type":"Point","coordinates":[-70.34973,41.67215]},"properties":{"f":2912}},{"type":"Feature","geometry":{"type":"Point","coordinates":[-70.35,41.67061]},"properties":{"f":3049}},{"type":"Feature","geometry":{"type":"Point","coordinates":[-70.34903,41.68029]},"properties":{"f":3053}},{"type":"Feature","geometry":{"type":"Point","coordinates":[-70.33916,41.67816]},"properties":{"f":2775}},{"type":"Feature","geometry":{"type":"Point","coordinates":[-70.34798,41.68091]},"properties":{"f":2587}},{"type":"Feature","geometry":{"type":"Point","coordinates":[-70.34771,41.68119]},"properties":{"f":2693}},{"type":"Feature","geometry":{"type":"Point","coordinates":[-70.34975,41.68045]},"properties":{"f":3324}},{"type":"Feature","geometry":{"type":"Point","coordinates":[-70.34288,41.68394]},"properties":{"f":2489}},{"type":"Feature","geometry":{"type":"Point","coordinates":[-70.34186,41.68236]},"properties":{"f":2904}},{"type":"Feature","geometry":{"type":"Point","coordinates":[-70.34022,41.68125]},"properties":{"f":3953}},{"type":"Feature","geometry":{"type":"Point","coordinates":[-70.34041,41.68172]},"properties":{"f":2529}},{"type":"Feature","geometry":{"type":"Point","coordinates":[-70.34096,41.68133]},"properties":{"f":2586}},{"type":"Feature","geometry":{"type":"Point","coordinates":[-70.34138,41.68136]},"properties":{"f":3042}},{"type":"Feature","geometry":{"type":"Point","coordinates":[-70.34184,41.68136]},"properties":{"f":4051}},{"type":"Feature","geometry":{"type":"Point","coordinates":[-70.34429,41.68091]},"properties":{"f":3392}},{"type":"Feature","geometry":{"type":"Point","coordinates":[-70.3401,41.68309]},"properties":{"f":2594}},{"type":"Feature","geometry":{"type":"Point","coordinates":[-70.3413,41.68235]},"properties":{"f":2847}},{"type":"Feature","geometry":{"type":"Point","coordinates":[-70.34724,41.68131]},"properties":{"f":3320}},{"type":"Feature","geometry":{"type":"Point","coordinates":[-70.33918,41.68391]},"properties":{"f":2938}},{"type":"Feature","geometry":{"type":"Point","coordinates":[-70.34961,41.68902]},"properties":{"f":2631}},{"type":"Feature","geometry":{"type":"Point","coordinates":[-70.34558,41.69579]},"properties":{"f":2990}},{"type":"Feature","geometry":{"type":"Point","coordinates":[-70.3443,41.69419]},"properties":{"f":2527}},{"type":"Feature","geometry":{"type":"Point","coordinates":[-70.34596,41.69252]},"properties":{"f":2650}},{"type":"Feature","geometry":{"type":"Point","coordinates":[-70.33862,41.69652]},"properties":{"f":3697}},{"type":"Feature","geometry":{"type":"Point","coordinates":[-70.33942,41.6965]},"properties":{"f":4342}},{"type":"Feature","geometry":{"type":"Point","coordinates":[-70.33941,41.69538]},"properties":{"f":3147}},{"type":"Feature","geometry":{"type":"Point","coordinates":[-70.34477,41.69177]},"properties":{"f":3529}},{"type":"Feature","geometry":{"type":"Point","coordinates":[-70.34221,41.69713]},"properties":{"f":2547}},{"type":"Feature","geometry":{"type":"Point","coordinates":[-70.34188,41.69765]},"properties":{"f":3062}},{"type":"Feature","geometry":{"type":"Point","coordinates":[-70.34105,41.69776]},"properties":{"f":3686}},{"type":"Feature","geometry":{"type":"Point","coordinates":[-70.33996,41.70088]},"properties":{"f":4652}},{"type":"Feature","geometry":{"type":"Point","coordinates":[-70.33973,41.6985]},"properties":{"f":2737}},{"type":"Feature","geometry":{"type":"Point","coordinates":[-70.33901,41.69856]},"properties":{"f":3014}},{"type":"Feature","geometry":{"type":"Point","coordinates":[-70.34637,41.69871]},"properties":{"f":3258}},{"type":"Feature","geometry":{"type":"Point","coordinates":[-70.34939,41.69988]},"properties":{"f":4420}},{"type":"Feature","geometry":{"type":"Point","coordinates":[-70.34345,41.69912]},"properties":{"f":3121}},{"type":"Feature","geometry":{"type":"Point","coordinates":[-70.34264,41.69718]},"properties":{"f":2880}},{"type":"Feature","geometry":{"type":"Point","coordinates":[-70.34348,41.69755]},"properties":{"f":2743}},{"type":"Feature","geometry":{"type":"Point","coordinates":[-70.33145,41.63568]},"properties":{"f":3757}},{"type":"Feature","geometry":{"type":"Point","coordinates":[-70.33102,41.63561]},"properties":{"f":6736}},{"type":"Feature","geometry":{"type":"Point","coordinates":[-70.33025,41.63581]},"properties":{"f":2968}},{"type":"Feature","geometry":{"type":"Point","coordinates":[-70.33055,41.63581]},"properties":{"f":2639}},{"type":"Feature","geometry":{"type":"Point","coordinates":[-70.32969,41.63492]},"properties":{"f":5394}},{"type":"Feature","geometry":{"type":"Point","coordinates":[-70.32966,41.63582]},"properties":{"f":3887}},{"type":"Feature","geometry":{"type":"Point","coordinates":[-70.32899,41.63485]},"properties":{"f":3230}},{"type":"Feature","geometry":{"type":"Point","coordinates":[-70.3293,41.63508]},"properties":{"f":7847}},{"type":"Feature","geometry":{"type":"Point","coordinates":[-70.3288,41.63613]},"properties":{"f":3463}},{"type":"Feature","geometry":{"type":"Point","coordinates":[-70.33257,41.63533]},"properties":{"f":2552}},{"type":"Feature","geometry":{"type":"Point","coordinates":[-70.33972,41.64119]},"properties":{"f":5653}},{"type":"Feature","geometry":{"type":"Point","coordinates":[-70.3394,41.6387]},"properties":{"f":3805}},{"type":"Feature","geometry":{"type":"Point","coordinates":[-70.33449,41.63853]},"properties":{"f":3056}},{"type":"Feature","geometry":{"type":"Point","coordinates":[-70.33476,41.63796]},"properties":{"f":2806}},{"type":"Feature","geometry":{"type":"Point","coordinates":[-70.33535,41.63898]},"properties":{"f":2613}},{"type":"Feature","geometry":{"type":"Point","coordinates":[-70.33564,41.63938]},"properties":{"f":2796}},{"type":"Feature","geometry":{"type":"Point","coordinates":[-70.33504,41.64011]},"properties":{"f":3589}},{"type":"Feature","geometry":{"type":"Point","coordinates":[-70.33067,41.64011]},"properties":{"f":2645}},{"type":"Feature","geometry":{"type":"Point","coordinates":[-70.32886,41.6394]},"properties":{"f":2566}},{"type":"Feature","geometry":{"type":"Point","coordinates":[-70.33003,41.63808]},"properties":{"f":3040}},{"type":"Feature","geometry":{"type":"Point","coordinates":[-70.33013,41.63837]},"properties":{"f":3088}},{"type":"Feature","geometry":{"type":"Point","coordinates":[-70.33084,41.63942]},"properties":{"f":2710}},{"type":"Feature","geometry":{"type":"Point","coordinates":[-70.33186,41.63874]},"properties":{"f":3355}},{"type":"Feature","geometry":{"type":"Point","coordinates":[-70.3324,41.63716]},"properties":{"f":2653}},{"type":"Feature","geometry":{"type":"Point","coordinates":[-70.33192,41.63717]},"properties":{"f":4358}},{"type":"Feature","geometry":{"type":"Point","coordinates":[-70.3312,41.63681]},"properties":{"f":3766}},{"type":"Feature","geometry":{"type":"Point","coordinates":[-70.33044,41.63663]},"properties":{"f":3240}},{"type":"Feature","geometry":{"type":"Point","coordinates":[-70.32925,41.63758]},"properties":{"f":3582}},{"type":"Feature","geometry":{"type":"Point","coordinates":[-70.32903,41.63686]},"properties":{"f":3350}},{"type":"Feature","geometry":{"type":"Point","coordinates":[-70.33037,41.64043]},"properties":{"f":3078}},{"type":"Feature","geometry":{"type":"Point","coordinates":[-70.33152,41.64032]},"properties":{"f":2834}},{"type":"Feature","geometry":{"type":"Point","coordinates":[-70.33724,41.64212]},"properties":{"f":3068}},{"type":"Feature","geometry":{"type":"Point","coordinates":[-70.33696,41.64133]},"properties":{"f":3179}},{"type":"Feature","geometry":{"type":"Point","coordinates":[-70.32996,41.63757]},"properties":{"f":3089}},{"type":"Feature","geometry":{"type":"Point","coordinates":[-70.32998,41.64633]},"properties":{"f":2913}},{"type":"Feature","geometry":{"type":"Point","coordinates":[-70.32849,41.64667]},"properties":{"f":3235}},{"type":"Feature","geometry":{"type":"Point","coordinates":[-70.32968,41.64244]},"properties":{"f":2668}},{"type":"Feature","geometry":{"type":"Point","coordinates":[-70.3287,41.64323]},"properties":{"f":2858}},{"type":"Feature","geometry":{"type":"Point","coordinates":[-70.3313,41.64634]},"properties":{"f":3916}},{"type":"Feature","geometry":{"type":"Point","coordinates":[-70.33291,41.64662]},"properties":{"f":2571}},{"type":"Feature","geometry":{"type":"Point","coordinates":[-70.33301,41.64724]},"properties":{"f":2633}},{"type":"Feature","geometry":{"type":"Point","coordinates":[-70.33432,41.64711]},"properties":{"f":2663}},{"type":"Feature","geometry":{"type":"Point","coordinates":[-70.33367,41.64686]},"properties":{"f":2460}},{"type":"Feature","geometry":{"type":"Point","coordinates":[-70.33434,41.64664]},"properties":{"f":2591}},{"type":"Feature","geometry":{"type":"Point","coordinates":[-70.33239,41.64574]},"properties":{"f":3144}},{"type":"Feature","geometry":{"type":"Point","coordinates":[-70.33454,41.64599]},"properties":{"f":2785}},{"type":"Feature","geometry":{"type":"Point","coordinates":[-70.33513,41.64582]},"properties":{"f":3997}},{"type":"Feature","geometry":{"type":"Point","coordinates":[-70.33507,41.6448]},"properties":{"f":3599}},{"type":"Feature","geometry":{"type":"Point","coordinates":[-70.33576,41.64501]},"properties":{"f":4028}},{"type":"Feature","geometry":{"type":"Point","coordinates":[-70.33613,41.64448]},"properties":{"f":4423}},{"type":"Feature","geometry":{"type":"Point","coordinates":[-70.33618,41.64418]},"properties":{"f":5631}},{"type":"Feature","geometry":{"type":"Point","coordinates":[-70.33618,41.64392]},"properties":{"f":2644}},{"type":"Feature","geometry":{"type":"Point","coordinates":[-70.3366,41.64382]},"properties":{"f":3433}},{"type":"Feature","geometry":{"type":"Point","coordinates":[-70.33711,41.64363]},"properties":{"f":2969}},{"type":"Feature","geometry":{"type":"Point","coordinates":[-70.33784,41.6424]},"properties":{"f":3282}},{"type":"Feature","geometry":{"type":"Point","coordinates":[-70.33699,41.64202]},"properties":{"f":2953}},{"type":"Feature","geometry":{"type":"Point","coordinates":[-70.33545,41.6433]},"properties":{"f":2942}},{"type":"Feature","geometry":{"type":"Point","coordinates":[-70.33499,41.64369]},"properties":{"f":2494}},{"type":"Feature","geometry":{"type":"Point","coordinates":[-70.33471,41.64329]},"properties":{"f":3067}},{"type":"Feature","geometry":{"type":"Point","coordinates":[-70.33503,41.64281]},"properties":{"f":2480}},{"type":"Feature","geometry":{"type":"Point","coordinates":[-70.33431,41.64263]},"properties":{"f":3324}},{"type":"Feature","geometry":{"type":"Point","coordinates":[-70.33337,41.64368]},"properties":{"f":2703}},{"type":"Feature","geometry":{"type":"Point","coordinates":[-70.33417,41.64398]},"properties":{"f":2788}},{"type":"Feature","geometry":{"type":"Point","coordinates":[-70.33436,41.64452]},"properties":{"f":3251}},{"type":"Feature","geometry":{"type":"Point","coordinates":[-70.3329,41.64479]},"properties":{"f":2698}},{"type":"Feature","geometry":{"type":"Point","coordinates":[-70.33226,41.64497]},"properties":{"f":2580}},{"type":"Feature","geometry":{"type":"Point","coordinates":[-70.33273,41.64427]},"properties":{"f":2920}},{"type":"Feature","geometry":{"type":"Point","coordinates":[-70.33362,41.64418]},"properties":{"f":2565}},{"type":"Feature","geometry":{"type":"Point","coordinates":[-70.33902,41.64614]},"properties":{"f":2792}},{"type":"Feature","geometry":{"type":"Point","coordinates":[-70.33839,41.64576]},"properties":{"f":2789}},{"type":"Feature","geometry":{"type":"Point","coordinates":[-70.33761,41.64538]},"properties":{"f":2996}},{"type":"Feature","geometry":{"type":"Point","coordinates":[-70.33772,41.64502]},"properties":{"f":2619}},{"type":"Feature","geometry":{"type":"Point","coordinates":[-70.33848,41.64498]},"properties":{"f":3237}},{"type":"Feature","geometry":{"type":"Point","coordinates":[-70.33958,41.64546]},"properties":{"f":2522}},{"type":"Feature","geometry":{"type":"Point","coordinates":[-70.33688,41.65259]},"properties":{"f":2769}},{"type":"Feature","geometry":{"type":"Point","coordinates":[-70.33682,41.65216]},"properties":{"f":3024}},{"type":"Feature","geometry":{"type":"Point","coordinates":[-70.33686,41.65177]},"properties":{"f":2540}},{"type":"Feature","geometry":{"type":"Point","coordinates":[-70.3328,41.65269]},"properties":{"f":2630}},{"type":"Feature","geometry":{"type":"Point","coordinates":[-70.33275,41.65224]},"properties":{"f":2574}},{"type":"Feature","geometry":{"type":"Point","coordinates":[-70.33216,41.65222]},"properties":{"f":2732}},{"type":"Feature","geometry":{"type":"Point","coordinates":[-70.33349,41.64924]},"properties":{"f":2492}},{"type":"Feature","geometry":{"type":"Point","coordinates":[-70.33156,41.64922]},"properties":{"f":2479}},{"type":"Feature","geometry":{"type":"Point","coordinates":[-70.33531,41.64884]},"properties":{"f":2568}},{"type":"Feature","geometry":{"type":"Point","coordinates":[-70.3378,41.64916]},"properties":{"f":2761}},{"type":"Feature","geometry":{"type":"Point","coordinates":[-70.3372,41.64834]},"properties":{"f":3896}},{"type":"Feature","geometry":{"type":"Point","coordinates":[-70.33755,41.64808]},"properties":{"f":2797}},{"type":"Feature","geometry":{"type":"Point","coordinates":[-70.33842,41.64837]},"properties":{"f":2589}},{"type":"Feature","geometry":{"type":"Point","coordinates":[-70.33773,41.6489]},"properties":{"f":2529}},{"type":"Feature","geometry":{"type":"Point","coordinates":[-70.33846,41.65024]},"properties":{"f":2833}},{"type":"Feature","geometry":{"type":"Point","coordinates":[-70.33164,41.64778]},"properties":{"f":3365}},{"type":"Feature","geometry":{"type":"Point","coordinates":[-70.32995,41.64969]},"properties":{"f":2784}},{"type":"Feature","geometry":{"type":"Point","coordinates":[-70.33247,41.64875]},"properties":{"f":2936}},{"type":"Feature","geometry":{"type":"Point","coordinates":[-70.33587,41.64868]},"properties":{"f":5029}},{"type":"Feature","geometry":{"type":"Point","coordinates":[-70.33585,41.64761]},"properties":{"f":2465}},{"type":"Feature","geometry":{"type":"Point","coordinates":[-70.33619,41.64733]},"properties":{"f":3967}},{"type":"Feature","geometry":{"type":"Point","coordinates":[-70.33607,41.65046]},"properties":{"f":2466}},{"type":"Feature","geometry":{"type":"Point","coordinates":[-70.32901,41.64915]},"properties":{"f":2546}},{"type":"Feature","geometry":{"type":"Point","coordinates":[-70.32967,41.64834]},"properties":{"f":3880}},{"type":"Feature","geometry":{"type":"Point","coordinates":[-70.33739,41.65329]},"properties":{"f":2947}},{"type":"Feature","geometry":{"type":"Point","coordinates":[-70.33672,41.65457]},"properties":{"f":3278}},{"type":"Feature","geometry":{"type":"Point","coordinates":[-70.33607,41.65456]},"properties":{"f":3618}},{"type":"Feature","geometry":{"type":"Point","coordinates":[-70.33596,41.65395]},"properties":{"f":2801}},{"type":"Feature","geometry":{"type":"Point","coordinates":[-70.33662,41.65313]},"properties":{"f":2706}},{"type":"Feature","geometry":{"type":"Point","coordinates":[-70.33648,41.65351]},"properties":{"f":3080}},{"type":"Feature","geometry":{"type":"Point","coordinates":[-70.33454,41.65441]},"properties":{"f":2745}},{"type":"Feature","geometry":{"type":"Point","coordinates":[-70.3341,41.65448]},"properties":{"f":2686}},{"type":"Feature","geometry":{"type":"Point","coordinates":[-70.33334,41.65473]},"properties":{"f":2917}},{"type":"Feature","geometry":{"type":"Point","coordinates":[-70.33287,41.65461]},"properties":{"f":2989}},{"type":"Feature","geometry":{"type":"Point","coordinates":[-70.33219,41.65417]},"properties":{"f":3481}},{"type":"Feature","geometry":{"type":"Point","coordinates":[-70.33338,41.65326]},"properties":{"f":2512}},{"type":"Feature","geometry":{"type":"Point","coordinates":[-70.33292,41.65325]},"properties":{"f":2942}},{"type":"Feature","geometry":{"type":"Point","coordinates":[-70.3317,41.65424]},"properties":{"f":4148}},{"type":"Feature","geometry":{"type":"Point","coordinates":[-70.33137,41.65418]},"properties":{"f":2975}},{"type":"Feature","geometry":{"type":"Point","coordinates":[-70.32901,41.65622]},"properties":{"f":2760}},{"type":"Feature","geometry":{"type":"Point","coordinates":[-70.33169,41.6569]},"properties":{"f":2700}},{"type":"Feature","geometry":{"type":"Point","coordinates":[-70.33342,41.65682]},"properties":{"f":2681}},{"type":"Feature","geometry":{"type":"Point","coordinates":[-70.33547,41.65696]},"properties":{"f":2907}},{"type":"Feature","geometry":{"type":"Point","coordinates":[-70.33608,41.65701]},"properties":{"f":5291}},{"type":"Feature","geometry":{"type":"Point","coordinates":[-70.33729,41.65671]},"properties":{"f":4246}},{"type":"Feature","geometry":{"type":"Point","coordinates":[-70.33784,41.65601]},"properties":{"f":3578}},{"type":"Feature","geometry":{"type":"Point","coordinates":[-70.33856,41.65648]},"properties":{"f":3050}},{"type":"Feature","geometry":{"type":"Point","coordinates":[-70.33915,41.65534]},"properties":{"f":3428}},{"type":"Feature","geometry":{"type":"Point","coordinates":[-70.32986,41.65328]},"properties":{"f":2973}},{"type":"Feature","geometry":{"type":"Point","coordinates":[-70.33915,41.65607]},"properties":{"f":2990}},{"type":"Feature","geometry":{"type":"Point","coordinates":[-70.33929,41.65708]},"properties":{"f":3224}},{"type":"Feature","geometry":{"type":"Point","coordinates":[-70.33925,41.65651]},"properties":{"f":3356}},{"type":"Feature","geometry":{"type":"Point","coordinates":[-70.33564,41.65451]},"properties":{"f":2591}},{"type":"Feature","geometry":{"type":"Point","coordinates":[-70.33515,41.65292]},"properties":{"f":2969}},{"type":"Feature","geometry":{"type":"Point","coordinates":[-70.32837,41.65609]},"properties":{"f":3000}},{"type":"Feature","geometry":{"type":"Point","coordinates":[-70.33574,41.65313]},"properties":{"f":2595}},{"type":"Feature","geometry":{"type":"Point","coordinates":[-70.33571,41.6528]},"properties":{"f":3403}},{"type":"Feature","geometry":{"type":"Point","coordinates":[-70.3288,41.65308]},"properties":{"f":4049}},{"type":"Feature","geometry":{"type":"Point","coordinates":[-70.3382,41.65999]},"properties":{"f":2504}},{"type":"Feature","geometry":{"type":"Point","coordinates":[-70.33761,41.65916]},"properties":{"f":2462}},{"type":"Feature","geometry":{"type":"Point","coordinates":[-70.33873,41.66188]},"properties":{"f":2694}},{"type":"Feature","geometry":{"type":"Point","coordinates":[-70.3385,41.66149]},"properties":{"f":2811}},{"type":"Feature","geometry":{"type":"Point","coordinates":[-70.33746,41.66047]},"properties":{"f":2669}},{"type":"Feature","geometry":{"type":"Point","coordinates":[-70.33761,41.6609]},"properties":{"f":2816}},{"type":"Feature","geometry":{"type":"Point","coordinates":[-70.33841,41.66295]},"properties":{"f":2532}},{"type":"Feature","geometry":{"type":"Point","coordinates":[-70.33786,41.66197]},"properties":{"f":3050}},{"type":"Feature","geometry":{"type":"Point","coordinates":[-70.33705,41.66118]},"properties":{"f":2834}},{"type":"Feature","geometry":{"type":"Point","coordinates":[-70.33639,41.66113]},"properties":{"f":2617}},{"type":"Feature","geometry":{"type":"Point","coordinates":[-70.33444,41.66129]},"properties":{"f":2485}},{"type":"Feature","geometry":{"type":"Point","coordinates":[-70.33414,41.66153]},"properties":{"f":3055}},{"type":"Feature","geometry":{"type":"Point","coordinates":[-70.33383,41.66168]},"properties":{"f":2894}},{"type":"Feature","geometry":{"type":"Point","coordinates":[-70.33291,41.66146]},"properties":{"f":4112}},{"type":"Feature","geometry":{"type":"Point","coordinates":[-70.33244,41.66175]},"properties":{"f":3962}},{"type":"Feature","geometry":{"type":"Point","coordinates":[-70.33154,41.66224]},"properties":{"f":4481}},{"type":"Feature","geometry":{"type":"Point","coordinates":[-70.33185,41.66203]},"properties":{"f":4707}},{"type":"Feature","geometry":{"type":"Point","coordinates":[-70.33216,41.66307]},"properties":{"f":3660}},{"type":"Feature","geometry":{"type":"Point","coordinates":[-70.33196,41.66325]},"properties":{"f":2905}},{"type":"Feature","geometry":{"type":"Point","coordinates":[-70.33087,41.66277]},"properties":{"f":2563}},{"type":"Feature","geometry":{"type":"Point","coordinates":[-70.3285,41.66311]},"properties":{"f":2880}},{"type":"Feature","geometry":{"type":"Point","coordinates":[-70.33448,41.66007]},"properties":{"f":2740}},{"type":"Feature","geometry":{"type":"Point","coordinates":[-70.33438,41.65911]},"properties":{"f":3183}},{"type":"Feature","geometry":{"type":"Point","coordinates":[-70.33458,41.65812]},"properties":{"f":3724}},{"type":"Feature","geometry":{"type":"Point","coordinates":[-70.33932,41.65875]},"properties":{"f":2561}},{"type":"Feature","geometry":{"type":"Point","coordinates":[-70.33171,41.65911]},"properties":{"f":2645}},{"type":"Feature","geometry":{"type":"Point","coordinates":[-70.32944,41.66034]},"properties":{"f":2632}},{"type":"Feature","geometry":{"type":"Point","coordinates":[-70.33298,41.65965]},"properties":{"f":2468}},{"type":"Feature","geometry":{"type":"Point","coordinates":[-70.33129,41.66428]},"properties":{"f":2695}},{"type":"Feature","geometry":{"type":"Point","coordinates":[-70.32888,41.66531]},"properties":{"f":2579}},{"type":"Feature","geometry":{"type":"Point","coordinates":[-70.3349,41.66778]},"properties":{"f":3150}},{"type":"Feature","geometry":{"type":"Point","coordinates":[-70.33428,41.66836]},"properties":{"f":2562}},{"type":"Feature","geometry":{"type":"Point","coordinates":[-70.33365,41.66898]},"properties":{"f":2567}},{"type":"Feature","geometry":{"type":"Point","coordinates":[-70.33014,41.66435]},"properties":{"f":2784}},{"type":"Feature","geometry":{"type":"Point","coordinates":[-70.33815,41.67457]},"properties":{"f":2732}},{"type":"Feature","geometry":{"type":"Point","coordinates":[-70.33116,41.67061]},"properties":{"f":2746}},{"type":"Feature","geometry":{"type":"Point","coordinates":[-70.33244,41.67129]},"properties":{"f":2548}},{"type":"Feature","geometry":{"type":"Point","coordinates":[-70.33257,41.67161]},"properties":{"f":2836}},{"type":"Feature","geometry":{"type":"Point","coordinates":[-70.33281,41.67191]},"properties":{"f":3366}},{"type":"Feature","geometry":{"type":"Point","coordinates":[-70.33326,41.67232]},"properties":{"f":4037}},{"type":"Feature","geometry":{"type":"Point","coordinates":[-70.33173,41.67236]},"properties":{"f":2724}},{"type":"Feature","geometry":{"type":"Point","coordinates":[-70.33063,41.67207]},"properties":{"f":3253}},{"type":"Feature","geometry":{"type":"Point","coordinates":[-70.33026,41.67194]},"properties":{"f":3251}},{"type":"Feature","geometry":{"type":"Point","coordinates":[-70.32876,41.67302]},"properties":{"f":2763}},{"type":"Feature","geometry":{"type":"Point","coordinates":[-70.32873,41.67388]},"properties":{"f":3090}},{"type":"Feature","geometry":{"type":"Point","coordinates":[-70.33093,41.67228]},"properties":{"f":2513}},{"type":"Feature","geometry":{"type":"Point","coordinates":[-70.33281,41.66971]},"properties":{"f":2678}},{"type":"Feature","geometry":{"type":"Point","coordinates":[-70.33204,41.66989]},"properties":{"f":2686}},{"type":"Feature","geometry":{"type":"Point","coordinates":[-70.33131,41.66974]},"properties":{"f":3055}},{"type":"Feature","geometry":{"type":"Point","coordinates":[-70.33057,41.66941]},"properties":{"f":2625}},{"type":"Feature","geometry":{"type":"Point","coordinates":[-70.32965,41.66964]},"properties":{"f":2575}},{"type":"Feature","geometry":{"type":"Point","coordinates":[-70.33006,41.67137]},"properties":{"f":2686}},{"type":"Feature","geometry":{"type":"Point","coordinates":[-70.32951,41.67154]},"properties":{"f":2504}},{"type":"Feature","geometry":{"type":"Point","coordinates":[-70.33187,41.67118]},"properties":{"f":2504}},{"type":"Feature","geometry":{"type":"Point","coordinates":[-70.33185,41.67148]},"properties":{"f":2627}},{"type":"Feature","geometry":{"type":"Point","coordinates":[-70.33092,41.67017]},"properties":{"f":2536}},{"type":"Feature","geometry":{"type":"Point","coordinates":[-70.32896,41.67252]},"properties":{"f":3466}},{"type":"Feature","geometry":{"type":"Point","coordinates":[-70.33894,41.67589]},"properties":{"f":2872}},{"type":"Feature","geometry":{"type":"Point","coordinates":[-70.3384,41.67759]},"properties":{"f":2741}},{"type":"Feature","geometry":{"type":"Point","coordinates":[-70.33574,41.67788]},"properties":{"f":2600}},{"type":"Feature","geometry":{"type":"Point","coordinates":[-70.32919,41.67509]},"properties":{"f":2816}},{"type":"Feature","geometry":{"type":"Point","coordinates":[-70.33037,41.67542]},"properties":{"f":2729}},{"type":"Feature","geometry":{"type":"Point","coordinates":[-70.33018,41.67639]},"properties":{"f":4907}},{"type":"Feature","geometry":{"type":"Point","coordinates":[-70.33029,41.67675]},"properties":{"f":3764}},{"type":"Feature","geometry":{"type":"Point","coordinates":[-70.33037,41.67715]},"properties":{"f":2756}},{"type":"Feature","geometry":{"type":"Point","coordinates":[-70.33203,41.67965]},"properties":{"f":3186}},{"type":"Feature","geometry":{"type":"Point","coordinates":[-70.33156,41.67951]},"properties":{"f":3175}},{"type":"Feature","geometry":{"type":"Point","coordinates":[-70.33262,41.67986]},"properties":{"f":3509}},{"type":"Feature","geometry":{"type":"Point","coordinates":[-70.33309,41.67994]},"properties":{"f":2818}},{"type":"Feature","geometry":{"type":"Point","coordinates":[-70.33354,41.68003]},"properties":{"f":2501}},{"type":"Feature","geometry":{"type":"Point","coordinates":[-70.33494,41.68001]},"properties":{"f":2910}},{"type":"Feature","geometry":{"type":"Point","coordinates":[-70.32982,41.67548]},"properties":{"f":2509}},{"type":"Feature","geometry":{"type":"Point","coordinates":[-70.32906,41.67573]},"properties":{"f":2563}},{"type":"Feature","geometry":{"type":"Point","coordinates":[-70.3287,41.67528]},"properties":{"f":2487}},{"type":"Feature","geometry":{"type":"Point","coordinates":[-70.33705,41.67999]},"properties":{"f":2779}},{"type":"Feature","geometry":{"type":"Point","coordinates":[-70.33104,41.6793]},"properties":{"f":3202}},{"type":"Feature","geometry":{"type":"Point","coordinates":[-70.32878,41.67979]},"properties":{"f":2827}},{"type":"Feature","geometry":{"type":"Point","coordinates":[-70.32815,41.67892]},"properties":{"f":2570}},{"type":"Feature","geometry":{"type":"Point","coordinates":[-70.32909,41.67871]},"properties":{"f":4085}},{"type":"Feature","geometry":{"type":"Point","coordinates":[-70.32917,41.67813]},"properties":{"f":3782}},{"type":"Feature","geometry":{"type":"Point","coordinates":[-70.33593,41.68125]},"properties":{"f":2478}},{"type":"Feature","geometry":{"type":"Point","coordinates":[-70.33282,41.68174]},"properties":{"f":2460}},{"type":"Feature","geometry":{"type":"Point","coordinates":[-70.32973,41.68198]},"properties":{"f":2830}},{"type":"Feature","geometry":{"type":"Point","coordinates":[-70.32995,41.6816]},"properties":{"f":2699}},{"type":"Feature","geometry":{"type":"Point","coordinates":[-70.32864,41.68086]},"properties":{"f":2554}},{"type":"Feature","geometry":{"type":"Point","coordinates":[-70.33323,41.68051]},"properties":{"f":2772}},{"type":"Feature","geometry":{"type":"Point","coordinates":[-70.33722,41.69973]},"properties":{"f":3282}},{"type":"Feature","geometry":{"type":"Point","coordinates":[-70.33552,41.69851]},"properties":{"f":2948}},{"type":"Feature","geometry":{"type":"Point","coordinates":[-70.33076,41.69981]},"properties":{"f":3133}},{"type":"Feature","geometry":{"type":"Point","coordinates":[-70.32986,41.70036]},"properties":{"f":3231}},{"type":"Feature","geometry":{"type":"Point","coordinates":[-70.33416,41.69904]},"properties":{"f":3514}},{"type":"Feature","geometry":{"type":"Point","coordinates":[-70.33417,41.69992]},"properties":{"f":2618}},{"type":"Feature","geometry":{"type":"Point","coordinates":[-70.33255,41.69674]},"properties":{"f":3136}},{"type":"Feature","geometry":{"type":"Point","coordinates":[-70.3281,41.70306]},"properties":{"f":3626}},{"type":"Feature","geometry":{"type":"Point","coordinates":[-70.32756,41.63636]},"properties":{"f":4318}},{"type":"Feature","geometry":{"type":"Point","coordinates":[-70.32765,41.63495]},"properties":{"f":2836}},{"type":"Feature","geometry":{"type":"Point","coordinates":[-70.32838,41.63469]},"properties":{"f":5547}},{"type":"Feature","geometry":{"type":"Point","coordinates":[-70.32872,41.6347]},"properties":{"f":3643}},{"type":"Feature","geometry":{"type":"Point","coordinates":[-70.32827,41.63597]},"properties":{"f":3256}},{"type":"Feature","geometry":{"type":"Point","coordinates":[-70.32609,41.63587]},"properties":{"f":3399}},{"type":"Feature","geometry":{"type":"Point","coordinates":[-70.32613,41.6354]},"properties":{"f":3054}},{"type":"Feature","geometry":{"type":"Point","coordinates":[-70.32617,41.63489]},"properties":{"f":3149}},{"type":"Feature","geometry":{"type":"Point","coordinates":[-70.32631,41.63382]},"properties":{"f":4799}},{"type":"Feature","geometry":{"type":"Point","coordinates":[-70.3262,41.63443]},"properties":{"f":3548}},{"type":"Feature","geometry":{"type":"Point","coordinates":[-70.3269,41.63505]},"properties":{"f":3500}},{"type":"Feature","geometry":{"type":"Point","coordinates":[-70.32693,41.63471]},"properties":{"f":2982}},{"type":"Feature","geometry":{"type":"Point","coordinates":[-70.32682,41.63609]},"properties":{"f":3172}},{"type":"Feature","geometry":{"type":"Point","coordinates":[-70.32515,41.63608]},"properties":{"f":3696}},{"type":"Feature","geometry":{"type":"Point","coordinates":[-70.32523,41.63513]},"properties":{"f":3738}},{"type":"Feature","geometry":{"type":"Point","coordinates":[-70.32526,41.63475]},"properties":{"f":3617}},{"type":"Feature","geometry":{"type":"Point","coordinates":[-70.3253,41.63417]},"properties":{"f":3643}},{"type":"Feature","geometry":{"type":"Point","coordinates":[-70.32504,41.63298]},"properties":{"f":4859}},{"type":"Feature","geometry":{"type":"Point","coordinates":[-70.32458,41.63403]},"properties":{"f":4325}},{"type":"Feature","geometry":{"type":"Point","coordinates":[-70.32451,41.63509]},"properties":{"f":3852}},{"type":"Feature","geometry":{"type":"Point","coordinates":[-70.32445,41.63564]},"properties":{"f":3637}},{"type":"Feature","geometry":{"type":"Point","coordinates":[-70.32345,41.636]},"properties":{"f":5632}},{"type":"Feature","geometry":{"type":"Point","coordinates":[-70.3235,41.63546]},"properties":{"f":4537}},{"type":"Feature","geometry":{"type":"Point","coordinates":[-70.32354,41.63489]},"properties":{"f":2518}},{"type":"Feature","geometry":{"type":"Point","coordinates":[-70.32324,41.63173]},"properties":{"f":7852}},{"type":"Feature","geometry":{"type":"Point","coordinates":[-70.31996,41.63204]},"properties":{"f":2762}},{"type":"Feature","geometry":{"type":"Point","coordinates":[-70.32003,41.63279]},"properties":{"f":2781}},{"type":"Feature","geometry":{"type":"Point","coordinates":[-70.32157,41.63384]},"properties":{"f":2475}},{"type":"Feature","geometry":{"type":"Point","coordinates":[-70.32245,41.63404]},"properties":{"f":2735}},{"type":"Feature","geometry":{"type":"Point","coordinates":[-70.32197,41.63503]},"properties":{"f":4890}},{"type":"Feature","geometry":{"type":"Point","coordinates":[-70.32216,41.63602]},"properties":{"f":3073}},{"type":"Feature","geometry":{"type":"Point","coordinates":[-70.32071,41.63397]},"properties":{"f":3113}},{"type":"Feature","geometry":{"type":"Point","coordinates":[-70.3196,41.63531]},"properties":{"f":2499}},{"type":"Feature","geometry":{"type":"Point","coordinates":[-70.31943,41.63452]},"properties":{"f":2485}},{"type":"Feature","geometry":{"type":"Point","coordinates":[-70.31921,41.63527]},"properties":{"f":2932}},{"type":"Feature","geometry":{"type":"Point","coordinates":[-70.31867,41.63518]},"properties":{"f":2556}},{"type":"Feature","geometry":{"type":"Point","coordinates":[-70.32435,41.63649]},"properties":{"f":4241}},{"type":"Feature","geometry":{"type":"Point","coordinates":[-70.31861,41.63229]},"properties":{"f":3663}},{"type":"Feature","geometry":{"type":"Point","coordinates":[-70.32519,41.63565]},"properties":{"f":4862}},{"type":"Feature","geometry":{"type":"Point","coordinates":[-70.32755,41.63385]},"properties":{"f":2828}},{"type":"Feature","geometry":{"type":"Point","coordinates":[-70.32696,41.63394]},"properties":{"f":3005}},{"type":"Feature","geometry":{"type":"Point","coordinates":[-70.32688,41.63539]},"properties":{"f":3352}},{"type":"Feature","geometry":{"type":"Point","coordinates":[-70.32685,41.63574]},"properties":{"f":3183}},{"type":"Feature","geometry":{"type":"Point","coordinates":[-70.32764,41.63707]},"properties":{"f":2800}},{"type":"Feature","geometry":{"type":"Point","coordinates":[-70.32829,41.6401]},"properties":{"f":2462}},{"type":"Feature","geometry":{"type":"Point","coordinates":[-70.3266,41.63925]},"properties":{"f":2753}},{"type":"Feature","geometry":{"type":"Point","coordinates":[-70.32191,41.63963]},"properties":{"f":2511}},{"type":"Feature","geometry":{"type":"Point","coordinates":[-70.31954,41.64014]},"properties":{"f":3209}},{"type":"Feature","geometry":{"type":"Point","coordinates":[-70.32047,41.64107]},"properties":{"f":2562}},{"type":"Feature","geometry":{"type":"Point","coordinates":[-70.32061,41.64158]},"properties":{"f":2556}},{"type":"Feature","geometry":{"type":"Point","coordinates":[-70.3187,41.64131]},"properties":{"f":4676}},{"type":"Feature","geometry":{"type":"Point","coordinates":[-70.31854,41.64023]},"properties":{"f":2978}},{"type":"Feature","geometry":{"type":"Point","coordinates":[-70.31845,41.63986]},"properties":{"f":2637}},{"type":"Feature","geometry":{"type":"Point","coordinates":[-70.31839,41.63958]},"properties":{"f":3011}},{"type":"Feature","geometry":{"type":"Point","coordinates":[-70.31898,41.63644]},"properties":{"f":2656}},{"type":"Feature","geometry":{"type":"Point","coordinates":[-70.31901,41.63823]},"properties":{"f":2802}},{"type":"Feature","geometry":{"type":"Point","coordinates":[-70.32189,41.63873]},"properties":{"f":2770}},{"type":"Feature","geometry":{"type":"Point","coordinates":[-70.32337,41.63708]},"properties":{"f":2915}},{"type":"Feature","geometry":{"type":"Point","coordinates":[-70.32328,41.63645]},"properties":{"f":3468}},{"type":"Feature","geometry":{"type":"Point","coordinates":[-70.32429,41.63692]},"properties":{"f":4736}},{"type":"Feature","geometry":{"type":"Point","coordinates":[-70.32454,41.63788]},"properties":{"f":5128}},{"type":"Feature","geometry":{"type":"Point","coordinates":[-70.32511,41.63653]},"properties":{"f":3101}},{"type":"Feature","geometry":{"type":"Point","coordinates":[-70.32598,41.63826]},"properties":{"f":3289}},{"type":"Feature","geometry":{"type":"Point","coordinates":[-70.32658,41.6382]},"properties":{"f":3051}},{"type":"Feature","geometry":{"type":"Point","coordinates":[-70.32541,41.63844]},"properties":{"f":2532}},{"type":"Feature","geometry":{"type":"Point","coordinates":[-70.32609,41.63714]},"properties":{"f":3646}},{"type":"Feature","geometry":{"type":"Point","coordinates":[-70.32606,41.63632]},"properties":{"f":3013}},{"type":"Feature","geometry":{"type":"Point","coordinates":[-70.32605,41.63684]},"properties":{"f":3054}},{"type":"Feature","geometry":{"type":"Point","coordinates":[-70.32313,41.63802]},"properties":{"f":2605}},{"type":"Feature","geometry":{"type":"Point","coordinates":[-70.32319,41.63762]},"properties":{"f":4090}},{"type":"Feature","geometry":{"type":"Point","coordinates":[-70.32507,41.63696]},"properties":{"f":2683}},{"type":"Feature","geometry":{"type":"Point","coordinates":[-70.32504,41.63738]},"properties":{"f":3114}},{"type":"Feature","geometry":{"type":"Point","coordinates":[-70.32511,41.63777]},"properties":{"f":2955}},{"type":"Feature","geometry":{"type":"Point","coordinates":[-70.32407,41.6377]},"properties":{"f":4335}},{"type":"Feature","geometry":{"type":"Point","coordinates":[-70.32424,41.63733]},"properties":{"f":2757}},{"type":"Feature","geometry":{"type":"Point","coordinates":[-70.32586,41.63754]},"properties":{"f":3182}},{"type":"Feature","geometry":{"type":"Point","coordinates":[-70.32692,41.63717]},"properties":{"f":3068}},{"type":"Feature","geometry":{"type":"Point","coordinates":[-70.32681,41.63686]},"properties":{"f":2909}},{"type":"Feature","geometry":{"type":"Point","coordinates":[-70.32679,41.63642]},"properties":{"f":3401}},{"type":"Feature","geometry":{"type":"Point","coordinates":[-70.32858,41.63777]},"properties":{"f":3457}},{"type":"Feature","geometry":{"type":"Point","coordinates":[-70.32622,41.6392]},"properties":{"f":2585}},{"type":"Feature","geometry":{"type":"Point","coordinates":[-70.32616,41.63948]},"properties":{"f":2606}},{"type":"Feature","geometry":{"type":"Point","coordinates":[-70.3261,41.63971]},"properties":{"f":2855}},{"type":"Feature","geometry":{"type":"Point","coordinates":[-70.32587,41.64043]},"properties":{"f":2867}},{"type":"Feature","geometry":{"type":"Point","coordinates":[-70.32517,41.64076]},"properties":{"f":3839}},{"type":"Feature","geometry":{"type":"Point","coordinates":[-70.3253,41.64021]},"properties":{"f":4004}},{"type":"Feature","geometry":{"type":"Point","coordinates":[-70.32557,41.63959]},"properties":{"f":3183}},{"type":"Feature","geometry":{"type":"Point","coordinates":[-70.32094,41.64115]},"properties":{"f":3175}},{"type":"Feature","geometry":{"type":"Point","coordinates":[-70.32829,41.6429]},"properties":{"f":2650}},{"type":"Feature","geometry":{"type":"Point","coordinates":[-70.32376,41.6462]},"properties":{"f":3324}},{"type":"Feature","geometry":{"type":"Point","coordinates":[-70.32383,41.64354]},"properties":{"f":2563}},{"type":"Feature","geometry":{"type":"Point","coordinates":[-70.32451,41.64361]},"properties":{"f":2566}},{"type":"Feature","geometry":{"type":"Point","coordinates":[-70.31945,41.64286]},"properties":{"f":2927}},{"type":"Feature","geometry":{"type":"Point","coordinates":[-70.31904,41.6459]},"properties":{"f":2578}},{"type":"Feature","geometry":{"type":"Point","coordinates":[-70.32627,41.64316]},"properties":{"f":3295}},{"type":"Feature","geometry":{"type":"Point","coordinates":[-70.3188,41.6463]},"properties":{"f":2575}},{"type":"Feature","geometry":{"type":"Point","coordinates":[-70.31966,41.64168]},"properties":{"f":3096}},{"type":"Feature","geometry":{"type":"Point","coordinates":[-70.32733,41.64653]},"properties":{"f":4326}},{"type":"Feature","geometry":{"type":"Point","coordinates":[-70.32796,41.65104]},"properties":{"f":3144}},{"type":"Feature","geometry":{"type":"Point","coordinates":[-70.32849,41.65019]},"properties":{"f":2547}},{"type":"Feature","geometry":{"type":"Point","coordinates":[-70.32855,41.6511]},"properties":{"f":3507}},{"type":"Feature","geometry":{"type":"Point","coordinates":[-70.32857,41.65153]},"properties":{"f":3994}},{"type":"Feature","geometry":{"type":"Point","coordinates":[-70.32683,41.64788]},"properties":{"f":3127}},{"type":"Feature","geometry":{"type":"Point","coordinates":[-70.32392,41.65127]},"properties":{"f":3148}},{"type":"Feature","geometry":{"type":"Point","coordinates":[-70.32293,41.65111]},"properties":{"f":2990}},{"type":"Feature","geometry":{"type":"Point","coordinates":[-70.32416,41.65184]},"properties":{"f":2538}},{"type":"Feature","geometry":{"type":"Point","coordinates":[-70.32359,41.65185]},"properties":{"f":3162}},{"type":"Feature","geometry":{"type":"Point","coordinates":[-70.32248,41.65167]},"properties":{"f":2776}},{"type":"Feature","geometry":{"type":"Point","coordinates":[-70.3216,41.65237]},"properties":{"f":2744}},{"type":"Feature","geometry":{"type":"Point","coordinates":[-70.32104,41.65175]},"properties":{"f":2797}},{"type":"Feature","geometry":{"type":"Point","coordinates":[-70.32219,41.65112]},"properties":{"f":3204}},{"type":"Feature","geometry":{"type":"Point","coordinates":[-70.32106,41.65116]},"properties":{"f":2893}},{"type":"Feature","geometry":{"type":"Point","coordinates":[-70.32156,41.65075]},"properties":{"f":2591}},{"type":"Feature","geometry":{"type":"Point","coordinates":[-70.32234,41.65064]},"properties":{"f":2504}},{"type":"Feature","geometry":{"type":"Point","coordinates":[-70.32348,41.65021]},"properties":{"f":2564}},{"type":"Feature","geometry":{"type":"Point","coordinates":[-70.32091,41.65066]},"properties":{"f":2807}},{"type":"Feature","geometry":{"type":"Point","coordinates":[-70.32,41.64925]},"properties":{"f":2837}},{"type":"Feature","geometry":{"type":"Point","coordinates":[-70.3231,41.64834]},"properties":{"f":3493}},{"type":"Feature","geometry":{"type":"Point","coordinates":[-70.32264,41.65217]},"properties":{"f":2783}},{"type":"Feature","geometry":{"type":"Point","coordinates":[-70.32266,41.64984]},"properties":{"f":3442}},{"type":"Feature","geometry":{"type":"Point","coordinates":[-70.32275,41.65059]},"properties":{"f":2625}},{"type":"Feature","geometry":{"type":"Point","coordinates":[-70.3244,41.65009]},"properties":{"f":2505}},{"type":"Feature","geometry":{"type":"Point","coordinates":[-70.32606,41.64987]},"properties":{"f":3036}},{"type":"Feature","geometry":{"type":"Point","coordinates":[-70.32673,41.64987]},"properties":{"f":2499}},{"type":"Feature","geometry":{"type":"Point","coordinates":[-70.32473,41.64731]},"properties":{"f":2492}},{"type":"Feature","geometry":{"type":"Point","coordinates":[-70.32821,41.64843]},"properties":{"f":2651}},{"type":"Feature","geometry":{"type":"Point","coordinates":[-70.32851,41.65504]},"properties":{"f":3160}},{"type":"Feature","geometry":{"type":"Point","coordinates":[-70.32783,41.65587]},"properties":{"f":2533}},{"type":"Feature","geometry":{"type":"Point","coordinates":[-70.32501,41.65781]},"properties":{"f":2563}},{"type":"Feature","geometry":{"type":"Point","coordinates":[-70.32591,41.65717]},"properties":{"f":3284}},{"type":"Feature","geometry":{"type":"Point","coordinates":[-70.32583,41.65752]},"properties":{"f":3351}},{"type":"Feature","geometry":{"type":"Point","coordinates":[-70.31768,41.65403]},"properties":{"f":2501}},{"type":"Feature","geometry":{"type":"Point","coordinates":[-70.32837,41.6541]},"properties":{"f":2753}},{"type":"Feature","geometry":{"type":"Point","coordinates":[-70.32465,41.6571]},"properties":{"f":2497}},{"type":"Feature","geometry":{"type":"Point","coordinates":[-70.32784,41.65479]},"properties":{"f":3368}},{"type":"Feature","geometry":{"type":"Point","coordinates":[-70.32779,41.65437]},"properties":{"f":2492}},{"type":"Feature","geometry":{"type":"Point","coordinates":[-70.32832,41.66223]},"properties":{"f":2694}},{"type":"Feature","geometry":{"type":"Point","coordinates":[-70.32169,41.66027]},"properties":{"f":3640}},{"type":"Feature","geometry":{"type":"Point","coordinates":[-70.32092,41.66296]},"properties":{"f":2565}},{"type":"Feature","geometry":{"type":"Point","coordinates":[-70.31958,41.66306]},"properties":{"f":3239}},{"type":"Feature","geometry":{"type":"Point","coordinates":[-70.32652,41.66164]},"properties":{"f":2574}},{"type":"Feature","geometry":{"type":"Point","coordinates":[-70.3234,41.6626]},"properties":{"f":2566}},{"type":"Feature","geometry":{"type":"Point","coordinates":[-70.32765,41.66573]},"properties":{"f":5487}},{"type":"Feature","geometry":{"type":"Point","coordinates":[-70.32825,41.66508]},"properties":{"f":3052}},{"type":"Feature","geometry":{"type":"Point","coordinates":[-70.32722,41.66407]},"properties":{"f":3680}},{"type":"Feature","geometry":{"type":"Point","coordinates":[-70.32651,41.66755]},"properties":{"f":3392}},{"type":"Feature","geometry":{"type":"Point","coordinates":[-70.32518,41.66878]},"properties":{"f":3135}},{"type":"Feature","geometry":{"type":"Point","coordinates":[-70.32606,41.6669]},"properties":{"f":3195}},{"type":"Feature","geometry":{"type":"Point","coordinates":[-70.32651,41.66655]},"properties":{"f":2840}},{"type":"Feature","geometry":{"type":"Point","coordinates":[-70.32677,41.66589]},"properties":{"f":3183}},{"type":"Feature","geometry":{"type":"Point","coordinates":[-70.32587,41.66638]},"properties":{"f":2481}},{"type":"Feature","geometry":{"type":"Point","coordinates":[-70.32427,41.66793]},"properties":{"f":3220}},{"type":"Feature","geometry":{"type":"Point","coordinates":[-70.32396,41.66822]},"properties":{"f":4050}},{"type":"Feature","geometry":{"type":"Point","coordinates":[-70.32308,41.66829]},"properties":{"f":2979}},{"type":"Feature","geometry":{"type":"Point","coordinates":[-70.32355,41.66788]},"properties":{"f":2625}},{"type":"Feature","geometry":{"type":"Point","coordinates":[-70.32448,41.66643]},"properties":{"f":2606}},{"type":"Feature","geometry":{"type":"Point","coordinates":[-70.3236,41.66895]},"properties":{"f":2718}},{"type":"Feature","geometry":{"type":"Point","coordinates":[-70.32032,41.66729]},"properties":{"f":2656}},{"type":"Feature","geometry":{"type":"Point","coordinates":[-70.32104,41.66559]},"properties":{"f":2518}},{"type":"Feature","geometry":{"type":"Point","coordinates":[-70.3217,41.66544]},"properties":{"f":2758}},{"type":"Feature","geometry":{"type":"Point","coordinates":[-70.32118,41.66704]},"properties":{"f":2557}},{"type":"Feature","geometry":{"type":"Point","coordinates":[-70.32092,41.66908]},"properties":{"f":3376}},{"type":"Feature","geometry":{"type":"Point","coordinates":[-70.32362,41.66656]},"properties":{"f":3363}},{"type":"Feature","geometry":{"type":"Point","coordinates":[-70.32742,41.66451]},"properties":{"f":2646}},{"type":"Feature","geometry":{"type":"Point","coordinates":[-70.3266,41.66421]},"properties":{"f":2517}},{"type":"Feature","geometry":{"type":"Point","coordinates":[-70.32065,41.66395]},"properties":{"f":2458}},{"type":"Feature","geometry":{"type":"Point","coordinates":[-70.32022,41.66529]},"properties":{"f":2565}},{"type":"Feature","geometry":{"type":"Point","coordinates":[-70.31949,41.66804]},"properties":{"f":2510}},{"type":"Feature","geometry":{"type":"Point","coordinates":[-70.31891,41.668]},"properties":{"f":2607}},{"type":"Feature","geometry":{"type":"Point","coordinates":[-70.31858,41.66765]},"properties":{"f":2565}},{"type":"Feature","geometry":{"type":"Point","coordinates":[-70.32838,41.66379]},"properties":{"f":3949}},{"type":"Feature","geometry":{"type":"Point","coordinates":[-70.32404,41.67014]},"properties":{"f":2487}},{"type":"Feature","geometry":{"type":"Point","coordinates":[-70.32644,41.67214]},"properties":{"f":2937}},{"type":"Feature","geometry":{"type":"Point","coordinates":[-70.32259,41.67195]},"properties":{"f":3076}},{"type":"Feature","geometry":{"type":"Point","coordinates":[-70.32217,41.67338]},"properties":{"f":2777}},{"type":"Feature","geometry":{"type":"Point","coordinates":[-70.321,41.67334]},"properties":{"f":3024}},{"type":"Feature","geometry":{"type":"Point","coordinates":[-70.32125,41.67323]},"properties":{"f":3000}},{"type":"Feature","geometry":{"type":"Point","coordinates":[-70.31898,41.67152]},"properties":{"f":2543}},{"type":"Feature","geometry":{"type":"Point","coordinates":[-70.3193,41.67162]},"properties":{"f":2568}},{"type":"Feature","geometry":{"type":"Point","coordinates":[-70.31912,41.67342]},"properties":{"f":2473}},{"type":"Feature","geometry":{"type":"Point","coordinates":[-70.32005,41.67442]},"properties":{"f":3091}},{"type":"Feature","geometry":{"type":"Point","coordinates":[-70.31963,41.67437]},"properties":{"f":2824}},{"type":"Feature","geometry":{"type":"Point","coordinates":[-70.31821,41.67303]},"properties":{"f":2953}},{"type":"Feature","geometry":{"type":"Point","coordinates":[-70.31881,41.67292]},"properties":{"f":2656}},{"type":"Feature","geometry":{"type":"Point","coordinates":[-70.31834,41.67188]},"properties":{"f":2500}},{"type":"Feature","geometry":{"type":"Point","coordinates":[-70.31774,41.67222]},"properties":{"f":2826}},{"type":"Feature","geometry":{"type":"Point","coordinates":[-70.32064,41.67258]},"properties":{"f":2538}},{"type":"Feature","geometry":{"type":"Point","coordinates":[-70.32751,41.6719]},"properties":{"f":3072}},{"type":"Feature","geometry":{"type":"Point","coordinates":[-70.32605,41.67213]},"properties":{"f":3228}},{"type":"Feature","geometry":{"type":"Point","coordinates":[-70.32465,41.67273]},"properties":{"f":3213}},{"type":"Feature","geometry":{"type":"Point","coordinates":[-70.32809,41.67258]},"properties":{"f":2675}},{"type":"Feature","geometry":{"type":"Point","coordinates":[-70.32602,41.67311]},"properties":{"f":2563}},{"type":"Feature","geometry":{"type":"Point","coordinates":[-70.32562,41.67313]},"properties":{"f":2599}},{"type":"Feature","geometry":{"type":"Point","coordinates":[-70.32793,41.67375]},"properties":{"f":2840}},{"type":"Feature","geometry":{"type":"Point","coordinates":[-70.32742,41.67412]},"properties":{"f":2790}},{"type":"Feature","geometry":{"type":"Point","coordinates":[-70.32739,41.67484]},"properties":{"f":2561}},{"type":"Feature","geometry":{"type":"Point","coordinates":[-70.32662,41.67473]},"properties":{"f":2488}},{"type":"Feature","geometry":{"type":"Point","coordinates":[-70.32617,41.67477]},"properties":{"f":2715}},{"type":"Feature","geometry":{"type":"Point","coordinates":[-70.32356,41.66987]},"properties":{"f":3236}},{"type":"Feature","geometry":{"type":"Point","coordinates":[-70.31754,41.67291]},"properties":{"f":2805}},{"type":"Feature","geometry":{"type":"Point","coordinates":[-70.31711,41.6729]},"properties":{"f":2548}},{"type":"Feature","geometry":{"type":"Point","coordinates":[-70.32792,41.67559]},"properties":{"f":3790}},{"type":"Feature","geometry":{"type":"Point","coordinates":[-70.31788,41.67522]},"properties":{"f":2630}},{"type":"Feature","geometry":{"type":"Point","coordinates":[-70.31821,41.67587]},"properties":{"f":3690}},{"type":"Feature","geometry":{"type":"Point","coordinates":[-70.32623,41.67983]},"properties":{"f":3030}},{"type":"Feature","geometry":{"type":"Point","coordinates":[-70.32699,41.67955]},"properties":{"f":3209}},{"type":"Feature","geometry":{"type":"Point","coordinates":[-70.32596,41.67915]},"properties":{"f":3424}},{"type":"Feature","geometry":{"type":"Point","coordinates":[-70.32511,41.6792]},"properties":{"f":3150}},{"type":"Feature","geometry":{"type":"Point","coordinates":[-70.32765,41.67991]},"properties":{"f":3028}},{"type":"Feature","geometry":{"type":"Point","coordinates":[-70.32629,41.68037]},"properties":{"f":2687}},{"type":"Feature","geometry":{"type":"Point","coordinates":[-70.32685,41.68081]},"properties":{"f":2581}},{"type":"Feature","geometry":{"type":"Point","coordinates":[-70.32795,41.68064]},"properties":{"f":2570}},{"type":"Feature","geometry":{"type":"Point","coordinates":[-70.32493,41.70117]},"properties":{"f":2619}},{"type":"Feature","geometry":{"type":"Point","coordinates":[-70.32349,41.70111]},"properties":{"f":3065}},{"type":"Feature","geometry":{"type":"Point","coordinates":[-70.32355,41.70006]},"properties":{"f":4284}},{"type":"Feature","geometry":{"type":"Point","coordinates":[-70.32303,41.70049]},"properties":{"f":3857}},{"type":"Feature","geometry":{"type":"Point","coordinates":[-70.32285,41.69904]},"properties":{"f":3610}},{"type":"Feature","geometry":{"type":"Point","coordinates":[-70.32241,41.69948]},"properties":{"f":3836}},{"type":"Feature","geometry":{"type":"Point","coordinates":[-70.3268,41.70385]},"properties":{"f":5027}},{"type":"Feature","geometry":{"type":"Point","coordinates":[-70.32515,41.7023]},"properties":{"f":3746}},{"type":"Feature","geometry":{"type":"Point","coordinates":[-70.32203,41.70325]},"properties":{"f":2856}},{"type":"Feature","geometry":{"type":"Point","coordinates":[-70.32189,41.70494]},"properties":{"f":5121}},{"type":"Feature","geometry":{"type":"Point","coordinates":[-70.32162,41.70547]},"properties":{"f":3153}},{"type":"Feature","geometry":{"type":"Point","coordinates":[-70.32172,41.70615]},"properties":{"f":3184}},{"type":"Feature","geometry":{"type":"Point","coordinates":[-70.32194,41.70676]},"properties":{"f":4336}},{"type":"Feature","geometry":{"type":"Point","coordinates":[-70.32284,41.70619]},"properties":{"f":4476}},{"type":"Feature","geometry":{"type":"Point","coordinates":[-70.32377,41.70695]},"properties":{"f":2851}},{"type":"Feature","geometry":{"type":"Point","coordinates":[-70.32615,41.70456]},"properties":{"f":3105}},{"type":"Feature","geometry":{"type":"Point","coordinates":[-70.32034,41.70734]},"properties":{"f":3786}},{"type":"Feature","geometry":{"type":"Point","coordinates":[-70.32079,41.70673]},"properties":{"f":2953}},{"type":"Feature","geometry":{"type":"Point","coordinates":[-70.32051,41.70515]},"properties":{"f":2983}},{"type":"Feature","geometry":{"type":"Point","coordinates":[-70.32042,41.70461]},"properties":{"f":2871}},{"type":"Feature","geometry":{"type":"Point","coordinates":[-70.31951,41.70697]},"properties":{"f":4017}},{"type":"Feature","geometry":{"type":"Point","coordinates":[-70.31714,41.70492]},"properties":{"f":3241}},{"type":"Feature","geometry":{"type":"Point","coordinates":[-70.31798,41.70322]},"properties":{"f":2520}},{"type":"Feature","geometry":{"type":"Point","coordinates":[-70.32075,41.70375]},"properties":{"f":3755}},{"type":"Feature","geometry":{"type":"Point","coordinates":[-70.32123,41.70272]},"properties":{"f":2560}},{"type":"Feature","geometry":{"type":"Point","coordinates":[-70.31763,41.70476]},"properties":{"f":2578}},{"type":"Feature","geometry":{"type":"Point","coordinates":[-70.31804,41.70563]},"properties":{"f":2605}},{"type":"Feature","geometry":{"type":"Point","coordinates":[-70.31772,41.70675]},"properties":{"f":3831}},{"type":"Feature","geometry":{"type":"Point","coordinates":[-70.32626,41.70853]},"properties":{"f":2816}},{"type":"Feature","geometry":{"type":"Point","coordinates":[-70.32466,41.70776]},"properties":{"f":3298}},{"type":"Feature","geometry":{"type":"Point","coordinates":[-70.32722,41.70893]},"properties":{"f":3810}},{"type":"Feature","geometry":{"type":"Point","coordinates":[-70.32527,41.70917]},"properties":{"f":3455}},{"type":"Feature","geometry":{"type":"Point","coordinates":[-70.3233,41.7085]},"properties":{"f":4653}},{"type":"Feature","geometry":{"type":"Point","coordinates":[-70.32379,41.70982]},"properties":{"f":3104}},{"type":"Feature","geometry":{"type":"Point","coordinates":[-70.32321,41.70936]},"properties":{"f":5080}},{"type":"Feature","geometry":{"type":"Point","coordinates":[-70.32095,41.70879]},"properties":{"f":2625}},{"type":"Feature","geometry":{"type":"Point","coordinates":[-70.31755,41.70772]},"properties":{"f":4155}},{"type":"Feature","geometry":{"type":"Point","coordinates":[-70.31874,41.70817]},"properties":{"f":4766}},{"type":"Feature","geometry":{"type":"Point","coordinates":[-70.32382,41.70767]},"properties":{"f":2657}},{"type":"Feature","geometry":{"type":"Point","coordinates":[-70.31276,41.6281]},"properties":{"f":2535}},{"type":"Feature","geometry":{"type":"Point","coordinates":[-70.31428,41.62846]},"properties":{"f":2538}},{"type":"Feature","geometry":{"type":"Point","coordinates":[-70.30733,41.63032]},"properties":{"f":3420}},{"type":"Feature","geometry":{"type":"Point","coordinates":[-70.31501,41.62649]},"properties":{"f":3820}},{"type":"Feature","geometry":{"type":"Point","coordinates":[-70.31556,41.62612]},"properties":{"f":4162}},{"type":"Feature","geometry":{"type":"Point","coordinates":[-70.31657,41.62572]},"properties":{"f":4655}},{"type":"Feature","geometry":{"type":"Point","coordinates":[-70.31469,41.62826]},"properties":{"f":2799}},{"type":"Feature","geometry":{"type":"Point","coordinates":[-70.3145,41.62794]},"properties":{"f":2514}},{"type":"Feature","geometry":{"type":"Point","coordinates":[-70.31411,41.6269]},"properties":{"f":3503}},{"type":"Feature","geometry":{"type":"Point","coordinates":[-70.31454,41.62675]},"properties":{"f":2505}},{"type":"Feature","geometry":{"type":"Point","coordinates":[-70.31343,41.62712]},"properties":{"f":3582}},{"type":"Feature","geometry":{"type":"Point","coordinates":[-70.3137,41.62696]},"properties":{"f":3312}},{"type":"Feature","geometry":{"type":"Point","coordinates":[-70.31423,41.62759]},"properties":{"f":3516}},{"type":"Feature","geometry":{"type":"Point","coordinates":[-70.31463,41.62759]},"properties":{"f":3471}},{"type":"Feature","geometry":{"type":"Point","coordinates":[-70.31654,41.63456]},"properties":{"f":2640}},{"type":"Feature","geometry":{"type":"Point","coordinates":[-70.31602,41.63505]},"properties":{"f":3208}},{"type":"Feature","geometry":{"type":"Point","coordinates":[-70.31708,41.63605]},"properties":{"f":3650}},{"type":"Feature","geometry":{"type":"Point","coordinates":[-70.31643,41.63565]},"properties":{"f":2795}},{"type":"Feature","geometry":{"type":"Point","coordinates":[-70.31687,41.63671]},"properties":{"f":4332}},{"type":"Feature","geometry":{"type":"Point","coordinates":[-70.31747,41.63899]},"properties":{"f":2489}},{"type":"Feature","geometry":{"type":"Point","coordinates":[-70.31647,41.63875]},"properties":{"f":3482}},{"type":"Feature","geometry":{"type":"Point","coordinates":[-70.31672,41.63835]},"properties":{"f":2569}},{"type":"Feature","geometry":{"type":"Point","coordinates":[-70.31639,41.63696]},"properties":{"f":3999}},{"type":"Feature","geometry":{"type":"Point","coordinates":[-70.3162,41.63614]},"properties":{"f":3012}},{"type":"Feature","geometry":{"type":"Point","coordinates":[-70.31195,41.64022]},"properties":{"f":2967}},{"type":"Feature","geometry":{"type":"Point","coordinates":[-70.31324,41.6407]},"properties":{"f":2936}},{"type":"Feature","geometry":{"type":"Point","coordinates":[-70.30893,41.63793]},"properties":{"f":2945}},{"type":"Feature","geometry":{"type":"Point","coordinates":[-70.3075,41.63715]},"properties":{"f":2464}},{"type":"Feature","geometry":{"type":"Point","coordinates":[-70.31756,41.64285]},"properties":{"f":2607}},{"type":"Feature","geometry":{"type":"Point","coordinates":[-70.3171,41.64634]},"properties":{"f":3502}},{"type":"Feature","geometry":{"type":"Point","coordinates":[-70.31556,41.64438]},"properties":{"f":2534}},{"type":"Feature","geometry":{"type":"Point","coordinates":[-70.31453,41.64213]},"properties":{"f":3313}},{"type":"Feature","geometry":{"type":"Point","coordinates":[-70.30788,41.64551]},"properties":{"f":2479}},{"type":"Feature","geometry":{"type":"Point","coordinates":[-70.3076,41.64563]},"properties":{"f":2564}},{"type":"Feature","geometry":{"type":"Point","coordinates":[-70.31264,41.64307]},"properties":{"f":2620}},{"type":"Feature","geometry":{"type":"Point","coordinates":[-70.30799,41.65006]},"properties":{"f":2541}},{"type":"Feature","geometry":{"type":"Point","coordinates":[-70.30761,41.65085]},"properties":{"f":2564}},{"type":"Feature","geometry":{"type":"Point","coordinates":[-70.31137,41.64775]},"properties":{"f":2583}},{"type":"Feature","geometry":{"type":"Point","coordinates":[-70.31545,41.64797]},"properties":{"f":2592}},{"type":"Feature","geometry":{"type":"Point","coordinates":[-70.31383,41.64718]},"properties":{"f":2821}},{"type":"Feature","geometry":{"type":"Point","coordinates":[-70.3144,41.64715]},"properties":{"f":2668}},{"type":"Feature","geometry":{"type":"Point","coordinates":[-70.31697,41.65544]},"properties":{"f":3564}},{"type":"Feature","geometry":{"type":"Point","coordinates":[-70.31426,41.6559]},"properties":{"f":2508}},{"type":"Feature","geometry":{"type":"Point","coordinates":[-70.31152,41.65599]},"properties":{"f":3280}},{"type":"Feature","geometry":{"type":"Point","coordinates":[-70.30697,41.65636]},"properties":{"f":2828}},{"type":"Feature","geometry":{"type":"Point","coordinates":[-70.31523,41.663]},"properties":{"f":2685}},{"type":"Feature","geometry":{"type":"Point","coordinates":[-70.3141,41.66139]},"properties":{"f":2850}},{"type":"Feature","geometry":{"type":"Point","coordinates":[-70.31411,41.65984]},"properties":{"f":2456}},{"type":"Feature","geometry":{"type":"Point","coordinates":[-70.31037,41.65877]},"properties":{"f":2649}},{"type":"Feature","geometry":{"type":"Point","coordinates":[-70.3144,41.66699]},"properties":{"f":2458}},{"type":"Feature","geometry":{"type":"Point","coordinates":[-70.3149,41.66843]},"properties":{"f":2491}},{"type":"Feature","geometry":{"type":"Point","coordinates":[-70.31481,41.66508]},"properties":{"f":3040}},{"type":"Feature","geometry":{"type":"Point","coordinates":[-70.31587,41.66512]},"properties":{"f":2859}},{"type":"Feature","geometry":{"type":"Point","coordinates":[-70.3119,41.66362]},"properties":{"f":3258}},{"type":"Feature","geometry":{"type":"Point","coordinates":[-70.30884,41.66562]},"properties":{"f":2549}},{"type":"Feature","geometry":{"type":"Point","coordinates":[-70.31251,41.66792]},"properties":{"f":2547}},{"type":"Feature","geometry":{"type":"Point","coordinates":[-70.31263,41.66768]},"properties":{"f":2706}},{"type":"Feature","geometry":{"type":"Point","coordinates":[-70.31142,41.66689]},"properties":{"f":2519}},{"type":"Feature","geometry":{"type":"Point","coordinates":[-70.31242,41.66891]},"properties":{"f":2508}},{"type":"Feature","geometry":{"type":"Point","coordinates":[-70.31302,41.66882]},"properties":{"f":2584}},{"type":"Feature","geometry":{"type":"Point","coordinates":[-70.313,41.66855]},"properties":{"f":2571}},{"type":"Feature","geometry":{"type":"Point","coordinates":[-70.31616,41.6662]},"properties":{"f":3905}},{"type":"Feature","geometry":{"type":"Point","coordinates":[-70.31375,41.67111]},"properties":{"f":2646}},{"type":"Feature","geometry":{"type":"Point","coordinates":[-70.31338,41.6711]},"properties":{"f":2530}},{"type":"Feature","geometry":{"type":"Point","coordinates":[-70.31325,41.67064]},"properties":{"f":2610}},{"type":"Feature","geometry":{"type":"Point","coordinates":[-70.31389,41.66929]},"properties":{"f":2522}},{"type":"Feature","geometry":{"type":"Point","coordinates":[-70.31376,41.67171]},"properties":{"f":2800}},{"type":"Feature","geometry":{"type":"Point","coordinates":[-70.31291,41.67183]},"properties":{"f":2818}},{"type":"Feature","geometry":{"type":"Point","coordinates":[-70.31288,41.67221]},"properties":{"f":2545}},{"type":"Feature","geometry":{"type":"Point","coordinates":[-70.31239,41.67253]},"properties":{"f":2520}},{"type":"Feature","geometry":{"type":"Point","coordinates":[-70.3125,41.67312]},"properties":{"f":2763}},{"type":"Feature","geometry":{"type":"Point","coordinates":[-70.31131,41.67198]},"properties":{"f":2544}},{"type":"Feature","geometry":{"type":"Point","coordinates":[-70.31241,41.67206]},"properties":{"f":2596}},{"type":"Feature","geometry":{"type":"Point","coordinates":[-70.31023,41.67241]},"properties":{"f":2728}},{"type":"Feature","geometry":{"type":"Point","coordinates":[-70.31028,41.67197]},"properties":{"f":3171}},{"type":"Feature","geometry":{"type":"Point","coordinates":[-70.31077,41.67036]},"properties":{"f":2819}},{"type":"Feature","geometry":{"type":"Point","coordinates":[-70.31109,41.66963]},"properties":{"f":2547}},{"type":"Feature","geometry":{"type":"Point","coordinates":[-70.3112,41.66936]},"properties":{"f":2645}},{"type":"Feature","geometry":{"type":"Point","coordinates":[-70.30761,41.66937]},"properties":{"f":3003}},{"type":"Feature","geometry":{"type":"Point","coordinates":[-70.30856,41.66925]},"properties":{"f":3318}},{"type":"Feature","geometry":{"type":"Point","coordinates":[-70.3124,41.67151]},"properties":{"f":3599}},{"type":"Feature","geometry":{"type":"Point","coordinates":[-70.3111,41.67116]},"properties":{"f":2537}},{"type":"Feature","geometry":{"type":"Point","coordinates":[-70.31147,41.67031]},"properties":{"f":3119}},{"type":"Feature","geometry":{"type":"Point","coordinates":[-70.31142,41.67012]},"properties":{"f":2515}},{"type":"Feature","geometry":{"type":"Point","coordinates":[-70.31181,41.66917]},"properties":{"f":2467}},{"type":"Feature","geometry":{"type":"Point","coordinates":[-70.31625,41.6747]},"properties":{"f":2728}},{"type":"Feature","geometry":{"type":"Point","coordinates":[-70.3062,41.69035]},"properties":{"f":2457}},{"type":"Feature","geometry":{"type":"Point","coordinates":[-70.30577,41.69647]},"properties":{"f":2975}},{"type":"Feature","geometry":{"type":"Point","coordinates":[-70.31173,41.69484]},"properties":{"f":2855}},{"type":"Feature","geometry":{"type":"Point","coordinates":[-70.31134,41.69437]},"properties":{"f":3461}},{"type":"Feature","geometry":{"type":"Point","coordinates":[-70.31233,41.69585]},"properties":{"f":2633}},{"type":"Feature","geometry":{"type":"Point","coordinates":[-70.31377,41.69638]},"properties":{"f":4388}},{"type":"Feature","geometry":{"type":"Point","coordinates":[-70.31582,41.69663]},"properties":{"f":4152}},{"type":"Feature","geometry":{"type":"Point","coordinates":[-70.31592,41.69587]},"properties":{"f":4267}},{"type":"Feature","geometry":{"type":"Point","coordinates":[-70.31278,41.69449]},"properties":{"f":3426}},{"type":"Feature","geometry":{"type":"Point","coordinates":[-70.3122,41.6934]},"properties":{"f":3223}},{"type":"Feature","geometry":{"type":"Point","coordinates":[-70.31183,41.69272]},"properties":{"f":3147}},{"type":"Feature","geometry":{"type":"Point","coordinates":[-70.31307,41.69512]},"properties":{"f":2897}},{"type":"Feature","geometry":{"type":"Point","coordinates":[-70.31406,41.69496]},"properties":{"f":3491}},{"type":"Feature","geometry":{"type":"Point","coordinates":[-70.30667,41.6954]},"properties":{"f":2471}},{"type":"Feature","geometry":{"type":"Point","coordinates":[-70.31423,41.69906]},"properties":{"f":2760}},{"type":"Feature","geometry":{"type":"Point","coordinates":[-70.31331,41.69906]},"properties":{"f":5584}},{"type":"Feature","geometry":{"type":"Point","coordinates":[-70.3124,41.69913]},"properties":{"f":3387}},{"type":"Feature","geometry":{"type":"Point","coordinates":[-70.30692,41.69986]},"properties":{"f":2794}},{"type":"Feature","geometry":{"type":"Point","coordinates":[-70.30715,41.7017]},"properties":{"f":2654}},{"type":"Feature","geometry":{"type":"Point","coordinates":[-70.30736,41.70137]},"properties":{"f":3013}},{"type":"Feature","geometry":{"type":"Point","coordinates":[-70.31174,41.70089]},"properties":{"f":2657}},{"type":"Feature","geometry":{"type":"Point","coordinates":[-70.31025,41.70074]},"properties":{"f":4116}},{"type":"Feature","geometry":{"type":"Point","coordinates":[-70.30905,41.70032]},"properties":{"f":4296}},{"type":"Feature","geometry":{"type":"Point","coordinates":[-70.31428,41.70166]},"properties":{"f":4022}},{"type":"Feature","geometry":{"type":"Point","coordinates":[-70.31494,41.70157]},"properties":{"f":3264}},{"type":"Feature","geometry":{"type":"Point","coordinates":[-70.30946,41.69959]},"properties":{"f":2837}},{"type":"Feature","geometry":{"type":"Point","coordinates":[-70.31005,41.69965]},"properties":{"f":3417}},{"type":"Feature","geometry":{"type":"Point","coordinates":[-70.31056,41.69987]},"properties":{"f":2884}},{"type":"Feature","geometry":{"type":"Point","coordinates":[-70.31126,41.69997]},"properties":{"f":2471}},{"type":"Feature","geometry":{"type":"Point","coordinates":[-70.31057,41.699]},"properties":{"f":2493}},{"type":"Feature","geometry":{"type":"Point","coordinates":[-70.30995,41.69886]},"properties":{"f":2650}},{"type":"Feature","geometry":{"type":"Point","coordinates":[-70.30628,41.69769]},"properties":{"f":2604}},{"type":"Feature","geometry":{"type":"Point","coordinates":[-70.30646,41.69718]},"properties":{"f":2956}},{"type":"Feature","geometry":{"type":"Point","coordinates":[-70.30698,41.6962]},"properties":{"f":4637}},{"type":"Feature","geometry":{"type":"Point","coordinates":[-70.30764,41.69869]},"properties":{"f":3765}},{"type":"Feature","geometry":{"type":"Point","coordinates":[-70.3122,41.69643]},"properties":{"f":4748}},{"type":"Feature","geometry":{"type":"Point","coordinates":[-70.31193,41.69692]},"properties":{"f":4250}},{"type":"Feature","geometry":{"type":"Point","coordinates":[-70.31161,41.69748]},"properties":{"f":3793}},{"type":"Feature","geometry":{"type":"Point","coordinates":[-70.3113,41.6979]},"properties":{"f":5019}},{"type":"Feature","geometry":{"type":"Point","coordinates":[-70.31305,41.69793]},"properties":{"f":3449}},{"type":"Feature","geometry":{"type":"Point","coordinates":[-70.31448,41.69715]},"properties":{"f":2893}},{"type":"Feature","geometry":{"type":"Point","coordinates":[-70.31326,41.69725]},"properties":{"f":3434}},{"type":"Feature","geometry":{"type":"Point","coordinates":[-70.31196,41.70182]},"properties":{"f":2458}},{"type":"Feature","geometry":{"type":"Point","coordinates":[-70.31074,41.70134]},"properties":{"f":2664}},{"type":"Feature","geometry":{"type":"Point","coordinates":[-70.31082,41.70178]},"properties":{"f":2843}},{"type":"Feature","geometry":{"type":"Point","coordinates":[-70.31671,41.70539]},"properties":{"f":2528}},{"type":"Feature","geometry":{"type":"Point","coordinates":[-70.31429,41.70528]},"properties":{"f":2560}},{"type":"Feature","geometry":{"type":"Point","coordinates":[-70.31439,41.70449]},"properties":{"f":2666}},{"type":"Feature","geometry":{"type":"Point","coordinates":[-70.3115,41.70711]},"properties":{"f":3661}},{"type":"Feature","geometry":{"type":"Point","coordinates":[-70.30855,41.70483]},"properties":{"f":3548}},{"type":"Feature","geometry":{"type":"Point","coordinates":[-70.30779,41.70521]},"properties":{"f":2582}},{"type":"Feature","geometry":{"type":"Point","coordinates":[-70.30839,41.70709]},"properties":{"f":3108}},{"type":"Feature","geometry":{"type":"Point","coordinates":[-70.30641,41.70638]},"properties":{"f":3277}},{"type":"Feature","geometry":{"type":"Point","coordinates":[-70.30595,41.70569]},"properties":{"f":4430}},{"type":"Feature","geometry":{"type":"Point","coordinates":[-70.30624,41.70466]},"properties":{"f":3538}},{"type":"Feature","geometry":{"type":"Point","coordinates":[-70.30537,41.70534]},"properties":{"f":5875}},{"type":"Feature","geometry":{"type":"Point","coordinates":[-70.30686,41.70499]},"properties":{"f":2766}},{"type":"Feature","geometry":{"type":"Point","coordinates":[-70.30737,41.70482]},"properties":{"f":2578}},{"type":"Feature","geometry":{"type":"Point","coordinates":[-70.30749,41.7037]},"properties":{"f":2501}},{"type":"Feature","geometry":{"type":"Point","coordinates":[-70.30782,41.70212]},"properties":{"f":2827}},{"type":"Feature","geometry":{"type":"Point","coordinates":[-70.30689,41.70211]},"properties":{"f":2737}},{"type":"Feature","geometry":{"type":"Point","coordinates":[-70.31076,41.70383]},"properties":{"f":3288}},{"type":"Feature","geometry":{"type":"Point","coordinates":[-70.31151,41.7037]},"properties":{"f":2767}},{"type":"Feature","geometry":{"type":"Point","coordinates":[-70.3124,41.70355]},"properties":{"f":2761}},{"type":"Feature","geometry":{"type":"Point","coordinates":[-70.31026,41.70298]},"properties":{"f":5880}},{"type":"Feature","geometry":{"type":"Point","coordinates":[-70.31102,41.70323]},"properties":{"f":2620}},{"type":"Feature","geometry":{"type":"Point","coordinates":[-70.31618,41.70381]},"properties":{"f":3446}},{"type":"Feature","geometry":{"type":"Point","coordinates":[-70.31329,41.70563]},"properties":{"f":3076}},{"type":"Feature","geometry":{"type":"Point","coordinates":[-70.31514,41.70562]},"properties":{"f":3040}},{"type":"Feature","geometry":{"type":"Point","coordinates":[-70.31521,41.70631]},"properties":{"f":3501}},{"type":"Feature","geometry":{"type":"Point","coordinates":[-70.31481,41.70362]},"properties":{"f":2999}},{"type":"Feature","geometry":{"type":"Point","coordinates":[-70.31696,41.70664]},"properties":{"f":3112}},{"type":"Feature","geometry":{"type":"Point","coordinates":[-70.31597,41.70693]},"properties":{"f":4882}},{"type":"Feature","geometry":{"type":"Point","coordinates":[-70.31696,41.70715]},"properties":{"f":3546}},{"type":"Feature","geometry":{"type":"Point","coordinates":[-70.31441,41.70596]},"properties":{"f":3390}},{"type":"Feature","geometry":{"type":"Point","coordinates":[-70.31287,41.70247]},"properties":{"f":4211}},{"type":"Feature","geometry":{"type":"Point","coordinates":[-70.30686,41.70754]},"properties":{"f":3538}},{"type":"Feature","geometry":{"type":"Point","coordinates":[-70.30732,41.70756]},"properties":{"f":2873}},{"type":"Feature","geometry":{"type":"Point","coordinates":[-70.30869,41.70759]},"properties":{"f":3219}},{"type":"Feature","geometry":{"type":"Point","coordinates":[-70.30856,41.70828]},"properties":{"f":4431}},{"type":"Feature","geometry":{"type":"Point","coordinates":[-70.30852,41.70989]},"properties":{"f":3915}},{"type":"Feature","geometry":{"type":"Point","coordinates":[-70.30694,41.7097]},"properties":{"f":4683}},{"type":"Feature","geometry":{"type":"Point","coordinates":[-70.30631,41.71017]},"properties":{"f":3689}},{"type":"Feature","geometry":{"type":"Point","coordinates":[-70.30572,41.70981]},"properties":{"f":3072}},{"type":"Feature","geometry":{"type":"Point","coordinates":[-70.3074,41.70904]},"properties":{"f":3019}},{"type":"Feature","geometry":{"type":"Point","coordinates":[-70.30748,41.70829]},"properties":{"f":3134}},{"type":"Feature","geometry":{"type":"Point","coordinates":[-70.30586,41.7091]},"properties":{"f":2807}},{"type":"Feature","geometry":{"type":"Point","coordinates":[-70.30579,41.70883]},"properties":{"f":2670}},{"type":"Feature","geometry":{"type":"Point","coordinates":[-70.30571,41.70855]},"properties":{"f":4599}},{"type":"Feature","geometry":{"type":"Point","coordinates":[-70.30576,41.70816]},"properties":{"f":3168}},{"type":"Feature","geometry":{"type":"Point","coordinates":[-70.30863,41.70906]},"properties":{"f":5391}},{"type":"Feature","geometry":{"type":"Point","coordinates":[-70.31695,41.7079]},"properties":{"f":3481}},{"type":"Feature","geometry":{"type":"Point","coordinates":[-70.31594,41.70801]},"properties":{"f":4583}},{"type":"Feature","geometry":{"type":"Point","coordinates":[-70.31582,41.70872]},"properties":{"f":2977}},{"type":"Feature","geometry":{"type":"Point","coordinates":[-70.30714,41.6293]},"properties":{"f":3159}},{"type":"Feature","geometry":{"type":"Point","coordinates":[-70.30658,41.62939]},"properties":{"f":2470}},{"type":"Feature","geometry":{"type":"Point","coordinates":[-70.30657,41.63008]},"properties":{"f":2647}},{"type":"Feature","geometry":{"type":"Point","coordinates":[-70.30474,41.62977]},"properties":{"f":3208}},{"type":"Feature","geometry":{"type":"Point","coordinates":[-70.30456,41.62956]},"properties":{"f":2792}},{"type":"Feature","geometry":{"type":"Point","coordinates":[-70.30425,41.62962]},"properties":{"f":3494}},{"type":"Feature","geometry":{"type":"Point","coordinates":[-70.30424,41.62992]},"properties":{"f":3005}},{"type":"Feature","geometry":{"type":"Point","coordinates":[-70.30516,41.63045]},"properties":{"f":3920}},{"type":"Feature","geometry":{"type":"Point","coordinates":[-70.30593,41.63008]},"properties":{"f":3478}},{"type":"Feature","geometry":{"type":"Point","coordinates":[-70.3045,41.63061]},"properties":{"f":2812}},{"type":"Feature","geometry":{"type":"Point","coordinates":[-70.30383,41.6302]},"properties":{"f":2515}},{"type":"Feature","geometry":{"type":"Point","coordinates":[-70.30345,41.63017]},"properties":{"f":4080}},{"type":"Feature","geometry":{"type":"Point","coordinates":[-70.30257,41.63007]},"properties":{"f":3053}},{"type":"Feature","geometry":{"type":"Point","coordinates":[-70.30558,41.63045]},"properties":{"f":2782}},{"type":"Feature","geometry":{"type":"Point","coordinates":[-70.30658,41.6309]},"properties":{"f":2499}},{"type":"Feature","geometry":{"type":"Point","coordinates":[-70.30621,41.63105]},"properties":{"f":2866}},{"type":"Feature","geometry":{"type":"Point","coordinates":[-70.30596,41.6309]},"properties":{"f":3158}},{"type":"Feature","geometry":{"type":"Point","coordinates":[-70.30576,41.63139]},"properties":{"f":2729}},{"type":"Feature","geometry":{"type":"Point","coordinates":[-70.30631,41.63179]},"properties":{"f":4659}},{"type":"Feature","geometry":{"type":"Point","coordinates":[-70.30697,41.63306]},"properties":{"f":3322}},{"type":"Feature","geometry":{"type":"Point","coordinates":[-70.30691,41.6335]},"properties":{"f":3362}},{"type":"Feature","geometry":{"type":"Point","coordinates":[-70.30461,41.6348]},"properties":{"f":2588}},{"type":"Feature","geometry":{"type":"Point","coordinates":[-70.30576,41.6346]},"properties":{"f":2583}},{"type":"Feature","geometry":{"type":"Point","coordinates":[-70.30304,41.63434]},"properties":{"f":2597}},{"type":"Feature","geometry":{"type":"Point","coordinates":[-70.30309,41.63411]},"properties":{"f":2736}},{"type":"Feature","geometry":{"type":"Point","coordinates":[-70.30385,41.63477]},"properties":{"f":4053}},{"type":"Feature","geometry":{"type":"Point","coordinates":[-70.30421,41.63433]},"properties":{"f":3111}},{"type":"Feature","geometry":{"type":"Point","coordinates":[-70.30548,41.63413]},"properties":{"f":3290}},{"type":"Feature","geometry":{"type":"Point","coordinates":[-70.30525,41.63374]},"properties":{"f":2687}},{"type":"Feature","geometry":{"type":"Point","coordinates":[-70.30336,41.63303]},"properties":{"f":2491}},{"type":"Feature","geometry":{"type":"Point","coordinates":[-70.30459,41.63284]},"properties":{"f":3287}},{"type":"Feature","geometry":{"type":"Point","coordinates":[-70.30416,41.63216]},"properties":{"f":3063}},{"type":"Feature","geometry":{"type":"Point","coordinates":[-70.30331,41.6323]},"properties":{"f":3011}},{"type":"Feature","geometry":{"type":"Point","coordinates":[-70.30428,41.63165]},"properties":{"f":3768}},{"type":"Feature","geometry":{"type":"Point","coordinates":[-70.30404,41.63108]},"properties":{"f":2824}},{"type":"Feature","geometry":{"type":"Point","coordinates":[-70.30319,41.63135]},"properties":{"f":2525}},{"type":"Feature","geometry":{"type":"Point","coordinates":[-70.30332,41.63071]},"properties":{"f":3411}},{"type":"Feature","geometry":{"type":"Point","coordinates":[-70.30235,41.63093]},"properties":{"f":2883}},{"type":"Feature","geometry":{"type":"Point","coordinates":[-70.30249,41.63138]},"properties":{"f":6548}},{"type":"Feature","geometry":{"type":"Point","coordinates":[-70.30143,41.63144]},"properties":{"f":3045}},{"type":"Feature","geometry":{"type":"Point","coordinates":[-70.30144,41.63177]},"properties":{"f":2622}},{"type":"Feature","geometry":{"type":"Point","coordinates":[-70.30146,41.63206]},"properties":{"f":2478}},{"type":"Feature","geometry":{"type":"Point","coordinates":[-70.30199,41.63202]},"properties":{"f":3505}},{"type":"Feature","geometry":{"type":"Point","coordinates":[-70.30262,41.63187]},"properties":{"f":2930}},{"type":"Feature","geometry":{"type":"Point","coordinates":[-70.30209,41.63256]},"properties":{"f":3156}},{"type":"Feature","geometry":{"type":"Point","coordinates":[-70.30178,41.63259]},"properties":{"f":3960}},{"type":"Feature","geometry":{"type":"Point","coordinates":[-70.30134,41.6325]},"properties":{"f":3147}},{"type":"Feature","geometry":{"type":"Point","coordinates":[-70.30132,41.63279]},"properties":{"f":3076}},{"type":"Feature","geometry":{"type":"Point","coordinates":[-70.30279,41.63263]},"properties":{"f":2585}},{"type":"Feature","geometry":{"type":"Point","coordinates":[-70.30258,41.63397]},"properties":{"f":2578}},{"type":"Feature","geometry":{"type":"Point","coordinates":[-70.30286,41.63343]},"properties":{"f":2930}},{"type":"Feature","geometry":{"type":"Point","coordinates":[-70.30222,41.63329]},"properties":{"f":2673}},{"type":"Feature","geometry":{"type":"Point","coordinates":[-70.30195,41.6335]},"properties":{"f":2765}},{"type":"Feature","geometry":{"type":"Point","coordinates":[-70.30149,41.63413]},"properties":{"f":3360}},{"type":"Feature","geometry":{"type":"Point","coordinates":[-70.30118,41.63563]},"properties":{"f":4013}},{"type":"Feature","geometry":{"type":"Point","coordinates":[-70.30193,41.63564]},"properties":{"f":3083}},{"type":"Feature","geometry":{"type":"Point","coordinates":[-70.29987,41.63589]},"properties":{"f":2471}},{"type":"Feature","geometry":{"type":"Point","coordinates":[-70.30034,41.6351]},"properties":{"f":4169}},{"type":"Feature","geometry":{"type":"Point","coordinates":[-70.2992,41.63489]},"properties":{"f":4045}},{"type":"Feature","geometry":{"type":"Point","coordinates":[-70.30086,41.63428]},"properties":{"f":3416}},{"type":"Feature","geometry":{"type":"Point","coordinates":[-70.3001,41.63333]},"properties":{"f":3422}},{"type":"Feature","geometry":{"type":"Point","coordinates":[-70.29965,41.63334]},"properties":{"f":2931}},{"type":"Feature","geometry":{"type":"Point","coordinates":[-70.29952,41.63373]},"properties":{"f":3831}},{"type":"Feature","geometry":{"type":"Point","coordinates":[-70.2992,41.63461]},"properties":{"f":2571}},{"type":"Feature","geometry":{"type":"Point","coordinates":[-70.29617,41.63466]},"properties":{"f":6995}},{"type":"Feature","geometry":{"type":"Point","coordinates":[-70.29718,41.63534]},"properties":{"f":2497}},{"type":"Feature","geometry":{"type":"Point","coordinates":[-70.29718,41.63418]},"properties":{"f":2922}},{"type":"Feature","geometry":{"type":"Point","coordinates":[-70.29842,41.63398]},"properties":{"f":3559}},{"type":"Feature","geometry":{"type":"Point","coordinates":[-70.30371,41.63161]},"properties":{"f":2999}},{"type":"Feature","geometry":{"type":"Point","coordinates":[-70.30266,41.63563]},"properties":{"f":3596}},{"type":"Feature","geometry":{"type":"Point","coordinates":[-70.30555,41.631]},"properties":{"f":2858}},{"type":"Feature","geometry":{"type":"Point","coordinates":[-70.30687,41.63251]},"properties":{"f":2628}},{"type":"Feature","geometry":{"type":"Point","coordinates":[-70.30692,41.63165]},"properties":{"f":3666}},{"type":"Feature","geometry":{"type":"Point","coordinates":[-70.30582,41.63208]},"properties":{"f":2996}},{"type":"Feature","geometry":{"type":"Point","coordinates":[-70.29776,41.63395]},"properties":{"f":2682}},{"type":"Feature","geometry":{"type":"Point","coordinates":[-70.30724,41.63368]},"properties":{"f":3732}},{"type":"Feature","geometry":{"type":"Point","coordinates":[-70.30705,41.63433]},"properties":{"f":4111}},{"type":"Feature","geometry":{"type":"Point","coordinates":[-70.30584,41.63752]},"properties":{"f":2618}},{"type":"Feature","geometry":{"type":"Point","coordinates":[-70.3049,41.63919]},"properties":{"f":2663}},{"type":"Feature","geometry":{"type":"Point","coordinates":[-70.29939,41.64077]},"properties":{"f":4417}},{"type":"Feature","geometry":{"type":"Point","coordinates":[-70.30182,41.64012]},"properties":{"f":3150}},{"type":"Feature","geometry":{"type":"Point","coordinates":[-70.30159,41.63852]},"properties":{"f":4884}},{"type":"Feature","geometry":{"type":"Point","coordinates":[-70.29908,41.63921]},"properties":{"f":2989}},{"type":"Feature","geometry":{"type":"Point","coordinates":[-70.29974,41.63693]},"properties":{"f":2627}},{"type":"Feature","geometry":{"type":"Point","coordinates":[-70.30309,41.63793]},"properties":{"f":2939}},{"type":"Feature","geometry":{"type":"Point","coordinates":[-70.30446,41.63714]},"properties":{"f":2622}},{"type":"Feature","geometry":{"type":"Point","coordinates":[-70.29661,41.64043]},"properties":{"f":2593}},{"type":"Feature","geometry":{"type":"Point","coordinates":[-70.29702,41.63904]},"properties":{"f":4000}},{"type":"Feature","geometry":{"type":"Point","coordinates":[-70.29744,41.63978]},"properties":{"f":2578}},{"type":"Feature","geometry":{"type":"Point","coordinates":[-70.29864,41.63937]},"properties":{"f":2992}},{"type":"Feature","geometry":{"type":"Point","coordinates":[-70.2981,41.63633]},"properties":{"f":3089}},{"type":"Feature","geometry":{"type":"Point","coordinates":[-70.29726,41.63604]},"properties":{"f":2851}},{"type":"Feature","geometry":{"type":"Point","coordinates":[-70.29688,41.63601]},"properties":{"f":3897}},{"type":"Feature","geometry":{"type":"Point","coordinates":[-70.29653,41.6359]},"properties":{"f":3446}},{"type":"Feature","geometry":{"type":"Point","coordinates":[-70.29932,41.63728]},"properties":{"f":2925}},{"type":"Feature","geometry":{"type":"Point","coordinates":[-70.30271,41.63641]},"properties":{"f":4242}},{"type":"Feature","geometry":{"type":"Point","coordinates":[-70.30191,41.63703]},"properties":{"f":2802}},{"type":"Feature","geometry":{"type":"Point","coordinates":[-70.30128,41.63712]},"properties":{"f":2507}},{"type":"Feature","geometry":{"type":"Point","coordinates":[-70.30161,41.63637]},"properties":{"f":3140}},{"type":"Feature","geometry":{"type":"Point","coordinates":[-70.3003,41.63634]},"properties":{"f":3831}},{"type":"Feature","geometry":{"type":"Point","coordinates":[-70.30428,41.64349]},"properties":{"f":4285}},{"type":"Feature","geometry":{"type":"Point","coordinates":[-70.30442,41.64587]},"properties":{"f":3223}},{"type":"Feature","geometry":{"type":"Point","coordinates":[-70.30125,41.64523]},"properties":{"f":3491}},{"type":"Feature","geometry":{"type":"Point","coordinates":[-70.30255,41.64542]},"properties":{"f":3004}},{"type":"Feature","geometry":{"type":"Point","coordinates":[-70.30359,41.64537]},"properties":{"f":2846}},{"type":"Feature","geometry":{"type":"Point","coordinates":[-70.30312,41.64495]},"properties":{"f":2867}},{"type":"Feature","geometry":{"type":"Point","coordinates":[-70.30277,41.64452]},"properties":{"f":3297}},{"type":"Feature","geometry":{"type":"Point","coordinates":[-70.30132,41.64354]},"properties":{"f":2909}},{"type":"Feature","geometry":{"type":"Point","coordinates":[-70.30064,41.64172]},"properties":{"f":2779}},{"type":"Feature","geometry":{"type":"Point","coordinates":[-70.30147,41.64158]},"properties":{"f":2472}},{"type":"Feature","geometry":{"type":"Point","coordinates":[-70.30137,41.64125]},"properties":{"f":2568}},{"type":"Feature","geometry":{"type":"Point","coordinates":[-70.30257,41.64503]},"properties":{"f":2463}},{"type":"Feature","geometry":{"type":"Point","coordinates":[-70.29945,41.64282]},"properties":{"f":2886}},{"type":"Feature","geometry":{"type":"Point","coordinates":[-70.30175,41.64123]},"properties":{"f":2537}},{"type":"Feature","geometry":{"type":"Point","coordinates":[-70.30653,41.64674]},"properties":{"f":2678}},{"type":"Feature","geometry":{"type":"Point","coordinates":[-70.30469,41.64156]},"properties":{"f":2612}},{"type":"Feature","geometry":{"type":"Point","coordinates":[-70.30554,41.65409]},"properties":{"f":2574}},{"type":"Feature","geometry":{"type":"Point","coordinates":[-70.30008,41.6538]},"properties":{"f":3036}},{"type":"Feature","geometry":{"type":"Point","coordinates":[-70.30062,41.65377]},"properties":{"f":3205}},{"type":"Feature","geometry":{"type":"Point","coordinates":[-70.30109,41.65375]},"properties":{"f":2556}},{"type":"Feature","geometry":{"type":"Point","coordinates":[-70.30152,41.6538]},"properties":{"f":3043}},{"type":"Feature","geometry":{"type":"Point","coordinates":[-70.30129,41.65462]},"properties":{"f":3320}},{"type":"Feature","geometry":{"type":"Point","coordinates":[-70.29919,41.65748]},"properties":{"f":2694}},{"type":"Feature","geometry":{"type":"Point","coordinates":[-70.29979,41.65633]},"properties":{"f":3164}},{"type":"Feature","geometry":{"type":"Point","coordinates":[-70.29709,41.65507]},"properties":{"f":2497}},{"type":"Feature","geometry":{"type":"Point","coordinates":[-70.29557,41.65633]},"properties":{"f":2531}},{"type":"Feature","geometry":{"type":"Point","coordinates":[-70.2999,41.65425]},"properties":{"f":2694}},{"type":"Feature","geometry":{"type":"Point","coordinates":[-70.301,41.65262]},"properties":{"f":2809}},{"type":"Feature","geometry":{"type":"Point","coordinates":[-70.30391,41.66024]},"properties":{"f":2656}},{"type":"Feature","geometry":{"type":"Point","coordinates":[-70.30237,41.67046]},"properties":{"f":3104}},{"type":"Feature","geometry":{"type":"Point","coordinates":[-70.3035,41.69079]},"properties":{"f":2589}},{"type":"Feature","geometry":{"type":"Point","coordinates":[-70.30245,41.68995]},"properties":{"f":2472}},{"type":"Feature","geometry":{"type":"Point","coordinates":[-70.29736,41.68967]},"properties":{"f":2722}},{"type":"Feature","geometry":{"type":"Point","coordinates":[-70.29744,41.68788]},"properties":{"f":2962}},{"type":"Feature","geometry":{"type":"Point","coordinates":[-70.29451,41.68816]},"properties":{"f":3453}},{"type":"Feature","geometry":{"type":"Point","coordinates":[-70.29579,41.68809]},"properties":{"f":2521}},{"type":"Feature","geometry":{"type":"Point","coordinates":[-70.29602,41.68917]},"properties":{"f":2531}},{"type":"Feature","geometry":{"type":"Point","coordinates":[-70.29584,41.69089]},"properties":{"f":2688}},{"type":"Feature","geometry":{"type":"Point","coordinates":[-70.29956,41.68918]},"properties":{"f":2515}},{"type":"Feature","geometry":{"type":"Point","coordinates":[-70.30209,41.68856]},"properties":{"f":3591}},{"type":"Feature","geometry":{"type":"Point","coordinates":[-70.30542,41.69476]},"properties":{"f":2996}},{"type":"Feature","geometry":{"type":"Point","coordinates":[-70.30329,41.69135]},"properties":{"f":2918}},{"type":"Feature","geometry":{"type":"Point","coordinates":[-70.29855,41.69295]},"properties":{"f":3222}},{"type":"Feature","geometry":{"type":"Point","coordinates":[-70.30139,41.69204]},"properties":{"f":4346}},{"type":"Feature","geometry":{"type":"Point","coordinates":[-70.29512,41.69623]},"properties":{"f":2835}},{"type":"Feature","geometry":{"type":"Point","coordinates":[-70.29837,41.69477]},"properties":{"f":2716}},{"type":"Feature","geometry":{"type":"Point","coordinates":[-70.29779,41.69353]},"properties":{"f":2836}},{"type":"Feature","geometry":{"type":"Point","coordinates":[-70.29745,41.69646]},"properties":{"f":2734}},{"type":"Feature","geometry":{"type":"Point","coordinates":[-70.29717,41.69528]},"properties":{"f":2843}},{"type":"Feature","geometry":{"type":"Point","coordinates":[-70.2958,41.69614]},"properties":{"f":2471}},{"type":"Feature","geometry":{"type":"Point","coordinates":[-70.29664,41.69503]},"properties":{"f":2541}},{"type":"Feature","geometry":{"type":"Point","coordinates":[-70.297,41.69466]},"properties":{"f":2632}},{"type":"Feature","geometry":{"type":"Point","coordinates":[-70.29687,41.69415]},"properties":{"f":2765}},{"type":"Feature","geometry":{"type":"Point","coordinates":[-70.29727,41.69385]},"properties":{"f":2466}},{"type":"Feature","geometry":{"type":"Point","coordinates":[-70.2957,41.69406]},"properties":{"f":3188}},{"type":"Feature","geometry":{"type":"Point","coordinates":[-70.29527,41.69187]},"properties":{"f":3778}},{"type":"Feature","geometry":{"type":"Point","coordinates":[-70.29679,41.69338]},"properties":{"f":2551}},{"type":"Feature","geometry":{"type":"Point","coordinates":[-70.29623,41.69367]},"properties":{"f":2663}},{"type":"Feature","geometry":{"type":"Point","coordinates":[-70.29657,41.6928]},"properties":{"f":5209}},{"type":"Feature","geometry":{"type":"Point","coordinates":[-70.29661,41.69239]},"properties":{"f":3392}},{"type":"Feature","geometry":{"type":"Point","coordinates":[-70.29593,41.69258]},"properties":{"f":2610}},{"type":"Feature","geometry":{"type":"Point","coordinates":[-70.29596,41.69194]},"properties":{"f":2589}},{"type":"Feature","geometry":{"type":"Point","coordinates":[-70.29751,41.69103]},"properties":{"f":2898}},{"type":"Feature","geometry":{"type":"Point","coordinates":[-70.30383,41.69632]},"properties":{"f":2611}},{"type":"Feature","geometry":{"type":"Point","coordinates":[-70.30396,41.69554]},"properties":{"f":3093}},{"type":"Feature","geometry":{"type":"Point","coordinates":[-70.30412,41.69499]},"properties":{"f":3254}},{"type":"Feature","geometry":{"type":"Point","coordinates":[-70.30545,41.69554]},"properties":{"f":3176}},{"type":"Feature","geometry":{"type":"Point","coordinates":[-70.2993,41.69179]},"properties":{"f":2832}},{"type":"Feature","geometry":{"type":"Point","coordinates":[-70.29832,41.6908]},"properties":{"f":2839}},{"type":"Feature","geometry":{"type":"Point","coordinates":[-70.29955,41.69079]},"properties":{"f":2718}},{"type":"Feature","geometry":{"type":"Point","coordinates":[-70.30303,41.69671]},"properties":{"f":3554}},{"type":"Feature","geometry":{"type":"Point","coordinates":[-70.304,41.69707]},"properties":{"f":3521}},{"type":"Feature","geometry":{"type":"Point","coordinates":[-70.29687,41.69992]},"properties":{"f":3578}},{"type":"Feature","geometry":{"type":"Point","coordinates":[-70.29739,41.70008]},"properties":{"f":3336}},{"type":"Feature","geometry":{"type":"Point","coordinates":[-70.29977,41.69951]},"properties":{"f":3134}},{"type":"Feature","geometry":{"type":"Point","coordinates":[-70.29971,41.69837]},"properties":{"f":3529}},{"type":"Feature","geometry":{"type":"Point","coordinates":[-70.3,41.69993]},"properties":{"f":3461}},{"type":"Feature","geometry":{"type":"Point","coordinates":[-70.29604,41.69849]},"properties":{"f":3651}},{"type":"Feature","geometry":{"type":"Point","coordinates":[-70.295,41.69983]},"properties":{"f":3440}},{"type":"Feature","geometry":{"type":"Point","coordinates":[-70.29512,41.7014]},"properties":{"f":2632}},{"type":"Feature","geometry":{"type":"Point","coordinates":[-70.2972,41.7008]},"properties":{"f":3023}},{"type":"Feature","geometry":{"type":"Point","coordinates":[-70.30419,41.69806]},"properties":{"f":3132}},{"type":"Feature","geometry":{"type":"Point","coordinates":[-70.30489,41.69813]},"properties":{"f":3237}},{"type":"Feature","geometry":{"type":"Point","coordinates":[-70.30561,41.69826]},"properties":{"f":2747}},{"type":"Feature","geometry":{"type":"Point","coordinates":[-70.29953,41.70421]},"properties":{"f":2455}},{"type":"Feature","geometry":{"type":"Point","coordinates":[-70.29665,41.70557]},"properties":{"f":3734}},{"type":"Feature","geometry":{"type":"Point","coordinates":[-70.2972,41.70433]},"properties":{"f":4058}},{"type":"Feature","geometry":{"type":"Point","coordinates":[-70.29798,41.70439]},"properties":{"f":2956}},{"type":"Feature","geometry":{"type":"Point","coordinates":[-70.29805,41.70373]},"properties":{"f":2791}},{"type":"Feature","geometry":{"type":"Point","coordinates":[-70.30524,41.70288]},"properties":{"f":2784}},{"type":"Feature","geometry":{"type":"Point","coordinates":[-70.29688,41.70266]},"properties":{"f":2471}},{"type":"Feature","geometry":{"type":"Point","coordinates":[-70.29435,41.70396]},"properties":{"f":4346}},{"type":"Feature","geometry":{"type":"Point","coordinates":[-70.29567,41.70436]},"properties":{"f":2650}},{"type":"Feature","geometry":{"type":"Point","coordinates":[-70.2947,41.7045]},"properties":{"f":3140}},{"type":"Feature","geometry":{"type":"Point","coordinates":[-70.29436,41.70505]},"properties":{"f":2518}},{"type":"Feature","geometry":{"type":"Point","coordinates":[-70.29556,41.70552]},"properties":{"f":3125}},{"type":"Feature","geometry":{"type":"Point","coordinates":[-70.30513,41.70984]},"properties":{"f":4359}},{"type":"Feature","geometry":{"type":"Point","coordinates":[-70.30451,41.70952]},"properties":{"f":4099}},{"type":"Feature","geometry":{"type":"Point","coordinates":[-70.30444,41.70901]},"properties":{"f":5403}},{"type":"Feature","geometry":{"type":"Point","coordinates":[-70.29772,41.70799]},"properties":{"f":2924}},{"type":"Feature","geometry":{"type":"Point","coordinates":[-70.29532,41.70978]},"properties":{"f":2721}},{"type":"Feature","geometry":{"type":"Point","coordinates":[-70.29503,41.70992]},"properties":{"f":3646}},{"type":"Feature","geometry":{"type":"Point","coordinates":[-70.29551,41.70807]},"properties":{"f":2543}},{"type":"Feature","geometry":{"type":"Point","coordinates":[-70.29223,41.63632]},"properties":{"f":2682}},{"type":"Feature","geometry":{"type":"Point","coordinates":[-70.29284,41.63634]},"properties":{"f":2502}},{"type":"Feature","geometry":{"type":"Point","coordinates":[-70.293,41.63765]},"properties":{"f":2501}},{"type":"Feature","geometry":{"type":"Point","coordinates":[-70.29196,41.63708]},"properties":{"f":3048}},{"type":"Feature","geometry":{"type":"Point","coordinates":[-70.29231,41.63706]},"properties":{"f":2833}},{"type":"Feature","geometry":{"type":"Point","coordinates":[-70.29506,41.64064]},"properties":{"f":2505}},{"type":"Feature","geometry":{"type":"Point","coordinates":[-70.28917,41.63928]},"properties":{"f":2459}},{"type":"Feature","geometry":{"type":"Point","coordinates":[-70.28651,41.63998]},"properties":{"f":2475}},{"type":"Feature","geometry":{"type":"Point","coordinates":[-70.28556,41.63858]},"properties":{"f":2629}},{"type":"Feature","geometry":{"type":"Point","coordinates":[-70.28537,41.63827]},"properties":{"f":2633}},{"type":"Feature","geometry":{"type":"Point","coordinates":[-70.28701,41.63585]},"properties":{"f":2728}},{"type":"Feature","geometry":{"type":"Point","coordinates":[-70.28762,41.63589]},"properties":{"f":2662}},{"type":"Feature","geometry":{"type":"Point","coordinates":[-70.28726,41.63787]},"properties":{"f":2590}},{"type":"Feature","geometry":{"type":"Point","coordinates":[-70.28769,41.63874]},"properties":{"f":2537}},{"type":"Feature","geometry":{"type":"Point","coordinates":[-70.28763,41.63816]},"properties":{"f":2864}},{"type":"Feature","geometry":{"type":"Point","coordinates":[-70.28892,41.63744]},"properties":{"f":3055}},{"type":"Feature","geometry":{"type":"Point","coordinates":[-70.28907,41.63863]},"properties":{"f":4196}},{"type":"Feature","geometry":{"type":"Point","coordinates":[-70.28847,41.6384]},"properties":{"f":2748}},{"type":"Feature","geometry":{"type":"Point","coordinates":[-70.28507,41.63573]},"properties":{"f":2638}},{"type":"Feature","geometry":{"type":"Point","coordinates":[-70.28586,41.63573]},"properties":{"f":2800}},{"type":"Feature","geometry":{"type":"Point","coordinates":[-70.28943,41.63844]},"properties":{"f":3074}},{"type":"Feature","geometry":{"type":"Point","coordinates":[-70.29306,41.6371]},"properties":{"f":2658}},{"type":"Feature","geometry":{"type":"Point","coordinates":[-70.28812,41.6385]},"properties":{"f":3341}},{"type":"Feature","geometry":{"type":"Point","coordinates":[-70.29098,41.6444]},"properties":{"f":2752}},{"type":"Feature","geometry":{"type":"Point","coordinates":[-70.2903,41.64468]},"properties":{"f":2671}},{"type":"Feature","geometry":{"type":"Point","coordinates":[-70.28698,41.64327]},"properties":{"f":2732}},{"type":"Feature","geometry":{"type":"Point","coordinates":[-70.29619,41.65107]},"properties":{"f":3104}},{"type":"Feature","geometry":{"type":"Point","coordinates":[-70.29258,41.65202]},"properties":{"f":2963}},{"type":"Feature","geometry":{"type":"Point","coordinates":[-70.28849,41.64933]},"properties":{"f":2596}},{"type":"Feature","geometry":{"type":"Point","coordinates":[-70.28719,41.64792]},"properties":{"f":2786}},{"type":"Feature","geometry":{"type":"Point","coordinates":[-70.29251,41.65745]},"properties":{"f":3028}},{"type":"Feature","geometry":{"type":"Point","coordinates":[-70.28495,41.65588]},"properties":{"f":2488}},{"type":"Feature","geometry":{"type":"Point","coordinates":[-70.2883,41.65664]},"properties":{"f":2635}},{"type":"Feature","geometry":{"type":"Point","coordinates":[-70.29067,41.65585]},"properties":{"f":2489}},{"type":"Feature","geometry":{"type":"Point","coordinates":[-70.28964,41.65574]},"properties":{"f":2499}},{"type":"Feature","geometry":{"type":"Point","coordinates":[-70.29528,41.66]},"properties":{"f":2495}},{"type":"Feature","geometry":{"type":"Point","coordinates":[-70.29495,41.65965]},"properties":{"f":2753}},{"type":"Feature","geometry":{"type":"Point","coordinates":[-70.28946,41.65873]},"properties":{"f":2579}},{"type":"Feature","geometry":{"type":"Point","coordinates":[-70.29278,41.66296]},"properties":{"f":2513}},{"type":"Feature","geometry":{"type":"Point","coordinates":[-70.28924,41.66714]},"properties":{"f":2477}},{"type":"Feature","geometry":{"type":"Point","coordinates":[-70.29095,41.68991]},"properties":{"f":2700}},{"type":"Feature","geometry":{"type":"Point","coordinates":[-70.29301,41.68832]},"properties":{"f":2626}},{"type":"Feature","geometry":{"type":"Point","coordinates":[-70.29153,41.69427]},"properties":{"f":2509}},{"type":"Feature","geometry":{"type":"Point","coordinates":[-70.2925,41.69311]},"properties":{"f":2471}},{"type":"Feature","geometry":{"type":"Point","coordinates":[-70.29221,41.69081]},"properties":{"f":3335}},{"type":"Feature","geometry":{"type":"Point","coordinates":[-70.28948,41.6908]},"properties":{"f":3075}},{"type":"Feature","geometry":{"type":"Point","coordinates":[-70.28983,41.69208]},"properties":{"f":3149}},{"type":"Feature","geometry":{"type":"Point","coordinates":[-70.28989,41.69251]},"properties":{"f":2635}},{"type":"Feature","geometry":{"type":"Point","coordinates":[-70.29065,41.69454]},"properties":{"f":3671}},{"type":"Feature","geometry":{"type":"Point","coordinates":[-70.28908,41.6925]},"properties":{"f":3133}},{"type":"Feature","geometry":{"type":"Point","coordinates":[-70.28815,41.6933]},"properties":{"f":2830}},{"type":"Feature","geometry":{"type":"Point","coordinates":[-70.28732,41.69326]},"properties":{"f":3997}},{"type":"Feature","geometry":{"type":"Point","coordinates":[-70.28802,41.69393]},"properties":{"f":2753}},{"type":"Feature","geometry":{"type":"Point","coordinates":[-70.29312,41.69315]},"properties":{"f":3560}},{"type":"Feature","geometry":{"type":"Point","coordinates":[-70.29303,41.69225]},"properties":{"f":2925}},{"type":"Feature","geometry":{"type":"Point","coordinates":[-70.2939,41.69291]},"properties":{"f":2504}},{"type":"Feature","geometry":{"type":"Point","coordinates":[-70.294,41.6921]},"properties":{"f":2548}},{"type":"Feature","geometry":{"type":"Point","coordinates":[-70.29466,41.6927]},"properties":{"f":2588}},{"type":"Feature","geometry":{"type":"Point","coordinates":[-70.29473,41.69351]},"properties":{"f":2507}},{"type":"Feature","geometry":{"type":"Point","coordinates":[-70.29494,41.69419]},"properties":{"f":2598}},{"type":"Feature","geometry":{"type":"Point","coordinates":[-70.29376,41.69875]},"properties":{"f":2463}},{"type":"Feature","geometry":{"type":"Point","coordinates":[-70.29008,41.70215]},"properties":{"f":2599}},{"type":"Feature","geometry":{"type":"Point","coordinates":[-70.2877,41.70179]},"properties":{"f":2797}},{"type":"Feature","geometry":{"type":"Point","coordinates":[-70.28643,41.7012]},"properties":{"f":3212}},{"type":"Feature","geometry":{"type":"Point","coordinates":[-70.2849,41.69836]},"properties":{"f":2751}},{"type":"Feature","geometry":{"type":"Point","coordinates":[-70.28827,41.69955]},"properties":{"f":3919}},{"type":"Feature","geometry":{"type":"Point","coordinates":[-70.29409,41.69662]},"properties":{"f":2853}},{"type":"Feature","geometry":{"type":"Point","coordinates":[-70.29512,41.69677]},"properties":{"f":3031}},{"type":"Feature","geometry":{"type":"Point","coordinates":[-70.29211,41.6983]},"properties":{"f":3275}},{"type":"Feature","geometry":{"type":"Point","coordinates":[-70.2926,41.69924]},"properties":{"f":2922}},{"type":"Feature","geometry":{"type":"Point","coordinates":[-70.29262,41.69865]},"properties":{"f":3117}},{"type":"Feature","geometry":{"type":"Point","coordinates":[-70.28595,41.69974]},"properties":{"f":2629}},{"type":"Feature","geometry":{"type":"Point","coordinates":[-70.28892,41.70237]},"properties":{"f":2746}},{"type":"Feature","geometry":{"type":"Point","coordinates":[-70.28867,41.70321]},"properties":{"f":4202}},{"type":"Feature","geometry":{"type":"Point","coordinates":[-70.28913,41.7051]},"properties":{"f":2506}},{"type":"Feature","geometry":{"type":"Point","coordinates":[-70.29126,41.70609]},"properties":{"f":2712}},{"type":"Feature","geometry":{"type":"Point","coordinates":[-70.286,41.7026]},"properties":{"f":3207}},{"type":"Feature","geometry":{"type":"Point","coordinates":[-70.28447,41.70334]},"properties":{"f":2878}},{"type":"Feature","geometry":{"type":"Point","coordinates":[-70.29155,41.70317]},"properties":{"f":4782}},{"type":"Feature","geometry":{"type":"Point","coordinates":[-70.29251,41.70472]},"properties":{"f":3146}},{"type":"Feature","geometry":{"type":"Point","coordinates":[-70.29051,41.70274]},"properties":{"f":3564}},{"type":"Feature","geometry":{"type":"Point","coordinates":[-70.28986,41.70184]},"properties":{"f":2933}},{"type":"Feature","geometry":{"type":"Point","coordinates":[-70.28939,41.70254]},"properties":{"f":3346}},{"type":"Feature","geometry":{"type":"Point","coordinates":[-70.29509,41.7077]},"properties":{"f":2737}},{"type":"Feature","geometry":{"type":"Point","coordinates":[-70.29466,41.70823]},"properties":{"f":3368}},{"type":"Feature","geometry":{"type":"Point","coordinates":[-70.29449,41.7089]},"properties":{"f":2629}},{"type":"Feature","geometry":{"type":"Point","coordinates":[-70.29402,41.70882]},"properties":{"f":3320}},{"type":"Feature","geometry":{"type":"Point","coordinates":[-70.29465,41.71008]},"properties":{"f":3171}},{"type":"Feature","geometry":{"type":"Point","coordinates":[-70.2938,41.70764]},"properties":{"f":2768}},{"type":"Feature","geometry":{"type":"Point","coordinates":[-70.29219,41.70958]},"properties":{"f":2812}},{"type":"Feature","geometry":{"type":"Point","coordinates":[-70.29221,41.70817]},"properties":{"f":2676}},{"type":"Feature","geometry":{"type":"Point","coordinates":[-70.29107,41.70946]},"properties":{"f":2458}},{"type":"Feature","geometry":{"type":"Point","coordinates":[-70.29226,41.70749]},"properties":{"f":3864}},{"type":"Feature","geometry":{"type":"Point","coordinates":[-70.29179,41.70724]},"properties":{"f":2761}},{"type":"Feature","geometry":{"type":"Point","coordinates":[-70.28383,41.70737]},"properties":{"f":3049}},{"type":"Feature","geometry":{"type":"Point","coordinates":[-70.28334,41.63553]},"properties":{"f":2539}},{"type":"Feature","geometry":{"type":"Point","coordinates":[-70.28382,41.63576]},"properties":{"f":3168}},{"type":"Feature","geometry":{"type":"Point","coordinates":[-70.28412,41.63829]},"properties":{"f":2767}},{"type":"Feature","geometry":{"type":"Point","coordinates":[-70.28441,41.63983]},"properties":{"f":2698}},{"type":"Feature","geometry":{"type":"Point","coordinates":[-70.2835,41.64093]},"properties":{"f":2861}},{"type":"Feature","geometry":{"type":"Point","coordinates":[-70.28191,41.64032]},"properties":{"f":2475}},{"type":"Feature","geometry":{"type":"Point","coordinates":[-70.28335,41.63856]},"properties":{"f":3485}},{"type":"Feature","geometry":{"type":"Point","coordinates":[-70.28248,41.6383]},"properties":{"f":2616}},{"type":"Feature","geometry":{"type":"Point","coordinates":[-70.28339,41.63959]},"properties":{"f":2456}},{"type":"Feature","geometry":{"type":"Point","coordinates":[-70.28163,41.63926]},"properties":{"f":2466}},{"type":"Feature","geometry":{"type":"Point","coordinates":[-70.28205,41.6399]},"properties":{"f":2864}},{"type":"Feature","geometry":{"type":"Point","coordinates":[-70.28264,41.63917]},"properties":{"f":2603}},{"type":"Feature","geometry":{"type":"Point","coordinates":[-70.28183,41.64195]},"properties":{"f":3558}},{"type":"Feature","geometry":{"type":"Point","coordinates":[-70.28037,41.64183]},"properties":{"f":2841}},{"type":"Feature","geometry":{"type":"Point","coordinates":[-70.28004,41.64389]},"properties":{"f":2867}},{"type":"Feature","geometry":{"type":"Point","coordinates":[-70.27804,41.64567]},"properties":{"f":2714}},{"type":"Feature","geometry":{"type":"Point","coordinates":[-70.27705,41.64652]},"properties":{"f":2820}},{"type":"Feature","geometry":{"type":"Point","coordinates":[-70.27711,41.64635]},"properties":{"f":2530}},{"type":"Feature","geometry":{"type":"Point","coordinates":[-70.27718,41.64609]},"properties":{"f":2686}},{"type":"Feature","geometry":{"type":"Point","coordinates":[-70.27608,41.64491]},"properties":{"f":3455}},{"type":"Feature","geometry":{"type":"Point","coordinates":[-70.27518,41.64461]},"properties":{"f":3212}},{"type":"Feature","geometry":{"type":"Point","coordinates":[-70.2748,41.64469]},"properties":{"f":3424}},{"type":"Feature","geometry":{"type":"Point","coordinates":[-70.27369,41.64476]},"properties":{"f":2893}},{"type":"Feature","geometry":{"type":"Point","coordinates":[-70.27393,41.644]},"properties":{"f":2721}},{"type":"Feature","geometry":{"type":"Point","coordinates":[-70.27402,41.64361]},"properties":{"f":3555}},{"type":"Feature","geometry":{"type":"Point","coordinates":[-70.27453,41.6441]},"properties":{"f":4221}},{"type":"Feature","geometry":{"type":"Point","coordinates":[-70.27506,41.64383]},"properties":{"f":2731}},{"type":"Feature","geometry":{"type":"Point","coordinates":[-70.27511,41.64419]},"properties":{"f":2779}},{"type":"Feature","geometry":{"type":"Point","coordinates":[-70.27593,41.64402]},"properties":{"f":2643}},{"type":"Feature","geometry":{"type":"Point","coordinates":[-70.27631,41.64397]},"properties":{"f":2630}},{"type":"Feature","geometry":{"type":"Point","coordinates":[-70.27687,41.64413]},"properties":{"f":2711}},{"type":"Feature","geometry":{"type":"Point","coordinates":[-70.27717,41.6446]},"properties":{"f":3598}},{"type":"Feature","geometry":{"type":"Point","coordinates":[-70.27588,41.64339]},"properties":{"f":2493}},{"type":"Feature","geometry":{"type":"Point","coordinates":[-70.27644,41.64328]},"properties":{"f":2969}},{"type":"Feature","geometry":{"type":"Point","coordinates":[-70.27712,41.64305]},"properties":{"f":2584}},{"type":"Feature","geometry":{"type":"Point","coordinates":[-70.27765,41.64272]},"properties":{"f":4024}},{"type":"Feature","geometry":{"type":"Point","coordinates":[-70.27798,41.64251]},"properties":{"f":3767}},{"type":"Feature","geometry":{"type":"Point","coordinates":[-70.27818,41.64837]},"properties":{"f":2568}},{"type":"Feature","geometry":{"type":"Point","coordinates":[-70.27784,41.64859]},"properties":{"f":2793}},{"type":"Feature","geometry":{"type":"Point","coordinates":[-70.27653,41.64833]},"properties":{"f":3599}},{"type":"Feature","geometry":{"type":"Point","coordinates":[-70.27673,41.64681]},"properties":{"f":2619}},{"type":"Feature","geometry":{"type":"Point","coordinates":[-70.27693,41.64748]},"properties":{"f":2592}},{"type":"Feature","geometry":{"type":"Point","coordinates":[-70.27789,41.64703]},"properties":{"f":2995}},{"type":"Feature","geometry":{"type":"Point","coordinates":[-70.27857,41.64721]},"properties":{"f":2760}},{"type":"Feature","geometry":{"type":"Point","coordinates":[-70.27968,41.64714]},"properties":{"f":3172}},{"type":"Feature","geometry":{"type":"Point","coordinates":[-70.2748,41.6906]},"properties":{"f":3554}},{"type":"Feature","geometry":{"type":"Point","coordinates":[-70.27423,41.69062]},"properties":{"f":3552}},{"type":"Feature","geometry":{"type":"Point","coordinates":[-70.27365,41.69061]},"properties":{"f":2932}},{"type":"Feature","geometry":{"type":"Point","coordinates":[-70.27397,41.68965]},"properties":{"f":2775}},{"type":"Feature","geometry":{"type":"Point","coordinates":[-70.27826,41.6901]},"properties":{"f":2526}},{"type":"Feature","geometry":{"type":"Point","coordinates":[-70.2768,41.68889]},"properties":{"f":2670}},{"type":"Feature","geometry":{"type":"Point","coordinates":[-70.2794,41.6922]},"properties":{"f":3638}},{"type":"Feature","geometry":{"type":"Point","coordinates":[-70.2728,41.69415]},"properties":{"f":2479}},{"type":"Feature","geometry":{"type":"Point","coordinates":[-70.27361,41.69406]},"properties":{"f":5142}},{"type":"Feature","geometry":{"type":"Point","coordinates":[-70.27369,41.69337]},"properties":{"f":2696}},{"type":"Feature","geometry":{"type":"Point","coordinates":[-70.27802,41.69252]},"properties":{"f":3608}},{"type":"Feature","geometry":{"type":"Point","coordinates":[-70.27734,41.69322]},"properties":{"f":2559}},{"type":"Feature","geometry":{"type":"Point","coordinates":[-70.27775,41.69198]},"properties":{"f":2781}},{"type":"Feature","geometry":{"type":"Point","coordinates":[-70.27705,41.69187]},"properties":{"f":3869}},{"type":"Feature","geometry":{"type":"Point","coordinates":[-70.27621,41.69258]},"properties":{"f":3008}},{"type":"Feature","geometry":{"type":"Point","coordinates":[-70.27636,41.69387]},"properties":{"f":4132}},{"type":"Feature","geometry":{"type":"Point","coordinates":[-70.27699,41.69398]},"properties":{"f":3038}},{"type":"Feature","geometry":{"type":"Point","coordinates":[-70.2768,41.69513]},"properties":{"f":4495}},{"type":"Feature","geometry":{"type":"Point","coordinates":[-70.27691,41.69567]},"properties":{"f":2506}},{"type":"Feature","geometry":{"type":"Point","coordinates":[-70.27547,41.69567]},"properties":{"f":2488}},{"type":"Feature","geometry":{"type":"Point","coordinates":[-70.27791,41.69574]},"properties":{"f":4722}},{"type":"Feature","geometry":{"type":"Point","coordinates":[-70.27798,41.69381]},"properties":{"f":2550}},{"type":"Feature","geometry":{"type":"Point","coordinates":[-70.28066,41.69146]},"properties":{"f":2572}},{"type":"Feature","geometry":{"type":"Point","coordinates":[-70.27677,41.6912]},"properties":{"f":2531}},{"type":"Feature","geometry":{"type":"Point","coordinates":[-70.27566,41.69387]},"properties":{"f":2734}},{"type":"Feature","geometry":{"type":"Point","coordinates":[-70.27442,41.69361]},"properties":{"f":3257}},{"type":"Feature","geometry":{"type":"Point","coordinates":[-70.27384,41.69217]},"properties":{"f":2737}},{"type":"Feature","geometry":{"type":"Point","coordinates":[-70.2734,41.69135]},"properties":{"f":3015}},{"type":"Feature","geometry":{"type":"Point","coordinates":[-70.27392,41.69134]},"properties":{"f":2974}},{"type":"Feature","geometry":{"type":"Point","coordinates":[-70.27444,41.69135]},"properties":{"f":2698}},{"type":"Feature","geometry":{"type":"Point","coordinates":[-70.27497,41.69155]},"properties":{"f":2697}},{"type":"Feature","geometry":{"type":"Point","coordinates":[-70.28092,41.6972]},"properties":{"f":2565}},{"type":"Feature","geometry":{"type":"Point","coordinates":[-70.28102,41.69774]},"properties":{"f":3731}},{"type":"Feature","geometry":{"type":"Point","coordinates":[-70.2822,41.70161]},"properties":{"f":2735}},{"type":"Feature","geometry":{"type":"Point","coordinates":[-70.27543,41.6981]},"properties":{"f":5746}},{"type":"Feature","geometry":{"type":"Point","coordinates":[-70.27713,41.6996]},"properties":{"f":2492}},{"type":"Feature","geometry":{"type":"Point","coordinates":[-70.27959,41.69947]},"properties":{"f":2469}},{"type":"Feature","geometry":{"type":"Point","coordinates":[-70.27892,41.70055]},"properties":{"f":2550}},{"type":"Feature","geometry":{"type":"Point","coordinates":[-70.27791,41.69962]},"properties":{"f":2731}},{"type":"Feature","geometry":{"type":"Point","coordinates":[-70.27512,41.69968]},"properties":{"f":6080}},{"type":"Feature","geometry":{"type":"Point","coordinates":[-70.27449,41.6994]},"properties":{"f":4379}},{"type":"Feature","geometry":{"type":"Point","coordinates":[-70.2742,41.70092]},"properties":{"f":2803}},{"type":"Feature","geometry":{"type":"Point","coordinates":[-70.27818,41.69795]},"properties":{"f":2686}},{"type":"Feature","geometry":{"type":"Point","coordinates":[-70.27769,41.69607]},"properties":{"f":2498}},{"type":"Feature","geometry":{"type":"Point","coordinates":[-70.27698,41.69653]},"properties":{"f":2966}},{"type":"Feature","geometry":{"type":"Point","coordinates":[-70.27639,41.69658]},"properties":{"f":2655}},{"type":"Feature","geometry":{"type":"Point","coordinates":[-70.27563,41.69677]},"properties":{"f":3309}},{"type":"Feature","geometry":{"type":"Point","coordinates":[-70.27551,41.69627]},"properties":{"f":2496}},{"type":"Feature","geometry":{"type":"Point","coordinates":[-70.28138,41.70169]},"properties":{"f":3691}},{"type":"Feature","geometry":{"type":"Point","coordinates":[-70.28165,41.7027]},"properties":{"f":2732}},{"type":"Feature","geometry":{"type":"Point","coordinates":[-70.28178,41.70593]},"properties":{"f":2752}},{"type":"Feature","geometry":{"type":"Point","coordinates":[-70.28054,41.70215]},"properties":{"f":3768}},{"type":"Feature","geometry":{"type":"Point","coordinates":[-70.28054,41.70135]},"properties":{"f":3031}},{"type":"Feature","geometry":{"type":"Point","coordinates":[-70.27881,41.70257]},"properties":{"f":2976}},{"type":"Feature","geometry":{"type":"Point","coordinates":[-70.27904,41.70371]},"properties":{"f":3117}},{"type":"Feature","geometry":{"type":"Point","coordinates":[-70.27911,41.70429]},"properties":{"f":2804}},{"type":"Feature","geometry":{"type":"Point","coordinates":[-70.27867,41.7056]},"properties":{"f":3625}},{"type":"Feature","geometry":{"type":"Point","coordinates":[-70.27815,41.70584]},"properties":{"f":2506}},{"type":"Feature","geometry":{"type":"Point","coordinates":[-70.27737,41.70589]},"properties":{"f":3202}},{"type":"Feature","geometry":{"type":"Point","coordinates":[-70.27774,41.70479]},"properties":{"f":2499}},{"type":"Feature","geometry":{"type":"Point","coordinates":[-70.27751,41.70415]},"properties":{"f":2734}},{"type":"Feature","geometry":{"type":"Point","coordinates":[-70.27786,41.70251]},"properties":{"f":2730}},{"type":"Feature","geometry":{"type":"Point","coordinates":[-70.27579,41.70261]},"properties":{"f":2609}},{"type":"Feature","geometry":{"type":"Point","coordinates":[-70.27566,41.70179]},"properties":{"f":2540}},{"type":"Feature","geometry":{"type":"Point","coordinates":[-70.27359,41.70237]},"properties":{"f":2777}},{"type":"Feature","geometry":{"type":"Point","coordinates":[-70.28264,41.70337]},"properties":{"f":2718}},{"type":"Feature","geometry":{"type":"Point","coordinates":[-70.27894,41.70321]},"properties":{"f":2812}},{"type":"Feature","geometry":{"type":"Point","coordinates":[-70.27801,41.70307]},"properties":{"f":2886}},{"type":"Feature","geometry":{"type":"Point","coordinates":[-70.27661,41.70362]},"properties":{"f":2756}},{"type":"Feature","geometry":{"type":"Point","coordinates":[-70.27953,41.70247]},"properties":{"f":2918}},{"type":"Feature","geometry":{"type":"Point","coordinates":[-70.28289,41.70238]},"properties":{"f":2885}},{"type":"Feature","geometry":{"type":"Point","coordinates":[-70.28206,41.70676]},"properties":{"f":2914}},{"type":"Feature","geometry":{"type":"Point","coordinates":[-70.28291,41.70873]},"properties":{"f":2522}},{"type":"Feature","geometry":{"type":"Point","coordinates":[-70.2769,41.70757]},"properties":{"f":2891}},{"type":"Feature","geometry":{"type":"Point","coordinates":[-70.27475,41.70955]},"properties":{"f":3854}},{"type":"Feature","geometry":{"type":"Point","coordinates":[-70.28221,41.7076]},"properties":{"f":2563}},{"type":"Feature","geometry":{"type":"Point","coordinates":[-70.28089,41.70813]},"properties":{"f":3071}},{"type":"Feature","geometry":{"type":"Point","coordinates":[-70.28311,41.70723]},"properties":{"f":2992}},{"type":"Feature","geometry":{"type":"Point","coordinates":[-70.26414,41.68971]},"properties":{"f":3488}},{"type":"Feature","geometry":{"type":"Point","coordinates":[-70.26299,41.69002]},"properties":{"f":2812}},{"type":"Feature","geometry":{"type":"Point","coordinates":[-70.2633,41.68923]},"properties":{"f":2963}},{"type":"Feature","geometry":{"type":"Point","coordinates":[-70.26267,41.68929]},"properties":{"f":2959}},{"type":"Feature","geometry":{"type":"Point","coordinates":[-70.26598,41.68868]},"properties":{"f":2862}},{"type":"Feature","geometry":{"type":"Point","coordinates":[-70.26733,41.68879]},"properties":{"f":2512}},{"type":"Feature","geometry":{"type":"Point","coordinates":[-70.26868,41.69047]},"properties":{"f":2469}},{"type":"Feature","geometry":{"type":"Point","coordinates":[-70.26729,41.69009]},"properties":{"f":2980}},{"type":"Feature","geometry":{"type":"Point","coordinates":[-70.26618,41.68991]},"properties":{"f":2897}},{"type":"Feature","geometry":{"type":"Point","coordinates":[-70.26631,41.68953]},"properties":{"f":3172}},{"type":"Feature","geometry":{"type":"Point","coordinates":[-70.26714,41.68953]},"properties":{"f":2708}},{"type":"Feature","geometry":{"type":"Point","coordinates":[-70.26778,41.68961]},"properties":{"f":3177}},{"type":"Feature","geometry":{"type":"Point","coordinates":[-70.26194,41.69583]},"properties":{"f":2742}},{"type":"Feature","geometry":{"type":"Point","coordinates":[-70.26224,41.69535]},"properties":{"f":3063}},{"type":"Feature","geometry":{"type":"Point","coordinates":[-70.26246,41.69489]},"properties":{"f":3779}},{"type":"Feature","geometry":{"type":"Point","coordinates":[-70.26265,41.69441]},"properties":{"f":2582}},{"type":"Feature","geometry":{"type":"Point","coordinates":[-70.2618,41.69405]},"properties":{"f":2585}},{"type":"Feature","geometry":{"type":"Point","coordinates":[-70.26205,41.6933]},"properties":{"f":3813}},{"type":"Feature","geometry":{"type":"Point","coordinates":[-70.26204,41.69261]},"properties":{"f":3342}},{"type":"Feature","geometry":{"type":"Point","coordinates":[-70.2619,41.69166]},"properties":{"f":3409}},{"type":"Feature","geometry":{"type":"Point","coordinates":[-70.26254,41.69173]},"properties":{"f":2930}},{"type":"Feature","geometry":{"type":"Point","coordinates":[-70.26398,41.6917]},"properties":{"f":3768}},{"type":"Feature","geometry":{"type":"Point","coordinates":[-70.26358,41.69363]},"properties":{"f":2599}},{"type":"Feature","geometry":{"type":"Point","coordinates":[-70.2642,41.69388]},"properties":{"f":3075}},{"type":"Feature","geometry":{"type":"Point","coordinates":[-70.26436,41.69579]},"properties":{"f":2997}},{"type":"Feature","geometry":{"type":"Point","coordinates":[-70.26506,41.69582]},"properties":{"f":2826}},{"type":"Feature","geometry":{"type":"Point","coordinates":[-70.26522,41.69531]},"properties":{"f":2932}},{"type":"Feature","geometry":{"type":"Point","coordinates":[-70.26368,41.69534]},"properties":{"f":3184}},{"type":"Feature","geometry":{"type":"Point","coordinates":[-70.26826,41.69146]},"properties":{"f":2989}},{"type":"Feature","geometry":{"type":"Point","coordinates":[-70.26694,41.69134]},"properties":{"f":3054}},{"type":"Feature","geometry":{"type":"Point","coordinates":[-70.26979,41.69215]},"properties":{"f":2797}},{"type":"Feature","geometry":{"type":"Point","coordinates":[-70.27037,41.69223]},"properties":{"f":2698}},{"type":"Feature","geometry":{"type":"Point","coordinates":[-70.27096,41.69227]},"properties":{"f":2568}},{"type":"Feature","geometry":{"type":"Point","coordinates":[-70.27213,41.69229]},"properties":{"f":2476}},{"type":"Feature","geometry":{"type":"Point","coordinates":[-70.27169,41.69329]},"properties":{"f":3425}},{"type":"Feature","geometry":{"type":"Point","coordinates":[-70.26979,41.69395]},"properties":{"f":5000}},{"type":"Feature","geometry":{"type":"Point","coordinates":[-70.2691,41.69386]},"properties":{"f":2930}},{"type":"Feature","geometry":{"type":"Point","coordinates":[-70.26828,41.6933]},"properties":{"f":2503}},{"type":"Feature","geometry":{"type":"Point","coordinates":[-70.26791,41.69354]},"properties":{"f":2823}},{"type":"Feature","geometry":{"type":"Point","coordinates":[-70.26637,41.69312]},"properties":{"f":3268}},{"type":"Feature","geometry":{"type":"Point","coordinates":[-70.26725,41.69409]},"properties":{"f":2673}},{"type":"Feature","geometry":{"type":"Point","coordinates":[-70.26808,41.69435]},"properties":{"f":3599}},{"type":"Feature","geometry":{"type":"Point","coordinates":[-70.26874,41.69455]},"properties":{"f":2764}},{"type":"Feature","geometry":{"type":"Point","coordinates":[-70.26983,41.69487]},"properties":{"f":2502}},{"type":"Feature","geometry":{"type":"Point","coordinates":[-70.27057,41.69496]},"properties":{"f":2540}},{"type":"Feature","geometry":{"type":"Point","coordinates":[-70.27076,41.69445]},"properties":{"f":3280}},{"type":"Feature","geometry":{"type":"Point","coordinates":[-70.27085,41.69396]},"properties":{"f":2565}},{"type":"Feature","geometry":{"type":"Point","coordinates":[-70.27153,41.69399]},"properties":{"f":4570}},{"type":"Feature","geometry":{"type":"Point","coordinates":[-70.27209,41.69417]},"properties":{"f":2953}},{"type":"Feature","geometry":{"type":"Point","coordinates":[-70.26546,41.69187]},"properties":{"f":3188}},{"type":"Feature","geometry":{"type":"Point","coordinates":[-70.26452,41.69183]},"properties":{"f":2801}},{"type":"Feature","geometry":{"type":"Point","coordinates":[-70.26434,41.69103]},"properties":{"f":2560}},{"type":"Feature","geometry":{"type":"Point","coordinates":[-70.26471,41.69058]},"properties":{"f":3201}},{"type":"Feature","geometry":{"type":"Point","coordinates":[-70.26578,41.6906]},"properties":{"f":2583}},{"type":"Feature","geometry":{"type":"Point","coordinates":[-70.26622,41.69125]},"properties":{"f":3606}},{"type":"Feature","geometry":{"type":"Point","coordinates":[-70.26642,41.69074]},"properties":{"f":2963}},{"type":"Feature","geometry":{"type":"Point","coordinates":[-70.26714,41.69079]},"properties":{"f":2571}},{"type":"Feature","geometry":{"type":"Point","coordinates":[-70.26212,41.6907]},"properties":{"f":2505}},{"type":"Feature","geometry":{"type":"Point","coordinates":[-70.26281,41.69074]},"properties":{"f":3228}},{"type":"Feature","geometry":{"type":"Point","coordinates":[-70.26485,41.70118]},"properties":{"f":2902}},{"type":"Feature","geometry":{"type":"Point","coordinates":[-70.26954,41.70024]},"properties":{"f":2839}},{"type":"Feature","geometry":{"type":"Point","coordinates":[-70.26286,41.69739]},"properties":{"f":2791}},{"type":"Feature","geometry":{"type":"Point","coordinates":[-70.2627,41.69838]},"properties":{"f":2506}},{"type":"Feature","geometry":{"type":"Point","coordinates":[-70.26243,41.69906]},"properties":{"f":3160}},{"type":"Feature","geometry":{"type":"Point","coordinates":[-70.26406,41.69887]},"properties":{"f":2465}},{"type":"Feature","geometry":{"type":"Point","coordinates":[-70.26472,41.69684]},"properties":{"f":2667}},{"type":"Feature","geometry":{"type":"Point","coordinates":[-70.26483,41.69653]},"properties":{"f":3306}},{"type":"Feature","geometry":{"type":"Point","coordinates":[-70.26494,41.69621]},"properties":{"f":2729}},{"type":"Feature","geometry":{"type":"Point","coordinates":[-70.26423,41.6962]},"properties":{"f":3491}},{"type":"Feature","geometry":{"type":"Point","coordinates":[-70.26386,41.69741]},"properties":{"f":2827}},{"type":"Feature","geometry":{"type":"Point","coordinates":[-70.2636,41.69821]},"properties":{"f":2520}},{"type":"Feature","geometry":{"type":"Point","coordinates":[-70.26323,41.69923]},"properties":{"f":2589}},{"type":"Feature","geometry":{"type":"Point","coordinates":[-70.2631,41.69957]},"properties":{"f":3255}},{"type":"Feature","geometry":{"type":"Point","coordinates":[-70.26303,41.69993]},"properties":{"f":2725}},{"type":"Feature","geometry":{"type":"Point","coordinates":[-70.26313,41.69691]},"properties":{"f":2570}},{"type":"Feature","geometry":{"type":"Point","coordinates":[-70.26882,41.70409]},"properties":{"f":3489}},{"type":"Feature","geometry":{"type":"Point","coordinates":[-70.26841,41.7064]},"properties":{"f":3795}},{"type":"Feature","geometry":{"type":"Point","coordinates":[-70.26714,41.707]},"properties":{"f":4260}},{"type":"Feature","geometry":{"type":"Point","coordinates":[-70.26547,41.7071]},"properties":{"f":3380}},{"type":"Feature","geometry":{"type":"Point","coordinates":[-70.26613,41.70723]},"properties":{"f":3919}},{"type":"Feature","geometry":{"type":"Point","coordinates":[-70.26629,41.70347]},"properties":{"f":3341}},{"type":"Feature","geometry":{"type":"Point","coordinates":[-70.26656,41.703]},"properties":{"f":2521}},{"type":"Feature","geometry":{"type":"Point","coordinates":[-70.26624,41.70473]},"properties":{"f":2830}},{"type":"Feature","geometry":{"type":"Point","coordinates":[-70.26405,41.70542]},"properties":{"f":3942}},{"type":"Feature","geometry":{"type":"Point","coordinates":[-70.26427,41.70502]},"properties":{"f":2873}},{"type":"Feature","geometry":{"type":"Point","coordinates":[-70.26538,41.70325]},"properties":{"f":3007}},{"type":"Feature","geometry":{"type":"Point","coordinates":[-70.26606,41.70231]},"properties":{"f":3197}},{"type":"Feature","geometry":{"type":"Point","coordinates":[-70.26396,41.70331]},"properties":{"f":2845}},{"type":"Feature","geometry":{"type":"Point","coordinates":[-70.26889,41.70164]},"properties":{"f":2657}},{"type":"Feature","geometry":{"type":"Point","coordinates":[-70.27092,41.70189]},"properties":{"f":3210}},{"type":"Feature","geometry":{"type":"Point","coordinates":[-70.26841,41.70458]},"properties":{"f":3317}},{"type":"Feature","geometry":{"type":"Point","coordinates":[-70.26772,41.70271]},"properties":{"f":3435}},{"type":"Feature","geometry":{"type":"Point","coordinates":[-70.26684,41.7061]},"properties":{"f":2758}},{"type":"Feature","geometry":{"type":"Point","coordinates":[-70.26465,41.70642]},"properties":{"f":3919}},{"type":"Feature","geometry":{"type":"Point","coordinates":[-70.26392,41.70642]},"properties":{"f":3667}},{"type":"Feature","geometry":{"type":"Point","coordinates":[-70.26206,41.70286]},"properties":{"f":4118}},{"type":"Feature","geometry":{"type":"Point","coordinates":[-70.27179,41.71015]},"properties":{"f":2760}},{"type":"Feature","geometry":{"type":"Point","coordinates":[-70.26815,41.71144]},"properties":{"f":2938}},{"type":"Feature","geometry":{"type":"Point","coordinates":[-70.26598,41.71179]},"properties":{"f":3209}},{"type":"Feature","geometry":{"type":"Point","coordinates":[-70.26462,41.70996]},"properties":{"f":3641}},{"type":"Feature","geometry":{"type":"Point","coordinates":[-70.26643,41.70952]},"properties":{"f":3028}},{"type":"Feature","geometry":{"type":"Point","coordinates":[-70.26763,41.70721]},"properties":{"f":6790}},{"type":"Feature","geometry":{"type":"Point","coordinates":[-70.26857,41.70845]},"properties":{"f":2552}},{"type":"Feature","geometry":{"type":"Point","coordinates":[-70.27032,41.70805]},"properties":{"f":3087}},{"type":"Feature","geometry":{"type":"Point","coordinates":[-70.26491,41.71107]},"properties":{"f":3390}},{"type":"Feature","geometry":{"type":"Point","coordinates":[-70.26482,41.71161]},"properties":{"f":3229}},{"type":"Feature","geometry":{"type":"Point","coordinates":[-70.26706,41.71105]},"properties":{"f":3137}},{"type":"Feature","geometry":{"type":"Point","coordinates":[-70.26058,41.69149]},"properties":{"f":3220}},{"type":"Feature","geometry":{"type":"Point","coordinates":[-70.26057,41.69092]},"properties":{"f":2625}},{"type":"Feature","geometry":{"type":"Point","coordinates":[-70.26064,41.69064]},"properties":{"f":2854}},{"type":"Feature","geometry":{"type":"Point","coordinates":[-70.26078,41.69016]},"properties":{"f":3066}},{"type":"Feature","geometry":{"type":"Point","coordinates":[-70.26042,41.69294]},"properties":{"f":2592}},{"type":"Feature","geometry":{"type":"Point","coordinates":[-70.26044,41.69258]},"properties":{"f":2918}},{"type":"Feature","geometry":{"type":"Point","coordinates":[-70.26127,41.69148]},"properties":{"f":2873}},{"type":"Feature","geometry":{"type":"Point","coordinates":[-70.26113,41.69557]},"properties":{"f":2885}},{"type":"Feature","geometry":{"type":"Point","coordinates":[-70.26161,41.69457]},"properties":{"f":3564}},{"type":"Feature","geometry":{"type":"Point","coordinates":[-70.26065,41.69493]},"properties":{"f":2544}},{"type":"Feature","geometry":{"type":"Point","coordinates":[-70.26054,41.69542]},"properties":{"f":3659}},{"type":"Feature","geometry":{"type":"Point","coordinates":[-70.26002,41.69573]},"properties":{"f":2959}},{"type":"Feature","geometry":{"type":"Point","coordinates":[-70.25998,41.69517]},"properties":{"f":3158}},{"type":"Feature","geometry":{"type":"Point","coordinates":[-70.26027,41.69359]},"properties":{"f":3350}},{"type":"Feature","geometry":{"type":"Point","coordinates":[-70.26135,41.69923]},"properties":{"f":2657}},{"type":"Feature","geometry":{"type":"Point","coordinates":[-70.2608,41.69908]},"properties":{"f":3019}},{"type":"Feature","geometry":{"type":"Point","coordinates":[-70.26179,41.69765]},"properties":{"f":3226}},{"type":"Feature","geometry":{"type":"Point","coordinates":[-70.26113,41.69804]},"properties":{"f":2833}},{"type":"Feature","geometry":{"type":"Point","coordinates":[-70.26036,41.69754]},"properties":{"f":2935}},{"type":"Feature","geometry":{"type":"Point","coordinates":[-70.26071,41.6973]},"properties":{"f":3103}},{"type":"Feature","geometry":{"type":"Point","coordinates":[-70.26105,41.69702]},"properties":{"f":2492}},{"type":"Feature","geometry":{"type":"Point","coordinates":[-70.26166,41.69626]},"properties":{"f":2615}},{"type":"Feature","geometry":{"type":"Point","coordinates":[-70.26014,41.6962]},"properties":{"f":3245}},{"type":"Feature","geometry":{"type":"Point","coordinates":[-70.26042,41.69655]},"properties":{"f":3096}},{"type":"Feature","geometry":{"type":"Point","coordinates":[-70.26147,41.70267]},"properties":{"f":4116}}]}