{"type":"FeatureCollection","features":[{"type":"Feature","geometry":{"type":"Polygon","coordinates":[[[-70.28252,41.72611],[-70.28473,41.72523],[-70.2848,41.72345],[-70.28266,41.72255],[-70.28045,41.72343],[-70.28038,41.72521],[-70.28252,41.72611]]]},"properties":{"h":"892a3108b33ffff","t":"Barnstable","v":"Barnstable Village","n":14,"oo":3,"po":21.4,"ao":1,"ml":641.5,"mf":821.325,"br":0,"rs":0,"pr":0,"no":0,"s":12.2,"sp":8.83,"r_oo":0.111,"r_mf":0.001,"r_rs":0.109,"r_n":0.341,"r_sol":0.268}},{"type":"Feature","geometry":{"type":"Polygon","coordinates":[[[-70.28045,41.72343],[-70.28266,41.72255],[-70.28273,41.72078],[-70.28059,41.71987],[-70.27838,41.72075],[-70.27831,41.72253],[-70.28045,41.72343]]]},"properties":{"h":"892a3108b37ffff","t":"Barnstable","v":"Barnstable Village","n":5,"oo":3,"po":60,"ao":2,"ml":924,"mf":1051.193,"br":0,"rs":0,"pr":0,"no":0,"s":24,"sp":8.83,"r_oo":0.466,"r_mf":0.034,"r_rs":0.109,"r_n":0.024,"r_sol":0.268}},{"type":"Feature","geometry":{"type":"Polygon","coordinates":[[[-70.26206,41.69399],[-70.26427,41.69311],[-70.26434,41.69134],[-70.26221,41.69044],[-70.26,41.69131],[-70.25993,41.69309],[-70.26206,41.69399]]]},"properties":{"h":"892a310d00bffff","t":"Barnstable","v":"Barnstable Village","n":19,"oo":1,"po":5.3,"ao":4,"ml":2262,"mf":2591.609,"br":11,"rs":0,"pr":0,"no":0,"s":32.6,"sp":8.83,"r_oo":0.03,"r_mf":0.895,"r_rs":0.109,"r_n":0.472,"r_sol":0.268}},{"type":"Feature","geometry":{"type":"Polygon","coordinates":[[[-70.25978,41.69664],[-70.26199,41.69577],[-70.26206,41.69399],[-70.25993,41.69309],[-70.25772,41.69396],[-70.25764,41.69574],[-70.25978,41.69664]]]},"properties":{"h":"892a310d01bffff","t":"Barnstable","v":"Barnstable Village","n":22,"oo":5,"po":22.7,"ao":2,"ml":2213.5,"mf":2921.853,"br":14,"rs":2,"pr":9.1,"no":0,"s":44.1,"sp":8.83,"r_oo":0.121,"r_mf":0.935,"r_rs":0.524,"r_n":0.533,"r_sol":0.268}},{"type":"Feature","geometry":{"type":"Polygon","coordinates":[[[-70.26848,41.69669],[-70.27069,41.69582],[-70.27076,41.69404],[-70.26862,41.69314],[-70.26641,41.69401],[-70.26634,41.69579],[-70.26848,41.69669]]]},"properties":{"h":"892a310d043ffff","t":"Barnstable","v":"Barnstable Village","n":10,"oo":0,"po":0,"ao":0,"ml":2574.5,"mf":2718.534,"br":9,"rs":1,"pr":10,"no":0,"s":37,"sp":8.83,"r_oo":0.014,"r_mf":0.911,"r_rs":0.575,"r_n":0.234,"r_sol":0.268}},{"type":"Feature","geometry":{"type":"Polygon","coordinates":[[[-70.26641,41.69401],[-70.26862,41.69314],[-70.26869,41.69136],[-70.26655,41.69046],[-70.26434,41.69134],[-70.26427,41.69311],[-70.26641,41.69401]]]},"properties":{"h":"892a310d047ffff","t":"Barnstable","v":"Barnstable Village","n":22,"oo":4,"po":18.2,"ao":0,"ml":2160.5,"mf":2330.32,"br":8,"rs":5,"pr":22.7,"no":0,"s":46.2,"sp":8.83,"r_oo":0.087,"r_mf":0.818,"r_rs":0.955,"r_n":0.533,"r_sol":0.268}},{"type":"Feature","geometry":{"type":"Polygon","coordinates":[[[-70.27282,41.69672],[-70.27503,41.69584],[-70.2751,41.69406],[-70.27297,41.69316],[-70.27076,41.69404],[-70.27069,41.69582],[-70.27282,41.69672]]]},"properties":{"h":"892a310d04bffff","t":"Barnstable","v":"Barnstable Village","n":5,"oo":0,"po":0,"ao":0,"ml":3484,"mf":3279.565,"br":5,"rs":1,"pr":20,"no":0,"s":41.3,"sp":8.83,"r_oo":0.014,"r_mf":0.963,"r_rs":0.919,"r_n":0.024,"r_sol":0.268}},{"type":"Feature","geometry":{"type":"Polygon","coordinates":[[[-70.27076,41.69404],[-70.27297,41.69316],[-70.27304,41.69139],[-70.2709,41.69049],[-70.26869,41.69136],[-70.26862,41.69314],[-70.27076,41.69404]]]},"properties":{"h":"892a310d04fffff","t":"Barnstable","v":"Barnstable Village","n":16,"oo":0,"po":0,"ao":0,"ml":1959,"mf":2310.798,"br":6,"rs":2,"pr":12.5,"no":0,"s":38.1,"sp":8.83,"r_oo":0.014,"r_mf":0.814,"r_rs":0.702,"r_n":0.401,"r_sol":0.268}},{"type":"Feature","geometry":{"type":"Polygon","coordinates":[[[-70.26413,41.69667],[-70.26634,41.69579],[-70.26641,41.69401],[-70.26427,41.69311],[-70.26206,41.69399],[-70.26199,41.69577],[-70.26413,41.69667]]]},"properties":{"h":"892a310d057ffff","t":"Barnstable","v":"Barnstable Village","n":20,"oo":2,"po":10,"ao":1,"ml":2479,"mf":2590.228,"br":11,"rs":2,"pr":10,"no":0,"s":40.3,"sp":8.83,"r_oo":0.041,"r_mf":0.894,"r_rs":0.575,"r_n":0.495,"r_sol":0.268}},{"type":"Feature","geometry":{"type":"Polygon","coordinates":[[[-70.26434,41.69134],[-70.26655,41.69046],[-70.26663,41.68868],[-70.26449,41.68778],[-70.26228,41.68866],[-70.26221,41.69044],[-70.26434,41.69134]]]},"properties":{"h":"892a310d073ffff","t":"Barnstable","v":"Barnstable Village","n":15,"oo":1,"po":6.7,"ao":0,"ml":2432,"mf":2812.359,"br":10,"rs":1,"pr":6.7,"no":0,"s":36.6,"sp":8.83,"r_oo":0.032,"r_mf":0.924,"r_rs":0.389,"r_n":0.369,"r_sol":0.268}},{"type":"Feature","geometry":{"type":"Polygon","coordinates":[[[-70.26869,41.69136],[-70.2709,41.69049],[-70.27097,41.68871],[-70.26884,41.68781],[-70.26663,41.68868],[-70.26655,41.69046],[-70.26869,41.69136]]]},"properties":{"h":"892a310d07bffff","t":"Barnstable","v":"Barnstable Village","n":12,"oo":1,"po":8.3,"ao":2,"ml":2375.5,"mf":2356.091,"br":5,"rs":1,"pr":8.3,"no":0,"s":34.9,"sp":8.83,"r_oo":0.036,"r_mf":0.827,"r_rs":0.48,"r_n":0.292,"r_sol":0.268}},{"type":"Feature","geometry":{"type":"Polygon","coordinates":[[[-70.26391,41.702],[-70.26612,41.70112],[-70.26619,41.69935],[-70.26406,41.69844],[-70.26185,41.69932],[-70.26177,41.7011],[-70.26391,41.702]]]},"properties":{"h":"892a310d0cbffff","t":"Barnstable","v":"Barnstable Village","n":17,"oo":3,"po":17.6,"ao":2,"ml":1883,"mf":1793.544,"br":5,"rs":3,"pr":17.6,"no":0,"s":36.3,"sp":8.83,"r_oo":0.082,"r_mf":0.518,"r_rs":0.878,"r_n":0.426,"r_sol":0.268}},{"type":"Feature","geometry":{"type":"Polygon","coordinates":[[[-70.26185,41.69932],[-70.26406,41.69844],[-70.26413,41.69667],[-70.26199,41.69577],[-70.25978,41.69664],[-70.25971,41.69842],[-70.26185,41.69932]]]},"properties":{"h":"892a310d0cfffff","t":"Barnstable","v":"Barnstable Village","n":24,"oo":2,"po":8.3,"ao":2,"ml":2046,"mf":2512.751,"br":14,"rs":3,"pr":12.5,"no":0,"s":42.4,"sp":8.83,"r_oo":0.036,"r_mf":0.88,"r_rs":0.702,"r_n":0.573,"r_sol":0.268}},{"type":"Feature","geometry":{"type":"Polygon","coordinates":[[[-70.26163,41.70465],[-70.26384,41.70378],[-70.26391,41.702],[-70.26177,41.7011],[-70.25956,41.70197],[-70.25949,41.70375],[-70.26163,41.70465]]]},"properties":{"h":"892a310d0dbffff","t":"Barnstable","v":"Barnstable Village","n":6,"oo":0,"po":0,"ao":1,"ml":2538,"mf":2240.127,"br":2,"rs":0,"pr":0,"no":0,"s":25.2,"sp":8.83,"r_oo":0.014,"r_mf":0.786,"r_rs":0.109,"r_n":0.072,"r_sol":0.268}},{"type":"Feature","geometry":{"type":"Polygon","coordinates":[[[-70.28815,41.69414],[-70.29036,41.69326],[-70.29043,41.69149],[-70.28829,41.69058],[-70.28608,41.69146],[-70.28601,41.69324],[-70.28815,41.69414]]]},"properties":{"h":"892a310d203ffff","t":"Barnstable","v":"Barnstable Village","n":20,"oo":18,"po":90,"ao":1,"ml":2249,"mf":1899.827,"br":6,"rs":1,"pr":5,"no":0,"s":64.8,"sp":8.83,"r_oo":0.937,"r_mf":0.604,"r_rs":0.306,"r_n":0.495,"r_sol":0.268}},{"type":"Feature","geometry":{"type":"Polygon","coordinates":[[[-70.29249,41.69416],[-70.2947,41.69329],[-70.29477,41.69151],[-70.29264,41.69061],[-70.29043,41.69149],[-70.29036,41.69326],[-70.29249,41.69416]]]},"properties":{"h":"892a310d20bffff","t":"Barnstable","v":"Barnstable Village","n":25,"oo":20,"po":80,"ao":2,"ml":1914,"mf":2127.153,"br":7,"rs":2,"pr":8,"no":0,"s":66,"sp":8.83,"r_oo":0.799,"r_mf":0.74,"r_rs":0.462,"r_n":0.593,"r_sol":0.268}},{"type":"Feature","geometry":{"type":"Polygon","coordinates":[[[-70.29043,41.69149],[-70.29264,41.69061],[-70.29271,41.68883],[-70.29057,41.68793],[-70.28836,41.68881],[-70.28829,41.69058],[-70.29043,41.69149]]]},"properties":{"h":"892a310d20fffff","t":"Barnstable","v":"Barnstable Village","n":9,"oo":7,"po":77.8,"ao":0,"ml":2106,"mf":1803.804,"br":2,"rs":1,"pr":11.1,"no":0,"s":57.5,"sp":8.83,"r_oo":0.755,"r_mf":0.524,"r_rs":0.639,"r_n":0.194,"r_sol":0.268}},{"type":"Feature","geometry":{"type":"Polygon","coordinates":[[[-70.29021,41.69682],[-70.29242,41.69594],[-70.29249,41.69416],[-70.29036,41.69326],[-70.28815,41.69414],[-70.28808,41.69592],[-70.29021,41.69682]]]},"properties":{"h":"892a310d21bffff","t":"Barnstable","v":"Barnstable Village","n":20,"oo":17,"po":85,"ao":2,"ml":1468.5,"mf":1833.217,"br":2,"rs":2,"pr":10,"no":0,"s":65,"sp":8.83,"r_oo":0.878,"r_mf":0.546,"r_rs":0.575,"r_n":0.495,"r_sol":0.268}},{"type":"Feature","geometry":{"type":"Polygon","coordinates":[[[-70.29891,41.69686],[-70.30112,41.69599],[-70.30119,41.69421],[-70.29905,41.69331],[-70.29684,41.69419],[-70.29677,41.69596],[-70.29891,41.69686]]]},"properties":{"h":"892a310d243ffff","t":"Barnstable","v":"Barnstable Village","n":14,"oo":10,"po":71.4,"ao":1,"ml":1744,"mf":2266.668,"br":3,"rs":2,"pr":14.3,"no":0,"s":63.8,"sp":8.83,"r_oo":0.652,"r_mf":0.797,"r_rs":0.784,"r_n":0.341,"r_sol":0.268}},{"type":"Feature","geometry":{"type":"Polygon","coordinates":[[[-70.29684,41.69419],[-70.29905,41.69331],[-70.29912,41.69153],[-70.29698,41.69063],[-70.29477,41.69151],[-70.2947,41.69329],[-70.29684,41.69419]]]},"properties":{"h":"892a310d247ffff","t":"Barnstable","v":"Barnstable Village","n":28,"oo":22,"po":78.6,"ao":1,"ml":1906,"mf":2385.871,"br":12,"rs":4,"pr":14.3,"no":0,"s":72.7,"sp":8.83,"r_oo":0.771,"r_mf":0.836,"r_rs":0.784,"r_n":0.65,"r_sol":0.268}},{"type":"Feature","geometry":{"type":"Polygon","coordinates":[[[-70.30326,41.69689],[-70.30547,41.69601],[-70.30554,41.69423],[-70.3034,41.69333],[-70.30119,41.69421],[-70.30112,41.69599],[-70.30326,41.69689]]]},"properties":{"h":"892a310d24bffff","t":"Barnstable","v":"Barnstable Village","n":28,"oo":18,"po":64.3,"ao":3,"ml":2086,"mf":1600.257,"br":6,"rs":6,"pr":21.4,"no":0,"s":53.7,"sp":8.83,"r_oo":0.531,"r_mf":0.366,"r_rs":0.939,"r_n":0.65,"r_sol":0.268}},{"type":"Feature","geometry":{"type":"Polygon","coordinates":[[[-70.30119,41.69421],[-70.3034,41.69333],[-70.30347,41.69156],[-70.30133,41.69066],[-70.29912,41.69153],[-70.29905,41.69331],[-70.30119,41.69421]]]},"properties":{"h":"892a310d24fffff","t":"Barnstable","v":"Barnstable Village","n":14,"oo":10,"po":71.4,"ao":2,"ml":1848,"mf":1913.041,"br":2,"rs":0,"pr":0,"no":0,"s":49.1,"sp":8.83,"r_oo":0.652,"r_mf":0.614,"r_rs":0.109,"r_n":0.341,"r_sol":0.268}},{"type":"Feature","geometry":{"type":"Polygon","coordinates":[[[-70.29663,41.69952],[-70.29884,41.69864],[-70.29891,41.69686],[-70.29677,41.69596],[-70.29456,41.69684],[-70.29449,41.69862],[-70.29663,41.69952]]]},"properties":{"h":"892a310d253ffff","t":"Barnstable","v":"Barnstable Village","n":15,"oo":12,"po":80,"ao":1,"ml":1846,"mf":2187.444,"br":3,"rs":0,"pr":0,"no":0,"s":59.1,"sp":8.83,"r_oo":0.799,"r_mf":0.764,"r_rs":0.109,"r_n":0.369,"r_sol":0.268}},{"type":"Feature","geometry":{"type":"Polygon","coordinates":[[[-70.29456,41.69684],[-70.29677,41.69596],[-70.29684,41.69419],[-70.2947,41.69329],[-70.29249,41.69416],[-70.29242,41.69594],[-70.29456,41.69684]]]},"properties":{"h":"892a310d257ffff","t":"Barnstable","v":"Barnstable Village","n":29,"oo":26,"po":89.7,"ao":0,"ml":1685,"mf":2251.302,"br":7,"rs":4,"pr":13.8,"no":0,"s":77.9,"sp":8.83,"r_oo":0.932,"r_mf":0.791,"r_rs":0.765,"r_n":0.668,"r_sol":0.268}},{"type":"Feature","geometry":{"type":"Polygon","coordinates":[[[-70.30098,41.69954],[-70.30319,41.69867],[-70.30326,41.69689],[-70.30112,41.69599],[-70.29891,41.69686],[-70.29884,41.69864],[-70.30098,41.69954]]]},"properties":{"h":"892a310d25bffff","t":"Barnstable","v":"Barnstable Village","n":16,"oo":12,"po":75,"ao":1,"ml":2067,"mf":1711.506,"br":1,"rs":2,"pr":12.5,"no":0,"s":56.9,"sp":8.83,"r_oo":0.709,"r_mf":0.455,"r_rs":0.702,"r_n":0.401,"r_sol":0.268}},{"type":"Feature","geometry":{"type":"Polygon","coordinates":[[[-70.29705,41.68886],[-70.29926,41.68798],[-70.29933,41.6862],[-70.2972,41.6853],[-70.29499,41.68618],[-70.29492,41.68796],[-70.29705,41.68886]]]},"properties":{"h":"892a310d263ffff","t":"Barnstable","v":"Barnstable Village","n":6,"oo":5,"po":83.3,"ao":1,"ml":1905.5,"mf":2279.987,"br":2,"rs":2,"pr":33.3,"no":0,"s":72.5,"sp":8.83,"r_oo":0.856,"r_mf":0.802,"r_rs":0.988,"r_n":0.072,"r_sol":0.268}},{"type":"Feature","geometry":{"type":"Polygon","coordinates":[[[-70.3014,41.68888],[-70.30361,41.688],[-70.30368,41.68623],[-70.30154,41.68533],[-70.29933,41.6862],[-70.29926,41.68798],[-70.3014,41.68888]]]},"properties":{"h":"892a310d26bffff","t":"Barnstable","v":"Barnstable Village","n":5,"oo":5,"po":100,"ao":0,"ml":1324,"mf":1523.276,"br":1,"rs":1,"pr":20,"no":0,"s":63.9,"sp":8.83,"r_oo":0.988,"r_mf":0.306,"r_rs":0.919,"r_n":0.024,"r_sol":0.268}},{"type":"Feature","geometry":{"type":"Polygon","coordinates":[[[-70.29477,41.69151],[-70.29698,41.69063],[-70.29705,41.68886],[-70.29492,41.68796],[-70.29271,41.68883],[-70.29264,41.69061],[-70.29477,41.69151]]]},"properties":{"h":"892a310d273ffff","t":"Barnstable","v":"Barnstable Village","n":24,"oo":21,"po":87.5,"ao":1,"ml":1715,"mf":1991.145,"br":3,"rs":4,"pr":16.7,"no":1,"s":74.1,"sp":8.83,"r_oo":0.907,"r_mf":0.66,"r_rs":0.858,"r_n":0.573,"r_sol":0.268}},{"type":"Feature","geometry":{"type":"Polygon","coordinates":[[[-70.29912,41.69153],[-70.30133,41.69066],[-70.3014,41.68888],[-70.29926,41.68798],[-70.29705,41.68886],[-70.29698,41.69063],[-70.29912,41.69153]]]},"properties":{"h":"892a310d27bffff","t":"Barnstable","v":"Barnstable Village","n":22,"oo":18,"po":81.8,"ao":2,"ml":1843,"mf":1835.278,"br":4,"rs":1,"pr":4.5,"no":0,"s":59.4,"sp":8.83,"r_oo":0.833,"r_mf":0.547,"r_rs":0.289,"r_n":0.533,"r_sol":0.268}},{"type":"Feature","geometry":{"type":"Polygon","coordinates":[[[-70.27924,41.69942],[-70.28145,41.69854],[-70.28152,41.69677],[-70.27938,41.69587],[-70.27717,41.69674],[-70.2771,41.69852],[-70.27924,41.69942]]]},"properties":{"h":"892a310d283ffff","t":"Barnstable","v":"Barnstable Village","n":13,"oo":7,"po":53.8,"ao":0,"ml":2297,"mf":2106.427,"br":3,"rs":2,"pr":15.4,"no":0,"s":51.8,"sp":8.83,"r_oo":0.383,"r_mf":0.732,"r_rs":0.818,"r_n":0.318,"r_sol":0.268}},{"type":"Feature","geometry":{"type":"Polygon","coordinates":[[[-70.27717,41.69674],[-70.27938,41.69587],[-70.27945,41.69409],[-70.27731,41.69319],[-70.2751,41.69406],[-70.27503,41.69584],[-70.27717,41.69674]]]},"properties":{"h":"892a310d287ffff","t":"Barnstable","v":"Barnstable Village","n":18,"oo":8,"po":44.4,"ao":1,"ml":2603.5,"mf":2502.185,"br":11,"rs":2,"pr":11.1,"no":0,"s":50.1,"sp":8.83,"r_oo":0.284,"r_mf":0.878,"r_rs":0.639,"r_n":0.448,"r_sol":0.268}},{"type":"Feature","geometry":{"type":"Polygon","coordinates":[[[-70.28359,41.69945],[-70.2858,41.69857],[-70.28587,41.69679],[-70.28373,41.69589],[-70.28152,41.69677],[-70.28145,41.69854],[-70.28359,41.69945]]]},"properties":{"h":"892a310d28bffff","t":"Barnstable","v":"Barnstable Village","n":5,"oo":2,"po":40,"ao":0,"ml":1488,"mf":1931.584,"br":1,"rs":0,"pr":0,"no":0,"s":29.7,"sp":8.83,"r_oo":0.239,"r_mf":0.624,"r_rs":0.109,"r_n":0.024,"r_sol":0.268}},{"type":"Feature","geometry":{"type":"Polygon","coordinates":[[[-70.28152,41.69677],[-70.28373,41.69589],[-70.2838,41.69411],[-70.28166,41.69321],[-70.27945,41.69409],[-70.27938,41.69587],[-70.28152,41.69677]]]},"properties":{"h":"892a310d28fffff","t":"Barnstable","v":"Barnstable Village","n":14,"oo":9,"po":64.3,"ao":0,"ml":1668,"mf":1650.5,"br":0,"rs":1,"pr":7.1,"no":0,"s":43.7,"sp":8.83,"r_oo":0.531,"r_mf":0.407,"r_rs":0.413,"r_n":0.341,"r_sol":0.268}},{"type":"Feature","geometry":{"type":"Polygon","coordinates":[[[-70.27696,41.70207],[-70.27917,41.7012],[-70.27924,41.69942],[-70.2771,41.69852],[-70.27489,41.6994],[-70.27482,41.70117],[-70.27696,41.70207]]]},"properties":{"h":"892a310d293ffff","t":"Barnstable","v":"Barnstable Village","n":22,"oo":10,"po":45.5,"ao":3,"ml":1943,"mf":1840.788,"br":4,"rs":1,"pr":4.5,"no":0,"s":37.9,"sp":8.83,"r_oo":0.293,"r_mf":0.554,"r_rs":0.289,"r_n":0.533,"r_sol":0.268}},{"type":"Feature","geometry":{"type":"Polygon","coordinates":[[[-70.2813,41.7021],[-70.28351,41.70122],[-70.28359,41.69945],[-70.28145,41.69854],[-70.27924,41.69942],[-70.27917,41.7012],[-70.2813,41.7021]]]},"properties":{"h":"892a310d29bffff","t":"Barnstable","v":"Barnstable Village","n":16,"oo":10,"po":62.5,"ao":2,"ml":1984.5,"mf":1860.339,"br":4,"rs":0,"pr":0,"no":0,"s":42.8,"sp":8.83,"r_oo":0.504,"r_mf":0.572,"r_rs":0.109,"r_n":0.401,"r_sol":0.268}},{"type":"Feature","geometry":{"type":"Polygon","coordinates":[[[-70.27739,41.69141],[-70.27959,41.69054],[-70.27967,41.68876],[-70.27753,41.68786],[-70.27532,41.68873],[-70.27525,41.69051],[-70.27739,41.69141]]]},"properties":{"h":"892a310d2a3ffff","t":"Barnstable","v":"Barnstable Village","n":18,"oo":2,"po":11.1,"ao":0,"ml":1992,"mf":1901.92,"br":2,"rs":3,"pr":16.7,"no":0,"s":37,"sp":8.83,"r_oo":0.047,"r_mf":0.606,"r_rs":0.858,"r_n":0.448,"r_sol":0.268}},{"type":"Feature","geometry":{"type":"Polygon","coordinates":[[[-70.2751,41.69406],[-70.27731,41.69319],[-70.27739,41.69141],[-70.27525,41.69051],[-70.27304,41.69139],[-70.27297,41.69316],[-70.2751,41.69406]]]},"properties":{"h":"892a310d2b3ffff","t":"Barnstable","v":"Barnstable Village","n":18,"oo":2,"po":11.1,"ao":1,"ml":2289,"mf":2613.576,"br":10,"rs":3,"pr":16.7,"no":0,"s":44.3,"sp":8.83,"r_oo":0.047,"r_mf":0.896,"r_rs":0.858,"r_n":0.448,"r_sol":0.268}},{"type":"Feature","geometry":{"type":"Polygon","coordinates":[[[-70.27304,41.69139],[-70.27525,41.69051],[-70.27532,41.68873],[-70.27318,41.68783],[-70.27097,41.68871],[-70.2709,41.69049],[-70.27304,41.69139]]]},"properties":{"h":"892a310d2b7ffff","t":"Barnstable","v":"Barnstable Village","n":7,"oo":1,"po":14.3,"ao":0,"ml":2857,"mf":2774.931,"br":4,"rs":2,"pr":28.6,"no":0,"s":44,"sp":8.83,"r_oo":0.064,"r_mf":0.919,"r_rs":0.976,"r_n":0.115,"r_sol":0.268}},{"type":"Feature","geometry":{"type":"Polygon","coordinates":[[[-70.27945,41.69409],[-70.28166,41.69321],[-70.28173,41.69144],[-70.27959,41.69054],[-70.27739,41.69141],[-70.27731,41.69319],[-70.27945,41.69409]]]},"properties":{"h":"892a310d2bbffff","t":"Barnstable","v":"Barnstable Village","n":16,"oo":7,"po":43.8,"ao":0,"ml":1820,"mf":1902.618,"br":4,"rs":1,"pr":6.2,"no":0,"s":38.4,"sp":8.83,"r_oo":0.279,"r_mf":0.606,"r_rs":0.362,"r_n":0.401,"r_sol":0.268}},{"type":"Feature","geometry":{"type":"Polygon","coordinates":[[[-70.29,41.70215],[-70.29221,41.70127],[-70.29228,41.69949],[-70.29014,41.69859],[-70.28793,41.69947],[-70.28786,41.70125],[-70.29,41.70215]]]},"properties":{"h":"892a310d2c3ffff","t":"Barnstable","v":"Barnstable Village","n":16,"oo":7,"po":43.8,"ao":5,"ml":1893,"mf":1777.361,"br":2,"rs":2,"pr":12.5,"no":0,"s":41,"sp":8.83,"r_oo":0.279,"r_mf":0.506,"r_rs":0.702,"r_n":0.401,"r_sol":0.268}},{"type":"Feature","geometry":{"type":"Polygon","coordinates":[[[-70.29435,41.70217],[-70.29656,41.7013],[-70.29663,41.69952],[-70.29449,41.69862],[-70.29228,41.69949],[-70.29221,41.70127],[-70.29435,41.70217]]]},"properties":{"h":"892a310d2cbffff","t":"Barnstable","v":"Barnstable Village","n":9,"oo":6,"po":66.7,"ao":0,"ml":2187,"mf":1580.827,"br":2,"rs":1,"pr":11.1,"no":0,"s":45.5,"sp":8.83,"r_oo":0.565,"r_mf":0.35,"r_rs":0.639,"r_n":0.194,"r_sol":0.268}},{"type":"Feature","geometry":{"type":"Polygon","coordinates":[[[-70.29228,41.69949],[-70.29449,41.69862],[-70.29456,41.69684],[-70.29242,41.69594],[-70.29021,41.69682],[-70.29014,41.69859],[-70.29228,41.69949]]]},"properties":{"h":"892a310d2cfffff","t":"Barnstable","v":"Barnstable Village","n":25,"oo":21,"po":84,"ao":0,"ml":1896,"mf":2018.712,"br":4,"rs":1,"pr":4,"no":0,"s":64.3,"sp":8.83,"r_oo":0.868,"r_mf":0.682,"r_rs":0.263,"r_n":0.593,"r_sol":0.268}},{"type":"Feature","geometry":{"type":"Polygon","coordinates":[[[-70.28772,41.7048],[-70.28993,41.70393],[-70.29,41.70215],[-70.28786,41.70125],[-70.28565,41.70212],[-70.28558,41.7039],[-70.28772,41.7048]]]},"properties":{"h":"892a310d2d3ffff","t":"Barnstable","v":"Barnstable Village","n":6,"oo":3,"po":50,"ao":1,"ml":2346,"mf":3002.047,"br":5,"rs":1,"pr":16.7,"no":0,"s":53.4,"sp":8.83,"r_oo":0.341,"r_mf":0.941,"r_rs":0.858,"r_n":0.072,"r_sol":0.268}},{"type":"Feature","geometry":{"type":"Polygon","coordinates":[[[-70.28565,41.70212],[-70.28786,41.70125],[-70.28793,41.69947],[-70.2858,41.69857],[-70.28359,41.69945],[-70.28351,41.70122],[-70.28565,41.70212]]]},"properties":{"h":"892a310d2d7ffff","t":"Barnstable","v":"Barnstable Village","n":17,"oo":10,"po":58.8,"ao":3,"ml":1993,"mf":2061.319,"br":2,"rs":2,"pr":11.8,"no":0,"s":52.5,"sp":8.83,"r_oo":0.446,"r_mf":0.707,"r_rs":0.67,"r_n":0.426,"r_sol":0.268}},{"type":"Feature","geometry":{"type":"Polygon","coordinates":[[[-70.29207,41.70483],[-70.29428,41.70395],[-70.29435,41.70217],[-70.29221,41.70127],[-70.29,41.70215],[-70.28993,41.70393],[-70.29207,41.70483]]]},"properties":{"h":"892a310d2dbffff","t":"Barnstable","v":"Barnstable Village","n":8,"oo":6,"po":75,"ao":0,"ml":2307.5,"mf":2178.427,"br":3,"rs":1,"pr":12.5,"no":0,"s":62.1,"sp":8.83,"r_oo":0.709,"r_mf":0.762,"r_rs":0.702,"r_n":0.154,"r_sol":0.268}},{"type":"Feature","geometry":{"type":"Polygon","coordinates":[[[-70.27183,41.66739],[-70.27404,41.66651],[-70.27411,41.66474],[-70.27198,41.66383],[-70.26977,41.66471],[-70.2697,41.66649],[-70.27183,41.66739]]]},"properties":{"h":"892a310d323ffff","t":"Barnstable","v":"Hyannis","n":5,"oo":1,"po":20,"ao":0,"ml":1128,"mf":1109.185,"br":0,"rs":2,"pr":40,"no":0,"s":23.1,"sp":8.83,"r_oo":0.1,"r_mf":0.051,"r_rs":0.995,"r_n":0.024,"r_sol":0.268}},{"type":"Feature","geometry":{"type":"Polygon","coordinates":[[[-70.27011,41.71004],[-70.27232,41.70916],[-70.27239,41.70738],[-70.27026,41.70648],[-70.26805,41.70736],[-70.26797,41.70913],[-70.27011,41.71004]]]},"properties":{"h":"892a310d607ffff","t":"Barnstable","v":"Barnstable Village","n":6,"oo":2,"po":33.3,"ao":0,"ml":1863,"mf":1781.075,"br":2,"rs":1,"pr":16.7,"no":0,"s":36.3,"sp":8.83,"r_oo":0.184,"r_mf":0.509,"r_rs":0.858,"r_n":0.072,"r_sol":0.268}},{"type":"Feature","geometry":{"type":"Polygon","coordinates":[[[-70.26783,41.71269],[-70.27004,41.71181],[-70.27011,41.71004],[-70.26797,41.70913],[-70.26576,41.71001],[-70.26569,41.71179],[-70.26783,41.71269]]]},"properties":{"h":"892a310d617ffff","t":"Barnstable","v":"Barnstable Village","n":12,"oo":0,"po":0,"ao":0,"ml":2072,"mf":1849.368,"br":3,"rs":0,"pr":0,"no":0,"s":21.8,"sp":8.83,"r_oo":0.014,"r_mf":0.561,"r_rs":0.109,"r_n":0.292,"r_sol":0.268}},{"type":"Feature","geometry":{"type":"Polygon","coordinates":[[[-70.27033,41.7047],[-70.27254,41.70383],[-70.27261,41.70205],[-70.27047,41.70115],[-70.26826,41.70202],[-70.26819,41.7038],[-70.27033,41.7047]]]},"properties":{"h":"892a310d623ffff","t":"Barnstable","v":"Barnstable Village","n":10,"oo":0,"po":0,"ao":0,"ml":2364,"mf":2156.371,"br":1,"rs":1,"pr":10,"no":0,"s":33.1,"sp":8.83,"r_oo":0.014,"r_mf":0.755,"r_rs":0.575,"r_n":0.234,"r_sol":0.268}},{"type":"Feature","geometry":{"type":"Polygon","coordinates":[[[-70.26826,41.70202],[-70.27047,41.70115],[-70.27054,41.69937],[-70.2684,41.69847],[-70.26619,41.69935],[-70.26612,41.70112],[-70.26826,41.70202]]]},"properties":{"h":"892a310d627ffff","t":"Barnstable","v":"Barnstable Village","n":7,"oo":0,"po":0,"ao":0,"ml":3096,"mf":2427.723,"br":2,"rs":2,"pr":28.6,"no":0,"s":40.4,"sp":8.83,"r_oo":0.014,"r_mf":0.854,"r_rs":0.976,"r_n":0.115,"r_sol":0.268}},{"type":"Feature","geometry":{"type":"Polygon","coordinates":[[[-70.27468,41.70473],[-70.27689,41.70385],[-70.27696,41.70207],[-70.27482,41.70117],[-70.27261,41.70205],[-70.27254,41.70383],[-70.27468,41.70473]]]},"properties":{"h":"892a310d62bffff","t":"Barnstable","v":"Barnstable Village","n":18,"oo":2,"po":11.1,"ao":2,"ml":1809,"mf":1836.803,"br":4,"rs":1,"pr":5.6,"no":0,"s":27.7,"sp":8.83,"r_oo":0.047,"r_mf":0.548,"r_rs":0.332,"r_n":0.448,"r_sol":0.268}},{"type":"Feature","geometry":{"type":"Polygon","coordinates":[[[-70.26805,41.70736],[-70.27026,41.70648],[-70.27033,41.7047],[-70.26819,41.7038],[-70.26598,41.70468],[-70.26591,41.70646],[-70.26805,41.70736]]]},"properties":{"h":"892a310d633ffff","t":"Barnstable","v":"Barnstable Village","n":9,"oo":2,"po":22.2,"ao":2,"ml":2669,"mf":2758.337,"br":5,"rs":1,"pr":11.1,"no":0,"s":41.8,"sp":8.83,"r_oo":0.118,"r_mf":0.915,"r_rs":0.639,"r_n":0.194,"r_sol":0.268}},{"type":"Feature","geometry":{"type":"Polygon","coordinates":[[[-70.26598,41.70468],[-70.26819,41.7038],[-70.26826,41.70202],[-70.26612,41.70112],[-70.26391,41.702],[-70.26384,41.70378],[-70.26598,41.70468]]]},"properties":{"h":"892a310d637ffff","t":"Barnstable","v":"Barnstable Village","n":15,"oo":1,"po":6.7,"ao":2,"ml":2181,"mf":2143.584,"br":6,"rs":3,"pr":20,"no":0,"s":40.2,"sp":8.83,"r_oo":0.032,"r_mf":0.75,"r_rs":0.919,"r_n":0.369,"r_sol":0.268}},{"type":"Feature","geometry":{"type":"Polygon","coordinates":[[[-70.28109,41.70743],[-70.2833,41.70655],[-70.28337,41.70478],[-70.28123,41.70388],[-70.27902,41.70475],[-70.27895,41.70653],[-70.28109,41.70743]]]},"properties":{"h":"892a310d663ffff","t":"Barnstable","v":"Barnstable Village","n":8,"oo":3,"po":37.5,"ao":3,"ml":2345.5,"mf":1778.214,"br":2,"rs":1,"pr":12.5,"no":0,"s":36.1,"sp":8.83,"r_oo":0.216,"r_mf":0.508,"r_rs":0.702,"r_n":0.154,"r_sol":0.268}},{"type":"Feature","geometry":{"type":"Polygon","coordinates":[[[-70.27902,41.70475],[-70.28123,41.70388],[-70.2813,41.7021],[-70.27917,41.7012],[-70.27696,41.70207],[-70.27689,41.70385],[-70.27902,41.70475]]]},"properties":{"h":"892a310d667ffff","t":"Barnstable","v":"Barnstable Village","n":18,"oo":8,"po":44.4,"ao":1,"ml":2392,"mf":2278.759,"br":8,"rs":2,"pr":11.1,"no":0,"s":48.1,"sp":8.83,"r_oo":0.284,"r_mf":0.801,"r_rs":0.639,"r_n":0.448,"r_sol":0.268}},{"type":"Feature","geometry":{"type":"Polygon","coordinates":[[[-70.28337,41.70478],[-70.28558,41.7039],[-70.28565,41.70212],[-70.28351,41.70122],[-70.2813,41.7021],[-70.28123,41.70388],[-70.28337,41.70478]]]},"properties":{"h":"892a310d66fffff","t":"Barnstable","v":"Barnstable Village","n":23,"oo":12,"po":52.2,"ao":1,"ml":1898,"mf":1860.665,"br":4,"rs":1,"pr":4.3,"no":0,"s":41.4,"sp":8.83,"r_oo":0.367,"r_mf":0.573,"r_rs":0.278,"r_n":0.554,"r_sol":0.268}},{"type":"Feature","geometry":{"type":"Polygon","coordinates":[[[-70.27881,41.71009],[-70.28102,41.70921],[-70.28109,41.70743],[-70.27895,41.70653],[-70.27674,41.70741],[-70.27667,41.70918],[-70.27881,41.71009]]]},"properties":{"h":"892a310d673ffff","t":"Barnstable","v":"Barnstable Village","n":5,"oo":1,"po":20,"ao":1,"ml":3018,"mf":1945.344,"br":2,"rs":0,"pr":0,"no":0,"s":24.3,"sp":8.83,"r_oo":0.1,"r_mf":0.633,"r_rs":0.109,"r_n":0.024,"r_sol":0.268}},{"type":"Feature","geometry":{"type":"Polygon","coordinates":[[[-70.27674,41.70741],[-70.27895,41.70653],[-70.27902,41.70475],[-70.27689,41.70385],[-70.27468,41.70473],[-70.2746,41.70651],[-70.27674,41.70741]]]},"properties":{"h":"892a310d677ffff","t":"Barnstable","v":"Barnstable Village","n":11,"oo":2,"po":18.2,"ao":1,"ml":2332,"mf":2420.768,"br":5,"rs":0,"pr":0,"no":0,"s":31.7,"sp":8.83,"r_oo":0.087,"r_mf":0.852,"r_rs":0.109,"r_n":0.266,"r_sol":0.268}},{"type":"Feature","geometry":{"type":"Polygon","coordinates":[[[-70.28316,41.71011],[-70.28537,41.70923],[-70.28544,41.70746],[-70.2833,41.70655],[-70.28109,41.70743],[-70.28102,41.70921],[-70.28316,41.71011]]]},"properties":{"h":"892a310d67bffff","t":"Barnstable","v":"Barnstable Village","n":5,"oo":0,"po":0,"ao":2,"ml":2876,"mf":2563.017,"br":4,"rs":1,"pr":20,"no":0,"s":39.5,"sp":8.83,"r_oo":0.014,"r_mf":0.888,"r_rs":0.919,"r_n":0.024,"r_sol":0.268}},{"type":"Feature","geometry":{"type":"Polygon","coordinates":[[[-70.26576,41.71001],[-70.26797,41.70913],[-70.26805,41.70736],[-70.26591,41.70646],[-70.2637,41.70733],[-70.26362,41.70911],[-70.26576,41.71001]]]},"properties":{"h":"892a310d6abffff","t":"Barnstable","v":"Barnstable Village","n":8,"oo":0,"po":0,"ao":3,"ml":3760.5,"mf":3204.049,"br":5,"rs":1,"pr":12.5,"no":0,"s":39.3,"sp":8.83,"r_oo":0.014,"r_mf":0.958,"r_rs":0.702,"r_n":0.154,"r_sol":0.268}},{"type":"Feature","geometry":{"type":"Polygon","coordinates":[[[-70.2637,41.70733],[-70.26591,41.70646],[-70.26598,41.70468],[-70.26384,41.70378],[-70.26163,41.70465],[-70.26156,41.70643],[-70.2637,41.70733]]]},"properties":{"h":"892a310d6afffff","t":"Barnstable","v":"Barnstable Village","n":9,"oo":2,"po":22.2,"ao":1,"ml":2528,"mf":2202.572,"br":4,"rs":1,"pr":11.1,"no":0,"s":38.2,"sp":8.83,"r_oo":0.118,"r_mf":0.771,"r_rs":0.639,"r_n":0.194,"r_sol":0.268}},{"type":"Feature","geometry":{"type":"Polygon","coordinates":[[[-70.26348,41.71266],[-70.26569,41.71179],[-70.26576,41.71001],[-70.26362,41.70911],[-70.26141,41.70998],[-70.26134,41.71176],[-70.26348,41.71266]]]},"properties":{"h":"892a310d6bbffff","t":"Barnstable","v":"Barnstable Village","n":5,"oo":0,"po":0,"ao":0,"ml":1799,"mf":3228.888,"br":3,"rs":1,"pr":20,"no":0,"s":41.3,"sp":8.83,"r_oo":0.014,"r_mf":0.959,"r_rs":0.919,"r_n":0.024,"r_sol":0.268}},{"type":"Feature","geometry":{"type":"Polygon","coordinates":[[[-70.28593,41.64082],[-70.28814,41.63994],[-70.28821,41.63817],[-70.28608,41.63727],[-70.28387,41.63814],[-70.2838,41.63992],[-70.28593,41.64082]]]},"properties":{"h":"892a310da43ffff","t":"Barnstable","v":"Hyannis","n":49,"oo":25,"po":51,"ao":10,"ml":1599,"mf":1829.855,"br":9,"rs":9,"pr":18.4,"no":0,"s":52.6,"sp":8.83,"r_oo":0.358,"r_mf":0.543,"r_rs":0.892,"r_n":0.868,"r_sol":0.268}},{"type":"Feature","geometry":{"type":"Polygon","coordinates":[[[-70.28387,41.63814],[-70.28608,41.63727],[-70.28615,41.63549],[-70.28401,41.63459],[-70.2818,41.63547],[-70.28173,41.63724],[-70.28387,41.63814]]]},"properties":{"h":"892a310da47ffff","t":"Barnstable","v":"Hyannis","n":34,"oo":6,"po":17.6,"ao":14,"ml":2116.5,"mf":1747.055,"br":4,"rs":5,"pr":14.7,"no":0,"s":37.4,"sp":8.83,"r_oo":0.082,"r_mf":0.486,"r_rs":0.802,"r_n":0.732,"r_sol":0.268}},{"type":"Feature","geometry":{"type":"Polygon","coordinates":[[[-70.29028,41.64084],[-70.29248,41.63997],[-70.29255,41.63819],[-70.29042,41.63729],[-70.28821,41.63817],[-70.28814,41.63994],[-70.29028,41.64084]]]},"properties":{"h":"892a310da4bffff","t":"Barnstable","v":"Hyannis","n":49,"oo":15,"po":30.6,"ao":7,"ml":1579,"mf":1430.79,"br":4,"rs":6,"pr":12.2,"no":0,"s":34,"sp":8.83,"r_oo":0.159,"r_mf":0.241,"r_rs":0.683,"r_n":0.868,"r_sol":0.268}},{"type":"Feature","geometry":{"type":"Polygon","coordinates":[[[-70.28821,41.63817],[-70.29042,41.63729],[-70.29049,41.63551],[-70.28835,41.63461],[-70.28615,41.63549],[-70.28608,41.63727],[-70.28821,41.63817]]]},"properties":{"h":"892a310da4fffff","t":"Barnstable","v":"Hyannis","n":37,"oo":8,"po":21.6,"ao":7,"ml":1996,"mf":1784.938,"br":3,"rs":4,"pr":10.8,"no":0,"s":36.9,"sp":8.83,"r_oo":0.113,"r_mf":0.511,"r_rs":0.62,"r_n":0.76,"r_sol":0.268}},{"type":"Feature","geometry":{"type":"Polygon","coordinates":[[[-70.28366,41.64347],[-70.28586,41.64259],[-70.28593,41.64082],[-70.2838,41.63992],[-70.28159,41.64079],[-70.28152,41.64257],[-70.28366,41.64347]]]},"properties":{"h":"892a310da53ffff","t":"Barnstable","v":"Hyannis","n":34,"oo":16,"po":47.1,"ao":5,"ml":1436,"mf":1531.968,"br":2,"rs":5,"pr":14.7,"no":0,"s":42.3,"sp":8.83,"r_oo":0.312,"r_mf":0.314,"r_rs":0.802,"r_n":0.732,"r_sol":0.268}},{"type":"Feature","geometry":{"type":"Polygon","coordinates":[[[-70.28159,41.64079],[-70.2838,41.63992],[-70.28387,41.63814],[-70.28173,41.63724],[-70.27953,41.63812],[-70.27946,41.63989],[-70.28159,41.64079]]]},"properties":{"h":"892a310da57ffff","t":"Barnstable","v":"Hyannis","n":40,"oo":15,"po":37.5,"ao":7,"ml":1726,"mf":1338.777,"br":7,"rs":8,"pr":20,"no":0,"s":37.5,"sp":8.83,"r_oo":0.216,"r_mf":0.175,"r_rs":0.919,"r_n":0.796,"r_sol":0.268}},{"type":"Feature","geometry":{"type":"Polygon","coordinates":[[[-70.288,41.64349],[-70.2902,41.64262],[-70.29028,41.64084],[-70.28814,41.63994],[-70.28593,41.64082],[-70.28586,41.64259],[-70.288,41.64349]]]},"properties":{"h":"892a310da5bffff","t":"Barnstable","v":"Hyannis","n":32,"oo":16,"po":50,"ao":4,"ml":1158,"mf":1160.842,"br":0,"rs":2,"pr":6.2,"no":0,"s":30.7,"sp":8.83,"r_oo":0.341,"r_mf":0.073,"r_rs":0.362,"r_n":0.71,"r_sol":0.268}},{"type":"Feature","geometry":{"type":"Polygon","coordinates":[[[-70.27703,41.6461],[-70.27924,41.64522],[-70.27931,41.64344],[-70.27718,41.64254],[-70.27497,41.64342],[-70.2749,41.6452],[-70.27703,41.6461]]]},"properties":{"h":"892a310dac3ffff","t":"Barnstable","v":"Hyannis","n":54,"oo":18,"po":33.3,"ao":11,"ml":2149.5,"mf":1862.034,"br":12,"rs":6,"pr":11.1,"no":0,"s":42.9,"sp":8.83,"r_oo":0.184,"r_mf":0.573,"r_rs":0.639,"r_n":0.897,"r_sol":0.268}},{"type":"Feature","geometry":{"type":"Polygon","coordinates":[[[-70.28138,41.64612],[-70.28358,41.64525],[-70.28366,41.64347],[-70.28152,41.64257],[-70.27931,41.64344],[-70.27924,41.64522],[-70.28138,41.64612]]]},"properties":{"h":"892a310dacbffff","t":"Barnstable","v":"Hyannis","n":10,"oo":3,"po":30,"ao":2,"ml":1554,"mf":1298.445,"br":1,"rs":3,"pr":30,"no":0,"s":29.9,"sp":8.83,"r_oo":0.156,"r_mf":0.156,"r_rs":0.982,"r_n":0.234,"r_sol":0.268}},{"type":"Feature","geometry":{"type":"Polygon","coordinates":[[[-70.27931,41.64344],[-70.28152,41.64257],[-70.28159,41.64079],[-70.27946,41.63989],[-70.27725,41.64077],[-70.27718,41.64254],[-70.27931,41.64344]]]},"properties":{"h":"892a310dacfffff","t":"Barnstable","v":"Hyannis","n":18,"oo":9,"po":50,"ao":0,"ml":1778,"mf":1314.495,"br":3,"rs":2,"pr":11.1,"no":0,"s":34.5,"sp":8.83,"r_oo":0.341,"r_mf":0.164,"r_rs":0.639,"r_n":0.448,"r_sol":0.268}},{"type":"Feature","geometry":{"type":"Polygon","coordinates":[[[-70.27476,41.64875],[-70.27696,41.64787],[-70.27703,41.6461],[-70.2749,41.6452],[-70.27269,41.64607],[-70.27262,41.64785],[-70.27476,41.64875]]]},"properties":{"h":"892a310dad3ffff","t":"Barnstable","v":"Hyannis","n":15,"oo":5,"po":33.3,"ao":1,"ml":2592,"mf":1842.405,"br":3,"rs":0,"pr":0,"no":0,"s":29.2,"sp":8.83,"r_oo":0.184,"r_mf":0.556,"r_rs":0.109,"r_n":0.369,"r_sol":0.268}},{"type":"Feature","geometry":{"type":"Polygon","coordinates":[[[-70.27269,41.64607],[-70.2749,41.6452],[-70.27497,41.64342],[-70.27283,41.64252],[-70.27063,41.6434],[-70.27056,41.64517],[-70.27269,41.64607]]]},"properties":{"h":"892a310dad7ffff","t":"Barnstable","v":"Hyannis","n":8,"oo":4,"po":50,"ao":2,"ml":3587,"mf":2806.849,"br":5,"rs":1,"pr":12.5,"no":0,"s":51.5,"sp":8.83,"r_oo":0.341,"r_mf":0.924,"r_rs":0.702,"r_n":0.154,"r_sol":0.268}},{"type":"Feature","geometry":{"type":"Polygon","coordinates":[[[-70.2791,41.64877],[-70.28131,41.6479],[-70.28138,41.64612],[-70.27924,41.64522],[-70.27703,41.6461],[-70.27696,41.64787],[-70.2791,41.64877]]]},"properties":{"h":"892a310dadbffff","t":"Barnstable","v":"Hyannis","n":38,"oo":16,"po":42.1,"ao":6,"ml":1896,"mf":1586.694,"br":7,"rs":4,"pr":10.5,"no":0,"s":38.7,"sp":8.83,"r_oo":0.258,"r_mf":0.355,"r_rs":0.607,"r_n":0.773,"r_sol":0.268}},{"type":"Feature","geometry":{"type":"Polygon","coordinates":[[[-70.27433,41.65941],[-70.27653,41.65853],[-70.27661,41.65675],[-70.27447,41.65585],[-70.27226,41.65673],[-70.27219,41.65851],[-70.27433,41.65941]]]},"properties":{"h":"892a310de4bffff","t":"Barnstable","v":"Hyannis","n":19,"oo":13,"po":68.4,"ao":1,"ml":1242,"mf":1020.339,"br":0,"rs":3,"pr":15.8,"no":0,"s":44.3,"sp":8.83,"r_oo":0.595,"r_mf":0.024,"r_rs":0.831,"r_n":0.472,"r_sol":0.268}},{"type":"Feature","geometry":{"type":"Polygon","coordinates":[[[-70.44838,41.59366],[-70.45058,41.59278],[-70.45064,41.591],[-70.44851,41.59011],[-70.4463,41.59098],[-70.44624,41.59276],[-70.44838,41.59366]]]},"properties":{"h":"892a31620dbffff","t":"Barnstable","v":"Cotuit","n":5,"oo":0,"po":0,"ao":5,"ml":2582,"mf":1868.717,"br":2,"rs":0,"pr":0,"no":0,"s":19.6,"sp":8.83,"r_oo":0.014,"r_mf":0.58,"r_rs":0.109,"r_n":0.024,"r_sol":0.268}},{"type":"Feature","geometry":{"type":"Polygon","coordinates":[[[-70.43704,41.60693],[-70.43924,41.60605],[-70.43931,41.60427],[-70.43717,41.60338],[-70.43497,41.60425],[-70.4349,41.60603],[-70.43704,41.60693]]]},"properties":{"h":"892a3162453ffff","t":"Barnstable","v":"Cotuit","n":5,"oo":3,"po":60,"ao":1,"ml":6476,"mf":4197.122,"br":3,"rs":0,"pr":0,"no":0,"s":47.9,"sp":8.83,"r_oo":0.466,"r_mf":0.986,"r_rs":0.109,"r_n":0.024,"r_sol":0.268}},{"type":"Feature","geometry":{"type":"Polygon","coordinates":[[[-70.44138,41.60695],[-70.44358,41.60607],[-70.44365,41.60429],[-70.44151,41.60339],[-70.43931,41.60427],[-70.43924,41.60605],[-70.44138,41.60695]]]},"properties":{"h":"892a316245bffff","t":"Barnstable","v":"Cotuit","n":7,"oo":5,"po":71.4,"ao":1,"ml":1802,"mf":1498.239,"br":1,"rs":1,"pr":14.3,"no":0,"s":48.8,"sp":8.83,"r_oo":0.652,"r_mf":0.286,"r_rs":0.784,"r_n":0.115,"r_sol":0.268}},{"type":"Feature","geometry":{"type":"Polygon","coordinates":[[[-70.4325,41.61224],[-70.43471,41.61136],[-70.43477,41.60958],[-70.43263,41.60868],[-70.43043,41.60956],[-70.43037,41.61134],[-70.4325,41.61224]]]},"properties":{"h":"892a31624dbffff","t":"Barnstable","v":"Cotuit","n":8,"oo":0,"po":0,"ao":1,"ml":2787,"mf":2831.109,"br":4,"rs":1,"pr":12.5,"no":0,"s":38.5,"sp":8.83,"r_oo":0.014,"r_mf":0.926,"r_rs":0.702,"r_n":0.154,"r_sol":0.268}},{"type":"Feature","geometry":{"type":"Polygon","coordinates":[[[-70.45894,41.60169],[-70.46114,41.60081],[-70.4612,41.59904],[-70.45906,41.59814],[-70.45686,41.59902],[-70.4568,41.60079],[-70.45894,41.60169]]]},"properties":{"h":"892a3162603ffff","t":"Barnstable","v":"Cotuit","n":19,"oo":15,"po":78.9,"ao":3,"ml":2439,"mf":2420.248,"br":9,"rs":3,"pr":15.8,"no":1,"s":72.2,"sp":8.83,"r_oo":0.776,"r_mf":0.851,"r_rs":0.831,"r_n":0.472,"r_sol":0.268}},{"type":"Feature","geometry":{"type":"Polygon","coordinates":[[[-70.46101,41.60436],[-70.46321,41.60348],[-70.46328,41.60171],[-70.46114,41.60081],[-70.45894,41.60169],[-70.45887,41.60347],[-70.46101,41.60436]]]},"properties":{"h":"892a316261bffff","t":"Barnstable","v":"Cotuit","n":25,"oo":12,"po":48,"ao":2,"ml":2352,"mf":2550.837,"br":14,"rs":2,"pr":8,"no":0,"s":50.5,"sp":8.83,"r_oo":0.319,"r_mf":0.887,"r_rs":0.462,"r_n":0.593,"r_sol":0.268}},{"type":"Feature","geometry":{"type":"Polygon","coordinates":[[[-70.44779,41.60964],[-70.45,41.60876],[-70.45006,41.60698],[-70.44792,41.60608],[-70.44572,41.60696],[-70.44566,41.60874],[-70.44779,41.60964]]]},"properties":{"h":"892a3162693ffff","t":"Barnstable","v":"Cotuit","n":9,"oo":7,"po":77.8,"ao":0,"ml":1951,"mf":2023.361,"br":2,"rs":3,"pr":33.3,"no":0,"s":66.8,"sp":8.83,"r_oo":0.755,"r_mf":0.685,"r_rs":0.988,"r_n":0.194,"r_sol":0.268}},{"type":"Feature","geometry":{"type":"Polygon","coordinates":[[[-70.45213,41.60965],[-70.45434,41.60878],[-70.4544,41.607],[-70.45226,41.6061],[-70.45006,41.60698],[-70.45,41.60876],[-70.45213,41.60965]]]},"properties":{"h":"892a316269bffff","t":"Barnstable","v":"Cotuit","n":18,"oo":14,"po":77.8,"ao":0,"ml":1910.5,"mf":2054.79,"br":6,"rs":0,"pr":0,"no":0,"s":56.6,"sp":8.83,"r_oo":0.755,"r_mf":0.703,"r_rs":0.109,"r_n":0.448,"r_sol":0.268}},{"type":"Feature","geometry":{"type":"Polygon","coordinates":[[[-70.44611,41.59631],[-70.44831,41.59543],[-70.44838,41.59366],[-70.44624,41.59276],[-70.44404,41.59364],[-70.44397,41.59541],[-70.44611,41.59631]]]},"properties":{"h":"892a31626a7ffff","t":"Barnstable","v":"Cotuit","n":7,"oo":1,"po":14.3,"ao":1,"ml":3741,"mf":3045.535,"br":4,"rs":0,"pr":0,"no":0,"s":31.6,"sp":8.83,"r_oo":0.064,"r_mf":0.944,"r_rs":0.109,"r_n":0.115,"r_sol":0.268}},{"type":"Feature","geometry":{"type":"Polygon","coordinates":[[[-70.45045,41.59633],[-70.45265,41.59545],[-70.45272,41.59367],[-70.45058,41.59278],[-70.44838,41.59366],[-70.44831,41.59543],[-70.45045,41.59633]]]},"properties":{"h":"892a31626afffff","t":"Barnstable","v":"Cotuit","n":7,"oo":3,"po":42.9,"ao":2,"ml":3908,"mf":3969.699,"br":6,"rs":1,"pr":14.3,"no":0,"s":50.8,"sp":8.83,"r_oo":0.267,"r_mf":0.981,"r_rs":0.784,"r_n":0.115,"r_sol":0.268}},{"type":"Feature","geometry":{"type":"Polygon","coordinates":[[[-70.45874,41.60702],[-70.46094,41.60614],[-70.46101,41.60436],[-70.45887,41.60347],[-70.45667,41.60434],[-70.4566,41.60612],[-70.45874,41.60702]]]},"properties":{"h":"892a31626c7ffff","t":"Barnstable","v":"Cotuit","n":32,"oo":14,"po":43.8,"ao":5,"ml":2008.5,"mf":2070.017,"br":11,"rs":5,"pr":15.6,"no":0,"s":51.2,"sp":8.83,"r_oo":0.279,"r_mf":0.715,"r_rs":0.826,"r_n":0.71,"r_sol":0.268}},{"type":"Feature","geometry":{"type":"Polygon","coordinates":[[[-70.45647,41.60967],[-70.45868,41.60879],[-70.45874,41.60702],[-70.4566,41.60612],[-70.4544,41.607],[-70.45434,41.60878],[-70.45647,41.60967]]]},"properties":{"h":"892a31626d7ffff","t":"Barnstable","v":"Cotuit","n":10,"oo":9,"po":90,"ao":0,"ml":2634.5,"mf":3104.92,"br":6,"rs":2,"pr":20,"no":0,"s":80,"sp":8.83,"r_oo":0.937,"r_mf":0.948,"r_rs":0.919,"r_n":0.234,"r_sol":0.268}},{"type":"Feature","geometry":{"type":"Polygon","coordinates":[[[-70.39537,41.67603],[-70.39758,41.67515],[-70.39765,41.67337],[-70.39551,41.67247],[-70.3933,41.67335],[-70.39323,41.67513],[-70.39537,41.67603]]]},"properties":{"h":"892a3170003ffff","t":"Barnstable","v":"Marstons Mills","n":20,"oo":18,"po":90,"ao":1,"ml":1666,"mf":1423.648,"br":1,"rs":3,"pr":15,"no":0,"s":63,"sp":8.83,"r_oo":0.937,"r_mf":0.234,"r_rs":0.806,"r_n":0.495,"r_sol":0.268}},{"type":"Feature","geometry":{"type":"Polygon","coordinates":[[[-70.39972,41.67605],[-70.40192,41.67517],[-70.40199,41.67339],[-70.39985,41.67249],[-70.39765,41.67337],[-70.39758,41.67515],[-70.39972,41.67605]]]},"properties":{"h":"892a317000bffff","t":"Barnstable","v":"Marstons Mills","n":52,"oo":35,"po":67.3,"ao":2,"ml":1060,"mf":1162.138,"br":2,"rs":7,"pr":13.5,"no":0,"s":48,"sp":8.83,"r_oo":0.581,"r_mf":0.075,"r_rs":0.754,"r_n":0.885,"r_sol":0.268}},{"type":"Feature","geometry":{"type":"Polygon","coordinates":[[[-70.39765,41.67337],[-70.39985,41.67249],[-70.39992,41.67072],[-70.39778,41.66982],[-70.39557,41.6707],[-70.39551,41.67247],[-70.39765,41.67337]]]},"properties":{"h":"892a317000fffff","t":"Barnstable","v":"Marstons Mills","n":61,"oo":42,"po":68.9,"ao":1,"ml":1076,"mf":1244.913,"br":0,"rs":4,"pr":6.6,"no":0,"s":44.7,"sp":8.83,"r_oo":0.602,"r_mf":0.116,"r_rs":0.383,"r_n":0.932,"r_sol":0.268}},{"type":"Feature","geometry":{"type":"Polygon","coordinates":[[[-70.3931,41.67868],[-70.3953,41.6778],[-70.39537,41.67603],[-70.39323,41.67513],[-70.39103,41.67601],[-70.39096,41.67778],[-70.3931,41.67868]]]},"properties":{"h":"892a3170013ffff","t":"Barnstable","v":"Marstons Mills","n":21,"oo":18,"po":85.7,"ao":1,"ml":2102,"mf":2167.983,"br":8,"rs":2,"pr":9.5,"no":0,"s":70.4,"sp":8.83,"r_oo":0.887,"r_mf":0.757,"r_rs":0.547,"r_n":0.513,"r_sol":0.268}},{"type":"Feature","geometry":{"type":"Polygon","coordinates":[[[-70.39103,41.67601],[-70.39323,41.67513],[-70.3933,41.67335],[-70.39116,41.67245],[-70.38895,41.67333],[-70.38889,41.67511],[-70.39103,41.67601]]]},"properties":{"h":"892a3170017ffff","t":"Barnstable","v":"Marstons Mills","n":16,"oo":12,"po":75,"ao":1,"ml":2519.5,"mf":2195.701,"br":4,"rs":4,"pr":25,"no":0,"s":68.7,"sp":8.83,"r_oo":0.709,"r_mf":0.767,"r_rs":0.965,"r_n":0.401,"r_sol":0.268}},{"type":"Feature","geometry":{"type":"Polygon","coordinates":[[[-70.39744,41.6787],[-70.39965,41.67782],[-70.39972,41.67605],[-70.39758,41.67515],[-70.39537,41.67603],[-70.3953,41.6778],[-70.39744,41.6787]]]},"properties":{"h":"892a317001bffff","t":"Barnstable","v":"Marstons Mills","n":42,"oo":36,"po":85.7,"ao":1,"ml":1309,"mf":1356.449,"br":0,"rs":4,"pr":9.5,"no":0,"s":59.2,"sp":8.83,"r_oo":0.887,"r_mf":0.189,"r_rs":0.547,"r_n":0.813,"r_sol":0.268}},{"type":"Feature","geometry":{"type":"Polygon","coordinates":[[[-70.3935,41.66802],[-70.39571,41.66714],[-70.39577,41.66537],[-70.39363,41.66447],[-70.39143,41.66535],[-70.39136,41.66712],[-70.3935,41.66802]]]},"properties":{"h":"892a3170023ffff","t":"Barnstable","v":"Marstons Mills","n":13,"oo":12,"po":92.3,"ao":0,"ml":1392,"mf":1287.387,"br":0,"rs":2,"pr":15.4,"no":0,"s":60.2,"sp":8.83,"r_oo":0.959,"r_mf":0.148,"r_rs":0.818,"r_n":0.318,"r_sol":0.268}},{"type":"Feature","geometry":{"type":"Polygon","coordinates":[[[-70.39143,41.66535],[-70.39363,41.66447],[-70.3937,41.66269],[-70.39156,41.66179],[-70.38936,41.66267],[-70.38929,41.66445],[-70.39143,41.66535]]]},"properties":{"h":"892a3170027ffff","t":"Barnstable","v":"Marstons Mills","n":7,"oo":4,"po":57.1,"ao":0,"ml":1207,"mf":1157.084,"br":0,"rs":1,"pr":14.3,"no":0,"s":34.3,"sp":8.83,"r_oo":0.425,"r_mf":0.069,"r_rs":0.784,"r_n":0.115,"r_sol":0.268}},{"type":"Feature","geometry":{"type":"Polygon","coordinates":[[[-70.39785,41.66804],[-70.40005,41.66716],[-70.40012,41.66539],[-70.39798,41.66449],[-70.39577,41.66537],[-70.39571,41.66714],[-70.39785,41.66804]]]},"properties":{"h":"892a317002bffff","t":"Barnstable","v":"Marstons Mills","n":38,"oo":32,"po":84.2,"ao":1,"ml":1347,"mf":1486.685,"br":0,"rs":3,"pr":7.9,"no":0,"s":59.1,"sp":8.83,"r_oo":0.872,"r_mf":0.278,"r_rs":0.456,"r_n":0.773,"r_sol":0.268}},{"type":"Feature","geometry":{"type":"Polygon","coordinates":[[[-70.39577,41.66537],[-70.39798,41.66449],[-70.39805,41.66271],[-70.39591,41.66181],[-70.3937,41.66269],[-70.39363,41.66447],[-70.39577,41.66537]]]},"properties":{"h":"892a317002fffff","t":"Barnstable","v":"Marstons Mills","n":7,"oo":4,"po":57.1,"ao":0,"ml":1808,"mf":1898.464,"br":1,"rs":0,"pr":0,"no":0,"s":37.5,"sp":8.83,"r_oo":0.425,"r_mf":0.602,"r_rs":0.109,"r_n":0.115,"r_sol":0.268}},{"type":"Feature","geometry":{"type":"Polygon","coordinates":[[[-70.38915,41.668],[-70.39136,41.66712],[-70.39143,41.66535],[-70.38929,41.66445],[-70.38708,41.66533],[-70.38701,41.6671],[-70.38915,41.668]]]},"properties":{"h":"892a3170037ffff","t":"Barnstable","v":"Marstons Mills","n":17,"oo":16,"po":94.1,"ao":0,"ml":1554,"mf":1649.247,"br":2,"rs":1,"pr":5.9,"no":0,"s":61,"sp":8.83,"r_oo":0.968,"r_mf":0.405,"r_rs":0.345,"r_n":0.426,"r_sol":0.268}},{"type":"Feature","geometry":{"type":"Polygon","coordinates":[[[-70.39557,41.6707],[-70.39778,41.66982],[-70.39785,41.66804],[-70.39571,41.66714],[-70.3935,41.66802],[-70.39343,41.6698],[-70.39557,41.6707]]]},"properties":{"h":"892a317003bffff","t":"Barnstable","v":"Marstons Mills","n":15,"oo":10,"po":66.7,"ao":1,"ml":1604,"mf":1644.375,"br":0,"rs":4,"pr":26.7,"no":0,"s":53.6,"sp":8.83,"r_oo":0.565,"r_mf":0.402,"r_rs":0.972,"r_n":0.369,"r_sol":0.268}},{"type":"Feature","geometry":{"type":"Polygon","coordinates":[[[-70.40406,41.67607],[-70.40627,41.67519],[-70.40634,41.67341],[-70.4042,41.67251],[-70.40199,41.67339],[-70.40192,41.67517],[-70.40406,41.67607]]]},"properties":{"h":"892a3170047ffff","t":"Barnstable","v":"Marstons Mills","n":6,"oo":3,"po":50,"ao":0,"ml":1130,"mf":1347.129,"br":0,"rs":0,"pr":0,"no":0,"s":23.2,"sp":8.83,"r_oo":0.341,"r_mf":0.181,"r_rs":0.109,"r_n":0.072,"r_sol":0.268}},{"type":"Feature","geometry":{"type":"Polygon","coordinates":[[[-70.41048,41.67876],[-70.41269,41.67788],[-70.41276,41.67611],[-70.41062,41.67521],[-70.40841,41.67609],[-70.40834,41.67786],[-70.41048,41.67876]]]},"properties":{"h":"892a317004bffff","t":"Barnstable","v":"Marstons Mills","n":6,"oo":3,"po":50,"ao":2,"ml":2392.5,"mf":2217.737,"br":1,"rs":0,"pr":0,"no":0,"s":38.1,"sp":8.83,"r_oo":0.341,"r_mf":0.778,"r_rs":0.109,"r_n":0.072,"r_sol":0.268}},{"type":"Feature","geometry":{"type":"Polygon","coordinates":[[[-70.40386,41.6814],[-70.40607,41.68052],[-70.40614,41.67874],[-70.404,41.67784],[-70.40179,41.67872],[-70.40172,41.6805],[-70.40386,41.6814]]]},"properties":{"h":"892a3170053ffff","t":"Barnstable","v":"Marstons Mills","n":15,"oo":12,"po":80,"ao":0,"ml":1764,"mf":1815.241,"br":4,"rs":2,"pr":13.3,"no":0,"s":62.8,"sp":8.83,"r_oo":0.799,"r_mf":0.531,"r_rs":0.748,"r_n":0.369,"r_sol":0.268}},{"type":"Feature","geometry":{"type":"Polygon","coordinates":[[[-70.40179,41.67872],[-70.404,41.67784],[-70.40406,41.67607],[-70.40192,41.67517],[-70.39972,41.67605],[-70.39965,41.67782],[-70.40179,41.67872]]]},"properties":{"h":"892a3170057ffff","t":"Barnstable","v":"Marstons Mills","n":32,"oo":29,"po":90.6,"ao":1,"ml":1471,"mf":1626.915,"br":0,"rs":2,"pr":6.2,"no":0,"s":62.6,"sp":8.83,"r_oo":0.944,"r_mf":0.385,"r_rs":0.362,"r_n":0.71,"r_sol":0.268}},{"type":"Feature","geometry":{"type":"Polygon","coordinates":[[[-70.40821,41.68142],[-70.41042,41.68054],[-70.41048,41.67876],[-70.40834,41.67786],[-70.40614,41.67874],[-70.40607,41.68052],[-70.40821,41.68142]]]},"properties":{"h":"892a317005bffff","t":"Barnstable","v":"Marstons Mills","n":7,"oo":4,"po":57.1,"ao":1,"ml":3978,"mf":3389.162,"br":6,"rs":1,"pr":14.3,"no":0,"s":56.8,"sp":8.83,"r_oo":0.425,"r_mf":0.968,"r_rs":0.784,"r_n":0.115,"r_sol":0.268}},{"type":"Feature","geometry":{"type":"Polygon","coordinates":[[[-70.40426,41.67074],[-70.40647,41.66986],[-70.40654,41.66808],[-70.4044,41.66718],[-70.40219,41.66806],[-70.40212,41.66984],[-70.40426,41.67074]]]},"properties":{"h":"892a3170063ffff","t":"Barnstable","v":"Marstons Mills","n":17,"oo":11,"po":64.7,"ao":0,"ml":1548,"mf":1537.084,"br":4,"rs":2,"pr":11.8,"no":0,"s":46.3,"sp":8.83,"r_oo":0.535,"r_mf":0.317,"r_rs":0.67,"r_n":0.426,"r_sol":0.268}},{"type":"Feature","geometry":{"type":"Polygon","coordinates":[[[-70.40219,41.66806],[-70.4044,41.66718],[-70.40446,41.66541],[-70.40232,41.66451],[-70.40012,41.66539],[-70.40005,41.66716],[-70.40219,41.66806]]]},"properties":{"h":"892a3170067ffff","t":"Barnstable","v":"Marstons Mills","n":26,"oo":21,"po":80.8,"ao":2,"ml":1680,"mf":1506.187,"br":2,"rs":4,"pr":15.4,"no":0,"s":61,"sp":8.83,"r_oo":0.817,"r_mf":0.291,"r_rs":0.818,"r_n":0.615,"r_sol":0.268}},{"type":"Feature","geometry":{"type":"Polygon","coordinates":[[[-70.40199,41.67339],[-70.4042,41.67251],[-70.40426,41.67074],[-70.40212,41.66984],[-70.39992,41.67072],[-70.39985,41.67249],[-70.40199,41.67339]]]},"properties":{"h":"892a3170073ffff","t":"Barnstable","v":"Marstons Mills","n":51,"oo":34,"po":66.7,"ao":1,"ml":1152,"mf":1077.584,"br":2,"rs":4,"pr":7.8,"no":0,"s":41.9,"sp":8.83,"r_oo":0.565,"r_mf":0.041,"r_rs":0.452,"r_n":0.88,"r_sol":0.268}},{"type":"Feature","geometry":{"type":"Polygon","coordinates":[[[-70.39992,41.67072],[-70.40212,41.66984],[-70.40219,41.66806],[-70.40005,41.66716],[-70.39785,41.66804],[-70.39778,41.66982],[-70.39992,41.67072]]]},"properties":{"h":"892a3170077ffff","t":"Barnstable","v":"Marstons Mills","n":44,"oo":37,"po":84.1,"ao":3,"ml":1343.5,"mf":1325.062,"br":3,"rs":2,"pr":4.5,"no":0,"s":54.3,"sp":8.83,"r_oo":0.869,"r_mf":0.169,"r_rs":0.289,"r_n":0.829,"r_sol":0.268}},{"type":"Feature","geometry":{"type":"Polygon","coordinates":[[[-70.40634,41.67341],[-70.40854,41.67253],[-70.40861,41.67076],[-70.40647,41.66986],[-70.40426,41.67074],[-70.4042,41.67251],[-70.40634,41.67341]]]},"properties":{"h":"892a317007bffff","t":"Barnstable","v":"Marstons Mills","n":8,"oo":5,"po":62.5,"ao":1,"ml":2553,"mf":2741.71,"br":6,"rs":1,"pr":12.5,"no":0,"s":57.7,"sp":8.83,"r_oo":0.504,"r_mf":0.912,"r_rs":0.702,"r_n":0.154,"r_sol":0.268}},{"type":"Feature","geometry":{"type":"Polygon","coordinates":[[[-70.38648,41.68132],[-70.38868,41.68044],[-70.38875,41.67866],[-70.38661,41.67776],[-70.3844,41.67864],[-70.38434,41.68042],[-70.38648,41.68132]]]},"properties":{"h":"892a3170083ffff","t":"Barnstable","v":"Marstons Mills","n":8,"oo":6,"po":75,"ao":0,"ml":1823.5,"mf":1548.754,"br":1,"rs":0,"pr":0,"no":0,"s":42.4,"sp":8.83,"r_oo":0.709,"r_mf":0.329,"r_rs":0.109,"r_n":0.154,"r_sol":0.268}},{"type":"Feature","geometry":{"type":"Polygon","coordinates":[[[-70.3844,41.67864],[-70.38661,41.67776],[-70.38668,41.67599],[-70.38454,41.67509],[-70.38233,41.67597],[-70.38226,41.67774],[-70.3844,41.67864]]]},"properties":{"h":"892a3170087ffff","t":"Barnstable","v":"Marstons Mills","n":37,"oo":31,"po":83.8,"ao":0,"ml":1216,"mf":1217.831,"br":1,"rs":1,"pr":2.7,"no":0,"s":50.8,"sp":8.83,"r_oo":0.866,"r_mf":0.099,"r_rs":0.228,"r_n":0.76,"r_sol":0.268}},{"type":"Feature","geometry":{"type":"Polygon","coordinates":[[[-70.38875,41.67866],[-70.39096,41.67778],[-70.39103,41.67601],[-70.38889,41.67511],[-70.38668,41.67599],[-70.38661,41.67776],[-70.38875,41.67866]]]},"properties":{"h":"892a317008fffff","t":"Barnstable","v":"Marstons Mills","n":15,"oo":13,"po":86.7,"ao":0,"ml":2252,"mf":2207.333,"br":4,"rs":1,"pr":6.7,"no":0,"s":67.5,"sp":8.83,"r_oo":0.9,"r_mf":0.773,"r_rs":0.389,"r_n":0.369,"r_sol":0.268}},{"type":"Feature","geometry":{"type":"Polygon","coordinates":[[[-70.3842,41.68397],[-70.38641,41.68309],[-70.38648,41.68132],[-70.38434,41.68042],[-70.38213,41.6813],[-70.38206,41.68307],[-70.3842,41.68397]]]},"properties":{"h":"892a3170093ffff","t":"Barnstable","v":"Marstons Mills","n":5,"oo":4,"po":80,"ao":0,"ml":1728,"mf":2175.78,"br":2,"rs":0,"pr":0,"no":0,"s":55.5,"sp":8.83,"r_oo":0.799,"r_mf":0.76,"r_rs":0.109,"r_n":0.024,"r_sol":0.268}},{"type":"Feature","geometry":{"type":"Polygon","coordinates":[[[-70.38213,41.6813],[-70.38434,41.68042],[-70.3844,41.67864],[-70.38226,41.67774],[-70.38006,41.67862],[-70.37999,41.6804],[-70.38213,41.6813]]]},"properties":{"h":"892a3170097ffff","t":"Barnstable","v":"Marstons Mills","n":12,"oo":10,"po":83.3,"ao":1,"ml":1072,"mf":1274.971,"br":0,"rs":3,"pr":25,"no":0,"s":57.8,"sp":8.83,"r_oo":0.856,"r_mf":0.141,"r_rs":0.965,"r_n":0.292,"r_sol":0.268}},{"type":"Feature","geometry":{"type":"Polygon","coordinates":[[[-70.38461,41.67331],[-70.38681,41.67243],[-70.38688,41.67066],[-70.38474,41.66976],[-70.38253,41.67063],[-70.38247,41.67241],[-70.38461,41.67331]]]},"properties":{"h":"892a31700a3ffff","t":"Barnstable","v":"Marstons Mills","n":26,"oo":19,"po":73.1,"ao":0,"ml":1549,"mf":1478.401,"br":2,"rs":3,"pr":11.5,"no":0,"s":52.6,"sp":8.83,"r_oo":0.679,"r_mf":0.27,"r_rs":0.659,"r_n":0.615,"r_sol":0.268}},{"type":"Feature","geometry":{"type":"Polygon","coordinates":[[[-70.38253,41.67063],[-70.38474,41.66976],[-70.38481,41.66798],[-70.38267,41.66708],[-70.38046,41.66796],[-70.3804,41.66974],[-70.38253,41.67063]]]},"properties":{"h":"892a31700a7ffff","t":"Barnstable","v":"Marstons Mills","n":10,"oo":6,"po":60,"ao":2,"ml":1747.5,"mf":1598.195,"br":0,"rs":2,"pr":20,"no":0,"s":46.6,"sp":8.83,"r_oo":0.466,"r_mf":0.365,"r_rs":0.919,"r_n":0.234,"r_sol":0.268}},{"type":"Feature","geometry":{"type":"Polygon","coordinates":[[[-70.38688,41.67066],[-70.38909,41.66978],[-70.38915,41.668],[-70.38701,41.6671],[-70.38481,41.66798],[-70.38474,41.66976],[-70.38688,41.67066]]]},"properties":{"h":"892a31700afffff","t":"Barnstable","v":"Marstons Mills","n":14,"oo":7,"po":50,"ao":3,"ml":1794.5,"mf":1579.563,"br":2,"rs":4,"pr":28.6,"no":0,"s":43.1,"sp":8.83,"r_oo":0.341,"r_mf":0.348,"r_rs":0.976,"r_n":0.341,"r_sol":0.268}},{"type":"Feature","geometry":{"type":"Polygon","coordinates":[[[-70.38233,41.67597],[-70.38454,41.67509],[-70.38461,41.67331],[-70.38247,41.67241],[-70.38026,41.67329],[-70.38019,41.67507],[-70.38233,41.67597]]]},"properties":{"h":"892a31700b3ffff","t":"Barnstable","v":"Marstons Mills","n":44,"oo":38,"po":86.4,"ao":1,"ml":1511.5,"mf":1545.244,"br":3,"rs":6,"pr":13.6,"no":0,"s":66.3,"sp":8.83,"r_oo":0.898,"r_mf":0.323,"r_rs":0.759,"r_n":0.829,"r_sol":0.268}},{"type":"Feature","geometry":{"type":"Polygon","coordinates":[[[-70.38026,41.67329],[-70.38247,41.67241],[-70.38253,41.67063],[-70.3804,41.66974],[-70.37819,41.67061],[-70.37812,41.67239],[-70.38026,41.67329]]]},"properties":{"h":"892a31700b7ffff","t":"Barnstable","v":"Marstons Mills","n":28,"oo":23,"po":82.1,"ao":0,"ml":1550,"mf":1476.886,"br":6,"rs":3,"pr":10.7,"no":0,"s":58.7,"sp":8.83,"r_oo":0.838,"r_mf":0.269,"r_rs":0.616,"r_n":0.65,"r_sol":0.268}},{"type":"Feature","geometry":{"type":"Polygon","coordinates":[[[-70.38668,41.67599],[-70.38889,41.67511],[-70.38895,41.67333],[-70.38681,41.67243],[-70.38461,41.67331],[-70.38454,41.67509],[-70.38668,41.67599]]]},"properties":{"h":"892a31700bbffff","t":"Barnstable","v":"Marstons Mills","n":20,"oo":13,"po":65,"ao":1,"ml":1759,"mf":1481.16,"br":1,"rs":0,"pr":0,"no":0,"s":37.6,"sp":8.83,"r_oo":0.538,"r_mf":0.272,"r_rs":0.109,"r_n":0.495,"r_sol":0.268}},{"type":"Feature","geometry":{"type":"Polygon","coordinates":[[[-70.39517,41.68136],[-70.39738,41.68048],[-70.39744,41.6787],[-70.3953,41.6778],[-70.3931,41.67868],[-70.39303,41.68046],[-70.39517,41.68136]]]},"properties":{"h":"892a31700c7ffff","t":"Barnstable","v":"Marstons Mills","n":7,"oo":6,"po":85.7,"ao":0,"ml":1308,"mf":1512.153,"br":0,"rs":1,"pr":14.3,"no":0,"s":58.4,"sp":8.83,"r_oo":0.887,"r_mf":0.296,"r_rs":0.784,"r_n":0.115,"r_sol":0.268}},{"type":"Feature","geometry":{"type":"Polygon","coordinates":[[[-70.40159,41.68405],[-70.4038,41.68318],[-70.40386,41.6814],[-70.40172,41.6805],[-70.39952,41.68138],[-70.39945,41.68316],[-70.40159,41.68405]]]},"properties":{"h":"892a31700cbffff","t":"Barnstable","v":"Marstons Mills","n":6,"oo":4,"po":66.7,"ao":0,"ml":1489.5,"mf":1801.837,"br":1,"rs":1,"pr":16.7,"no":0,"s":51.9,"sp":8.83,"r_oo":0.565,"r_mf":0.522,"r_rs":0.858,"r_n":0.072,"r_sol":0.268}},{"type":"Feature","geometry":{"type":"Polygon","coordinates":[[[-70.39952,41.68138],[-70.40172,41.6805],[-70.40179,41.67872],[-70.39965,41.67782],[-70.39744,41.6787],[-70.39738,41.68048],[-70.39952,41.68138]]]},"properties":{"h":"892a31700cfffff","t":"Barnstable","v":"Marstons Mills","n":28,"oo":25,"po":89.3,"ao":0,"ml":1487,"mf":1333.047,"br":2,"rs":2,"pr":7.1,"no":0,"s":56.8,"sp":8.83,"r_oo":0.928,"r_mf":0.173,"r_rs":0.413,"r_n":0.65,"r_sol":0.268}},{"type":"Feature","geometry":{"type":"Polygon","coordinates":[[[-70.38087,41.6573],[-70.38307,41.65642],[-70.38314,41.65464],[-70.381,41.65375],[-70.3788,41.65462],[-70.37873,41.6564],[-70.38087,41.6573]]]},"properties":{"h":"892a3170103ffff","t":"Barnstable","v":"Osterville","n":28,"oo":22,"po":78.6,"ao":1,"ml":1452,"mf":1855.308,"br":0,"rs":2,"pr":7.1,"no":0,"s":60.4,"sp":8.83,"r_oo":0.771,"r_mf":0.566,"r_rs":0.413,"r_n":0.65,"r_sol":0.268}},{"type":"Feature","geometry":{"type":"Polygon","coordinates":[[[-70.3788,41.65462],[-70.381,41.65375],[-70.38107,41.65197],[-70.37893,41.65107],[-70.37673,41.65195],[-70.37666,41.65373],[-70.3788,41.65462]]]},"properties":{"h":"892a3170107ffff","t":"Barnstable","v":"Osterville","n":41,"oo":34,"po":82.9,"ao":1,"ml":1346,"mf":1212.965,"br":0,"rs":4,"pr":9.8,"no":0,"s":55.3,"sp":8.83,"r_oo":0.845,"r_mf":0.097,"r_rs":0.557,"r_n":0.805,"r_sol":0.268}},{"type":"Feature","geometry":{"type":"Polygon","coordinates":[[[-70.38521,41.65732],[-70.38742,41.65644],[-70.38749,41.65467],[-70.38535,41.65377],[-70.38314,41.65464],[-70.38307,41.65642],[-70.38521,41.65732]]]},"properties":{"h":"892a317010bffff","t":"Barnstable","v":"Osterville","n":48,"oo":36,"po":75,"ao":3,"ml":1434,"mf":1912.613,"br":6,"rs":6,"pr":12.5,"no":0,"s":65.5,"sp":8.83,"r_oo":0.709,"r_mf":0.613,"r_rs":0.702,"r_n":0.86,"r_sol":0.268}},{"type":"Feature","geometry":{"type":"Polygon","coordinates":[[[-70.38314,41.65464],[-70.38535,41.65377],[-70.38541,41.65199],[-70.38328,41.65109],[-70.38107,41.65197],[-70.381,41.65375],[-70.38314,41.65464]]]},"properties":{"h":"892a317010fffff","t":"Barnstable","v":"Osterville","n":53,"oo":33,"po":62.3,"ao":5,"ml":1316,"mf":1725.931,"br":0,"rs":1,"pr":1.9,"no":0,"s":46.4,"sp":8.83,"r_oo":0.498,"r_mf":0.465,"r_rs":0.22,"r_n":0.891,"r_sol":0.268}},{"type":"Feature","geometry":{"type":"Polygon","coordinates":[[[-70.37859,41.65995],[-70.3808,41.65908],[-70.38087,41.6573],[-70.37873,41.6564],[-70.37652,41.65728],[-70.37646,41.65906],[-70.37859,41.65995]]]},"properties":{"h":"892a3170113ffff","t":"Barnstable","v":"Centerville","n":23,"oo":19,"po":82.6,"ao":1,"ml":1849,"mf":1737.627,"br":4,"rs":3,"pr":13,"no":0,"s":64.9,"sp":8.83,"r_oo":0.843,"r_mf":0.477,"r_rs":0.734,"r_n":0.554,"r_sol":0.268}},{"type":"Feature","geometry":{"type":"Polygon","coordinates":[[[-70.37652,41.65728],[-70.37873,41.6564],[-70.3788,41.65462],[-70.37666,41.65373],[-70.37445,41.6546],[-70.37438,41.65638],[-70.37652,41.65728]]]},"properties":{"h":"892a3170117ffff","t":"Barnstable","v":"Osterville","n":5,"oo":4,"po":80,"ao":0,"ml":1404,"mf":1367.659,"br":1,"rs":1,"pr":20,"no":0,"s":53.5,"sp":8.83,"r_oo":0.799,"r_mf":0.196,"r_rs":0.919,"r_n":0.024,"r_sol":0.268}},{"type":"Feature","geometry":{"type":"Polygon","coordinates":[[[-70.38294,41.65997],[-70.38514,41.6591],[-70.38521,41.65732],[-70.38307,41.65642],[-70.38087,41.6573],[-70.3808,41.65908],[-70.38294,41.65997]]]},"properties":{"h":"892a317011bffff","t":"Barnstable","v":"Osterville","n":38,"oo":31,"po":81.6,"ao":0,"ml":1320,"mf":1690.086,"br":2,"rs":7,"pr":18.4,"no":0,"s":67.8,"sp":8.83,"r_oo":0.829,"r_mf":0.434,"r_rs":0.892,"r_n":0.773,"r_sol":0.268}},{"type":"Feature","geometry":{"type":"Polygon","coordinates":[[[-70.379,41.64929],[-70.3812,41.64842],[-70.38127,41.64664],[-70.37913,41.64574],[-70.37693,41.64662],[-70.37686,41.6484],[-70.379,41.64929]]]},"properties":{"h":"892a3170123ffff","t":"Barnstable","v":"Osterville","n":5,"oo":5,"po":100,"ao":0,"ml":2162,"mf":2817.774,"br":4,"rs":0,"pr":0,"no":0,"s":67.2,"sp":8.83,"r_oo":0.988,"r_mf":0.925,"r_rs":0.109,"r_n":0.024,"r_sol":0.268}},{"type":"Feature","geometry":{"type":"Polygon","coordinates":[[[-70.38334,41.64932],[-70.38555,41.64844],[-70.38562,41.64666],[-70.38348,41.64576],[-70.38127,41.64664],[-70.3812,41.64842],[-70.38334,41.64932]]]},"properties":{"h":"892a317012bffff","t":"Barnstable","v":"Osterville","n":56,"oo":37,"po":66.1,"ao":6,"ml":1376,"mf":1689.754,"br":4,"rs":2,"pr":3.6,"no":0,"s":48.3,"sp":8.83,"r_oo":0.548,"r_mf":0.432,"r_rs":0.25,"r_n":0.91,"r_sol":0.268}},{"type":"Feature","geometry":{"type":"Polygon","coordinates":[[[-70.38127,41.64664],[-70.38348,41.64576],[-70.38355,41.64399],[-70.38141,41.64309],[-70.3792,41.64397],[-70.37913,41.64574],[-70.38127,41.64664]]]},"properties":{"h":"892a317012fffff","t":"Barnstable","v":"Osterville","n":21,"oo":16,"po":76.2,"ao":1,"ml":1980,"mf":2469.515,"br":12,"rs":1,"pr":4.8,"no":0,"s":63.2,"sp":8.83,"r_oo":0.728,"r_mf":0.87,"r_rs":0.299,"r_n":0.513,"r_sol":0.268}},{"type":"Feature","geometry":{"type":"Polygon","coordinates":[[[-70.38107,41.65197],[-70.38328,41.65109],[-70.38334,41.64932],[-70.3812,41.64842],[-70.379,41.64929],[-70.37893,41.65107],[-70.38107,41.65197]]]},"properties":{"h":"892a317013bffff","t":"Barnstable","v":"Osterville","n":37,"oo":27,"po":73,"ao":4,"ml":1330,"mf":1742.726,"br":2,"rs":5,"pr":13.5,"no":0,"s":60.8,"sp":8.83,"r_oo":0.677,"r_mf":0.483,"r_rs":0.754,"r_n":0.76,"r_sol":0.268}},{"type":"Feature","geometry":{"type":"Polygon","coordinates":[[[-70.38956,41.65734],[-70.39176,41.65646],[-70.39183,41.65469],[-70.38969,41.65379],[-70.38749,41.65467],[-70.38742,41.65644],[-70.38956,41.65734]]]},"properties":{"h":"892a3170147ffff","t":"Barnstable","v":"Marstons Mills","n":30,"oo":24,"po":80,"ao":0,"ml":1545.5,"mf":1936.668,"br":6,"rs":2,"pr":6.7,"no":0,"s":63,"sp":8.83,"r_oo":0.799,"r_mf":0.628,"r_rs":0.389,"r_n":0.682,"r_sol":0.268}},{"type":"Feature","geometry":{"type":"Polygon","coordinates":[[[-70.38728,41.66],[-70.38949,41.65912],[-70.38956,41.65734],[-70.38742,41.65644],[-70.38521,41.65732],[-70.38514,41.6591],[-70.38728,41.66]]]},"properties":{"h":"892a3170157ffff","t":"Barnstable","v":"Marstons Mills","n":21,"oo":19,"po":90.5,"ao":0,"ml":1532,"mf":1632.509,"br":2,"rs":0,"pr":0,"no":0,"s":56.8,"sp":8.83,"r_oo":0.942,"r_mf":0.388,"r_rs":0.109,"r_n":0.513,"r_sol":0.268}},{"type":"Feature","geometry":{"type":"Polygon","coordinates":[[[-70.38976,41.65201],[-70.39196,41.65113],[-70.39203,41.64936],[-70.38989,41.64846],[-70.38769,41.64934],[-70.38762,41.65111],[-70.38976,41.65201]]]},"properties":{"h":"892a3170163ffff","t":"Barnstable","v":"Osterville","n":25,"oo":13,"po":52,"ao":3,"ml":1631,"mf":1603.051,"br":2,"rs":2,"pr":8,"no":0,"s":39.4,"sp":8.83,"r_oo":0.365,"r_mf":0.369,"r_rs":0.462,"r_n":0.593,"r_sol":0.268}},{"type":"Feature","geometry":{"type":"Polygon","coordinates":[[[-70.38769,41.64934],[-70.38989,41.64846],[-70.38996,41.64668],[-70.38782,41.64578],[-70.38562,41.64666],[-70.38555,41.64844],[-70.38769,41.64934]]]},"properties":{"h":"892a3170167ffff","t":"Barnstable","v":"Osterville","n":56,"oo":35,"po":62.5,"ao":4,"ml":1587.5,"mf":1773.73,"br":5,"rs":7,"pr":12.5,"no":0,"s":55.1,"sp":8.83,"r_oo":0.504,"r_mf":0.503,"r_rs":0.702,"r_n":0.91,"r_sol":0.268}},{"type":"Feature","geometry":{"type":"Polygon","coordinates":[[[-70.3941,41.65203],[-70.39631,41.65115],[-70.39637,41.64938],[-70.39424,41.64848],[-70.39203,41.64936],[-70.39196,41.65113],[-70.3941,41.65203]]]},"properties":{"h":"892a317016bffff","t":"Barnstable","v":"Marstons Mills","n":31,"oo":18,"po":58.1,"ao":2,"ml":2237,"mf":2632.679,"br":18,"rs":2,"pr":6.5,"no":0,"s":55.4,"sp":8.83,"r_oo":0.437,"r_mf":0.903,"r_rs":0.379,"r_n":0.696,"r_sol":0.268}},{"type":"Feature","geometry":{"type":"Polygon","coordinates":[[[-70.39203,41.64936],[-70.39424,41.64848],[-70.3943,41.6467],[-70.39216,41.6458],[-70.38996,41.64668],[-70.38989,41.64846],[-70.39203,41.64936]]]},"properties":{"h":"892a317016fffff","t":"Barnstable","v":"Osterville","n":25,"oo":16,"po":64,"ao":0,"ml":1902,"mf":1933.755,"br":8,"rs":0,"pr":0,"no":0,"s":47,"sp":8.83,"r_oo":0.527,"r_mf":0.627,"r_rs":0.109,"r_n":0.593,"r_sol":0.268}},{"type":"Feature","geometry":{"type":"Polygon","coordinates":[[[-70.38749,41.65467],[-70.38969,41.65379],[-70.38976,41.65201],[-70.38762,41.65111],[-70.38541,41.65199],[-70.38535,41.65377],[-70.38749,41.65467]]]},"properties":{"h":"892a3170173ffff","t":"Barnstable","v":"Osterville","n":25,"oo":19,"po":76,"ao":0,"ml":1580,"mf":1893.979,"br":2,"rs":2,"pr":8,"no":0,"s":59.6,"sp":8.83,"r_oo":0.725,"r_mf":0.6,"r_rs":0.462,"r_n":0.593,"r_sol":0.268}},{"type":"Feature","geometry":{"type":"Polygon","coordinates":[[[-70.38541,41.65199],[-70.38762,41.65111],[-70.38769,41.64934],[-70.38555,41.64844],[-70.38334,41.64932],[-70.38328,41.65109],[-70.38541,41.65199]]]},"properties":{"h":"892a3170177ffff","t":"Barnstable","v":"Osterville","n":58,"oo":31,"po":53.4,"ao":5,"ml":1322,"mf":1712.893,"br":2,"rs":2,"pr":3.4,"no":0,"s":42.2,"sp":8.83,"r_oo":0.379,"r_mf":0.457,"r_rs":0.246,"r_n":0.92,"r_sol":0.268}},{"type":"Feature","geometry":{"type":"Polygon","coordinates":[[[-70.39183,41.65469],[-70.39404,41.65381],[-70.3941,41.65203],[-70.39196,41.65113],[-70.38976,41.65201],[-70.38969,41.65379],[-70.39183,41.65469]]]},"properties":{"h":"892a317017bffff","t":"Barnstable","v":"Marstons Mills","n":19,"oo":11,"po":57.9,"ao":1,"ml":1267,"mf":1685.851,"br":5,"rs":1,"pr":5.3,"no":0,"s":40.3,"sp":8.83,"r_oo":0.435,"r_mf":0.43,"r_rs":0.318,"r_n":0.472,"r_sol":0.268}},{"type":"Feature","geometry":{"type":"Polygon","coordinates":[[[-70.37197,41.66259],[-70.37418,41.66171],[-70.37425,41.65993],[-70.37211,41.65903],[-70.3699,41.65991],[-70.36984,41.66169],[-70.37197,41.66259]]]},"properties":{"h":"892a3170183ffff","t":"Barnstable","v":"Centerville","n":25,"oo":20,"po":80,"ao":2,"ml":1743,"mf":2359.931,"br":7,"rs":3,"pr":12,"no":0,"s":71.4,"sp":8.83,"r_oo":0.799,"r_mf":0.828,"r_rs":0.678,"r_n":0.593,"r_sol":0.268}},{"type":"Feature","geometry":{"type":"Polygon","coordinates":[[[-70.3699,41.65991],[-70.37211,41.65903],[-70.37218,41.65726],[-70.37004,41.65636],[-70.36783,41.65724],[-70.36777,41.65901],[-70.3699,41.65991]]]},"properties":{"h":"892a3170187ffff","t":"Barnstable","v":"Centerville","n":48,"oo":40,"po":83.3,"ao":0,"ml":1294,"mf":1436.174,"br":3,"rs":6,"pr":12.5,"no":0,"s":62.2,"sp":8.83,"r_oo":0.856,"r_mf":0.245,"r_rs":0.702,"r_n":0.86,"r_sol":0.268}},{"type":"Feature","geometry":{"type":"Polygon","coordinates":[[[-70.37632,41.66261],[-70.37853,41.66173],[-70.37859,41.65995],[-70.37646,41.65906],[-70.37425,41.65993],[-70.37418,41.66171],[-70.37632,41.66261]]]},"properties":{"h":"892a317018bffff","t":"Barnstable","v":"Centerville","n":10,"oo":7,"po":70,"ao":0,"ml":1488,"mf":1907.525,"br":0,"rs":2,"pr":20,"no":0,"s":59.1,"sp":8.83,"r_oo":0.626,"r_mf":0.609,"r_rs":0.919,"r_n":0.234,"r_sol":0.268}},{"type":"Feature","geometry":{"type":"Polygon","coordinates":[[[-70.37425,41.65993],[-70.37646,41.65906],[-70.37652,41.65728],[-70.37438,41.65638],[-70.37218,41.65726],[-70.37211,41.65903],[-70.37425,41.65993]]]},"properties":{"h":"892a317018fffff","t":"Barnstable","v":"Centerville","n":5,"oo":5,"po":100,"ao":0,"ml":1930,"mf":2084.091,"br":2,"rs":0,"pr":0,"no":0,"s":62.1,"sp":8.83,"r_oo":0.988,"r_mf":0.723,"r_rs":0.109,"r_n":0.024,"r_sol":0.268}},{"type":"Feature","geometry":{"type":"Polygon","coordinates":[[[-70.3697,41.66524],[-70.37191,41.66436],[-70.37197,41.66259],[-70.36984,41.66169],[-70.36763,41.66257],[-70.36756,41.66434],[-70.3697,41.66524]]]},"properties":{"h":"892a3170193ffff","t":"Barnstable","v":"Centerville","n":44,"oo":38,"po":86.4,"ao":2,"ml":1741.5,"mf":2075.526,"br":14,"rs":5,"pr":11.4,"no":0,"s":74.6,"sp":8.83,"r_oo":0.898,"r_mf":0.717,"r_rs":0.654,"r_n":0.829,"r_sol":0.268}},{"type":"Feature","geometry":{"type":"Polygon","coordinates":[[[-70.36763,41.66257],[-70.36984,41.66169],[-70.3699,41.65991],[-70.36777,41.65901],[-70.36556,41.65989],[-70.36549,41.66167],[-70.36763,41.66257]]]},"properties":{"h":"892a3170197ffff","t":"Barnstable","v":"Centerville","n":48,"oo":37,"po":77.1,"ao":5,"ml":1536,"mf":1507.339,"br":5,"rs":4,"pr":8.3,"no":0,"s":55.5,"sp":8.83,"r_oo":0.743,"r_mf":0.292,"r_rs":0.48,"r_n":0.86,"r_sol":0.268}},{"type":"Feature","geometry":{"type":"Polygon","coordinates":[[[-70.37405,41.66526],[-70.37625,41.66438],[-70.37632,41.66261],[-70.37418,41.66171],[-70.37197,41.66259],[-70.37191,41.66436],[-70.37405,41.66526]]]},"properties":{"h":"892a317019bffff","t":"Barnstable","v":"Centerville","n":47,"oo":40,"po":85.1,"ao":2,"ml":1404,"mf":1595.545,"br":1,"rs":4,"pr":8.5,"no":0,"s":62.8,"sp":8.83,"r_oo":0.879,"r_mf":0.362,"r_rs":0.49,"r_n":0.854,"r_sol":0.268}},{"type":"Feature","geometry":{"type":"Polygon","coordinates":[[[-70.37011,41.65458],[-70.37231,41.6537],[-70.37238,41.65193],[-70.37024,41.65103],[-70.36804,41.65191],[-70.36797,41.65368],[-70.37011,41.65458]]]},"properties":{"h":"892a31701a3ffff","t":"Barnstable","v":"Centerville","n":16,"oo":14,"po":87.5,"ao":0,"ml":1376,"mf":1995.599,"br":0,"rs":3,"pr":18.8,"no":0,"s":73.1,"sp":8.83,"r_oo":0.907,"r_mf":0.666,"r_rs":0.898,"r_n":0.401,"r_sol":0.268}},{"type":"Feature","geometry":{"type":"Polygon","coordinates":[[[-70.36804,41.65191],[-70.37024,41.65103],[-70.37031,41.64925],[-70.36817,41.64835],[-70.36597,41.64923],[-70.3659,41.65101],[-70.36804,41.65191]]]},"properties":{"h":"892a31701a7ffff","t":"Barnstable","v":"Centerville","n":56,"oo":41,"po":73.2,"ao":2,"ml":1410,"mf":1733.303,"br":3,"rs":9,"pr":16.1,"no":0,"s":63.4,"sp":8.83,"r_oo":0.681,"r_mf":0.472,"r_rs":0.84,"r_n":0.91,"r_sol":0.268}},{"type":"Feature","geometry":{"type":"Polygon","coordinates":[[[-70.36783,41.65724],[-70.37004,41.65636],[-70.37011,41.65458],[-70.36797,41.65368],[-70.36576,41.65456],[-70.3657,41.65634],[-70.36783,41.65724]]]},"properties":{"h":"892a31701b3ffff","t":"Barnstable","v":"Centerville","n":42,"oo":37,"po":88.1,"ao":0,"ml":1544,"mf":1504.525,"br":2,"rs":2,"pr":4.8,"no":0,"s":59.1,"sp":8.83,"r_oo":0.914,"r_mf":0.289,"r_rs":0.299,"r_n":0.813,"r_sol":0.268}},{"type":"Feature","geometry":{"type":"Polygon","coordinates":[[[-70.36576,41.65456],[-70.36797,41.65368],[-70.36804,41.65191],[-70.3659,41.65101],[-70.36369,41.65189],[-70.36363,41.65366],[-70.36576,41.65456]]]},"properties":{"h":"892a31701b7ffff","t":"Barnstable","v":"Centerville","n":22,"oo":18,"po":81.8,"ao":0,"ml":1346,"mf":1141.497,"br":0,"rs":0,"pr":0,"no":0,"s":44.6,"sp":8.83,"r_oo":0.833,"r_mf":0.064,"r_rs":0.109,"r_n":0.533,"r_sol":0.268}},{"type":"Feature","geometry":{"type":"Polygon","coordinates":[[[-70.37218,41.65726],[-70.37438,41.65638],[-70.37445,41.6546],[-70.37231,41.6537],[-70.37011,41.65458],[-70.37004,41.65636],[-70.37218,41.65726]]]},"properties":{"h":"892a31701bbffff","t":"Barnstable","v":"Centerville","n":17,"oo":14,"po":82.4,"ao":1,"ml":1119,"mf":1405.44,"br":1,"rs":2,"pr":11.8,"no":0,"s":56.1,"sp":8.83,"r_oo":0.84,"r_mf":0.221,"r_rs":0.67,"r_n":0.426,"r_sol":0.268}},{"type":"Feature","geometry":{"type":"Polygon","coordinates":[[[-70.38274,41.6653],[-70.38494,41.66443],[-70.38501,41.66265],[-70.38287,41.66175],[-70.38067,41.66263],[-70.3806,41.66441],[-70.38274,41.6653]]]},"properties":{"h":"892a31701c3ffff","t":"Barnstable","v":"Marstons Mills","n":22,"oo":20,"po":90.9,"ao":1,"ml":1485,"mf":1520.73,"br":3,"rs":4,"pr":18.2,"no":0,"s":66.7,"sp":8.83,"r_oo":0.947,"r_mf":0.303,"r_rs":0.887,"r_n":0.533,"r_sol":0.268}},{"type":"Feature","geometry":{"type":"Polygon","coordinates":[[[-70.38067,41.66263],[-70.38287,41.66175],[-70.38294,41.65997],[-70.3808,41.65908],[-70.37859,41.65995],[-70.37853,41.66173],[-70.38067,41.66263]]]},"properties":{"h":"892a31701c7ffff","t":"Barnstable","v":"Centerville","n":35,"oo":31,"po":88.6,"ao":2,"ml":1267,"mf":1569.748,"br":2,"rs":1,"pr":2.9,"no":0,"s":58.7,"sp":8.83,"r_oo":0.916,"r_mf":0.339,"r_rs":0.232,"r_n":0.741,"r_sol":0.268}},{"type":"Feature","geometry":{"type":"Polygon","coordinates":[[[-70.38708,41.66533],[-70.38929,41.66445],[-70.38936,41.66267],[-70.38722,41.66177],[-70.38501,41.66265],[-70.38494,41.66443],[-70.38708,41.66533]]]},"properties":{"h":"892a31701cbffff","t":"Barnstable","v":"Marstons Mills","n":18,"oo":16,"po":88.9,"ao":0,"ml":1359.5,"mf":1458.111,"br":0,"rs":4,"pr":22.2,"no":0,"s":64.8,"sp":8.83,"r_oo":0.922,"r_mf":0.26,"r_rs":0.948,"r_n":0.448,"r_sol":0.268}},{"type":"Feature","geometry":{"type":"Polygon","coordinates":[[[-70.38501,41.66265],[-70.38722,41.66177],[-70.38728,41.66],[-70.38514,41.6591],[-70.38294,41.65997],[-70.38287,41.66175],[-70.38501,41.66265]]]},"properties":{"h":"892a31701cfffff","t":"Barnstable","v":"Marstons Mills","n":11,"oo":10,"po":90.9,"ao":0,"ml":1228,"mf":1620.011,"br":0,"rs":0,"pr":0,"no":0,"s":54.3,"sp":8.83,"r_oo":0.947,"r_mf":0.38,"r_rs":0.109,"r_n":0.266,"r_sol":0.268}},{"type":"Feature","geometry":{"type":"Polygon","coordinates":[[[-70.37839,41.66528],[-70.3806,41.66441],[-70.38067,41.66263],[-70.37853,41.66173],[-70.37632,41.66261],[-70.37625,41.66438],[-70.37839,41.66528]]]},"properties":{"h":"892a31701d7ffff","t":"Barnstable","v":"Centerville","n":35,"oo":29,"po":82.9,"ao":0,"ml":1571,"mf":1879.381,"br":2,"rs":1,"pr":2.9,"no":0,"s":62,"sp":8.83,"r_oo":0.845,"r_mf":0.587,"r_rs":0.232,"r_n":0.741,"r_sol":0.268}},{"type":"Feature","geometry":{"type":"Polygon","coordinates":[[[-70.38481,41.66798],[-70.38701,41.6671],[-70.38708,41.66533],[-70.38494,41.66443],[-70.38274,41.6653],[-70.38267,41.66708],[-70.38481,41.66798]]]},"properties":{"h":"892a31701dbffff","t":"Barnstable","v":"Marstons Mills","n":17,"oo":14,"po":82.4,"ao":0,"ml":1404,"mf":1557.784,"br":3,"rs":1,"pr":5.9,"no":0,"s":54.1,"sp":8.83,"r_oo":0.84,"r_mf":0.333,"r_rs":0.345,"r_n":0.426,"r_sol":0.268}},{"type":"Feature","geometry":{"type":"Polygon","coordinates":[[[-70.4258,41.67617],[-70.428,41.67529],[-70.42807,41.67351],[-70.42593,41.67261],[-70.42372,41.67349],[-70.42366,41.67527],[-70.4258,41.67617]]]},"properties":{"h":"892a3170203ffff","t":"Barnstable","v":"Marstons Mills","n":10,"oo":9,"po":90,"ao":0,"ml":2344,"mf":1776.586,"br":2,"rs":1,"pr":10,"no":0,"s":63.7,"sp":8.83,"r_oo":0.937,"r_mf":0.505,"r_rs":0.575,"r_n":0.234,"r_sol":0.268}},{"type":"Feature","geometry":{"type":"Polygon","coordinates":[[[-70.42372,41.67349],[-70.42593,41.67261],[-70.426,41.67083],[-70.42385,41.66994],[-70.42165,41.67082],[-70.42158,41.67259],[-70.42372,41.67349]]]},"properties":{"h":"892a3170207ffff","t":"Barnstable","v":"Marstons Mills","n":17,"oo":17,"po":100,"ao":0,"ml":2398,"mf":2209.594,"br":3,"rs":0,"pr":0,"no":0,"s":67.4,"sp":8.83,"r_oo":0.988,"r_mf":0.774,"r_rs":0.109,"r_n":0.426,"r_sol":0.268}},{"type":"Feature","geometry":{"type":"Polygon","coordinates":[[[-70.43014,41.67618],[-70.43235,41.67531],[-70.43242,41.67353],[-70.43028,41.67263],[-70.42807,41.67351],[-70.428,41.67529],[-70.43014,41.67618]]]},"properties":{"h":"892a317020bffff","t":"Barnstable","v":"Marstons Mills","n":9,"oo":8,"po":88.9,"ao":1,"ml":2074,"mf":2397.121,"br":4,"rs":0,"pr":0,"no":0,"s":64.2,"sp":8.83,"r_oo":0.922,"r_mf":0.843,"r_rs":0.109,"r_n":0.194,"r_sol":0.268}},{"type":"Feature","geometry":{"type":"Polygon","coordinates":[[[-70.42353,41.67882],[-70.42573,41.67794],[-70.4258,41.67617],[-70.42366,41.67527],[-70.42145,41.67615],[-70.42139,41.67792],[-70.42353,41.67882]]]},"properties":{"h":"892a3170213ffff","t":"Barnstable","v":"Marstons Mills","n":19,"oo":13,"po":68.4,"ao":1,"ml":2120,"mf":1897.697,"br":5,"rs":1,"pr":5.3,"no":0,"s":51,"sp":8.83,"r_oo":0.595,"r_mf":0.602,"r_rs":0.318,"r_n":0.472,"r_sol":0.268}},{"type":"Feature","geometry":{"type":"Polygon","coordinates":[[[-70.42145,41.67615],[-70.42366,41.67527],[-70.42372,41.67349],[-70.42158,41.67259],[-70.41938,41.67347],[-70.41931,41.67525],[-70.42145,41.67615]]]},"properties":{"h":"892a3170217ffff","t":"Barnstable","v":"Marstons Mills","n":10,"oo":8,"po":80,"ao":1,"ml":2233,"mf":2499.829,"br":6,"rs":1,"pr":10,"no":0,"s":67.5,"sp":8.83,"r_oo":0.799,"r_mf":0.878,"r_rs":0.575,"r_n":0.234,"r_sol":0.268}},{"type":"Feature","geometry":{"type":"Polygon","coordinates":[[[-70.42787,41.67884],[-70.43008,41.67796],[-70.43014,41.67618],[-70.428,41.67529],[-70.4258,41.67617],[-70.42573,41.67794],[-70.42787,41.67884]]]},"properties":{"h":"892a317021bffff","t":"Barnstable","v":"Marstons Mills","n":9,"oo":7,"po":77.8,"ao":0,"ml":2224,"mf":2206.227,"br":3,"rs":1,"pr":11.1,"no":0,"s":63.7,"sp":8.83,"r_oo":0.755,"r_mf":0.773,"r_rs":0.639,"r_n":0.194,"r_sol":0.268}},{"type":"Feature","geometry":{"type":"Polygon","coordinates":[[[-70.42392,41.66816],[-70.42613,41.66728],[-70.42619,41.6655],[-70.42405,41.66461],[-70.42185,41.66548],[-70.42178,41.66726],[-70.42392,41.66816]]]},"properties":{"h":"892a3170223ffff","t":"Barnstable","v":"Marstons Mills","n":9,"oo":8,"po":88.9,"ao":0,"ml":1200,"mf":1482.148,"br":3,"rs":1,"pr":11.1,"no":0,"s":57.9,"sp":8.83,"r_oo":0.922,"r_mf":0.273,"r_rs":0.639,"r_n":0.194,"r_sol":0.268}},{"type":"Feature","geometry":{"type":"Polygon","coordinates":[[[-70.42185,41.66548],[-70.42405,41.66461],[-70.42412,41.66283],[-70.42198,41.66193],[-70.41977,41.66281],[-70.41971,41.66459],[-70.42185,41.66548]]]},"properties":{"h":"892a3170227ffff","t":"Barnstable","v":"Marstons Mills","n":11,"oo":10,"po":90.9,"ao":0,"ml":1671,"mf":1686.669,"br":1,"rs":1,"pr":9.1,"no":0,"s":61.8,"sp":8.83,"r_oo":0.947,"r_mf":0.431,"r_rs":0.524,"r_n":0.266,"r_sol":0.268}},{"type":"Feature","geometry":{"type":"Polygon","coordinates":[[[-70.42827,41.66818],[-70.43047,41.6673],[-70.43054,41.66552],[-70.4284,41.66462],[-70.42619,41.6655],[-70.42613,41.66728],[-70.42827,41.66818]]]},"properties":{"h":"892a317022bffff","t":"Barnstable","v":"Marstons Mills","n":10,"oo":10,"po":100,"ao":0,"ml":2205.5,"mf":1941.646,"br":3,"rs":1,"pr":10,"no":0,"s":68.9,"sp":8.83,"r_oo":0.988,"r_mf":0.631,"r_rs":0.575,"r_n":0.234,"r_sol":0.268}},{"type":"Feature","geometry":{"type":"Polygon","coordinates":[[[-70.42619,41.6655],[-70.4284,41.66462],[-70.42846,41.66285],[-70.42632,41.66195],[-70.42412,41.66283],[-70.42405,41.66461],[-70.42619,41.6655]]]},"properties":{"h":"892a317022fffff","t":"Barnstable","v":"Marstons Mills","n":29,"oo":27,"po":93.1,"ao":1,"ml":1487,"mf":1502.718,"br":3,"rs":1,"pr":3.4,"no":0,"s":58.7,"sp":8.83,"r_oo":0.963,"r_mf":0.287,"r_rs":0.246,"r_n":0.668,"r_sol":0.268}},{"type":"Feature","geometry":{"type":"Polygon","coordinates":[[[-70.42165,41.67082],[-70.42385,41.66994],[-70.42392,41.66816],[-70.42178,41.66726],[-70.41957,41.66814],[-70.41951,41.66992],[-70.42165,41.67082]]]},"properties":{"h":"892a3170233ffff","t":"Barnstable","v":"Marstons Mills","n":14,"oo":10,"po":71.4,"ao":3,"ml":2142,"mf":2164.667,"br":5,"rs":3,"pr":21.4,"no":0,"s":65.1,"sp":8.83,"r_oo":0.652,"r_mf":0.756,"r_rs":0.939,"r_n":0.341,"r_sol":0.268}},{"type":"Feature","geometry":{"type":"Polygon","coordinates":[[[-70.41957,41.66814],[-70.42178,41.66726],[-70.42185,41.66548],[-70.41971,41.66459],[-70.4175,41.66547],[-70.41743,41.66724],[-70.41957,41.66814]]]},"properties":{"h":"892a3170237ffff","t":"Barnstable","v":"Marstons Mills","n":21,"oo":18,"po":85.7,"ao":0,"ml":2796,"mf":2772.794,"br":16,"rs":2,"pr":9.5,"no":0,"s":74.4,"sp":8.83,"r_oo":0.887,"r_mf":0.917,"r_rs":0.547,"r_n":0.513,"r_sol":0.268}},{"type":"Feature","geometry":{"type":"Polygon","coordinates":[[[-70.43657,41.67888],[-70.43877,41.678],[-70.43884,41.67622],[-70.4367,41.67532],[-70.43449,41.6762],[-70.43443,41.67798],[-70.43657,41.67888]]]},"properties":{"h":"892a3170243ffff","t":"Barnstable","v":"Marstons Mills","n":26,"oo":25,"po":96.2,"ao":1,"ml":1435,"mf":1579.81,"br":4,"rs":2,"pr":7.7,"no":0,"s":63.2,"sp":8.83,"r_oo":0.975,"r_mf":0.349,"r_rs":0.442,"r_n":0.615,"r_sol":0.268}},{"type":"Feature","geometry":{"type":"Polygon","coordinates":[[[-70.43449,41.6762],[-70.4367,41.67532],[-70.43676,41.67355],[-70.43462,41.67265],[-70.43242,41.67353],[-70.43235,41.67531],[-70.43449,41.6762]]]},"properties":{"h":"892a3170247ffff","t":"Barnstable","v":"Marstons Mills","n":6,"oo":5,"po":83.3,"ao":0,"ml":1938.5,"mf":1839.967,"br":0,"rs":0,"pr":0,"no":0,"s":53,"sp":8.83,"r_oo":0.856,"r_mf":0.552,"r_rs":0.109,"r_n":0.072,"r_sol":0.268}},{"type":"Feature","geometry":{"type":"Polygon","coordinates":[[[-70.44091,41.6789],[-70.44312,41.67802],[-70.44319,41.67624],[-70.44104,41.67534],[-70.43884,41.67622],[-70.43877,41.678],[-70.44091,41.6789]]]},"properties":{"h":"892a317024bffff","t":"Barnstable","v":"Marstons Mills","n":15,"oo":12,"po":80,"ao":0,"ml":1339,"mf":1332.268,"br":0,"rs":0,"pr":0,"no":0,"s":44.2,"sp":8.83,"r_oo":0.799,"r_mf":0.172,"r_rs":0.109,"r_n":0.369,"r_sol":0.268}},{"type":"Feature","geometry":{"type":"Polygon","coordinates":[[[-70.43884,41.67622],[-70.44104,41.67534],[-70.44111,41.67357],[-70.43897,41.67267],[-70.43676,41.67355],[-70.4367,41.67532],[-70.43884,41.67622]]]},"properties":{"h":"892a317024fffff","t":"Barnstable","v":"Marstons Mills","n":28,"oo":24,"po":85.7,"ao":0,"ml":1476,"mf":1614.979,"br":6,"rs":2,"pr":7.1,"no":0,"s":60.2,"sp":8.83,"r_oo":0.887,"r_mf":0.376,"r_rs":0.413,"r_n":0.65,"r_sol":0.268}},{"type":"Feature","geometry":{"type":"Polygon","coordinates":[[[-70.4343,41.68153],[-70.4365,41.68066],[-70.43657,41.67888],[-70.43443,41.67798],[-70.43222,41.67886],[-70.43215,41.68064],[-70.4343,41.68153]]]},"properties":{"h":"892a3170253ffff","t":"Barnstable","v":"Marstons Mills","n":41,"oo":35,"po":85.4,"ao":1,"ml":1284,"mf":1034.734,"br":0,"rs":3,"pr":7.3,"no":0,"s":52.9,"sp":8.83,"r_oo":0.88,"r_mf":0.027,"r_rs":0.422,"r_n":0.805,"r_sol":0.268}},{"type":"Feature","geometry":{"type":"Polygon","coordinates":[[[-70.43222,41.67886],[-70.43443,41.67798],[-70.43449,41.6762],[-70.43235,41.67531],[-70.43014,41.67618],[-70.43008,41.67796],[-70.43222,41.67886]]]},"properties":{"h":"892a3170257ffff","t":"Barnstable","v":"Marstons Mills","n":22,"oo":18,"po":81.8,"ao":0,"ml":1642,"mf":1302.431,"br":0,"rs":4,"pr":18.2,"no":0,"s":58.6,"sp":8.83,"r_oo":0.833,"r_mf":0.16,"r_rs":0.887,"r_n":0.533,"r_sol":0.268}},{"type":"Feature","geometry":{"type":"Polygon","coordinates":[[[-70.43864,41.68155],[-70.44085,41.68067],[-70.44091,41.6789],[-70.43877,41.678],[-70.43657,41.67888],[-70.4365,41.68066],[-70.43864,41.68155]]]},"properties":{"h":"892a317025bffff","t":"Barnstable","v":"Marstons Mills","n":28,"oo":25,"po":89.3,"ao":0,"ml":1402.5,"mf":1384.951,"br":1,"rs":2,"pr":7.1,"no":0,"s":57.7,"sp":8.83,"r_oo":0.928,"r_mf":0.21,"r_rs":0.413,"r_n":0.65,"r_sol":0.268}},{"type":"Feature","geometry":{"type":"Polygon","coordinates":[[[-70.43903,41.67089],[-70.44124,41.67001],[-70.44131,41.66823],[-70.43916,41.66734],[-70.43696,41.66822],[-70.43689,41.66999],[-70.43903,41.67089]]]},"properties":{"h":"892a317026bffff","t":"Barnstable","v":"Marstons Mills","n":7,"oo":3,"po":42.9,"ao":1,"ml":2310,"mf":1702.857,"br":3,"rs":3,"pr":42.9,"no":0,"s":40.7,"sp":8.83,"r_oo":0.267,"r_mf":0.448,"r_rs":0.997,"r_n":0.115,"r_sol":0.268}},{"type":"Feature","geometry":{"type":"Polygon","coordinates":[[[-70.43696,41.66822],[-70.43916,41.66734],[-70.43923,41.66556],[-70.43709,41.66466],[-70.43488,41.66554],[-70.43482,41.66732],[-70.43696,41.66822]]]},"properties":{"h":"892a317026fffff","t":"Barnstable","v":"Marstons Mills","n":5,"oo":4,"po":80,"ao":0,"ml":2255,"mf":2176.289,"br":2,"rs":1,"pr":20,"no":0,"s":67.7,"sp":8.83,"r_oo":0.799,"r_mf":0.761,"r_rs":0.919,"r_n":0.024,"r_sol":0.268}},{"type":"Feature","geometry":{"type":"Polygon","coordinates":[[[-70.43242,41.67353],[-70.43462,41.67265],[-70.43469,41.67087],[-70.43255,41.66997],[-70.43034,41.67085],[-70.43028,41.67263],[-70.43242,41.67353]]]},"properties":{"h":"892a3170273ffff","t":"Barnstable","v":"Marstons Mills","n":12,"oo":11,"po":91.7,"ao":0,"ml":1510,"mf":1337.874,"br":0,"rs":0,"pr":0,"no":0,"s":49.7,"sp":8.83,"r_oo":0.954,"r_mf":0.175,"r_rs":0.109,"r_n":0.292,"r_sol":0.268}},{"type":"Feature","geometry":{"type":"Polygon","coordinates":[[[-70.43034,41.67085],[-70.43255,41.66997],[-70.43261,41.6682],[-70.43047,41.6673],[-70.42827,41.66818],[-70.4282,41.66996],[-70.43034,41.67085]]]},"properties":{"h":"892a3170277ffff","t":"Barnstable","v":"Marstons Mills","n":9,"oo":7,"po":77.8,"ao":0,"ml":1950,"mf":1510.813,"br":0,"rs":1,"pr":11.1,"no":0,"s":51.8,"sp":8.83,"r_oo":0.755,"r_mf":0.296,"r_rs":0.639,"r_n":0.194,"r_sol":0.268}},{"type":"Feature","geometry":{"type":"Polygon","coordinates":[[[-70.43676,41.67355],[-70.43897,41.67267],[-70.43903,41.67089],[-70.43689,41.66999],[-70.43469,41.67087],[-70.43462,41.67265],[-70.43676,41.67355]]]},"properties":{"h":"892a317027bffff","t":"Barnstable","v":"Marstons Mills","n":17,"oo":16,"po":94.1,"ao":1,"ml":1592,"mf":1715.235,"br":1,"rs":5,"pr":29.4,"no":0,"s":71.8,"sp":8.83,"r_oo":0.968,"r_mf":0.459,"r_rs":0.98,"r_n":0.426,"r_sol":0.268}},{"type":"Feature","geometry":{"type":"Polygon","coordinates":[[[-70.41483,41.67878],[-70.41704,41.6779],[-70.4171,41.67613],[-70.41496,41.67523],[-70.41276,41.67611],[-70.41269,41.67788],[-70.41483,41.67878]]]},"properties":{"h":"892a3170287ffff","t":"Barnstable","v":"Marstons Mills","n":5,"oo":4,"po":80,"ao":0,"ml":2190,"mf":2384.706,"br":2,"rs":0,"pr":0,"no":0,"s":57.4,"sp":8.83,"r_oo":0.799,"r_mf":0.835,"r_rs":0.109,"r_n":0.024,"r_sol":0.268}},{"type":"Feature","geometry":{"type":"Polygon","coordinates":[[[-70.42125,41.68148],[-70.42346,41.6806],[-70.42353,41.67882],[-70.42139,41.67792],[-70.41918,41.6788],[-70.41911,41.68058],[-70.42125,41.68148]]]},"properties":{"h":"892a317028bffff","t":"Barnstable","v":"Marstons Mills","n":19,"oo":16,"po":84.2,"ao":0,"ml":2282,"mf":2408.93,"br":9,"rs":3,"pr":15.8,"no":0,"s":75.9,"sp":8.83,"r_oo":0.872,"r_mf":0.847,"r_rs":0.831,"r_n":0.472,"r_sol":0.268}},{"type":"Feature","geometry":{"type":"Polygon","coordinates":[[[-70.41918,41.6788],[-70.42139,41.67792],[-70.42145,41.67615],[-70.41931,41.67525],[-70.4171,41.67613],[-70.41704,41.6779],[-70.41918,41.6788]]]},"properties":{"h":"892a317028fffff","t":"Barnstable","v":"Marstons Mills","n":9,"oo":8,"po":88.9,"ao":0,"ml":1991,"mf":2393.549,"br":4,"rs":0,"pr":0,"no":0,"s":64.1,"sp":8.83,"r_oo":0.922,"r_mf":0.841,"r_rs":0.109,"r_n":0.194,"r_sol":0.268}},{"type":"Feature","geometry":{"type":"Polygon","coordinates":[[[-70.41898,41.68413],[-70.42119,41.68325],[-70.42125,41.68148],[-70.41911,41.68058],[-70.41691,41.68146],[-70.41684,41.68323],[-70.41898,41.68413]]]},"properties":{"h":"892a317029bffff","t":"Barnstable","v":"Marstons Mills","n":20,"oo":17,"po":85,"ao":0,"ml":2289.5,"mf":2466.455,"br":10,"rs":2,"pr":10,"no":0,"s":73.1,"sp":8.83,"r_oo":0.878,"r_mf":0.869,"r_rs":0.575,"r_n":0.495,"r_sol":0.268}},{"type":"Feature","geometry":{"type":"Polygon","coordinates":[[[-70.41296,41.67078],[-70.41516,41.6699],[-70.41523,41.66812],[-70.41309,41.66722],[-70.41088,41.6681],[-70.41082,41.66988],[-70.41296,41.67078]]]},"properties":{"h":"892a31702a7ffff","t":"Barnstable","v":"Marstons Mills","n":5,"oo":3,"po":60,"ao":0,"ml":2950,"mf":3137.748,"br":4,"rs":0,"pr":0,"no":0,"s":47,"sp":8.83,"r_oo":0.466,"r_mf":0.952,"r_rs":0.109,"r_n":0.024,"r_sol":0.268}},{"type":"Feature","geometry":{"type":"Polygon","coordinates":[[[-70.41938,41.67347],[-70.42158,41.67259],[-70.42165,41.67082],[-70.41951,41.66992],[-70.4173,41.6708],[-70.41724,41.67257],[-70.41938,41.67347]]]},"properties":{"h":"892a31702abffff","t":"Barnstable","v":"Marstons Mills","n":8,"oo":7,"po":87.5,"ao":0,"ml":2443,"mf":2627.784,"br":6,"rs":1,"pr":12.5,"no":0,"s":73.6,"sp":8.83,"r_oo":0.907,"r_mf":0.902,"r_rs":0.702,"r_n":0.154,"r_sol":0.268}},{"type":"Feature","geometry":{"type":"Polygon","coordinates":[[[-70.4173,41.6708],[-70.41951,41.66992],[-70.41957,41.66814],[-70.41743,41.66724],[-70.41523,41.66812],[-70.41516,41.6699],[-70.4173,41.6708]]]},"properties":{"h":"892a31702afffff","t":"Barnstable","v":"Marstons Mills","n":9,"oo":7,"po":77.8,"ao":0,"ml":2530,"mf":2973.986,"br":7,"rs":0,"pr":0,"no":0,"s":59.9,"sp":8.83,"r_oo":0.755,"r_mf":0.938,"r_rs":0.109,"r_n":0.194,"r_sol":0.268}},{"type":"Feature","geometry":{"type":"Polygon","coordinates":[[[-70.41276,41.67611],[-70.41496,41.67523],[-70.41503,41.67345],[-70.41289,41.67255],[-70.41068,41.67343],[-70.41062,41.67521],[-70.41276,41.67611]]]},"properties":{"h":"892a31702b3ffff","t":"Barnstable","v":"Marstons Mills","n":5,"oo":2,"po":40,"ao":2,"ml":2888,"mf":3136.811,"br":4,"rs":0,"pr":0,"no":0,"s":37.9,"sp":8.83,"r_oo":0.239,"r_mf":0.951,"r_rs":0.109,"r_n":0.024,"r_sol":0.268}},{"type":"Feature","geometry":{"type":"Polygon","coordinates":[[[-70.42768,41.68417],[-70.42988,41.68329],[-70.42995,41.68152],[-70.42781,41.68062],[-70.4256,41.6815],[-70.42553,41.68327],[-70.42768,41.68417]]]},"properties":{"h":"892a31702c3ffff","t":"Barnstable","v":"Marstons Mills","n":44,"oo":40,"po":90.9,"ao":2,"ml":1570,"mf":1716.367,"br":2,"rs":3,"pr":6.8,"no":0,"s":66.3,"sp":8.83,"r_oo":0.947,"r_mf":0.46,"r_rs":0.397,"r_n":0.829,"r_sol":0.268}},{"type":"Feature","geometry":{"type":"Polygon","coordinates":[[[-70.4256,41.6815],[-70.42781,41.68062],[-70.42787,41.67884],[-70.42573,41.67794],[-70.42353,41.67882],[-70.42346,41.6806],[-70.4256,41.6815]]]},"properties":{"h":"892a31702c7ffff","t":"Barnstable","v":"Marstons Mills","n":26,"oo":21,"po":80.8,"ao":1,"ml":1963,"mf":1656.341,"br":4,"rs":2,"pr":7.7,"no":0,"s":58.4,"sp":8.83,"r_oo":0.817,"r_mf":0.41,"r_rs":0.442,"r_n":0.615,"r_sol":0.268}},{"type":"Feature","geometry":{"type":"Polygon","coordinates":[[[-70.43202,41.68419],[-70.43423,41.68331],[-70.4343,41.68153],[-70.43215,41.68064],[-70.42995,41.68152],[-70.42988,41.68329],[-70.43202,41.68419]]]},"properties":{"h":"892a31702cbffff","t":"Barnstable","v":"Marstons Mills","n":36,"oo":33,"po":91.7,"ao":0,"ml":1338.5,"mf":990.965,"br":0,"rs":1,"pr":2.8,"no":0,"s":52.2,"sp":8.83,"r_oo":0.954,"r_mf":0.017,"r_rs":0.229,"r_n":0.75,"r_sol":0.268}},{"type":"Feature","geometry":{"type":"Polygon","coordinates":[[[-70.42995,41.68152],[-70.43215,41.68064],[-70.43222,41.67886],[-70.43008,41.67796],[-70.42787,41.67884],[-70.42781,41.68062],[-70.42995,41.68152]]]},"properties":{"h":"892a31702cfffff","t":"Barnstable","v":"Marstons Mills","n":39,"oo":33,"po":84.6,"ao":1,"ml":1548,"mf":1470.224,"br":0,"rs":5,"pr":12.8,"no":0,"s":63.1,"sp":8.83,"r_oo":0.876,"r_mf":0.266,"r_rs":0.724,"r_n":0.787,"r_sol":0.268}},{"type":"Feature","geometry":{"type":"Polygon","coordinates":[[[-70.4254,41.68683],[-70.42761,41.68595],[-70.42768,41.68417],[-70.42553,41.68327],[-70.42333,41.68415],[-70.42326,41.68593],[-70.4254,41.68683]]]},"properties":{"h":"892a31702d3ffff","t":"Barnstable","v":"Marstons Mills","n":26,"oo":16,"po":61.5,"ao":5,"ml":1395,"mf":1700.758,"br":3,"rs":3,"pr":11.5,"no":0,"s":49.5,"sp":8.83,"r_oo":0.491,"r_mf":0.444,"r_rs":0.659,"r_n":0.615,"r_sol":0.268}},{"type":"Feature","geometry":{"type":"Polygon","coordinates":[[[-70.42333,41.68415],[-70.42553,41.68327],[-70.4256,41.6815],[-70.42346,41.6806],[-70.42125,41.68148],[-70.42119,41.68325],[-70.42333,41.68415]]]},"properties":{"h":"892a31702d7ffff","t":"Barnstable","v":"Marstons Mills","n":26,"oo":20,"po":76.9,"ao":1,"ml":1887,"mf":2062.858,"br":6,"rs":4,"pr":15.4,"no":0,"s":68.4,"sp":8.83,"r_oo":0.738,"r_mf":0.71,"r_rs":0.818,"r_n":0.615,"r_sol":0.268}},{"type":"Feature","geometry":{"type":"Polygon","coordinates":[[[-70.42975,41.68685],[-70.43196,41.68597],[-70.43202,41.68419],[-70.42988,41.68329],[-70.42768,41.68417],[-70.42761,41.68595],[-70.42975,41.68685]]]},"properties":{"h":"892a31702dbffff","t":"Barnstable","v":"Marstons Mills","n":25,"oo":19,"po":76,"ao":0,"ml":1332,"mf":1714.018,"br":1,"rs":4,"pr":16,"no":0,"s":61.6,"sp":8.83,"r_oo":0.725,"r_mf":0.459,"r_rs":0.836,"r_n":0.593,"r_sol":0.268}},{"type":"Feature","geometry":{"type":"Polygon","coordinates":[[[-70.41128,41.65744],[-70.41349,41.65656],[-70.41355,41.65479],[-70.41141,41.65389],[-70.40921,41.65477],[-70.40914,41.65654],[-70.41128,41.65744]]]},"properties":{"h":"892a3170303ffff","t":"Barnstable","v":"Marstons Mills","n":13,"oo":8,"po":61.5,"ao":0,"ml":1188,"mf":1160.659,"br":1,"rs":1,"pr":7.7,"no":0,"s":34,"sp":8.83,"r_oo":0.491,"r_mf":0.073,"r_rs":0.442,"r_n":0.318,"r_sol":0.268}},{"type":"Feature","geometry":{"type":"Polygon","coordinates":[[[-70.40921,41.65477],[-70.41141,41.65389],[-70.41148,41.65211],[-70.40934,41.65121],[-70.40714,41.65209],[-70.40707,41.65387],[-70.40921,41.65477]]]},"properties":{"h":"892a3170307ffff","t":"Barnstable","v":"Marstons Mills","n":12,"oo":10,"po":83.3,"ao":0,"ml":1258.5,"mf":1272.928,"br":1,"rs":1,"pr":8.3,"no":0,"s":50.4,"sp":8.83,"r_oo":0.856,"r_mf":0.137,"r_rs":0.48,"r_n":0.292,"r_sol":0.268}},{"type":"Feature","geometry":{"type":"Polygon","coordinates":[[[-70.41563,41.65746],[-70.41783,41.65658],[-70.4179,41.65481],[-70.41576,41.65391],[-70.41355,41.65479],[-70.41349,41.65656],[-70.41563,41.65746]]]},"properties":{"h":"892a317030bffff","t":"Barnstable","v":"Marstons Mills","n":17,"oo":15,"po":88.2,"ao":1,"ml":1516,"mf":1523.035,"br":2,"rs":1,"pr":5.9,"no":0,"s":56.3,"sp":8.83,"r_oo":0.915,"r_mf":0.305,"r_rs":0.345,"r_n":0.426,"r_sol":0.268}},{"type":"Feature","geometry":{"type":"Polygon","coordinates":[[[-70.41355,41.65479],[-70.41576,41.65391],[-70.41582,41.65213],[-70.41369,41.65123],[-70.41148,41.65211],[-70.41141,41.65389],[-70.41355,41.65479]]]},"properties":{"h":"892a317030fffff","t":"Barnstable","v":"Marstons Mills","n":18,"oo":12,"po":66.7,"ao":2,"ml":1571,"mf":1742.122,"br":0,"rs":4,"pr":22.2,"no":0,"s":56,"sp":8.83,"r_oo":0.565,"r_mf":0.482,"r_rs":0.948,"r_n":0.448,"r_sol":0.268}},{"type":"Feature","geometry":{"type":"Polygon","coordinates":[[[-70.40901,41.6601],[-70.41121,41.65922],[-70.41128,41.65744],[-70.40914,41.65654],[-70.40694,41.65742],[-70.40687,41.6592],[-70.40901,41.6601]]]},"properties":{"h":"892a3170313ffff","t":"Barnstable","v":"Marstons Mills","n":11,"oo":8,"po":72.7,"ao":1,"ml":1544,"mf":1540.306,"br":1,"rs":0,"pr":0,"no":0,"s":41.9,"sp":8.83,"r_oo":0.674,"r_mf":0.321,"r_rs":0.109,"r_n":0.266,"r_sol":0.268}},{"type":"Feature","geometry":{"type":"Polygon","coordinates":[[[-70.40694,41.65742],[-70.40914,41.65654],[-70.40921,41.65477],[-70.40707,41.65387],[-70.40486,41.65475],[-70.4048,41.65652],[-70.40694,41.65742]]]},"properties":{"h":"892a3170317ffff","t":"Barnstable","v":"Marstons Mills","n":19,"oo":15,"po":78.9,"ao":0,"ml":1324,"mf":1828.304,"br":4,"rs":2,"pr":10.5,"no":0,"s":61,"sp":8.83,"r_oo":0.776,"r_mf":0.54,"r_rs":0.607,"r_n":0.472,"r_sol":0.268}},{"type":"Feature","geometry":{"type":"Polygon","coordinates":[[[-70.41335,41.66012],[-70.41556,41.65924],[-70.41563,41.65746],[-70.41349,41.65656],[-70.41128,41.65744],[-70.41121,41.65922],[-70.41335,41.66012]]]},"properties":{"h":"892a317031bffff","t":"Barnstable","v":"Marstons Mills","n":19,"oo":18,"po":94.7,"ao":0,"ml":1373,"mf":1147.904,"br":3,"rs":1,"pr":5.3,"no":0,"s":52.6,"sp":8.83,"r_oo":0.97,"r_mf":0.065,"r_rs":0.318,"r_n":0.472,"r_sol":0.268}},{"type":"Feature","geometry":{"type":"Polygon","coordinates":[[[-70.40941,41.64944],[-70.41161,41.64856],[-70.41168,41.64678],[-70.40954,41.64588],[-70.40733,41.64676],[-70.40727,41.64854],[-70.40941,41.64944]]]},"properties":{"h":"892a3170323ffff","t":"Barnstable","v":"Marstons Mills","n":8,"oo":5,"po":62.5,"ao":1,"ml":1622,"mf":1452.866,"br":1,"rs":0,"pr":0,"no":0,"s":32.4,"sp":8.83,"r_oo":0.504,"r_mf":0.256,"r_rs":0.109,"r_n":0.154,"r_sol":0.268}},{"type":"Feature","geometry":{"type":"Polygon","coordinates":[[[-70.41375,41.64946],[-70.41596,41.64858],[-70.41602,41.6468],[-70.41388,41.6459],[-70.41168,41.64678],[-70.41161,41.64856],[-70.41375,41.64946]]]},"properties":{"h":"892a317032bffff","t":"Barnstable","v":"Marstons Mills","n":14,"oo":11,"po":78.6,"ao":0,"ml":2149.5,"mf":2192.226,"br":6,"rs":1,"pr":7.1,"no":0,"s":62.3,"sp":8.83,"r_oo":0.771,"r_mf":0.766,"r_rs":0.413,"r_n":0.341,"r_sol":0.268}},{"type":"Feature","geometry":{"type":"Polygon","coordinates":[[[-70.41168,41.64678],[-70.41388,41.6459],[-70.41395,41.64413],[-70.41181,41.64323],[-70.40961,41.64411],[-70.40954,41.64588],[-70.41168,41.64678]]]},"properties":{"h":"892a317032fffff","t":"Barnstable","v":"Marstons Mills","n":13,"oo":7,"po":53.8,"ao":3,"ml":1764,"mf":2061.676,"br":3,"rs":2,"pr":15.4,"no":0,"s":51.2,"sp":8.83,"r_oo":0.383,"r_mf":0.708,"r_rs":0.818,"r_n":0.318,"r_sol":0.268}},{"type":"Feature","geometry":{"type":"Polygon","coordinates":[[[-70.40714,41.65209],[-70.40934,41.65121],[-70.40941,41.64944],[-70.40727,41.64854],[-70.40506,41.64942],[-70.405,41.65119],[-70.40714,41.65209]]]},"properties":{"h":"892a3170333ffff","t":"Barnstable","v":"Marstons Mills","n":7,"oo":3,"po":42.9,"ao":3,"ml":3606,"mf":3651.041,"br":6,"rs":1,"pr":14.3,"no":0,"s":50.7,"sp":8.83,"r_oo":0.267,"r_mf":0.975,"r_rs":0.784,"r_n":0.115,"r_sol":0.268}},{"type":"Feature","geometry":{"type":"Polygon","coordinates":[[[-70.41148,41.65211],[-70.41369,41.65123],[-70.41375,41.64946],[-70.41161,41.64856],[-70.40941,41.64944],[-70.40934,41.65121],[-70.41148,41.65211]]]},"properties":{"h":"892a317033bffff","t":"Barnstable","v":"Marstons Mills","n":5,"oo":5,"po":100,"ao":0,"ml":3439,"mf":2416.874,"br":2,"rs":0,"pr":0,"no":0,"s":65.3,"sp":8.83,"r_oo":0.988,"r_mf":0.85,"r_rs":0.109,"r_n":0.024,"r_sol":0.268}},{"type":"Feature","geometry":{"type":"Polygon","coordinates":[[[-70.42204,41.66015],[-70.42425,41.65928],[-70.42432,41.6575],[-70.42218,41.6566],[-70.41997,41.65748],[-70.4199,41.65926],[-70.42204,41.66015]]]},"properties":{"h":"892a3170343ffff","t":"Barnstable","v":"Marstons Mills","n":15,"oo":13,"po":86.7,"ao":0,"ml":2164,"mf":1989.22,"br":3,"rs":1,"pr":6.7,"no":0,"s":64.6,"sp":8.83,"r_oo":0.9,"r_mf":0.657,"r_rs":0.389,"r_n":0.369,"r_sol":0.268}},{"type":"Feature","geometry":{"type":"Polygon","coordinates":[[[-70.41997,41.65748],[-70.42218,41.6566],[-70.42224,41.65482],[-70.4201,41.65393],[-70.4179,41.65481],[-70.41783,41.65658],[-70.41997,41.65748]]]},"properties":{"h":"892a3170347ffff","t":"Barnstable","v":"Marstons Mills","n":12,"oo":10,"po":83.3,"ao":1,"ml":2055.5,"mf":1952.765,"br":1,"rs":0,"pr":0,"no":0,"s":57.4,"sp":8.83,"r_oo":0.856,"r_mf":0.638,"r_rs":0.109,"r_n":0.292,"r_sol":0.268}},{"type":"Feature","geometry":{"type":"Polygon","coordinates":[[[-70.41977,41.66281],[-70.42198,41.66193],[-70.42204,41.66015],[-70.4199,41.65926],[-70.4177,41.66014],[-70.41763,41.66191],[-70.41977,41.66281]]]},"properties":{"h":"892a3170353ffff","t":"Barnstable","v":"Marstons Mills","n":9,"oo":8,"po":88.9,"ao":0,"ml":1460,"mf":1362.044,"br":1,"rs":0,"pr":0,"no":0,"s":47.9,"sp":8.83,"r_oo":0.922,"r_mf":0.192,"r_rs":0.109,"r_n":0.194,"r_sol":0.268}},{"type":"Feature","geometry":{"type":"Polygon","coordinates":[[[-70.4177,41.66014],[-70.4199,41.65926],[-70.41997,41.65748],[-70.41783,41.65658],[-70.41563,41.65746],[-70.41556,41.65924],[-70.4177,41.66014]]]},"properties":{"h":"892a3170357ffff","t":"Barnstable","v":"Marstons Mills","n":12,"oo":9,"po":75,"ao":1,"ml":1763,"mf":1565.602,"br":1,"rs":3,"pr":25,"no":0,"s":56.9,"sp":8.83,"r_oo":0.709,"r_mf":0.337,"r_rs":0.965,"r_n":0.292,"r_sol":0.268}},{"type":"Feature","geometry":{"type":"Polygon","coordinates":[[[-70.42017,41.65215],[-70.42237,41.65127],[-70.42244,41.64949],[-70.4203,41.6486],[-70.4181,41.64948],[-70.41803,41.65125],[-70.42017,41.65215]]]},"properties":{"h":"892a3170363ffff","t":"Barnstable","v":"Marstons Mills","n":11,"oo":10,"po":90.9,"ao":0,"ml":2051,"mf":2192.872,"br":4,"rs":1,"pr":9.1,"no":0,"s":70.2,"sp":8.83,"r_oo":0.947,"r_mf":0.766,"r_rs":0.524,"r_n":0.266,"r_sol":0.268}},{"type":"Feature","geometry":{"type":"Polygon","coordinates":[[[-70.4181,41.64948],[-70.4203,41.6486],[-70.42037,41.64682],[-70.41823,41.64592],[-70.41602,41.6468],[-70.41596,41.64858],[-70.4181,41.64948]]]},"properties":{"h":"892a3170367ffff","t":"Barnstable","v":"Marstons Mills","n":32,"oo":29,"po":90.6,"ao":2,"ml":2220.5,"mf":2449.495,"br":16,"rs":4,"pr":12.5,"no":0,"s":79.6,"sp":8.83,"r_oo":0.944,"r_mf":0.863,"r_rs":0.702,"r_n":0.71,"r_sol":0.268}},{"type":"Feature","geometry":{"type":"Polygon","coordinates":[[[-70.42244,41.64949],[-70.42464,41.64862],[-70.42471,41.64684],[-70.42257,41.64594],[-70.42037,41.64682],[-70.4203,41.6486],[-70.42244,41.64949]]]},"properties":{"h":"892a317036fffff","t":"Barnstable","v":"Marstons Mills","n":11,"oo":8,"po":72.7,"ao":0,"ml":1876,"mf":1964.983,"br":2,"rs":0,"pr":0,"no":0,"s":50,"sp":8.83,"r_oo":0.674,"r_mf":0.644,"r_rs":0.109,"r_n":0.266,"r_sol":0.268}},{"type":"Feature","geometry":{"type":"Polygon","coordinates":[[[-70.41582,41.65213],[-70.41803,41.65125],[-70.4181,41.64948],[-70.41596,41.64858],[-70.41375,41.64946],[-70.41369,41.65123],[-70.41582,41.65213]]]},"properties":{"h":"892a3170377ffff","t":"Barnstable","v":"Marstons Mills","n":10,"oo":8,"po":80,"ao":0,"ml":1874,"mf":1885.408,"br":2,"rs":0,"pr":0,"no":0,"s":53.4,"sp":8.83,"r_oo":0.799,"r_mf":0.594,"r_rs":0.109,"r_n":0.234,"r_sol":0.268}},{"type":"Feature","geometry":{"type":"Polygon","coordinates":[[[-70.40239,41.66273],[-70.4046,41.66185],[-70.40466,41.66008],[-70.40252,41.65918],[-70.40032,41.66006],[-70.40025,41.66183],[-70.40239,41.66273]]]},"properties":{"h":"892a3170383ffff","t":"Barnstable","v":"Marstons Mills","n":36,"oo":30,"po":83.3,"ao":0,"ml":1267,"mf":1572.535,"br":2,"rs":3,"pr":8.3,"no":0,"s":60.1,"sp":8.83,"r_oo":0.856,"r_mf":0.341,"r_rs":0.48,"r_n":0.75,"r_sol":0.268}},{"type":"Feature","geometry":{"type":"Polygon","coordinates":[[[-70.40032,41.66006],[-70.40252,41.65918],[-70.40259,41.6574],[-70.40045,41.6565],[-70.39825,41.65738],[-70.39818,41.65916],[-70.40032,41.66006]]]},"properties":{"h":"892a3170387ffff","t":"Barnstable","v":"Marstons Mills","n":11,"oo":9,"po":81.8,"ao":0,"ml":1624,"mf":1949.071,"br":1,"rs":2,"pr":18.2,"no":0,"s":67.8,"sp":8.83,"r_oo":0.833,"r_mf":0.635,"r_rs":0.887,"r_n":0.266,"r_sol":0.268}},{"type":"Feature","geometry":{"type":"Polygon","coordinates":[[[-70.40674,41.66275],[-70.40894,41.66187],[-70.40901,41.6601],[-70.40687,41.6592],[-70.40466,41.66008],[-70.4046,41.66185],[-70.40674,41.66275]]]},"properties":{"h":"892a317038bffff","t":"Barnstable","v":"Marstons Mills","n":17,"oo":13,"po":76.5,"ao":1,"ml":1267,"mf":1039.687,"br":1,"rs":0,"pr":0,"no":0,"s":38.5,"sp":8.83,"r_oo":0.731,"r_mf":0.03,"r_rs":0.109,"r_n":0.426,"r_sol":0.268}},{"type":"Feature","geometry":{"type":"Polygon","coordinates":[[[-70.40466,41.66008],[-70.40687,41.6592],[-70.40694,41.65742],[-70.4048,41.65652],[-70.40259,41.6574],[-70.40252,41.65918],[-70.40466,41.66008]]]},"properties":{"h":"892a317038fffff","t":"Barnstable","v":"Marstons Mills","n":47,"oo":34,"po":72.3,"ao":2,"ml":1267,"mf":1095.471,"br":3,"rs":3,"pr":6.4,"no":0,"s":44.7,"sp":8.83,"r_oo":0.667,"r_mf":0.046,"r_rs":0.375,"r_n":0.854,"r_sol":0.268}},{"type":"Feature","geometry":{"type":"Polygon","coordinates":[[[-70.40446,41.66541],[-70.40667,41.66453],[-70.40674,41.66275],[-70.4046,41.66185],[-70.40239,41.66273],[-70.40232,41.66451],[-70.40446,41.66541]]]},"properties":{"h":"892a317039bffff","t":"Barnstable","v":"Marstons Mills","n":9,"oo":7,"po":77.8,"ao":1,"ml":2088,"mf":1814.278,"br":1,"rs":0,"pr":0,"no":0,"s":49.7,"sp":8.83,"r_oo":0.755,"r_mf":0.529,"r_rs":0.109,"r_n":0.194,"r_sol":0.268}},{"type":"Feature","geometry":{"type":"Polygon","coordinates":[[[-70.40052,41.65473],[-70.40272,41.65385],[-70.40279,41.65207],[-70.40065,41.65117],[-70.39845,41.65205],[-70.39838,41.65383],[-70.40052,41.65473]]]},"properties":{"h":"892a31703a3ffff","t":"Barnstable","v":"Marstons Mills","n":7,"oo":4,"po":57.1,"ao":0,"ml":1888,"mf":2542.264,"br":5,"rs":0,"pr":0,"no":0,"s":44.6,"sp":8.83,"r_oo":0.425,"r_mf":0.886,"r_rs":0.109,"r_n":0.115,"r_sol":0.268}},{"type":"Feature","geometry":{"type":"Polygon","coordinates":[[[-70.39845,41.65205],[-70.40065,41.65117],[-70.40072,41.6494],[-70.39858,41.6485],[-70.39637,41.64938],[-70.39631,41.65115],[-70.39845,41.65205]]]},"properties":{"h":"892a31703a7ffff","t":"Barnstable","v":"Marstons Mills","n":13,"oo":6,"po":46.2,"ao":1,"ml":1831,"mf":1933.999,"br":3,"rs":1,"pr":7.7,"no":0,"s":40.2,"sp":8.83,"r_oo":0.301,"r_mf":0.628,"r_rs":0.442,"r_n":0.318,"r_sol":0.268}},{"type":"Feature","geometry":{"type":"Polygon","coordinates":[[[-70.40486,41.65475],[-70.40707,41.65387],[-70.40714,41.65209],[-70.405,41.65119],[-70.40279,41.65207],[-70.40272,41.65385],[-70.40486,41.65475]]]},"properties":{"h":"892a31703abffff","t":"Barnstable","v":"Marstons Mills","n":6,"oo":2,"po":33.3,"ao":1,"ml":1590.5,"mf":1698.025,"br":1,"rs":0,"pr":0,"no":0,"s":23.4,"sp":8.83,"r_oo":0.184,"r_mf":0.442,"r_rs":0.109,"r_n":0.072,"r_sol":0.268}},{"type":"Feature","geometry":{"type":"Polygon","coordinates":[[[-70.40279,41.65207],[-70.405,41.65119],[-70.40506,41.64942],[-70.40292,41.64852],[-70.40072,41.6494],[-70.40065,41.65117],[-70.40279,41.65207]]]},"properties":{"h":"892a31703afffff","t":"Barnstable","v":"Marstons Mills","n":6,"oo":1,"po":16.7,"ao":1,"ml":4249,"mf":4436.516,"br":6,"rs":0,"pr":0,"no":0,"s":32.8,"sp":8.83,"r_oo":0.075,"r_mf":0.991,"r_rs":0.109,"r_n":0.072,"r_sol":0.268}},{"type":"Feature","geometry":{"type":"Polygon","coordinates":[[[-70.39617,41.65471],[-70.39838,41.65383],[-70.39845,41.65205],[-70.39631,41.65115],[-70.3941,41.65203],[-70.39404,41.65381],[-70.39617,41.65471]]]},"properties":{"h":"892a31703b7ffff","t":"Barnstable","v":"Marstons Mills","n":23,"oo":18,"po":78.3,"ao":0,"ml":1100,"mf":1794.951,"br":0,"rs":2,"pr":8.7,"no":0,"s":59.3,"sp":8.83,"r_oo":0.765,"r_mf":0.519,"r_rs":0.5,"r_n":0.554,"r_sol":0.268}},{"type":"Feature","geometry":{"type":"Polygon","coordinates":[[[-70.40259,41.6574],[-70.4048,41.65652],[-70.40486,41.65475],[-70.40272,41.65385],[-70.40052,41.65473],[-70.40045,41.6565],[-70.40259,41.6574]]]},"properties":{"h":"892a31703bbffff","t":"Barnstable","v":"Marstons Mills","n":10,"oo":6,"po":60,"ao":3,"ml":1222,"mf":1408.58,"br":1,"rs":2,"pr":20,"no":0,"s":43,"sp":8.83,"r_oo":0.466,"r_mf":0.223,"r_rs":0.919,"r_n":0.234,"r_sol":0.268}},{"type":"Feature","geometry":{"type":"Polygon","coordinates":[[[-70.41316,41.66545],[-70.41536,41.66457],[-70.41543,41.66279],[-70.41329,41.66189],[-70.41108,41.66277],[-70.41102,41.66455],[-70.41316,41.66545]]]},"properties":{"h":"892a31703c3ffff","t":"Barnstable","v":"Marstons Mills","n":17,"oo":12,"po":70.6,"ao":1,"ml":2879,"mf":3239.025,"br":15,"rs":1,"pr":5.9,"no":0,"s":61.6,"sp":8.83,"r_oo":0.637,"r_mf":0.961,"r_rs":0.345,"r_n":0.426,"r_sol":0.268}},{"type":"Feature","geometry":{"type":"Polygon","coordinates":[[[-70.41108,41.66277],[-70.41329,41.66189],[-70.41335,41.66012],[-70.41121,41.65922],[-70.40901,41.6601],[-70.40894,41.66187],[-70.41108,41.66277]]]},"properties":{"h":"892a31703c7ffff","t":"Barnstable","v":"Marstons Mills","n":18,"oo":12,"po":66.7,"ao":3,"ml":2718,"mf":2535.041,"br":10,"rs":1,"pr":5.6,"no":0,"s":56.8,"sp":8.83,"r_oo":0.565,"r_mf":0.884,"r_rs":0.332,"r_n":0.448,"r_sol":0.268}},{"type":"Feature","geometry":{"type":"Polygon","coordinates":[[[-70.4175,41.66547],[-70.41971,41.66459],[-70.41977,41.66281],[-70.41763,41.66191],[-70.41543,41.66279],[-70.41536,41.66457],[-70.4175,41.66547]]]},"properties":{"h":"892a31703cbffff","t":"Barnstable","v":"Marstons Mills","n":7,"oo":7,"po":100,"ao":0,"ml":2430,"mf":2320.297,"br":3,"rs":1,"pr":14.3,"no":0,"s":75.5,"sp":8.83,"r_oo":0.988,"r_mf":0.815,"r_rs":0.784,"r_n":0.115,"r_sol":0.268}},{"type":"Feature","geometry":{"type":"Polygon","coordinates":[[[-70.41543,41.66279],[-70.41763,41.66191],[-70.4177,41.66014],[-70.41556,41.65924],[-70.41335,41.66012],[-70.41329,41.66189],[-70.41543,41.66279]]]},"properties":{"h":"892a31703cfffff","t":"Barnstable","v":"Marstons Mills","n":12,"oo":10,"po":83.3,"ao":1,"ml":2399,"mf":2446.214,"br":6,"rs":2,"pr":16.7,"no":0,"s":74.2,"sp":8.83,"r_oo":0.856,"r_mf":0.862,"r_rs":0.858,"r_n":0.292,"r_sol":0.268}},{"type":"Feature","geometry":{"type":"Polygon","coordinates":[[[-70.41523,41.66812],[-70.41743,41.66724],[-70.4175,41.66547],[-70.41536,41.66457],[-70.41316,41.66545],[-70.41309,41.66722],[-70.41523,41.66812]]]},"properties":{"h":"892a31703dbffff","t":"Barnstable","v":"Marstons Mills","n":21,"oo":19,"po":90.5,"ao":1,"ml":2592,"mf":2626.622,"br":17,"rs":2,"pr":9.5,"no":0,"s":76.2,"sp":8.83,"r_oo":0.942,"r_mf":0.9,"r_rs":0.547,"r_n":0.513,"r_sol":0.268}},{"type":"Feature","geometry":{"type":"Polygon","coordinates":[[[-70.37945,41.69462],[-70.38166,41.69374],[-70.38173,41.69196],[-70.37958,41.69106],[-70.37738,41.69194],[-70.37731,41.69372],[-70.37945,41.69462]]]},"properties":{"h":"892a3170403ffff","t":"Barnstable","v":"West Barnstable","n":6,"oo":5,"po":83.3,"ao":0,"ml":2672.5,"mf":1967.815,"br":2,"rs":1,"pr":16.7,"no":0,"s":66.6,"sp":8.83,"r_oo":0.856,"r_mf":0.646,"r_rs":0.858,"r_n":0.072,"r_sol":0.268}},{"type":"Feature","geometry":{"type":"Polygon","coordinates":[[[-70.37738,41.69194],[-70.37958,41.69106],[-70.37965,41.68928],[-70.37751,41.68838],[-70.3753,41.68926],[-70.37524,41.69104],[-70.37738,41.69194]]]},"properties":{"h":"892a3170407ffff","t":"Barnstable","v":"West Barnstable","n":7,"oo":5,"po":71.4,"ao":0,"ml":1126,"mf":2045.33,"br":3,"rs":0,"pr":0,"no":0,"s":49,"sp":8.83,"r_oo":0.652,"r_mf":0.699,"r_rs":0.109,"r_n":0.115,"r_sol":0.268}},{"type":"Feature","geometry":{"type":"Polygon","coordinates":[[[-70.3838,41.69464],[-70.38601,41.69376],[-70.38607,41.69198],[-70.38393,41.69108],[-70.38173,41.69196],[-70.38166,41.69374],[-70.3838,41.69464]]]},"properties":{"h":"892a317040bffff","t":"Barnstable","v":"West Barnstable","n":5,"oo":5,"po":100,"ao":0,"ml":1912,"mf":2077.219,"br":2,"rs":0,"pr":0,"no":0,"s":62,"sp":8.83,"r_oo":0.988,"r_mf":0.718,"r_rs":0.109,"r_n":0.024,"r_sol":0.268}},{"type":"Feature","geometry":{"type":"Polygon","coordinates":[[[-70.38173,41.69196],[-70.38393,41.69108],[-70.384,41.6893],[-70.38186,41.68841],[-70.37965,41.68928],[-70.37958,41.69106],[-70.38173,41.69196]]]},"properties":{"h":"892a317040fffff","t":"Barnstable","v":"West Barnstable","n":11,"oo":10,"po":90.9,"ao":1,"ml":1762,"mf":1948.641,"br":2,"rs":0,"pr":0,"no":0,"s":60.7,"sp":8.83,"r_oo":0.947,"r_mf":0.634,"r_rs":0.109,"r_n":0.266,"r_sol":0.268}},{"type":"Feature","geometry":{"type":"Polygon","coordinates":[[[-70.37717,41.69727],[-70.37938,41.69639],[-70.37945,41.69462],[-70.37731,41.69372],[-70.3751,41.69459],[-70.37503,41.69637],[-70.37717,41.69727]]]},"properties":{"h":"892a3170413ffff","t":"Barnstable","v":"West Barnstable","n":10,"oo":9,"po":90,"ao":0,"ml":2022.5,"mf":2310.755,"br":2,"rs":1,"pr":10,"no":0,"s":71.4,"sp":8.83,"r_oo":0.937,"r_mf":0.814,"r_rs":0.575,"r_n":0.234,"r_sol":0.268}},{"type":"Feature","geometry":{"type":"Polygon","coordinates":[[[-70.3751,41.69459],[-70.37731,41.69372],[-70.37738,41.69194],[-70.37524,41.69104],[-70.37303,41.69192],[-70.37296,41.69369],[-70.3751,41.69459]]]},"properties":{"h":"892a3170417ffff","t":"Barnstable","v":"West Barnstable","n":5,"oo":5,"po":100,"ao":0,"ml":2113,"mf":2012.797,"br":0,"rs":1,"pr":20,"no":0,"s":73.2,"sp":8.83,"r_oo":0.988,"r_mf":0.678,"r_rs":0.919,"r_n":0.024,"r_sol":0.268}},{"type":"Feature","geometry":{"type":"Polygon","coordinates":[[[-70.37758,41.68661],[-70.37979,41.68573],[-70.37986,41.68395],[-70.37772,41.68305],[-70.37551,41.68393],[-70.37544,41.68571],[-70.37758,41.68661]]]},"properties":{"h":"892a3170423ffff","t":"Barnstable","v":"Marstons Mills","n":7,"oo":5,"po":71.4,"ao":0,"ml":1736,"mf":1902.767,"br":2,"rs":0,"pr":0,"no":0,"s":46.7,"sp":8.83,"r_oo":0.652,"r_mf":0.607,"r_rs":0.109,"r_n":0.115,"r_sol":0.268}},{"type":"Feature","geometry":{"type":"Polygon","coordinates":[[[-70.37551,41.68393],[-70.37772,41.68305],[-70.37778,41.68128],[-70.37564,41.68038],[-70.37344,41.68125],[-70.37337,41.68303],[-70.37551,41.68393]]]},"properties":{"h":"892a3170427ffff","t":"Barnstable","v":"Marstons Mills","n":25,"oo":22,"po":88,"ao":0,"ml":1814,"mf":1847.02,"br":3,"rs":4,"pr":16,"no":0,"s":71.6,"sp":8.83,"r_oo":0.913,"r_mf":0.558,"r_rs":0.836,"r_n":0.593,"r_sol":0.268}},{"type":"Feature","geometry":{"type":"Polygon","coordinates":[[[-70.38193,41.68663],[-70.38413,41.68575],[-70.3842,41.68397],[-70.38206,41.68307],[-70.37986,41.68395],[-70.37979,41.68573],[-70.38193,41.68663]]]},"properties":{"h":"892a317042bffff","t":"Barnstable","v":"Marstons Mills","n":14,"oo":11,"po":78.6,"ao":1,"ml":2263.5,"mf":2308.473,"br":5,"rs":0,"pr":0,"no":0,"s":58.9,"sp":8.83,"r_oo":0.771,"r_mf":0.812,"r_rs":0.109,"r_n":0.341,"r_sol":0.268}},{"type":"Feature","geometry":{"type":"Polygon","coordinates":[[[-70.37986,41.68395],[-70.38206,41.68307],[-70.38213,41.6813],[-70.37999,41.6804],[-70.37778,41.68128],[-70.37772,41.68305],[-70.37986,41.68395]]]},"properties":{"h":"892a317042fffff","t":"Barnstable","v":"Marstons Mills","n":10,"oo":9,"po":90,"ao":0,"ml":1990,"mf":2059.082,"br":1,"rs":0,"pr":0,"no":0,"s":61.7,"sp":8.83,"r_oo":0.937,"r_mf":0.704,"r_rs":0.109,"r_n":0.234,"r_sol":0.268}},{"type":"Feature","geometry":{"type":"Polygon","coordinates":[[[-70.3753,41.68926],[-70.37751,41.68838],[-70.37758,41.68661],[-70.37544,41.68571],[-70.37323,41.68659],[-70.37316,41.68836],[-70.3753,41.68926]]]},"properties":{"h":"892a3170433ffff","t":"Barnstable","v":"West Barnstable","n":5,"oo":3,"po":60,"ao":0,"ml":2157,"mf":1988.614,"br":2,"rs":1,"pr":20,"no":0,"s":51.7,"sp":8.83,"r_oo":0.466,"r_mf":0.655,"r_rs":0.919,"r_n":0.024,"r_sol":0.268}},{"type":"Feature","geometry":{"type":"Polygon","coordinates":[[[-70.37323,41.68659],[-70.37544,41.68571],[-70.37551,41.68393],[-70.37337,41.68303],[-70.37116,41.68391],[-70.37109,41.68569],[-70.37323,41.68659]]]},"properties":{"h":"892a3170437ffff","t":"Barnstable","v":"West Barnstable","n":34,"oo":29,"po":85.3,"ao":2,"ml":1707,"mf":1698.169,"br":1,"rs":5,"pr":14.7,"no":0,"s":68.3,"sp":8.83,"r_oo":0.88,"r_mf":0.442,"r_rs":0.802,"r_n":0.732,"r_sol":0.268}},{"type":"Feature","geometry":{"type":"Polygon","coordinates":[[[-70.37965,41.68928],[-70.38186,41.68841],[-70.38193,41.68663],[-70.37979,41.68573],[-70.37758,41.68661],[-70.37751,41.68838],[-70.37965,41.68928]]]},"properties":{"h":"892a317043bffff","t":"Barnstable","v":"West Barnstable","n":15,"oo":14,"po":93.3,"ao":0,"ml":2006,"mf":1685.823,"br":1,"rs":4,"pr":26.7,"no":0,"s":70.3,"sp":8.83,"r_oo":0.964,"r_mf":0.429,"r_rs":0.972,"r_n":0.369,"r_sol":0.268}},{"type":"Feature","geometry":{"type":"Polygon","coordinates":[[[-70.38835,41.68932],[-70.39056,41.68845],[-70.39062,41.68667],[-70.38848,41.68577],[-70.38627,41.68665],[-70.38621,41.68843],[-70.38835,41.68932]]]},"properties":{"h":"892a3170463ffff","t":"Barnstable","v":"West Barnstable","n":12,"oo":9,"po":75,"ao":0,"ml":2689,"mf":2499.059,"br":6,"rs":2,"pr":16.7,"no":0,"s":68.7,"sp":8.83,"r_oo":0.709,"r_mf":0.877,"r_rs":0.858,"r_n":0.292,"r_sol":0.268}},{"type":"Feature","geometry":{"type":"Polygon","coordinates":[[[-70.38627,41.68665],[-70.38848,41.68577],[-70.38855,41.68399],[-70.38641,41.68309],[-70.3842,41.68397],[-70.38413,41.68575],[-70.38627,41.68665]]]},"properties":{"h":"892a3170467ffff","t":"Barnstable","v":"Marstons Mills","n":14,"oo":11,"po":78.6,"ao":0,"ml":1792.5,"mf":1684.677,"br":1,"rs":2,"pr":14.3,"no":0,"s":59.4,"sp":8.83,"r_oo":0.771,"r_mf":0.429,"r_rs":0.784,"r_n":0.341,"r_sol":0.268}},{"type":"Feature","geometry":{"type":"Polygon","coordinates":[[[-70.38607,41.69198],[-70.38828,41.6911],[-70.38835,41.68932],[-70.38621,41.68843],[-70.384,41.6893],[-70.38393,41.69108],[-70.38607,41.69198]]]},"properties":{"h":"892a3170473ffff","t":"Barnstable","v":"West Barnstable","n":12,"oo":11,"po":91.7,"ao":1,"ml":2643.5,"mf":2472.932,"br":6,"rs":0,"pr":0,"no":0,"s":67.2,"sp":8.83,"r_oo":0.954,"r_mf":0.872,"r_rs":0.109,"r_n":0.292,"r_sol":0.268}},{"type":"Feature","geometry":{"type":"Polygon","coordinates":[[[-70.384,41.6893],[-70.38621,41.68843],[-70.38627,41.68665],[-70.38413,41.68575],[-70.38193,41.68663],[-70.38186,41.68841],[-70.384,41.6893]]]},"properties":{"h":"892a3170477ffff","t":"Barnstable","v":"West Barnstable","n":14,"oo":13,"po":92.9,"ao":0,"ml":1664,"mf":2010.472,"br":3,"rs":0,"pr":0,"no":0,"s":63.1,"sp":8.83,"r_oo":0.962,"r_mf":0.677,"r_rs":0.109,"r_n":0.341,"r_sol":0.268}},{"type":"Feature","geometry":{"type":"Polygon","coordinates":[[[-70.36848,41.69723],[-70.37069,41.69635],[-70.37075,41.69457],[-70.36861,41.69367],[-70.36641,41.69455],[-70.36634,41.69633],[-70.36848,41.69723]]]},"properties":{"h":"892a3170487ffff","t":"Barnstable","v":"West Barnstable","n":6,"oo":6,"po":100,"ao":0,"ml":2796,"mf":2386.478,"br":3,"rs":0,"pr":0,"no":0,"s":65.5,"sp":8.83,"r_oo":0.988,"r_mf":0.837,"r_rs":0.109,"r_n":0.072,"r_sol":0.268}},{"type":"Feature","geometry":{"type":"Polygon","coordinates":[[[-70.37283,41.69725],[-70.37503,41.69637],[-70.3751,41.69459],[-70.37296,41.69369],[-70.37075,41.69457],[-70.37069,41.69635],[-70.37283,41.69725]]]},"properties":{"h":"892a317048fffff","t":"Barnstable","v":"West Barnstable","n":9,"oo":8,"po":88.9,"ao":0,"ml":1720,"mf":1649.92,"br":1,"rs":2,"pr":22.2,"no":0,"s":65.9,"sp":8.83,"r_oo":0.922,"r_mf":0.406,"r_rs":0.948,"r_n":0.194,"r_sol":0.268}},{"type":"Feature","geometry":{"type":"Polygon","coordinates":[[[-70.37303,41.69192],[-70.37524,41.69104],[-70.3753,41.68926],[-70.37316,41.68836],[-70.37096,41.68924],[-70.37089,41.69102],[-70.37303,41.69192]]]},"properties":{"h":"892a31704abffff","t":"Barnstable","v":"West Barnstable","n":6,"oo":5,"po":83.3,"ao":0,"ml":1805.5,"mf":1719.05,"br":1,"rs":0,"pr":0,"no":0,"s":50.8,"sp":8.83,"r_oo":0.856,"r_mf":0.463,"r_rs":0.109,"r_n":0.072,"r_sol":0.268}},{"type":"Feature","geometry":{"type":"Polygon","coordinates":[[[-70.37096,41.68924],[-70.37316,41.68836],[-70.37323,41.68659],[-70.37109,41.68569],[-70.36889,41.68656],[-70.36882,41.68834],[-70.37096,41.68924]]]},"properties":{"h":"892a31704afffff","t":"Barnstable","v":"West Barnstable","n":23,"oo":18,"po":78.3,"ao":3,"ml":1741,"mf":1702.681,"br":2,"rs":1,"pr":4.3,"no":0,"s":54.2,"sp":8.83,"r_oo":0.765,"r_mf":0.447,"r_rs":0.278,"r_n":0.554,"r_sol":0.268}},{"type":"Feature","geometry":{"type":"Polygon","coordinates":[[[-70.37075,41.69457],[-70.37296,41.69369],[-70.37303,41.69192],[-70.37089,41.69102],[-70.36868,41.6919],[-70.36861,41.69367],[-70.37075,41.69457]]]},"properties":{"h":"892a31704bbffff","t":"Barnstable","v":"West Barnstable","n":6,"oo":4,"po":66.7,"ao":0,"ml":2359.5,"mf":1890.466,"br":1,"rs":0,"pr":0,"no":0,"s":42.5,"sp":8.83,"r_oo":0.565,"r_mf":0.597,"r_rs":0.109,"r_n":0.072,"r_sol":0.268}},{"type":"Feature","geometry":{"type":"Polygon","coordinates":[[[-70.38567,41.70264],[-70.38788,41.70177],[-70.38794,41.69999],[-70.3858,41.69909],[-70.3836,41.69997],[-70.38353,41.70175],[-70.38567,41.70264]]]},"properties":{"h":"892a31704cbffff","t":"Barnstable","v":"West Barnstable","n":11,"oo":9,"po":81.8,"ao":0,"ml":1561,"mf":1272.019,"br":2,"rs":0,"pr":0,"no":0,"s":43.7,"sp":8.83,"r_oo":0.833,"r_mf":0.136,"r_rs":0.109,"r_n":0.266,"r_sol":0.268}},{"type":"Feature","geometry":{"type":"Polygon","coordinates":[[[-70.38339,41.7053],[-70.3856,41.70442],[-70.38567,41.70264],[-70.38353,41.70175],[-70.38132,41.70262],[-70.38125,41.7044],[-70.38339,41.7053]]]},"properties":{"h":"892a31704dbffff","t":"Barnstable","v":"West Barnstable","n":6,"oo":5,"po":83.3,"ao":0,"ml":1658.5,"mf":1867.225,"br":0,"rs":0,"pr":0,"no":0,"s":53.7,"sp":8.83,"r_oo":0.856,"r_mf":0.578,"r_rs":0.109,"r_n":0.072,"r_sol":0.268}},{"type":"Feature","geometry":{"type":"Polygon","coordinates":[[[-70.36495,41.67588],[-70.36715,41.675],[-70.36722,41.67323],[-70.36508,41.67233],[-70.36288,41.67321],[-70.36281,41.67498],[-70.36495,41.67588]]]},"properties":{"h":"892a3170503ffff","t":"Barnstable","v":"Centerville","n":44,"oo":32,"po":72.7,"ao":1,"ml":1540,"mf":1718.141,"br":3,"rs":6,"pr":13.6,"no":0,"s":60.8,"sp":8.83,"r_oo":0.674,"r_mf":0.462,"r_rs":0.759,"r_n":0.829,"r_sol":0.268}},{"type":"Feature","geometry":{"type":"Polygon","coordinates":[[[-70.36288,41.67321],[-70.36508,41.67233],[-70.36515,41.67055],[-70.36301,41.66965],[-70.36081,41.67053],[-70.36074,41.67231],[-70.36288,41.67321]]]},"properties":{"h":"892a3170507ffff","t":"Barnstable","v":"Centerville","n":29,"oo":23,"po":79.3,"ao":3,"ml":1530,"mf":2055.223,"br":3,"rs":1,"pr":3.4,"no":0,"s":61.9,"sp":8.83,"r_oo":0.781,"r_mf":0.704,"r_rs":0.246,"r_n":0.668,"r_sol":0.268}},{"type":"Feature","geometry":{"type":"Polygon","coordinates":[[[-70.36929,41.6759],[-70.3715,41.67502],[-70.37157,41.67325],[-70.36943,41.67235],[-70.36722,41.67323],[-70.36715,41.675],[-70.36929,41.6759]]]},"properties":{"h":"892a317050bffff","t":"Barnstable","v":"Centerville","n":33,"oo":27,"po":81.8,"ao":2,"ml":1504,"mf":1645.838,"br":3,"rs":3,"pr":9.1,"no":0,"s":61.2,"sp":8.83,"r_oo":0.833,"r_mf":0.404,"r_rs":0.524,"r_n":0.723,"r_sol":0.268}},{"type":"Feature","geometry":{"type":"Polygon","coordinates":[[[-70.36722,41.67323],[-70.36943,41.67235],[-70.3695,41.67057],[-70.36736,41.66967],[-70.36515,41.67055],[-70.36508,41.67233],[-70.36722,41.67323]]]},"properties":{"h":"892a317050fffff","t":"Barnstable","v":"Centerville","n":57,"oo":46,"po":80.7,"ao":1,"ml":1552,"mf":1989.983,"br":11,"rs":8,"pr":14,"no":0,"s":72.5,"sp":8.83,"r_oo":0.815,"r_mf":0.659,"r_rs":0.769,"r_n":0.916,"r_sol":0.268}},{"type":"Feature","geometry":{"type":"Polygon","coordinates":[[[-70.36267,41.67854],[-70.36488,41.67766],[-70.36495,41.67588],[-70.36281,41.67498],[-70.3606,41.67586],[-70.36053,41.67764],[-70.36267,41.67854]]]},"properties":{"h":"892a3170513ffff","t":"Barnstable","v":"Centerville","n":43,"oo":35,"po":81.4,"ao":2,"ml":1438,"mf":1596.757,"br":2,"rs":5,"pr":11.6,"no":0,"s":62.9,"sp":8.83,"r_oo":0.826,"r_mf":0.363,"r_rs":0.663,"r_n":0.821,"r_sol":0.268}},{"type":"Feature","geometry":{"type":"Polygon","coordinates":[[[-70.3606,41.67586],[-70.36281,41.67498],[-70.36288,41.67321],[-70.36074,41.67231],[-70.35853,41.67318],[-70.35846,41.67496],[-70.3606,41.67586]]]},"properties":{"h":"892a3170517ffff","t":"Barnstable","v":"Centerville","n":46,"oo":38,"po":82.6,"ao":1,"ml":1327,"mf":1333.431,"br":0,"rs":5,"pr":10.9,"no":0,"s":58.5,"sp":8.83,"r_oo":0.843,"r_mf":0.174,"r_rs":0.624,"r_n":0.846,"r_sol":0.268}},{"type":"Feature","geometry":{"type":"Polygon","coordinates":[[[-70.36702,41.67856],[-70.36923,41.67768],[-70.36929,41.6759],[-70.36715,41.675],[-70.36495,41.67588],[-70.36488,41.67766],[-70.36702,41.67856]]]},"properties":{"h":"892a317051bffff","t":"Barnstable","v":"Centerville","n":19,"oo":11,"po":57.9,"ao":0,"ml":1580,"mf":1782.713,"br":2,"rs":4,"pr":21.1,"no":0,"s":51.6,"sp":8.83,"r_oo":0.435,"r_mf":0.51,"r_rs":0.936,"r_n":0.472,"r_sol":0.268}},{"type":"Feature","geometry":{"type":"Polygon","coordinates":[[[-70.36308,41.66787],[-70.36529,41.667],[-70.36536,41.66522],[-70.36322,41.66432],[-70.36101,41.6652],[-70.36094,41.66698],[-70.36308,41.66787]]]},"properties":{"h":"892a3170523ffff","t":"Barnstable","v":"Centerville","n":49,"oo":39,"po":79.6,"ao":2,"ml":1531,"mf":1584.24,"br":5,"rs":9,"pr":18.4,"no":0,"s":64.9,"sp":8.83,"r_oo":0.785,"r_mf":0.352,"r_rs":0.892,"r_n":0.868,"r_sol":0.268}},{"type":"Feature","geometry":{"type":"Polygon","coordinates":[[[-70.36101,41.6652],[-70.36322,41.66432],[-70.36328,41.66254],[-70.36115,41.66165],[-70.35894,41.66252],[-70.35887,41.6643],[-70.36101,41.6652]]]},"properties":{"h":"892a3170527ffff","t":"Barnstable","v":"Centerville","n":57,"oo":49,"po":86,"ao":0,"ml":1488,"mf":1992.292,"br":8,"rs":3,"pr":5.3,"no":0,"s":68.9,"sp":8.83,"r_oo":0.894,"r_mf":0.661,"r_rs":0.318,"r_n":0.916,"r_sol":0.268}},{"type":"Feature","geometry":{"type":"Polygon","coordinates":[[[-70.36743,41.6679],[-70.36963,41.66702],[-70.3697,41.66524],[-70.36756,41.66434],[-70.36536,41.66522],[-70.36529,41.667],[-70.36743,41.6679]]]},"properties":{"h":"892a317052bffff","t":"Barnstable","v":"Centerville","n":46,"oo":38,"po":82.6,"ao":2,"ml":1710,"mf":2294.769,"br":8,"rs":9,"pr":19.6,"no":0,"s":78.5,"sp":8.83,"r_oo":0.843,"r_mf":0.806,"r_rs":0.902,"r_n":0.846,"r_sol":0.268}},{"type":"Feature","geometry":{"type":"Polygon","coordinates":[[[-70.36536,41.66522],[-70.36756,41.66434],[-70.36763,41.66257],[-70.36549,41.66167],[-70.36328,41.66254],[-70.36322,41.66432],[-70.36536,41.66522]]]},"properties":{"h":"892a317052fffff","t":"Barnstable","v":"Centerville","n":61,"oo":46,"po":75.4,"ao":3,"ml":1434,"mf":1996.229,"br":8,"rs":6,"pr":9.8,"no":0,"s":65.9,"sp":8.83,"r_oo":0.722,"r_mf":0.667,"r_rs":0.557,"r_n":0.932,"r_sol":0.268}},{"type":"Feature","geometry":{"type":"Polygon","coordinates":[[[-70.36081,41.67053],[-70.36301,41.66965],[-70.36308,41.66787],[-70.36094,41.66698],[-70.35873,41.66785],[-70.35867,41.66963],[-70.36081,41.67053]]]},"properties":{"h":"892a3170533ffff","t":"Barnstable","v":"Centerville","n":40,"oo":31,"po":77.5,"ao":3,"ml":1485,"mf":1856.437,"br":2,"rs":5,"pr":12.5,"no":0,"s":65.4,"sp":8.83,"r_oo":0.749,"r_mf":0.568,"r_rs":0.702,"r_n":0.796,"r_sol":0.268}},{"type":"Feature","geometry":{"type":"Polygon","coordinates":[[[-70.35873,41.66785],[-70.36094,41.66698],[-70.36101,41.6652],[-70.35887,41.6643],[-70.35666,41.66518],[-70.3566,41.66695],[-70.35873,41.66785]]]},"properties":{"h":"892a3170537ffff","t":"Barnstable","v":"Centerville","n":54,"oo":44,"po":81.5,"ao":3,"ml":1472.5,"mf":2008.663,"br":4,"rs":5,"pr":9.3,"no":0,"s":69.7,"sp":8.83,"r_oo":0.827,"r_mf":0.676,"r_rs":0.538,"r_n":0.897,"r_sol":0.268}},{"type":"Feature","geometry":{"type":"Polygon","coordinates":[[[-70.36515,41.67055],[-70.36736,41.66967],[-70.36743,41.6679],[-70.36529,41.667],[-70.36308,41.66787],[-70.36301,41.66965],[-70.36515,41.67055]]]},"properties":{"h":"892a317053bffff","t":"Barnstable","v":"Centerville","n":46,"oo":37,"po":80.4,"ao":1,"ml":1540,"mf":2143.03,"br":10,"rs":12,"pr":26.1,"no":0,"s":76.9,"sp":8.83,"r_oo":0.813,"r_mf":0.749,"r_rs":0.97,"r_n":0.846,"r_sol":0.268}},{"type":"Feature","geometry":{"type":"Polygon","coordinates":[[[-70.37571,41.6786],[-70.37792,41.67772],[-70.37799,41.67594],[-70.37585,41.67505],[-70.37364,41.67592],[-70.37357,41.6777],[-70.37571,41.6786]]]},"properties":{"h":"892a3170543ffff","t":"Barnstable","v":"Marstons Mills","n":8,"oo":6,"po":75,"ao":0,"ml":1743,"mf":1331.138,"br":2,"rs":1,"pr":12.5,"no":0,"s":47.4,"sp":8.83,"r_oo":0.709,"r_mf":0.171,"r_rs":0.702,"r_n":0.154,"r_sol":0.268}},{"type":"Feature","geometry":{"type":"Polygon","coordinates":[[[-70.37364,41.67592],[-70.37585,41.67505],[-70.37591,41.67327],[-70.37377,41.67237],[-70.37157,41.67325],[-70.3715,41.67502],[-70.37364,41.67592]]]},"properties":{"h":"892a3170547ffff","t":"Barnstable","v":"Marstons Mills","n":12,"oo":11,"po":91.7,"ao":1,"ml":1949.5,"mf":2236.013,"br":4,"rs":4,"pr":33.3,"no":0,"s":78.2,"sp":8.83,"r_oo":0.954,"r_mf":0.784,"r_rs":0.988,"r_n":0.292,"r_sol":0.268}},{"type":"Feature","geometry":{"type":"Polygon","coordinates":[[[-70.38006,41.67862],[-70.38226,41.67774],[-70.38233,41.67597],[-70.38019,41.67507],[-70.37799,41.67594],[-70.37792,41.67772],[-70.38006,41.67862]]]},"properties":{"h":"892a317054bffff","t":"Barnstable","v":"Marstons Mills","n":22,"oo":17,"po":77.3,"ao":0,"ml":1359.5,"mf":1359.894,"br":0,"rs":1,"pr":4.5,"no":0,"s":46.9,"sp":8.83,"r_oo":0.745,"r_mf":0.19,"r_rs":0.289,"r_n":0.533,"r_sol":0.268}},{"type":"Feature","geometry":{"type":"Polygon","coordinates":[[[-70.37799,41.67594],[-70.38019,41.67507],[-70.38026,41.67329],[-70.37812,41.67239],[-70.37591,41.67327],[-70.37585,41.67505],[-70.37799,41.67594]]]},"properties":{"h":"892a317054fffff","t":"Barnstable","v":"Marstons Mills","n":27,"oo":22,"po":81.5,"ao":2,"ml":1796,"mf":2004.651,"br":8,"rs":4,"pr":14.8,"no":0,"s":71,"sp":8.83,"r_oo":0.827,"r_mf":0.672,"r_rs":0.804,"r_n":0.632,"r_sol":0.268}},{"type":"Feature","geometry":{"type":"Polygon","coordinates":[[[-70.37136,41.67858],[-70.37357,41.6777],[-70.37364,41.67592],[-70.3715,41.67502],[-70.36929,41.6759],[-70.36923,41.67768],[-70.37136,41.67858]]]},"properties":{"h":"892a3170557ffff","t":"Barnstable","v":"Marstons Mills","n":7,"oo":6,"po":85.7,"ao":0,"ml":2002,"mf":2144.302,"br":2,"rs":0,"pr":0,"no":0,"s":59.7,"sp":8.83,"r_oo":0.887,"r_mf":0.751,"r_rs":0.109,"r_n":0.115,"r_sol":0.268}},{"type":"Feature","geometry":{"type":"Polygon","coordinates":[[[-70.37778,41.68128],[-70.37999,41.6804],[-70.38006,41.67862],[-70.37792,41.67772],[-70.37571,41.6786],[-70.37564,41.68038],[-70.37778,41.68128]]]},"properties":{"h":"892a317055bffff","t":"Barnstable","v":"Marstons Mills","n":7,"oo":6,"po":85.7,"ao":0,"ml":1838,"mf":1762.071,"br":0,"rs":0,"pr":0,"no":0,"s":53.3,"sp":8.83,"r_oo":0.887,"r_mf":0.496,"r_rs":0.109,"r_n":0.115,"r_sol":0.268}},{"type":"Feature","geometry":{"type":"Polygon","coordinates":[[[-70.37384,41.67059],[-70.37605,41.66972],[-70.37612,41.66794],[-70.37398,41.66704],[-70.37177,41.66792],[-70.3717,41.66969],[-70.37384,41.67059]]]},"properties":{"h":"892a3170563ffff","t":"Barnstable","v":"Centerville","n":49,"oo":40,"po":81.6,"ao":2,"ml":1459,"mf":1920.333,"br":9,"rs":13,"pr":26.5,"no":0,"s":74.6,"sp":8.83,"r_oo":0.829,"r_mf":0.619,"r_rs":0.971,"r_n":0.868,"r_sol":0.268}},{"type":"Feature","geometry":{"type":"Polygon","coordinates":[[[-70.37177,41.66792],[-70.37398,41.66704],[-70.37405,41.66526],[-70.37191,41.66436],[-70.3697,41.66524],[-70.36963,41.66702],[-70.37177,41.66792]]]},"properties":{"h":"892a3170567ffff","t":"Barnstable","v":"Centerville","n":56,"oo":44,"po":78.6,"ao":3,"ml":1439,"mf":1913.017,"br":2,"rs":5,"pr":8.9,"no":0,"s":65.6,"sp":8.83,"r_oo":0.771,"r_mf":0.613,"r_rs":0.509,"r_n":0.91,"r_sol":0.268}},{"type":"Feature","geometry":{"type":"Polygon","coordinates":[[[-70.37819,41.67061],[-70.3804,41.66974],[-70.38046,41.66796],[-70.37832,41.66706],[-70.37612,41.66794],[-70.37605,41.66972],[-70.37819,41.67061]]]},"properties":{"h":"892a317056bffff","t":"Barnstable","v":"Marstons Mills","n":14,"oo":12,"po":85.7,"ao":1,"ml":1990,"mf":2032.967,"br":2,"rs":0,"pr":0,"no":0,"s":60.5,"sp":8.83,"r_oo":0.887,"r_mf":0.694,"r_rs":0.109,"r_n":0.341,"r_sol":0.268}},{"type":"Feature","geometry":{"type":"Polygon","coordinates":[[[-70.37612,41.66794],[-70.37832,41.66706],[-70.37839,41.66528],[-70.37625,41.66438],[-70.37405,41.66526],[-70.37398,41.66704],[-70.37612,41.66794]]]},"properties":{"h":"892a317056fffff","t":"Barnstable","v":"Centerville","n":52,"oo":40,"po":76.9,"ao":2,"ml":1424,"mf":1860.56,"br":2,"rs":5,"pr":9.6,"no":0,"s":63.6,"sp":8.83,"r_oo":0.738,"r_mf":0.572,"r_rs":0.552,"r_n":0.885,"r_sol":0.268}},{"type":"Feature","geometry":{"type":"Polygon","coordinates":[[[-70.37157,41.67325],[-70.37377,41.67237],[-70.37384,41.67059],[-70.3717,41.66969],[-70.3695,41.67057],[-70.36943,41.67235],[-70.37157,41.67325]]]},"properties":{"h":"892a3170573ffff","t":"Barnstable","v":"Centerville","n":53,"oo":41,"po":77.4,"ao":1,"ml":1572,"mf":2017.325,"br":11,"rs":4,"pr":7.5,"no":0,"s":65,"sp":8.83,"r_oo":0.748,"r_mf":0.68,"r_rs":0.431,"r_n":0.891,"r_sol":0.268}},{"type":"Feature","geometry":{"type":"Polygon","coordinates":[[[-70.3695,41.67057],[-70.3717,41.66969],[-70.37177,41.66792],[-70.36963,41.66702],[-70.36743,41.6679],[-70.36736,41.66967],[-70.3695,41.67057]]]},"properties":{"h":"892a3170577ffff","t":"Barnstable","v":"Centerville","n":66,"oo":49,"po":74.2,"ao":4,"ml":1456,"mf":1940.165,"br":8,"rs":9,"pr":13.6,"no":0,"s":67,"sp":8.83,"r_oo":0.692,"r_mf":0.631,"r_rs":0.759,"r_n":0.951,"r_sol":0.268}},{"type":"Feature","geometry":{"type":"Polygon","coordinates":[[[-70.37591,41.67327],[-70.37812,41.67239],[-70.37819,41.67061],[-70.37605,41.66972],[-70.37384,41.67059],[-70.37377,41.67237],[-70.37591,41.67327]]]},"properties":{"h":"892a317057bffff","t":"Barnstable","v":"Marstons Mills","n":16,"oo":12,"po":75,"ao":2,"ml":2257.5,"mf":3041.512,"br":15,"rs":1,"pr":6.2,"no":0,"s":64.1,"sp":8.83,"r_oo":0.709,"r_mf":0.944,"r_rs":0.362,"r_n":0.401,"r_sol":0.268}},{"type":"Feature","geometry":{"type":"Polygon","coordinates":[[[-70.35605,41.68117],[-70.35826,41.68029],[-70.35832,41.67851],[-70.35619,41.67761],[-70.35398,41.67849],[-70.35391,41.68027],[-70.35605,41.68117]]]},"properties":{"h":"892a3170583ffff","t":"Barnstable","v":"Centerville","n":38,"oo":31,"po":81.6,"ao":2,"ml":1603,"mf":2044.775,"br":4,"rs":6,"pr":15.8,"no":0,"s":73.5,"sp":8.83,"r_oo":0.829,"r_mf":0.698,"r_rs":0.831,"r_n":0.773,"r_sol":0.268}},{"type":"Feature","geometry":{"type":"Polygon","coordinates":[[[-70.35398,41.67849],[-70.35619,41.67761],[-70.35625,41.67584],[-70.35412,41.67494],[-70.35191,41.67582],[-70.35184,41.67759],[-70.35398,41.67849]]]},"properties":{"h":"892a3170587ffff","t":"Barnstable","v":"Centerville","n":32,"oo":25,"po":78.1,"ao":4,"ml":1952,"mf":2002.318,"br":6,"rs":2,"pr":6.2,"no":0,"s":62.5,"sp":8.83,"r_oo":0.762,"r_mf":0.67,"r_rs":0.362,"r_n":0.71,"r_sol":0.268}},{"type":"Feature","geometry":{"type":"Polygon","coordinates":[[[-70.3604,41.68119],[-70.3626,41.68031],[-70.36267,41.67854],[-70.36053,41.67764],[-70.35832,41.67851],[-70.35826,41.68029],[-70.3604,41.68119]]]},"properties":{"h":"892a317058bffff","t":"Barnstable","v":"Centerville","n":39,"oo":35,"po":89.7,"ao":0,"ml":1584,"mf":1823.892,"br":1,"rs":4,"pr":10.3,"no":0,"s":70.2,"sp":8.83,"r_oo":0.932,"r_mf":0.537,"r_rs":0.597,"r_n":0.787,"r_sol":0.268}},{"type":"Feature","geometry":{"type":"Polygon","coordinates":[[[-70.35832,41.67851],[-70.36053,41.67764],[-70.3606,41.67586],[-70.35846,41.67496],[-70.35625,41.67584],[-70.35619,41.67761],[-70.35832,41.67851]]]},"properties":{"h":"892a317058fffff","t":"Barnstable","v":"Centerville","n":45,"oo":35,"po":77.8,"ao":3,"ml":1566,"mf":1894.053,"br":2,"rs":2,"pr":4.4,"no":0,"s":60.5,"sp":8.83,"r_oo":0.755,"r_mf":0.6,"r_rs":0.284,"r_n":0.837,"r_sol":0.268}},{"type":"Feature","geometry":{"type":"Polygon","coordinates":[[[-70.35377,41.68382],[-70.35598,41.68295],[-70.35605,41.68117],[-70.35391,41.68027],[-70.3517,41.68115],[-70.35163,41.68292],[-70.35377,41.68382]]]},"properties":{"h":"892a3170593ffff","t":"Barnstable","v":"Centerville","n":26,"oo":23,"po":88.5,"ao":1,"ml":1530,"mf":1894.416,"br":4,"rs":5,"pr":19.2,"no":0,"s":74,"sp":8.83,"r_oo":0.916,"r_mf":0.601,"r_rs":0.9,"r_n":0.615,"r_sol":0.268}},{"type":"Feature","geometry":{"type":"Polygon","coordinates":[[[-70.3517,41.68115],[-70.35391,41.68027],[-70.35398,41.67849],[-70.35184,41.67759],[-70.34963,41.67847],[-70.34956,41.68025],[-70.3517,41.68115]]]},"properties":{"h":"892a3170597ffff","t":"Barnstable","v":"Centerville","n":46,"oo":33,"po":71.7,"ao":4,"ml":1452.5,"mf":1770.489,"br":6,"rs":3,"pr":6.5,"no":0,"s":55.7,"sp":8.83,"r_oo":0.659,"r_mf":0.499,"r_rs":0.379,"r_n":0.846,"r_sol":0.268}},{"type":"Feature","geometry":{"type":"Polygon","coordinates":[[[-70.35812,41.68385],[-70.36033,41.68297],[-70.3604,41.68119],[-70.35826,41.68029],[-70.35605,41.68117],[-70.35598,41.68295],[-70.35812,41.68385]]]},"properties":{"h":"892a317059bffff","t":"Barnstable","v":"Centerville","n":22,"oo":17,"po":77.3,"ao":0,"ml":1814,"mf":1774.151,"br":4,"rs":4,"pr":18.2,"no":0,"s":63.7,"sp":8.83,"r_oo":0.745,"r_mf":0.503,"r_rs":0.887,"r_n":0.533,"r_sol":0.268}},{"type":"Feature","geometry":{"type":"Polygon","coordinates":[[[-70.35418,41.67316],[-70.35639,41.67228],[-70.35646,41.67051],[-70.35432,41.66961],[-70.35211,41.67049],[-70.35205,41.67226],[-70.35418,41.67316]]]},"properties":{"h":"892a31705a3ffff","t":"Barnstable","v":"Centerville","n":43,"oo":32,"po":74.4,"ao":0,"ml":1630,"mf":1693.137,"br":8,"rs":5,"pr":11.6,"no":0,"s":59.6,"sp":8.83,"r_oo":0.695,"r_mf":0.439,"r_rs":0.663,"r_n":0.821,"r_sol":0.268}},{"type":"Feature","geometry":{"type":"Polygon","coordinates":[[[-70.35211,41.67049],[-70.35432,41.66961],[-70.35439,41.66783],[-70.35225,41.66693],[-70.35004,41.66781],[-70.34998,41.66959],[-70.35211,41.67049]]]},"properties":{"h":"892a31705a7ffff","t":"Barnstable","v":"Centerville","n":35,"oo":31,"po":88.6,"ao":0,"ml":1384,"mf":1976.105,"br":7,"rs":4,"pr":11.4,"no":0,"s":72.8,"sp":8.83,"r_oo":0.916,"r_mf":0.651,"r_rs":0.654,"r_n":0.741,"r_sol":0.268}},{"type":"Feature","geometry":{"type":"Polygon","coordinates":[[[-70.35853,41.67318],[-70.36074,41.67231],[-70.36081,41.67053],[-70.35867,41.66963],[-70.35646,41.67051],[-70.35639,41.67228],[-70.35853,41.67318]]]},"properties":{"h":"892a31705abffff","t":"Barnstable","v":"Centerville","n":54,"oo":41,"po":75.9,"ao":5,"ml":1638,"mf":1626.086,"br":10,"rs":3,"pr":5.6,"no":0,"s":55.2,"sp":8.83,"r_oo":0.724,"r_mf":0.384,"r_rs":0.332,"r_n":0.897,"r_sol":0.268}},{"type":"Feature","geometry":{"type":"Polygon","coordinates":[[[-70.35646,41.67051],[-70.35867,41.66963],[-70.35873,41.66785],[-70.3566,41.66695],[-70.35439,41.66783],[-70.35432,41.66961],[-70.35646,41.67051]]]},"properties":{"h":"892a31705afffff","t":"Barnstable","v":"Centerville","n":49,"oo":45,"po":91.8,"ao":1,"ml":1512,"mf":1912.58,"br":6,"rs":0,"pr":0,"no":0,"s":66.6,"sp":8.83,"r_oo":0.957,"r_mf":0.612,"r_rs":0.109,"r_n":0.868,"r_sol":0.268}},{"type":"Feature","geometry":{"type":"Polygon","coordinates":[[[-70.35191,41.67582],[-70.35412,41.67494],[-70.35418,41.67316],[-70.35205,41.67226],[-70.34984,41.67314],[-70.34977,41.67492],[-70.35191,41.67582]]]},"properties":{"h":"892a31705b3ffff","t":"Barnstable","v":"Centerville","n":36,"oo":31,"po":86.1,"ao":1,"ml":1630,"mf":2097.117,"br":4,"rs":4,"pr":11.1,"no":0,"s":73.8,"sp":8.83,"r_oo":0.895,"r_mf":0.729,"r_rs":0.639,"r_n":0.75,"r_sol":0.268}},{"type":"Feature","geometry":{"type":"Polygon","coordinates":[[[-70.34984,41.67314],[-70.35205,41.67226],[-70.35211,41.67049],[-70.34998,41.66959],[-70.34777,41.67046],[-70.3477,41.67224],[-70.34984,41.67314]]]},"properties":{"h":"892a31705b7ffff","t":"Barnstable","v":"Centerville","n":30,"oo":22,"po":73.3,"ao":4,"ml":1664.5,"mf":1967.165,"br":6,"rs":5,"pr":16.7,"no":0,"s":65.8,"sp":8.83,"r_oo":0.683,"r_mf":0.645,"r_rs":0.858,"r_n":0.682,"r_sol":0.268}},{"type":"Feature","geometry":{"type":"Polygon","coordinates":[[[-70.35625,41.67584],[-70.35846,41.67496],[-70.35853,41.67318],[-70.35639,41.67228],[-70.35418,41.67316],[-70.35412,41.67494],[-70.35625,41.67584]]]},"properties":{"h":"892a31705bbffff","t":"Barnstable","v":"Centerville","n":52,"oo":42,"po":80.8,"ao":4,"ml":1665,"mf":1838.482,"br":7,"rs":2,"pr":3.8,"no":0,"s":61.8,"sp":8.83,"r_oo":0.817,"r_mf":0.55,"r_rs":0.258,"r_n":0.885,"r_sol":0.268}},{"type":"Feature","geometry":{"type":"Polygon","coordinates":[[[-70.36681,41.68389],[-70.36902,41.68301],[-70.36909,41.68123],[-70.36695,41.68033],[-70.36474,41.68121],[-70.36467,41.68299],[-70.36681,41.68389]]]},"properties":{"h":"892a31705c3ffff","t":"Barnstable","v":"Marstons Mills","n":24,"oo":22,"po":91.7,"ao":0,"ml":1794,"mf":1629.665,"br":0,"rs":1,"pr":4.2,"no":0,"s":60.3,"sp":8.83,"r_oo":0.954,"r_mf":0.387,"r_rs":0.271,"r_n":0.573,"r_sol":0.268}},{"type":"Feature","geometry":{"type":"Polygon","coordinates":[[[-70.36474,41.68121],[-70.36695,41.68033],[-70.36702,41.67856],[-70.36488,41.67766],[-70.36267,41.67854],[-70.3626,41.68031],[-70.36474,41.68121]]]},"properties":{"h":"892a31705c7ffff","t":"Barnstable","v":"Centerville","n":15,"oo":12,"po":80,"ao":0,"ml":1907,"mf":1766.294,"br":4,"rs":0,"pr":0,"no":0,"s":52.4,"sp":8.83,"r_oo":0.799,"r_mf":0.497,"r_rs":0.109,"r_n":0.369,"r_sol":0.268}},{"type":"Feature","geometry":{"type":"Polygon","coordinates":[[[-70.37116,41.68391],[-70.37337,41.68303],[-70.37344,41.68125],[-70.3713,41.68036],[-70.36909,41.68123],[-70.36902,41.68301],[-70.37116,41.68391]]]},"properties":{"h":"892a31705cbffff","t":"Barnstable","v":"Marstons Mills","n":21,"oo":18,"po":85.7,"ao":0,"ml":1937,"mf":1810.551,"br":1,"rs":5,"pr":23.8,"no":0,"s":70.8,"sp":8.83,"r_oo":0.887,"r_mf":0.527,"r_rs":0.959,"r_n":0.513,"r_sol":0.268}},{"type":"Feature","geometry":{"type":"Polygon","coordinates":[[[-70.36454,41.68654],[-70.36675,41.68567],[-70.36681,41.68389],[-70.36467,41.68299],[-70.36247,41.68387],[-70.3624,41.68564],[-70.36454,41.68654]]]},"properties":{"h":"892a31705d3ffff","t":"Barnstable","v":"West Barnstable","n":15,"oo":14,"po":93.3,"ao":0,"ml":1626,"mf":1459.585,"br":0,"rs":1,"pr":6.7,"no":0,"s":57.3,"sp":8.83,"r_oo":0.964,"r_mf":0.262,"r_rs":0.389,"r_n":0.369,"r_sol":0.268}},{"type":"Feature","geometry":{"type":"Polygon","coordinates":[[[-70.36247,41.68387],[-70.36467,41.68299],[-70.36474,41.68121],[-70.3626,41.68031],[-70.3604,41.68119],[-70.36033,41.68297],[-70.36247,41.68387]]]},"properties":{"h":"892a31705d7ffff","t":"Barnstable","v":"Centerville","n":12,"oo":10,"po":83.3,"ao":0,"ml":1946,"mf":1688.609,"br":1,"rs":2,"pr":16.7,"no":0,"s":63.5,"sp":8.83,"r_oo":0.856,"r_mf":0.431,"r_rs":0.858,"r_n":0.292,"r_sol":0.268}},{"type":"Feature","geometry":{"type":"Polygon","coordinates":[[[-70.36889,41.68656],[-70.37109,41.68569],[-70.37116,41.68391],[-70.36902,41.68301],[-70.36681,41.68389],[-70.36675,41.68567],[-70.36889,41.68656]]]},"properties":{"h":"892a31705dbffff","t":"Barnstable","v":"West Barnstable","n":36,"oo":33,"po":91.7,"ao":0,"ml":1937,"mf":1771.896,"br":1,"rs":1,"pr":2.8,"no":0,"s":64.3,"sp":8.83,"r_oo":0.954,"r_mf":0.501,"r_rs":0.229,"r_n":0.75,"r_sol":0.268}},{"type":"Feature","geometry":{"type":"Polygon","coordinates":[[[-70.40801,41.68675],[-70.41022,41.68587],[-70.41029,41.68409],[-70.40815,41.6832],[-70.40594,41.68407],[-70.40587,41.68585],[-70.40801,41.68675]]]},"properties":{"h":"892a3170623ffff","t":"Barnstable","v":"Marstons Mills","n":5,"oo":5,"po":100,"ao":0,"ml":2495,"mf":2427.828,"br":2,"rs":0,"pr":0,"no":0,"s":65.4,"sp":8.83,"r_oo":0.988,"r_mf":0.855,"r_rs":0.109,"r_n":0.024,"r_sol":0.268}},{"type":"Feature","geometry":{"type":"Polygon","coordinates":[[[-70.40594,41.68407],[-70.40815,41.6832],[-70.40821,41.68142],[-70.40607,41.68052],[-70.40386,41.6814],[-70.4038,41.68318],[-70.40594,41.68407]]]},"properties":{"h":"892a3170627ffff","t":"Barnstable","v":"Marstons Mills","n":6,"oo":6,"po":100,"ao":0,"ml":2501,"mf":2324.414,"br":2,"rs":1,"pr":16.7,"no":0,"s":76.2,"sp":8.83,"r_oo":0.988,"r_mf":0.816,"r_rs":0.858,"r_n":0.072,"r_sol":0.268}},{"type":"Feature","geometry":{"type":"Polygon","coordinates":[[[-70.41236,41.68677],[-70.41457,41.68589],[-70.41463,41.68411],[-70.41249,41.68322],[-70.41029,41.68409],[-70.41022,41.68587],[-70.41236,41.68677]]]},"properties":{"h":"892a317062bffff","t":"Barnstable","v":"Marstons Mills","n":5,"oo":4,"po":80,"ao":0,"ml":2250,"mf":2004.955,"br":1,"rs":1,"pr":20,"no":0,"s":65.5,"sp":8.83,"r_oo":0.799,"r_mf":0.673,"r_rs":0.919,"r_n":0.024,"r_sol":0.268}},{"type":"Feature","geometry":{"type":"Polygon","coordinates":[[[-70.41029,41.68409],[-70.41249,41.68322],[-70.41256,41.68144],[-70.41042,41.68054],[-70.40821,41.68142],[-70.40815,41.6832],[-70.41029,41.68409]]]},"properties":{"h":"892a317062fffff","t":"Barnstable","v":"Marstons Mills","n":5,"oo":3,"po":60,"ao":0,"ml":3256,"mf":2831.73,"br":3,"rs":0,"pr":0,"no":0,"s":46.4,"sp":8.83,"r_oo":0.466,"r_mf":0.927,"r_rs":0.109,"r_n":0.024,"r_sol":0.268}},{"type":"Feature","geometry":{"type":"Polygon","coordinates":[[[-70.41671,41.68679],[-70.41891,41.68591],[-70.41898,41.68413],[-70.41684,41.68323],[-70.41463,41.68411],[-70.41457,41.68589],[-70.41671,41.68679]]]},"properties":{"h":"892a3170667ffff","t":"Barnstable","v":"Marstons Mills","n":12,"oo":11,"po":91.7,"ao":0,"ml":2242.5,"mf":2261.072,"br":3,"rs":2,"pr":16.7,"no":0,"s":76.5,"sp":8.83,"r_oo":0.954,"r_mf":0.795,"r_rs":0.858,"r_n":0.292,"r_sol":0.268}},{"type":"Feature","geometry":{"type":"Polygon","coordinates":[[[-70.42313,41.68948],[-70.42534,41.68861],[-70.4254,41.68683],[-70.42326,41.68593],[-70.42106,41.68681],[-70.42099,41.68859],[-70.42313,41.68948]]]},"properties":{"h":"892a317066bffff","t":"Barnstable","v":"Marstons Mills","n":20,"oo":19,"po":95,"ao":0,"ml":1810.5,"mf":1718.593,"br":3,"rs":1,"pr":5,"no":0,"s":62.6,"sp":8.83,"r_oo":0.972,"r_mf":0.462,"r_rs":0.306,"r_n":0.495,"r_sol":0.268}},{"type":"Feature","geometry":{"type":"Polygon","coordinates":[[[-70.42106,41.68681],[-70.42326,41.68593],[-70.42333,41.68415],[-70.42119,41.68325],[-70.41898,41.68413],[-70.41891,41.68591],[-70.42106,41.68681]]]},"properties":{"h":"892a317066fffff","t":"Barnstable","v":"Marstons Mills","n":21,"oo":20,"po":95.2,"ao":0,"ml":1934,"mf":1923.168,"br":1,"rs":0,"pr":0,"no":0,"s":63.9,"sp":8.83,"r_oo":0.973,"r_mf":0.62,"r_rs":0.109,"r_n":0.513,"r_sol":0.268}},{"type":"Feature","geometry":{"type":"Polygon","coordinates":[[[-70.39704,41.68937],[-70.39925,41.68849],[-70.39932,41.68671],[-70.39718,41.68581],[-70.39497,41.68669],[-70.3949,41.68847],[-70.39704,41.68937]]]},"properties":{"h":"892a31706a7ffff","t":"Barnstable","v":"West Barnstable","n":6,"oo":4,"po":66.7,"ao":0,"ml":2029,"mf":2304.697,"br":2,"rs":1,"pr":16.7,"no":0,"s":59.1,"sp":8.83,"r_oo":0.565,"r_mf":0.81,"r_rs":0.858,"r_n":0.072,"r_sol":0.268}},{"type":"Feature","geometry":{"type":"Polygon","coordinates":[[[-70.38455,41.61735],[-70.38676,41.61647],[-70.38683,41.61469],[-70.38469,41.6138],[-70.38248,41.61467],[-70.38242,41.61645],[-70.38455,41.61735]]]},"properties":{"h":"892a317080fffff","t":"Barnstable","v":"Osterville","n":10,"oo":1,"po":10,"ao":3,"ml":2923.5,"mf":3457.657,"br":8,"rs":2,"pr":20,"no":0,"s":44.7,"sp":8.83,"r_oo":0.041,"r_mf":0.969,"r_rs":0.919,"r_n":0.234,"r_sol":0.268}},{"type":"Feature","geometry":{"type":"Polygon","coordinates":[[[-70.38001,41.62265],[-70.38222,41.62178],[-70.38228,41.62],[-70.38015,41.6191],[-70.37794,41.61998],[-70.37787,41.62176],[-70.38001,41.62265]]]},"properties":{"h":"892a3170813ffff","t":"Barnstable","v":"Osterville","n":64,"oo":22,"po":34.4,"ao":13,"ml":2096,"mf":2035.73,"br":19,"rs":3,"pr":4.7,"no":0,"s":41.8,"sp":8.83,"r_oo":0.197,"r_mf":0.694,"r_rs":0.295,"r_n":0.944,"r_sol":0.268}},{"type":"Feature","geometry":{"type":"Polygon","coordinates":[[[-70.37794,41.61998],[-70.38015,41.6191],[-70.38021,41.61733],[-70.37808,41.61643],[-70.37587,41.61731],[-70.37581,41.61908],[-70.37794,41.61998]]]},"properties":{"h":"892a3170817ffff","t":"Barnstable","v":"Osterville","n":13,"oo":5,"po":38.5,"ao":2,"ml":2491,"mf":2790.284,"br":8,"rs":0,"pr":0,"no":0,"s":39.4,"sp":8.83,"r_oo":0.223,"r_mf":0.921,"r_rs":0.109,"r_n":0.318,"r_sol":0.268}},{"type":"Feature","geometry":{"type":"Polygon","coordinates":[[[-70.38435,41.62267],[-70.38656,41.6218],[-70.38662,41.62002],[-70.38449,41.61912],[-70.38228,41.62],[-70.38222,41.62178],[-70.38435,41.62267]]]},"properties":{"h":"892a317081bffff","t":"Barnstable","v":"Osterville","n":27,"oo":10,"po":37,"ao":8,"ml":2992,"mf":2594.645,"br":15,"rs":2,"pr":7.4,"no":0,"s":46.3,"sp":8.83,"r_oo":0.213,"r_mf":0.895,"r_rs":0.426,"r_n":0.632,"r_sol":0.268}},{"type":"Feature","geometry":{"type":"Polygon","coordinates":[[[-70.38476,41.61202],[-70.38696,41.61114],[-70.38703,41.60937],[-70.38489,41.60847],[-70.38269,41.60935],[-70.38262,41.61112],[-70.38476,41.61202]]]},"properties":{"h":"892a317082bffff","t":"Barnstable","v":"Osterville","n":9,"oo":1,"po":11.1,"ao":5,"ml":3859,"mf":3145.821,"br":7,"rs":2,"pr":22.2,"no":0,"s":44.5,"sp":8.83,"r_oo":0.047,"r_mf":0.953,"r_rs":0.948,"r_n":0.194,"r_sol":0.268}},{"type":"Feature","geometry":{"type":"Polygon","coordinates":[[[-70.37814,41.61465],[-70.38035,41.61378],[-70.38042,41.612],[-70.37828,41.6111],[-70.37608,41.61198],[-70.37601,41.61375],[-70.37814,41.61465]]]},"properties":{"h":"892a3170833ffff","t":"Barnstable","v":"Osterville","n":6,"oo":0,"po":0,"ao":0,"ml":5348.5,"mf":4274.591,"br":6,"rs":0,"pr":0,"no":0,"s":30.3,"sp":8.83,"r_oo":0.014,"r_mf":0.988,"r_rs":0.109,"r_n":0.072,"r_sol":0.268}},{"type":"Feature","geometry":{"type":"Polygon","coordinates":[[[-70.38248,41.61467],[-70.38469,41.6138],[-70.38476,41.61202],[-70.38262,41.61112],[-70.38042,41.612],[-70.38035,41.61378],[-70.38248,41.61467]]]},"properties":{"h":"892a317083bffff","t":"Barnstable","v":"Osterville","n":8,"oo":0,"po":0,"ao":2,"ml":4009,"mf":4301.42,"br":6,"rs":0,"pr":0,"no":0,"s":31.1,"sp":8.83,"r_oo":0.014,"r_mf":0.988,"r_rs":0.109,"r_n":0.154,"r_sol":0.268}},{"type":"Feature","geometry":{"type":"Polygon","coordinates":[[[-70.39304,41.62271],[-70.39524,41.62184],[-70.39531,41.62006],[-70.39317,41.61916],[-70.39097,41.62004],[-70.3909,41.62182],[-70.39304,41.62271]]]},"properties":{"h":"892a3170843ffff","t":"Barnstable","v":"Osterville","n":6,"oo":1,"po":16.7,"ao":1,"ml":4307.5,"mf":2774.237,"br":5,"rs":1,"pr":16.7,"no":1,"s":42.2,"sp":8.83,"r_oo":0.075,"r_mf":0.918,"r_rs":0.858,"r_n":0.072,"r_sol":0.268}},{"type":"Feature","geometry":{"type":"Polygon","coordinates":[[[-70.39076,41.62537],[-70.39297,41.62449],[-70.39304,41.62271],[-70.3909,41.62182],[-70.38869,41.62269],[-70.38863,41.62447],[-70.39076,41.62537]]]},"properties":{"h":"892a3170853ffff","t":"Barnstable","v":"Osterville","n":30,"oo":12,"po":40,"ao":10,"ml":2870.5,"mf":2431.31,"br":15,"rs":4,"pr":13.3,"no":0,"s":51.6,"sp":8.83,"r_oo":0.239,"r_mf":0.855,"r_rs":0.748,"r_n":0.682,"r_sol":0.268}},{"type":"Feature","geometry":{"type":"Polygon","coordinates":[[[-70.38869,41.62269],[-70.3909,41.62182],[-70.39097,41.62004],[-70.38883,41.61914],[-70.38662,41.62002],[-70.38656,41.6218],[-70.38869,41.62269]]]},"properties":{"h":"892a3170857ffff","t":"Barnstable","v":"Osterville","n":10,"oo":2,"po":20,"ao":3,"ml":3391.5,"mf":3019.167,"br":7,"rs":0,"pr":0,"no":0,"s":34.2,"sp":8.83,"r_oo":0.1,"r_mf":0.942,"r_rs":0.109,"r_n":0.234,"r_sol":0.268}},{"type":"Feature","geometry":{"type":"Polygon","coordinates":[[[-70.39511,41.62539],[-70.39731,41.62451],[-70.39738,41.62274],[-70.39524,41.62184],[-70.39304,41.62271],[-70.39297,41.62449],[-70.39511,41.62539]]]},"properties":{"h":"892a317085bffff","t":"Barnstable","v":"Osterville","n":12,"oo":0,"po":0,"ao":6,"ml":2726,"mf":2268.594,"br":6,"rs":0,"pr":0,"no":0,"s":27.8,"sp":8.83,"r_oo":0.014,"r_mf":0.8,"r_rs":0.109,"r_n":0.292,"r_sol":0.268}},{"type":"Feature","geometry":{"type":"Polygon","coordinates":[[[-70.3891,41.61204],[-70.3913,41.61116],[-70.39137,41.60939],[-70.38923,41.60849],[-70.38703,41.60937],[-70.38696,41.61114],[-70.3891,41.61204]]]},"properties":{"h":"892a3170867ffff","t":"Barnstable","v":"Osterville","n":6,"oo":0,"po":0,"ao":2,"ml":5172,"mf":4269.455,"br":6,"rs":0,"pr":0,"no":0,"s":30.3,"sp":8.83,"r_oo":0.014,"r_mf":0.987,"r_rs":0.109,"r_n":0.072,"r_sol":0.268}},{"type":"Feature","geometry":{"type":"Polygon","coordinates":[[[-70.39551,41.61473],[-70.39771,41.61386],[-70.39778,41.61208],[-70.39564,41.61118],[-70.39344,41.61206],[-70.39337,41.61384],[-70.39551,41.61473]]]},"properties":{"h":"892a317086bffff","t":"Barnstable","v":"Osterville","n":8,"oo":2,"po":25,"ao":3,"ml":3629.5,"mf":3730.237,"br":5,"rs":1,"pr":12.5,"no":0,"s":44.3,"sp":8.83,"r_oo":0.128,"r_mf":0.978,"r_rs":0.702,"r_n":0.154,"r_sol":0.268}},{"type":"Feature","geometry":{"type":"Polygon","coordinates":[[[-70.39344,41.61206],[-70.39564,41.61118],[-70.39571,41.60941],[-70.39357,41.60851],[-70.39137,41.60939],[-70.3913,41.61116],[-70.39344,41.61206]]]},"properties":{"h":"892a317086fffff","t":"Barnstable","v":"Osterville","n":15,"oo":7,"po":46.7,"ao":4,"ml":4426,"mf":4253.288,"br":13,"rs":1,"pr":6.7,"no":0,"s":49.2,"sp":8.83,"r_oo":0.309,"r_mf":0.987,"r_rs":0.389,"r_n":0.369,"r_sol":0.268}},{"type":"Feature","geometry":{"type":"Polygon","coordinates":[[[-70.3889,41.61737],[-70.3911,41.61649],[-70.39117,41.61471],[-70.38903,41.61382],[-70.38683,41.61469],[-70.38676,41.61647],[-70.3889,41.61737]]]},"properties":{"h":"892a3170873ffff","t":"Barnstable","v":"Osterville","n":10,"oo":6,"po":60,"ao":2,"ml":3995.5,"mf":3662.075,"br":9,"rs":4,"pr":40,"no":0,"s":63,"sp":8.83,"r_oo":0.466,"r_mf":0.976,"r_rs":0.995,"r_n":0.234,"r_sol":0.268}},{"type":"Feature","geometry":{"type":"Polygon","coordinates":[[[-70.38683,41.61469],[-70.38903,41.61382],[-70.3891,41.61204],[-70.38696,41.61114],[-70.38476,41.61202],[-70.38469,41.6138],[-70.38683,41.61469]]]},"properties":{"h":"892a3170877ffff","t":"Barnstable","v":"Osterville","n":19,"oo":8,"po":42.1,"ao":4,"ml":3365,"mf":3029.548,"br":12,"rs":0,"pr":0,"no":0,"s":42.9,"sp":8.83,"r_oo":0.258,"r_mf":0.943,"r_rs":0.109,"r_n":0.472,"r_sol":0.268}},{"type":"Feature","geometry":{"type":"Polygon","coordinates":[[[-70.3734,41.62529],[-70.3756,41.62441],[-70.37567,41.62263],[-70.37353,41.62173],[-70.37133,41.62261],[-70.37126,41.62439],[-70.3734,41.62529]]]},"properties":{"h":"892a3170883ffff","t":"Barnstable","v":"Osterville","n":10,"oo":0,"po":0,"ao":6,"ml":4112,"mf":3145.051,"br":8,"rs":1,"pr":10,"no":0,"s":38,"sp":8.83,"r_oo":0.014,"r_mf":0.953,"r_rs":0.575,"r_n":0.234,"r_sol":0.268}},{"type":"Feature","geometry":{"type":"Polygon","coordinates":[[[-70.37133,41.62261],[-70.37353,41.62173],[-70.3736,41.61996],[-70.37146,41.61906],[-70.36926,41.61994],[-70.36919,41.62171],[-70.37133,41.62261]]]},"properties":{"h":"892a3170887ffff","t":"Barnstable","v":"Osterville","n":13,"oo":9,"po":69.2,"ao":2,"ml":5071,"mf":4075.994,"br":11,"rs":2,"pr":15.4,"no":0,"s":67.1,"sp":8.83,"r_oo":0.609,"r_mf":0.984,"r_rs":0.818,"r_n":0.318,"r_sol":0.268}},{"type":"Feature","geometry":{"type":"Polygon","coordinates":[[[-70.37774,41.62531],[-70.37994,41.62443],[-70.38001,41.62265],[-70.37787,41.62176],[-70.37567,41.62263],[-70.3756,41.62441],[-70.37774,41.62531]]]},"properties":{"h":"892a317088bffff","t":"Barnstable","v":"Osterville","n":41,"oo":17,"po":41.5,"ao":6,"ml":3002,"mf":2781.582,"br":23,"rs":3,"pr":7.3,"no":0,"s":50.2,"sp":8.83,"r_oo":0.253,"r_mf":0.92,"r_rs":0.422,"r_n":0.805,"r_sol":0.268}},{"type":"Feature","geometry":{"type":"Polygon","coordinates":[[[-70.37567,41.62263],[-70.37787,41.62176],[-70.37794,41.61998],[-70.37581,41.61908],[-70.3736,41.61996],[-70.37353,41.62173],[-70.37567,41.62263]]]},"properties":{"h":"892a317088fffff","t":"Barnstable","v":"Osterville","n":43,"oo":14,"po":32.6,"ao":13,"ml":2550,"mf":2375.921,"br":20,"rs":3,"pr":7,"no":0,"s":44.6,"sp":8.83,"r_oo":0.173,"r_mf":0.831,"r_rs":0.403,"r_n":0.821,"r_sol":0.268}},{"type":"Feature","geometry":{"type":"Polygon","coordinates":[[[-70.37547,41.62796],[-70.37767,41.62708],[-70.37774,41.62531],[-70.3756,41.62441],[-70.3734,41.62529],[-70.37333,41.62706],[-70.37547,41.62796]]]},"properties":{"h":"892a317089bffff","t":"Barnstable","v":"Osterville","n":12,"oo":4,"po":33.3,"ao":1,"ml":3686,"mf":3083.45,"br":6,"rs":0,"pr":0,"no":0,"s":38.2,"sp":8.83,"r_oo":0.184,"r_mf":0.947,"r_rs":0.109,"r_n":0.292,"r_sol":0.268}},{"type":"Feature","geometry":{"type":"Polygon","coordinates":[[[-70.37153,41.61728],[-70.37374,41.61641],[-70.3738,41.61463],[-70.37167,41.61373],[-70.36946,41.61461],[-70.3694,41.61639],[-70.37153,41.61728]]]},"properties":{"h":"892a31708a3ffff","t":"Barnstable","v":"Osterville","n":8,"oo":1,"po":12.5,"ao":6,"ml":3447.5,"mf":2852.563,"br":5,"rs":2,"pr":25,"no":0,"s":44.1,"sp":8.83,"r_oo":0.055,"r_mf":0.93,"r_rs":0.965,"r_n":0.154,"r_sol":0.268}},{"type":"Feature","geometry":{"type":"Polygon","coordinates":[[[-70.37587,41.61731],[-70.37808,41.61643],[-70.37814,41.61465],[-70.37601,41.61375],[-70.3738,41.61463],[-70.37374,41.61641],[-70.37587,41.61731]]]},"properties":{"h":"892a31708abffff","t":"Barnstable","v":"Osterville","n":25,"oo":8,"po":32,"ao":5,"ml":2962,"mf":2439.877,"br":10,"rs":0,"pr":0,"no":0,"s":38.4,"sp":8.83,"r_oo":0.168,"r_mf":0.858,"r_rs":0.109,"r_n":0.593,"r_sol":0.268}},{"type":"Feature","geometry":{"type":"Polygon","coordinates":[[[-70.36926,41.61994],[-70.37146,41.61906],[-70.37153,41.61728],[-70.3694,41.61639],[-70.36719,41.61726],[-70.36712,41.61904],[-70.36926,41.61994]]]},"properties":{"h":"892a31708b3ffff","t":"Barnstable","v":"Osterville","n":11,"oo":3,"po":27.3,"ao":1,"ml":4247,"mf":3469.816,"br":10,"rs":2,"pr":18.2,"no":0,"s":48.4,"sp":8.83,"r_oo":0.137,"r_mf":0.97,"r_rs":0.887,"r_n":0.266,"r_sol":0.268}},{"type":"Feature","geometry":{"type":"Polygon","coordinates":[[[-70.3736,41.61996],[-70.37581,41.61908],[-70.37587,41.61731],[-70.37374,41.61641],[-70.37153,41.61728],[-70.37146,41.61906],[-70.3736,41.61996]]]},"properties":{"h":"892a31708bbffff","t":"Barnstable","v":"Osterville","n":14,"oo":6,"po":42.9,"ao":5,"ml":2629,"mf":2404.236,"br":7,"rs":2,"pr":14.3,"no":0,"s":49.7,"sp":8.83,"r_oo":0.267,"r_mf":0.846,"r_rs":0.784,"r_n":0.341,"r_sol":0.268}},{"type":"Feature","geometry":{"type":"Polygon","coordinates":[[[-70.38415,41.628],[-70.38636,41.62712],[-70.38642,41.62535],[-70.38429,41.62445],[-70.38208,41.62533],[-70.38201,41.6271],[-70.38415,41.628]]]},"properties":{"h":"892a31708c3ffff","t":"Barnstable","v":"Osterville","n":21,"oo":10,"po":47.6,"ao":3,"ml":1896,"mf":1707.62,"br":4,"rs":3,"pr":14.3,"no":0,"s":43.5,"sp":8.83,"r_oo":0.316,"r_mf":0.451,"r_rs":0.784,"r_n":0.513,"r_sol":0.268}},{"type":"Feature","geometry":{"type":"Polygon","coordinates":[[[-70.38208,41.62533],[-70.38429,41.62445],[-70.38435,41.62267],[-70.38222,41.62178],[-70.38001,41.62265],[-70.37994,41.62443],[-70.38208,41.62533]]]},"properties":{"h":"892a31708c7ffff","t":"Barnstable","v":"Osterville","n":55,"oo":24,"po":43.6,"ao":9,"ml":2400,"mf":2001.538,"br":15,"rs":7,"pr":12.7,"no":0,"s":50.3,"sp":8.83,"r_oo":0.276,"r_mf":0.67,"r_rs":0.72,"r_n":0.904,"r_sol":0.268}},{"type":"Feature","geometry":{"type":"Polygon","coordinates":[[[-70.38849,41.62802],[-70.3907,41.62714],[-70.39076,41.62537],[-70.38863,41.62447],[-70.38642,41.62535],[-70.38636,41.62712],[-70.38849,41.62802]]]},"properties":{"h":"892a31708cbffff","t":"Barnstable","v":"Osterville","n":12,"oo":5,"po":41.7,"ao":4,"ml":2413.5,"mf":1946.549,"br":5,"rs":1,"pr":8.3,"no":0,"s":38.8,"sp":8.83,"r_oo":0.254,"r_mf":0.634,"r_rs":0.48,"r_n":0.292,"r_sol":0.268}},{"type":"Feature","geometry":{"type":"Polygon","coordinates":[[[-70.38642,41.62535],[-70.38863,41.62447],[-70.38869,41.62269],[-70.38656,41.6218],[-70.38435,41.62267],[-70.38429,41.62445],[-70.38642,41.62535]]]},"properties":{"h":"892a31708cfffff","t":"Barnstable","v":"Osterville","n":28,"oo":13,"po":46.4,"ao":3,"ml":2159,"mf":1814.635,"br":9,"rs":3,"pr":10.7,"no":0,"s":43.9,"sp":8.83,"r_oo":0.306,"r_mf":0.53,"r_rs":0.616,"r_n":0.65,"r_sol":0.268}},{"type":"Feature","geometry":{"type":"Polygon","coordinates":[[[-70.37981,41.62798],[-70.38201,41.6271],[-70.38208,41.62533],[-70.37994,41.62443],[-70.37774,41.62531],[-70.37767,41.62708],[-70.37981,41.62798]]]},"properties":{"h":"892a31708d7ffff","t":"Barnstable","v":"Osterville","n":22,"oo":12,"po":54.5,"ao":3,"ml":3255.5,"mf":2843.292,"br":13,"rs":0,"pr":0,"no":0,"s":48.6,"sp":8.83,"r_oo":0.395,"r_mf":0.929,"r_rs":0.109,"r_n":0.533,"r_sol":0.268}},{"type":"Feature","geometry":{"type":"Polygon","coordinates":[[[-70.38622,41.63068],[-70.38843,41.6298],[-70.38849,41.62802],[-70.38636,41.62712],[-70.38415,41.628],[-70.38408,41.62978],[-70.38622,41.63068]]]},"properties":{"h":"892a31708dbffff","t":"Barnstable","v":"Osterville","n":19,"oo":8,"po":42.1,"ao":2,"ml":1629,"mf":1227.269,"br":2,"rs":1,"pr":5.3,"no":0,"s":25.1,"sp":8.83,"r_oo":0.258,"r_mf":0.105,"r_rs":0.318,"r_n":0.472,"r_sol":0.268}},{"type":"Feature","geometry":{"type":"Polygon","coordinates":[[[-70.41701,41.62016],[-70.41922,41.61928],[-70.41928,41.61751],[-70.41715,41.61661],[-70.41494,41.61749],[-70.41488,41.61926],[-70.41701,41.62016]]]},"properties":{"h":"892a3170a0bffff","t":"Barnstable","v":"Osterville","n":6,"oo":2,"po":33.3,"ao":2,"ml":5067.5,"mf":5386.407,"br":5,"rs":0,"pr":0,"no":0,"s":37.3,"sp":8.83,"r_oo":0.184,"r_mf":0.998,"r_rs":0.109,"r_n":0.072,"r_sol":0.268}},{"type":"Feature","geometry":{"type":"Polygon","coordinates":[[[-70.41494,41.61749],[-70.41715,41.61661],[-70.41721,41.61483],[-70.41507,41.61393],[-70.41287,41.61481],[-70.4128,41.61659],[-70.41494,41.61749]]]},"properties":{"h":"892a3170a0fffff","t":"Barnstable","v":"Osterville","n":9,"oo":0,"po":0,"ao":3,"ml":5127,"mf":4795.395,"br":9,"rs":2,"pr":22.2,"no":0,"s":44.3,"sp":8.83,"r_oo":0.014,"r_mf":0.995,"r_rs":0.948,"r_n":0.194,"r_sol":0.268}},{"type":"Feature","geometry":{"type":"Polygon","coordinates":[[[-70.4104,41.62279],[-70.41261,41.62192],[-70.41267,41.62014],[-70.41053,41.61924],[-70.40833,41.62012],[-70.40826,41.6219],[-70.4104,41.62279]]]},"properties":{"h":"892a3170a13ffff","t":"Barnstable","v":"Osterville","n":13,"oo":0,"po":0,"ao":7,"ml":5131,"mf":4492.535,"br":12,"rs":2,"pr":15.4,"no":0,"s":43.5,"sp":8.83,"r_oo":0.014,"r_mf":0.991,"r_rs":0.818,"r_n":0.318,"r_sol":0.268}},{"type":"Feature","geometry":{"type":"Polygon","coordinates":[[[-70.40833,41.62012],[-70.41053,41.61924],[-70.4106,41.61747],[-70.40846,41.61657],[-70.40626,41.61745],[-70.40619,41.61922],[-70.40833,41.62012]]]},"properties":{"h":"892a3170a17ffff","t":"Barnstable","v":"Osterville","n":12,"oo":1,"po":8.3,"ao":4,"ml":6161.5,"mf":5154.113,"br":12,"rs":1,"pr":8.3,"no":0,"s":39.2,"sp":8.83,"r_oo":0.036,"r_mf":0.997,"r_rs":0.48,"r_n":0.292,"r_sol":0.268}},{"type":"Feature","geometry":{"type":"Polygon","coordinates":[[[-70.41514,41.61216],[-70.41734,41.61128],[-70.41741,41.60951],[-70.41527,41.60861],[-70.41307,41.60949],[-70.413,41.61126],[-70.41514,41.61216]]]},"properties":{"h":"892a3170a2bffff","t":"Barnstable","v":"Osterville","n":8,"oo":0,"po":0,"ao":3,"ml":5057,"mf":2911.193,"br":5,"rs":0,"pr":0,"no":0,"s":29.8,"sp":8.83,"r_oo":0.014,"r_mf":0.934,"r_rs":0.109,"r_n":0.154,"r_sol":0.268}},{"type":"Feature","geometry":{"type":"Polygon","coordinates":[[[-70.41287,41.61481],[-70.41507,41.61393],[-70.41514,41.61216],[-70.413,41.61126],[-70.4108,41.61214],[-70.41073,41.61392],[-70.41287,41.61481]]]},"properties":{"h":"892a3170a3bffff","t":"Barnstable","v":"Osterville","n":7,"oo":0,"po":0,"ao":3,"ml":4218,"mf":4405.052,"br":6,"rs":1,"pr":14.3,"no":0,"s":40.9,"sp":8.83,"r_oo":0.014,"r_mf":0.99,"r_rs":0.784,"r_n":0.115,"r_sol":0.268}},{"type":"Feature","geometry":{"type":"Polygon","coordinates":[[[-70.42135,41.62018],[-70.42356,41.6193],[-70.42362,41.61752],[-70.42149,41.61663],[-70.41928,41.61751],[-70.41922,41.61928],[-70.42135,41.62018]]]},"properties":{"h":"892a3170a47ffff","t":"Barnstable","v":"Osterville","n":7,"oo":1,"po":14.3,"ao":1,"ml":5726,"mf":3596.112,"br":6,"rs":0,"pr":0,"no":0,"s":32.3,"sp":8.83,"r_oo":0.064,"r_mf":0.973,"r_rs":0.109,"r_n":0.115,"r_sol":0.268}},{"type":"Feature","geometry":{"type":"Polygon","coordinates":[[[-70.4255,41.62553],[-70.4277,41.62465],[-70.42777,41.62287],[-70.42563,41.62197],[-70.42343,41.62285],[-70.42336,41.62463],[-70.4255,41.62553]]]},"properties":{"h":"892a3170a5bffff","t":"Barnstable","v":"Cotuit","n":5,"oo":1,"po":20,"ao":1,"ml":1480,"mf":1753.863,"br":1,"rs":0,"pr":0,"no":0,"s":20.8,"sp":8.83,"r_oo":0.1,"r_mf":0.49,"r_rs":0.109,"r_n":0.024,"r_sol":0.268}},{"type":"Feature","geometry":{"type":"Polygon","coordinates":[[[-70.42155,41.61485],[-70.42376,41.61397],[-70.42382,41.6122],[-70.42168,41.6113],[-70.41948,41.61218],[-70.41941,41.61395],[-70.42155,41.61485]]]},"properties":{"h":"892a3170a63ffff","t":"Barnstable","v":"Osterville","n":5,"oo":0,"po":0,"ao":3,"ml":7559,"mf":4989.611,"br":5,"rs":0,"pr":0,"no":0,"s":30,"sp":8.83,"r_oo":0.014,"r_mf":0.995,"r_rs":0.109,"r_n":0.024,"r_sol":0.268}},{"type":"Feature","geometry":{"type":"Polygon","coordinates":[[[-70.41928,41.61751],[-70.42149,41.61663],[-70.42155,41.61485],[-70.41941,41.61395],[-70.41721,41.61483],[-70.41715,41.61661],[-70.41928,41.61751]]]},"properties":{"h":"892a3170a73ffff","t":"Barnstable","v":"Osterville","n":5,"oo":1,"po":20,"ao":1,"ml":4727,"mf":4501.102,"br":4,"rs":0,"pr":0,"no":0,"s":33.3,"sp":8.83,"r_oo":0.1,"r_mf":0.992,"r_rs":0.109,"r_n":0.024,"r_sol":0.268}},{"type":"Feature","geometry":{"type":"Polygon","coordinates":[[[-70.41721,41.61483],[-70.41941,41.61395],[-70.41948,41.61218],[-70.41734,41.61128],[-70.41514,41.61216],[-70.41507,41.61393],[-70.41721,41.61483]]]},"properties":{"h":"892a3170a77ffff","t":"Barnstable","v":"Osterville","n":12,"oo":2,"po":16.7,"ao":3,"ml":5402.5,"mf":5310.585,"br":11,"rs":3,"pr":25,"no":0,"s":48,"sp":8.83,"r_oo":0.075,"r_mf":0.998,"r_rs":0.965,"r_n":0.292,"r_sol":0.268}},{"type":"Feature","geometry":{"type":"Polygon","coordinates":[[[-70.40379,41.62543],[-70.40599,41.62455],[-70.40606,41.62277],[-70.40392,41.62188],[-70.40172,41.62275],[-70.40165,41.62453],[-70.40379,41.62543]]]},"properties":{"h":"892a3170a83ffff","t":"Barnstable","v":"Osterville","n":22,"oo":9,"po":40.9,"ao":5,"ml":3550.5,"mf":3447.205,"br":19,"rs":2,"pr":9.1,"no":0,"s":50.1,"sp":8.83,"r_oo":0.251,"r_mf":0.969,"r_rs":0.524,"r_n":0.533,"r_sol":0.268}},{"type":"Feature","geometry":{"type":"Polygon","coordinates":[[[-70.40172,41.62275],[-70.40392,41.62188],[-70.40399,41.6201],[-70.40185,41.6192],[-70.39965,41.62008],[-70.39958,41.62186],[-70.40172,41.62275]]]},"properties":{"h":"892a3170a87ffff","t":"Barnstable","v":"Osterville","n":7,"oo":0,"po":0,"ao":0,"ml":8116,"mf":6263.32,"br":7,"rs":1,"pr":14.3,"no":0,"s":41.1,"sp":8.83,"r_oo":0.014,"r_mf":1,"r_rs":0.784,"r_n":0.115,"r_sol":0.268}},{"type":"Feature","geometry":{"type":"Polygon","coordinates":[[[-70.40813,41.62545],[-70.41034,41.62457],[-70.4104,41.62279],[-70.40826,41.6219],[-70.40606,41.62277],[-70.40599,41.62455],[-70.40813,41.62545]]]},"properties":{"h":"892a3170a8bffff","t":"Barnstable","v":"Osterville","n":6,"oo":2,"po":33.3,"ao":1,"ml":5298,"mf":3675.76,"br":5,"rs":0,"pr":0,"no":0,"s":36.8,"sp":8.83,"r_oo":0.184,"r_mf":0.977,"r_rs":0.109,"r_n":0.072,"r_sol":0.268}},{"type":"Feature","geometry":{"type":"Polygon","coordinates":[[[-70.40152,41.62808],[-70.40372,41.6272],[-70.40379,41.62543],[-70.40165,41.62453],[-70.39945,41.62541],[-70.39938,41.62718],[-70.40152,41.62808]]]},"properties":{"h":"892a3170a93ffff","t":"Barnstable","v":"Osterville","n":8,"oo":1,"po":12.5,"ao":3,"ml":4235.5,"mf":3794.991,"br":6,"rs":0,"pr":0,"no":0,"s":32.5,"sp":8.83,"r_oo":0.055,"r_mf":0.98,"r_rs":0.109,"r_n":0.154,"r_sol":0.268}},{"type":"Feature","geometry":{"type":"Polygon","coordinates":[[[-70.39945,41.62541],[-70.40165,41.62453],[-70.40172,41.62275],[-70.39958,41.62186],[-70.39738,41.62274],[-70.39731,41.62451],[-70.39945,41.62541]]]},"properties":{"h":"892a3170a97ffff","t":"Barnstable","v":"Osterville","n":18,"oo":7,"po":38.9,"ao":2,"ml":3711.5,"mf":3528.682,"br":15,"rs":2,"pr":11.1,"no":0,"s":50,"sp":8.83,"r_oo":0.225,"r_mf":0.97,"r_rs":0.639,"r_n":0.448,"r_sol":0.268}},{"type":"Feature","geometry":{"type":"Polygon","coordinates":[[[-70.40586,41.6281],[-70.40807,41.62722],[-70.40813,41.62545],[-70.40599,41.62455],[-70.40379,41.62543],[-70.40372,41.6272],[-70.40586,41.6281]]]},"properties":{"h":"892a3170a9bffff","t":"Barnstable","v":"Osterville","n":5,"oo":1,"po":20,"ao":0,"ml":7466,"mf":4555.639,"br":4,"rs":1,"pr":20,"no":0,"s":45.5,"sp":8.83,"r_oo":0.1,"r_mf":0.993,"r_rs":0.919,"r_n":0.024,"r_sol":0.268}},{"type":"Feature","geometry":{"type":"Polygon","coordinates":[[[-70.41455,41.62814],[-70.41675,41.62726],[-70.41682,41.62549],[-70.41468,41.62459],[-70.41247,41.62547],[-70.41241,41.62724],[-70.41455,41.62814]]]},"properties":{"h":"892a3170ac3ffff","t":"Barnstable","v":"Osterville","n":8,"oo":1,"po":12.5,"ao":2,"ml":4637,"mf":4120.602,"br":8,"rs":1,"pr":12.5,"no":0,"s":41.6,"sp":8.83,"r_oo":0.055,"r_mf":0.985,"r_rs":0.702,"r_n":0.154,"r_sol":0.268}},{"type":"Feature","geometry":{"type":"Polygon","coordinates":[[[-70.41247,41.62547],[-70.41468,41.62459],[-70.41474,41.62281],[-70.41261,41.62192],[-70.4104,41.62279],[-70.41034,41.62457],[-70.41247,41.62547]]]},"properties":{"h":"892a3170ac7ffff","t":"Barnstable","v":"Osterville","n":6,"oo":0,"po":0,"ao":1,"ml":4323.5,"mf":3388.888,"br":6,"rs":1,"pr":16.7,"no":0,"s":41,"sp":8.83,"r_oo":0.014,"r_mf":0.967,"r_rs":0.858,"r_n":0.072,"r_sol":0.268}},{"type":"Feature","geometry":{"type":"Polygon","coordinates":[[[-70.41889,41.62816],[-70.42109,41.62728],[-70.42116,41.62551],[-70.41902,41.62461],[-70.41682,41.62549],[-70.41675,41.62726],[-70.41889,41.62816]]]},"properties":{"h":"892a3170acbffff","t":"Barnstable","v":"Cotuit","n":5,"oo":1,"po":20,"ao":3,"ml":4928,"mf":3850.241,"br":5,"rs":0,"pr":0,"no":0,"s":33,"sp":8.83,"r_oo":0.1,"r_mf":0.98,"r_rs":0.109,"r_n":0.024,"r_sol":0.268}},{"type":"Feature","geometry":{"type":"Polygon","coordinates":[[[-70.4102,41.62812],[-70.41241,41.62724],[-70.41247,41.62547],[-70.41034,41.62457],[-70.40813,41.62545],[-70.40807,41.62722],[-70.4102,41.62812]]]},"properties":{"h":"892a3170ad7ffff","t":"Barnstable","v":"Osterville","n":10,"oo":1,"po":10,"ao":4,"ml":6129.5,"mf":5469.01,"br":10,"rs":0,"pr":0,"no":0,"s":33.3,"sp":8.83,"r_oo":0.041,"r_mf":0.999,"r_rs":0.109,"r_n":0.234,"r_sol":0.268}},{"type":"Feature","geometry":{"type":"Polygon","coordinates":[[[-70.41662,41.63082],[-70.41882,41.62994],[-70.41889,41.62816],[-70.41675,41.62726],[-70.41455,41.62814],[-70.41448,41.62992],[-70.41662,41.63082]]]},"properties":{"h":"892a3170adbffff","t":"Barnstable","v":"Cotuit","n":6,"oo":2,"po":33.3,"ao":1,"ml":3849.5,"mf":3684.585,"br":4,"rs":0,"pr":0,"no":0,"s":36.8,"sp":8.83,"r_oo":0.184,"r_mf":0.977,"r_rs":0.109,"r_n":0.072,"r_sol":0.268}},{"type":"Feature","geometry":{"type":"Polygon","coordinates":[[[-70.39778,41.61208],[-70.39998,41.6112],[-70.40005,41.60943],[-70.39791,41.60853],[-70.39571,41.60941],[-70.39564,41.61118],[-70.39778,41.61208]]]},"properties":{"h":"892a3170bd3ffff","t":"Barnstable","v":"Osterville","n":5,"oo":1,"po":20,"ao":0,"ml":5170,"mf":4009.673,"br":5,"rs":0,"pr":0,"no":0,"s":33.1,"sp":8.83,"r_oo":0.1,"r_mf":0.983,"r_rs":0.109,"r_n":0.024,"r_sol":0.268}},{"type":"Feature","geometry":{"type":"Polygon","coordinates":[[[-70.39571,41.60941],[-70.39791,41.60853],[-70.39798,41.60675],[-70.39584,41.60586],[-70.39364,41.60673],[-70.39357,41.60851],[-70.39571,41.60941]]]},"properties":{"h":"892a3170bd7ffff","t":"Barnstable","v":"Osterville","n":8,"oo":0,"po":0,"ao":1,"ml":5099,"mf":4327.105,"br":5,"rs":1,"pr":12.5,"no":0,"s":40,"sp":8.83,"r_oo":0.014,"r_mf":0.989,"r_rs":0.702,"r_n":0.154,"r_sol":0.268}},{"type":"Feature","geometry":{"type":"Polygon","coordinates":[[[-70.36638,41.63857],[-70.36858,41.6377],[-70.36865,41.63592],[-70.36651,41.63502],[-70.36431,41.6359],[-70.36424,41.63768],[-70.36638,41.63857]]]},"properties":{"h":"892a3170c03ffff","t":"Barnstable","v":"Osterville","n":24,"oo":17,"po":70.8,"ao":2,"ml":2248.5,"mf":2060.152,"br":7,"rs":4,"pr":16.7,"no":0,"s":64.5,"sp":8.83,"r_oo":0.64,"r_mf":0.706,"r_rs":0.858,"r_n":0.573,"r_sol":0.268}},{"type":"Feature","geometry":{"type":"Polygon","coordinates":[[[-70.36431,41.6359],[-70.36651,41.63502],[-70.36658,41.63325],[-70.36444,41.63235],[-70.36224,41.63322],[-70.36217,41.635],[-70.36431,41.6359]]]},"properties":{"h":"892a3170c07ffff","t":"Barnstable","v":"Osterville","n":5,"oo":3,"po":60,"ao":1,"ml":4053,"mf":3559.497,"br":4,"rs":1,"pr":20,"no":0,"s":59.7,"sp":8.83,"r_oo":0.466,"r_mf":0.972,"r_rs":0.919,"r_n":0.024,"r_sol":0.268}},{"type":"Feature","geometry":{"type":"Polygon","coordinates":[[[-70.37072,41.6386],[-70.37292,41.63772],[-70.37299,41.63594],[-70.37085,41.63504],[-70.36865,41.63592],[-70.36858,41.6377],[-70.37072,41.6386]]]},"properties":{"h":"892a3170c0bffff","t":"Barnstable","v":"Osterville","n":46,"oo":30,"po":65.2,"ao":7,"ml":1984,"mf":2012.954,"br":14,"rs":6,"pr":13,"no":0,"s":60.8,"sp":8.83,"r_oo":0.541,"r_mf":0.679,"r_rs":0.734,"r_n":0.846,"r_sol":0.268}},{"type":"Feature","geometry":{"type":"Polygon","coordinates":[[[-70.36865,41.63592],[-70.37085,41.63504],[-70.37092,41.63327],[-70.36878,41.63237],[-70.36658,41.63325],[-70.36651,41.63502],[-70.36865,41.63592]]]},"properties":{"h":"892a3170c0fffff","t":"Barnstable","v":"Osterville","n":32,"oo":20,"po":62.5,"ao":6,"ml":2237,"mf":2619.399,"br":19,"rs":1,"pr":3.1,"no":0,"s":55.9,"sp":8.83,"r_oo":0.504,"r_mf":0.898,"r_rs":0.237,"r_n":0.71,"r_sol":0.268}},{"type":"Feature","geometry":{"type":"Polygon","coordinates":[[[-70.3641,41.64123],[-70.36631,41.64035],[-70.36638,41.63857],[-70.36424,41.63768],[-70.36203,41.63855],[-70.36196,41.64033],[-70.3641,41.64123]]]},"properties":{"h":"892a3170c13ffff","t":"Barnstable","v":"Osterville","n":6,"oo":4,"po":66.7,"ao":1,"ml":5106,"mf":3970.749,"br":5,"rs":1,"pr":16.7,"no":0,"s":63.4,"sp":8.83,"r_oo":0.565,"r_mf":0.982,"r_rs":0.858,"r_n":0.072,"r_sol":0.268}},{"type":"Feature","geometry":{"type":"Polygon","coordinates":[[[-70.36203,41.63855],[-70.36424,41.63768],[-70.36431,41.6359],[-70.36217,41.635],[-70.35996,41.63588],[-70.3599,41.63765],[-70.36203,41.63855]]]},"properties":{"h":"892a3170c17ffff","t":"Barnstable","v":"Osterville","n":8,"oo":1,"po":12.5,"ao":3,"ml":3988.5,"mf":3324.208,"br":7,"rs":1,"pr":12.5,"no":0,"s":41,"sp":8.83,"r_oo":0.055,"r_mf":0.964,"r_rs":0.702,"r_n":0.154,"r_sol":0.268}},{"type":"Feature","geometry":{"type":"Polygon","coordinates":[[[-70.36845,41.64125],[-70.37065,41.64037],[-70.37072,41.6386],[-70.36858,41.6377],[-70.36638,41.63857],[-70.36631,41.64035],[-70.36845,41.64125]]]},"properties":{"h":"892a3170c1bffff","t":"Barnstable","v":"Osterville","n":24,"oo":12,"po":50,"ao":4,"ml":2118,"mf":2090.448,"br":9,"rs":4,"pr":16.7,"no":0,"s":53,"sp":8.83,"r_oo":0.341,"r_mf":0.725,"r_rs":0.858,"r_n":0.573,"r_sol":0.268}},{"type":"Feature","geometry":{"type":"Polygon","coordinates":[[[-70.36658,41.63325],[-70.36878,41.63237],[-70.36885,41.63059],[-70.36672,41.62969],[-70.36451,41.63057],[-70.36444,41.63235],[-70.36658,41.63325]]]},"properties":{"h":"892a3170c3bffff","t":"Barnstable","v":"Osterville","n":6,"oo":1,"po":16.7,"ao":0,"ml":4847.5,"mf":2996.111,"br":5,"rs":0,"pr":0,"no":0,"s":31.5,"sp":8.83,"r_oo":0.075,"r_mf":0.94,"r_rs":0.109,"r_n":0.072,"r_sol":0.268}},{"type":"Feature","geometry":{"type":"Polygon","coordinates":[[[-70.37506,41.63862],[-70.37727,41.63774],[-70.37733,41.63596],[-70.3752,41.63506],[-70.37299,41.63594],[-70.37292,41.63772],[-70.37506,41.63862]]]},"properties":{"h":"892a3170c47ffff","t":"Barnstable","v":"Osterville","n":14,"oo":7,"po":50,"ao":2,"ml":1477,"mf":1363.9,"br":1,"rs":1,"pr":7.1,"no":0,"s":30.7,"sp":8.83,"r_oo":0.341,"r_mf":0.194,"r_rs":0.413,"r_n":0.341,"r_sol":0.268}},{"type":"Feature","geometry":{"type":"Polygon","coordinates":[[[-70.37279,41.64127],[-70.37499,41.64039],[-70.37506,41.63862],[-70.37292,41.63772],[-70.37072,41.6386],[-70.37065,41.64037],[-70.37279,41.64127]]]},"properties":{"h":"892a3170c57ffff","t":"Barnstable","v":"Osterville","n":29,"oo":20,"po":69,"ao":1,"ml":1464,"mf":1638.844,"br":3,"rs":2,"pr":6.9,"no":0,"s":49.4,"sp":8.83,"r_oo":0.604,"r_mf":0.394,"r_rs":0.4,"r_n":0.668,"r_sol":0.268}},{"type":"Feature","geometry":{"type":"Polygon","coordinates":[[[-70.37526,41.63329],[-70.37747,41.63241],[-70.37754,41.63063],[-70.3754,41.62974],[-70.37319,41.63061],[-70.37313,41.63239],[-70.37526,41.63329]]]},"properties":{"h":"892a3170c63ffff","t":"Barnstable","v":"Osterville","n":56,"oo":28,"po":50,"ao":9,"ml":2108,"mf":2000.786,"br":8,"rs":5,"pr":8.9,"no":0,"s":49.8,"sp":8.83,"r_oo":0.341,"r_mf":0.669,"r_rs":0.509,"r_n":0.91,"r_sol":0.268}},{"type":"Feature","geometry":{"type":"Polygon","coordinates":[[[-70.37319,41.63061],[-70.3754,41.62974],[-70.37547,41.62796],[-70.37333,41.62706],[-70.37113,41.62794],[-70.37106,41.62972],[-70.37319,41.63061]]]},"properties":{"h":"892a3170c67ffff","t":"Barnstable","v":"Osterville","n":13,"oo":4,"po":30.8,"ao":2,"ml":2657,"mf":3325.353,"br":10,"rs":0,"pr":0,"no":0,"s":38,"sp":8.83,"r_oo":0.16,"r_mf":0.965,"r_rs":0.109,"r_n":0.318,"r_sol":0.268}},{"type":"Feature","geometry":{"type":"Polygon","coordinates":[[[-70.37961,41.63331],[-70.38181,41.63243],[-70.38188,41.63066],[-70.37974,41.62976],[-70.37754,41.63063],[-70.37747,41.63241],[-70.37961,41.63331]]]},"properties":{"h":"892a3170c6bffff","t":"Barnstable","v":"Osterville","n":28,"oo":12,"po":42.9,"ao":9,"ml":1430,"mf":1640.835,"br":2,"rs":4,"pr":14.3,"no":0,"s":41.5,"sp":8.83,"r_oo":0.267,"r_mf":0.396,"r_rs":0.784,"r_n":0.65,"r_sol":0.268}},{"type":"Feature","geometry":{"type":"Polygon","coordinates":[[[-70.37754,41.63063],[-70.37974,41.62976],[-70.37981,41.62798],[-70.37767,41.62708],[-70.37547,41.62796],[-70.3754,41.62974],[-70.37754,41.63063]]]},"properties":{"h":"892a3170c6fffff","t":"Barnstable","v":"Osterville","n":29,"oo":17,"po":58.6,"ao":5,"ml":1772,"mf":1959.357,"br":4,"rs":0,"pr":0,"no":0,"s":44.8,"sp":8.83,"r_oo":0.444,"r_mf":0.642,"r_rs":0.109,"r_n":0.668,"r_sol":0.268}},{"type":"Feature","geometry":{"type":"Polygon","coordinates":[[[-70.37299,41.63594],[-70.3752,41.63506],[-70.37526,41.63329],[-70.37313,41.63239],[-70.37092,41.63327],[-70.37085,41.63504],[-70.37299,41.63594]]]},"properties":{"h":"892a3170c73ffff","t":"Barnstable","v":"Osterville","n":40,"oo":19,"po":47.5,"ao":4,"ml":2051,"mf":2449.253,"br":20,"rs":7,"pr":17.5,"no":0,"s":57.9,"sp":8.83,"r_oo":0.315,"r_mf":0.862,"r_rs":0.876,"r_n":0.796,"r_sol":0.268}},{"type":"Feature","geometry":{"type":"Polygon","coordinates":[[[-70.37092,41.63327],[-70.37313,41.63239],[-70.37319,41.63061],[-70.37106,41.62972],[-70.36885,41.63059],[-70.36878,41.63237],[-70.37092,41.63327]]]},"properties":{"h":"892a3170c77ffff","t":"Barnstable","v":"Osterville","n":22,"oo":12,"po":54.5,"ao":4,"ml":2058,"mf":2442.263,"br":10,"rs":2,"pr":9.1,"no":0,"s":53.1,"sp":8.83,"r_oo":0.395,"r_mf":0.859,"r_rs":0.524,"r_n":0.533,"r_sol":0.268}},{"type":"Feature","geometry":{"type":"Polygon","coordinates":[[[-70.37733,41.63596],[-70.37954,41.63509],[-70.37961,41.63331],[-70.37747,41.63241],[-70.37526,41.63329],[-70.3752,41.63506],[-70.37733,41.63596]]]},"properties":{"h":"892a3170c7bffff","t":"Barnstable","v":"Osterville","n":26,"oo":12,"po":46.2,"ao":3,"ml":2082.5,"mf":1957.871,"br":4,"rs":2,"pr":7.7,"no":0,"s":43.5,"sp":8.83,"r_oo":0.301,"r_mf":0.641,"r_rs":0.442,"r_n":0.615,"r_sol":0.268}},{"type":"Feature","geometry":{"type":"Polygon","coordinates":[[[-70.35749,41.64386],[-70.35969,41.64298],[-70.35976,41.64121],[-70.35762,41.64031],[-70.35542,41.64118],[-70.35535,41.64296],[-70.35749,41.64386]]]},"properties":{"h":"892a3170c83ffff","t":"Barnstable","v":"Centerville","n":18,"oo":12,"po":66.7,"ao":2,"ml":2872.5,"mf":2799.012,"br":14,"rs":1,"pr":5.6,"no":0,"s":57.8,"sp":8.83,"r_oo":0.565,"r_mf":0.922,"r_rs":0.332,"r_n":0.448,"r_sol":0.268}},{"type":"Feature","geometry":{"type":"Polygon","coordinates":[[[-70.36183,41.64388],[-70.36403,41.643],[-70.3641,41.64123],[-70.36196,41.64033],[-70.35976,41.64121],[-70.35969,41.64298],[-70.36183,41.64388]]]},"properties":{"h":"892a3170c8bffff","t":"Barnstable","v":"Centerville","n":9,"oo":6,"po":66.7,"ao":2,"ml":2737,"mf":2305.406,"br":2,"rs":0,"pr":0,"no":0,"s":49.1,"sp":8.83,"r_oo":0.565,"r_mf":0.81,"r_rs":0.109,"r_n":0.194,"r_sol":0.268}},{"type":"Feature","geometry":{"type":"Polygon","coordinates":[[[-70.35976,41.64121],[-70.36196,41.64033],[-70.36203,41.63855],[-70.3599,41.63765],[-70.35769,41.63853],[-70.35762,41.64031],[-70.35976,41.64121]]]},"properties":{"h":"892a3170c8fffff","t":"Barnstable","v":"Centerville","n":17,"oo":6,"po":35.3,"ao":3,"ml":2292,"mf":2384.221,"br":7,"rs":0,"pr":0,"no":0,"s":37.5,"sp":8.83,"r_oo":0.203,"r_mf":0.834,"r_rs":0.109,"r_n":0.426,"r_sol":0.268}},{"type":"Feature","geometry":{"type":"Polygon","coordinates":[[[-70.35521,41.64651],[-70.35742,41.64564],[-70.35749,41.64386],[-70.35535,41.64296],[-70.35314,41.64384],[-70.35307,41.64561],[-70.35521,41.64651]]]},"properties":{"h":"892a3170c93ffff","t":"Barnstable","v":"Centerville","n":14,"oo":10,"po":71.4,"ao":0,"ml":2640.5,"mf":2836.554,"br":10,"rs":1,"pr":7.1,"no":0,"s":61.5,"sp":8.83,"r_oo":0.652,"r_mf":0.927,"r_rs":0.413,"r_n":0.341,"r_sol":0.268}},{"type":"Feature","geometry":{"type":"Polygon","coordinates":[[[-70.35314,41.64384],[-70.35535,41.64296],[-70.35542,41.64118],[-70.35328,41.64029],[-70.35107,41.64116],[-70.351,41.64294],[-70.35314,41.64384]]]},"properties":{"h":"892a3170c97ffff","t":"Barnstable","v":"Centerville","n":10,"oo":9,"po":90,"ao":0,"ml":2553,"mf":2455.375,"br":5,"rs":3,"pr":30,"no":0,"s":78.8,"sp":8.83,"r_oo":0.937,"r_mf":0.865,"r_rs":0.982,"r_n":0.234,"r_sol":0.268}},{"type":"Feature","geometry":{"type":"Polygon","coordinates":[[[-70.35955,41.64654],[-70.36176,41.64566],[-70.36183,41.64388],[-70.35969,41.64298],[-70.35749,41.64386],[-70.35742,41.64564],[-70.35955,41.64654]]]},"properties":{"h":"892a3170c9bffff","t":"Barnstable","v":"Centerville","n":10,"oo":9,"po":90,"ao":1,"ml":2681,"mf":3194.909,"br":6,"rs":3,"pr":30,"no":0,"s":81.1,"sp":8.83,"r_oo":0.937,"r_mf":0.957,"r_rs":0.982,"r_n":0.234,"r_sol":0.268}},{"type":"Feature","geometry":{"type":"Polygon","coordinates":[[[-70.35996,41.63588],[-70.36217,41.635],[-70.36224,41.63322],[-70.3601,41.63233],[-70.35789,41.6332],[-70.35783,41.63498],[-70.35996,41.63588]]]},"properties":{"h":"892a3170cabffff","t":"Barnstable","v":"Osterville","n":8,"oo":3,"po":37.5,"ao":2,"ml":4471,"mf":2674.735,"br":4,"rs":1,"pr":12.5,"no":0,"s":46.1,"sp":8.83,"r_oo":0.216,"r_mf":0.908,"r_rs":0.702,"r_n":0.154,"r_sol":0.268}},{"type":"Feature","geometry":{"type":"Polygon","coordinates":[[[-70.35335,41.63851],[-70.35555,41.63763],[-70.35562,41.63586],[-70.35348,41.63496],[-70.35128,41.63583],[-70.35121,41.63761],[-70.35335,41.63851]]]},"properties":{"h":"892a3170cb3ffff","t":"Barnstable","v":"Centerville","n":19,"oo":8,"po":42.1,"ao":3,"ml":3130,"mf":2359.173,"br":6,"rs":1,"pr":5.3,"no":0,"s":43.2,"sp":8.83,"r_oo":0.258,"r_mf":0.828,"r_rs":0.318,"r_n":0.472,"r_sol":0.268}},{"type":"Feature","geometry":{"type":"Polygon","coordinates":[[[-70.35128,41.63583],[-70.35348,41.63496],[-70.35355,41.63318],[-70.35142,41.63228],[-70.34921,41.63316],[-70.34914,41.63494],[-70.35128,41.63583]]]},"properties":{"h":"892a3170cb7ffff","t":"Barnstable","v":"Centerville","n":6,"oo":0,"po":0,"ao":2,"ml":4925.5,"mf":3067.973,"br":5,"rs":0,"pr":0,"no":0,"s":29.2,"sp":8.83,"r_oo":0.014,"r_mf":0.946,"r_rs":0.109,"r_n":0.072,"r_sol":0.268}},{"type":"Feature","geometry":{"type":"Polygon","coordinates":[[[-70.35769,41.63853],[-70.3599,41.63765],[-70.35996,41.63588],[-70.35783,41.63498],[-70.35562,41.63586],[-70.35555,41.63763],[-70.35769,41.63853]]]},"properties":{"h":"892a3170cbbffff","t":"Barnstable","v":"Centerville","n":25,"oo":10,"po":40,"ao":1,"ml":2091,"mf":2104.386,"br":8,"rs":4,"pr":16,"no":0,"s":49,"sp":8.83,"r_oo":0.239,"r_mf":0.731,"r_rs":0.836,"r_n":0.593,"r_sol":0.268}},{"type":"Feature","geometry":{"type":"Polygon","coordinates":[[[-70.36824,41.64658],[-70.37045,41.6457],[-70.37051,41.64392],[-70.36838,41.64303],[-70.36617,41.6439],[-70.3661,41.64568],[-70.36824,41.64658]]]},"properties":{"h":"892a3170cc3ffff","t":"Barnstable","v":"Centerville","n":9,"oo":5,"po":55.6,"ao":0,"ml":2510,"mf":2463.115,"br":5,"rs":0,"pr":0,"no":0,"s":44.1,"sp":8.83,"r_oo":0.406,"r_mf":0.866,"r_rs":0.109,"r_n":0.194,"r_sol":0.268}},{"type":"Feature","geometry":{"type":"Polygon","coordinates":[[[-70.36617,41.6439],[-70.36838,41.64303],[-70.36845,41.64125],[-70.36631,41.64035],[-70.3641,41.64123],[-70.36403,41.643],[-70.36617,41.6439]]]},"properties":{"h":"892a3170cc7ffff","t":"Barnstable","v":"Osterville","n":7,"oo":3,"po":42.9,"ao":2,"ml":3639,"mf":3167.062,"br":6,"rs":1,"pr":14.3,"no":0,"s":50.1,"sp":8.83,"r_oo":0.267,"r_mf":0.955,"r_rs":0.784,"r_n":0.115,"r_sol":0.268}},{"type":"Feature","geometry":{"type":"Polygon","coordinates":[[[-70.37051,41.64392],[-70.37272,41.64305],[-70.37279,41.64127],[-70.37065,41.64037],[-70.36845,41.64125],[-70.36838,41.64303],[-70.37051,41.64392]]]},"properties":{"h":"892a3170ccfffff","t":"Barnstable","v":"Osterville","n":12,"oo":8,"po":66.7,"ao":1,"ml":3210.5,"mf":3320.645,"br":10,"rs":1,"pr":8.3,"no":0,"s":59.5,"sp":8.83,"r_oo":0.565,"r_mf":0.964,"r_rs":0.48,"r_n":0.292,"r_sol":0.268}},{"type":"Feature","geometry":{"type":"Polygon","coordinates":[[[-70.36597,41.64923],[-70.36817,41.64835],[-70.36824,41.64658],[-70.3661,41.64568],[-70.3639,41.64656],[-70.36383,41.64833],[-70.36597,41.64923]]]},"properties":{"h":"892a3170cd3ffff","t":"Barnstable","v":"Centerville","n":42,"oo":31,"po":73.8,"ao":1,"ml":1617.5,"mf":1677.266,"br":8,"rs":7,"pr":16.7,"no":0,"s":61.7,"sp":8.83,"r_oo":0.688,"r_mf":0.421,"r_rs":0.858,"r_n":0.813,"r_sol":0.268}},{"type":"Feature","geometry":{"type":"Polygon","coordinates":[[[-70.3639,41.64656],[-70.3661,41.64568],[-70.36617,41.6439],[-70.36403,41.643],[-70.36183,41.64388],[-70.36176,41.64566],[-70.3639,41.64656]]]},"properties":{"h":"892a3170cd7ffff","t":"Barnstable","v":"Centerville","n":20,"oo":14,"po":70,"ao":3,"ml":2541.5,"mf":2112.02,"br":8,"rs":1,"pr":5,"no":0,"s":55.6,"sp":8.83,"r_oo":0.626,"r_mf":0.734,"r_rs":0.306,"r_n":0.495,"r_sol":0.268}},{"type":"Feature","geometry":{"type":"Polygon","coordinates":[[[-70.37031,41.64925],[-70.37252,41.64838],[-70.37258,41.6466],[-70.37045,41.6457],[-70.36824,41.64658],[-70.36817,41.64835],[-70.37031,41.64925]]]},"properties":{"h":"892a3170cdbffff","t":"Barnstable","v":"Centerville","n":19,"oo":13,"po":68.4,"ao":2,"ml":1915,"mf":1693.845,"br":2,"rs":2,"pr":10.5,"no":0,"s":51.3,"sp":8.83,"r_oo":0.595,"r_mf":0.44,"r_rs":0.607,"r_n":0.472,"r_sol":0.268}},{"type":"Feature","geometry":{"type":"Polygon","coordinates":[[[-70.39678,41.63872],[-70.39898,41.63784],[-70.39905,41.63606],[-70.39691,41.63517],[-70.3947,41.63604],[-70.39464,41.63782],[-70.39678,41.63872]]]},"properties":{"h":"892a3170e03ffff","t":"Barnstable","v":"Osterville","n":10,"oo":7,"po":70,"ao":0,"ml":4261,"mf":3664.062,"br":9,"rs":1,"pr":10,"no":0,"s":63.1,"sp":8.83,"r_oo":0.626,"r_mf":0.976,"r_rs":0.575,"r_n":0.234,"r_sol":0.268}},{"type":"Feature","geometry":{"type":"Polygon","coordinates":[[[-70.3947,41.63604],[-70.39691,41.63517],[-70.39698,41.63339],[-70.39484,41.63249],[-70.39263,41.63337],[-70.39257,41.63515],[-70.3947,41.63604]]]},"properties":{"h":"892a3170e07ffff","t":"Barnstable","v":"Osterville","n":11,"oo":9,"po":81.8,"ao":0,"ml":5034,"mf":4399.154,"br":10,"rs":0,"pr":0,"no":0,"s":65,"sp":8.83,"r_oo":0.833,"r_mf":0.99,"r_rs":0.109,"r_n":0.266,"r_sol":0.268}},{"type":"Feature","geometry":{"type":"Polygon","coordinates":[[[-70.3945,41.64137],[-70.39671,41.6405],[-70.39678,41.63872],[-70.39464,41.63782],[-70.39243,41.6387],[-70.39237,41.64048],[-70.3945,41.64137]]]},"properties":{"h":"892a3170e13ffff","t":"Barnstable","v":"Osterville","n":6,"oo":4,"po":66.7,"ao":0,"ml":4534,"mf":4103.869,"br":6,"rs":1,"pr":16.7,"no":0,"s":63.4,"sp":8.83,"r_oo":0.565,"r_mf":0.984,"r_rs":0.858,"r_n":0.072,"r_sol":0.268}},{"type":"Feature","geometry":{"type":"Polygon","coordinates":[[[-70.39243,41.6387],[-70.39464,41.63782],[-70.3947,41.63604],[-70.39257,41.63515],[-70.39036,41.63602],[-70.39029,41.6378],[-70.39243,41.6387]]]},"properties":{"h":"892a3170e17ffff","t":"Barnstable","v":"Osterville","n":8,"oo":4,"po":50,"ao":2,"ml":2495.5,"mf":3114.161,"br":8,"rs":0,"pr":0,"no":0,"s":43.2,"sp":8.83,"r_oo":0.341,"r_mf":0.949,"r_rs":0.109,"r_n":0.154,"r_sol":0.268}},{"type":"Feature","geometry":{"type":"Polygon","coordinates":[[[-70.39885,41.64139],[-70.40105,41.64052],[-70.40112,41.63874],[-70.39898,41.63784],[-70.39678,41.63872],[-70.39671,41.6405],[-70.39885,41.64139]]]},"properties":{"h":"892a3170e1bffff","t":"Barnstable","v":"Osterville","n":6,"oo":3,"po":50,"ao":1,"ml":4020.5,"mf":3773.846,"br":6,"rs":0,"pr":0,"no":0,"s":43.1,"sp":8.83,"r_oo":0.341,"r_mf":0.979,"r_rs":0.109,"r_n":0.072,"r_sol":0.268}},{"type":"Feature","geometry":{"type":"Polygon","coordinates":[[[-70.39491,41.63072],[-70.39711,41.62984],[-70.39718,41.62806],[-70.39504,41.62716],[-70.39283,41.62804],[-70.39277,41.62982],[-70.39491,41.63072]]]},"properties":{"h":"892a3170e23ffff","t":"Barnstable","v":"Osterville","n":10,"oo":7,"po":70,"ao":2,"ml":3823,"mf":3264.725,"br":7,"rs":0,"pr":0,"no":0,"s":55.7,"sp":8.83,"r_oo":0.626,"r_mf":0.962,"r_rs":0.109,"r_n":0.234,"r_sol":0.268}},{"type":"Feature","geometry":{"type":"Polygon","coordinates":[[[-70.39283,41.62804],[-70.39504,41.62716],[-70.39511,41.62539],[-70.39297,41.62449],[-70.39076,41.62537],[-70.3907,41.62714],[-70.39283,41.62804]]]},"properties":{"h":"892a3170e27ffff","t":"Barnstable","v":"Osterville","n":7,"oo":2,"po":28.6,"ao":0,"ml":2241,"mf":1538.337,"br":0,"rs":2,"pr":28.6,"no":0,"s":32.3,"sp":8.83,"r_oo":0.146,"r_mf":0.318,"r_rs":0.976,"r_n":0.115,"r_sol":0.268}},{"type":"Feature","geometry":{"type":"Polygon","coordinates":[[[-70.39263,41.63337],[-70.39484,41.63249],[-70.39491,41.63072],[-70.39277,41.62982],[-70.39056,41.6307],[-70.3905,41.63247],[-70.39263,41.63337]]]},"properties":{"h":"892a3170e33ffff","t":"Barnstable","v":"Osterville","n":11,"oo":6,"po":54.5,"ao":0,"ml":2556,"mf":2302.979,"br":5,"rs":0,"pr":0,"no":0,"s":43,"sp":8.83,"r_oo":0.395,"r_mf":0.808,"r_rs":0.109,"r_n":0.266,"r_sol":0.268}},{"type":"Feature","geometry":{"type":"Polygon","coordinates":[[[-70.39056,41.6307],[-70.39277,41.62982],[-70.39283,41.62804],[-70.3907,41.62714],[-70.38849,41.62802],[-70.38843,41.6298],[-70.39056,41.6307]]]},"properties":{"h":"892a3170e37ffff","t":"Barnstable","v":"Osterville","n":21,"oo":9,"po":42.9,"ao":5,"ml":3037.5,"mf":2417.623,"br":10,"rs":4,"pr":19,"no":0,"s":53.3,"sp":8.83,"r_oo":0.267,"r_mf":0.851,"r_rs":0.9,"r_n":0.513,"r_sol":0.268}},{"type":"Feature","geometry":{"type":"Polygon","coordinates":[[[-70.40753,41.64143],[-70.40974,41.64055],[-70.40981,41.63878],[-70.40767,41.63788],[-70.40546,41.63876],[-70.4054,41.64054],[-70.40753,41.64143]]]},"properties":{"h":"892a3170e43ffff","t":"Barnstable","v":"Marstons Mills","n":11,"oo":5,"po":45.5,"ao":3,"ml":5386,"mf":5130.459,"br":11,"rs":2,"pr":18.2,"no":0,"s":55.3,"sp":8.83,"r_oo":0.293,"r_mf":0.997,"r_rs":0.887,"r_n":0.266,"r_sol":0.268}},{"type":"Feature","geometry":{"type":"Polygon","coordinates":[[[-70.41188,41.64145],[-70.41408,41.64057],[-70.41415,41.6388],[-70.41201,41.6379],[-70.40981,41.63878],[-70.40974,41.64055],[-70.41188,41.64145]]]},"properties":{"h":"892a3170e4bffff","t":"Barnstable","v":"Marstons Mills","n":7,"oo":3,"po":42.9,"ao":0,"ml":4575,"mf":4622.102,"br":6,"rs":0,"pr":0,"no":0,"s":41,"sp":8.83,"r_oo":0.267,"r_mf":0.994,"r_rs":0.109,"r_n":0.115,"r_sol":0.268}},{"type":"Feature","geometry":{"type":"Polygon","coordinates":[[[-70.40981,41.63878],[-70.41201,41.6379],[-70.41208,41.63612],[-70.40994,41.63523],[-70.40773,41.6361],[-70.40767,41.63788],[-70.40981,41.63878]]]},"properties":{"h":"892a3170e4fffff","t":"Barnstable","v":"Marstons Mills","n":5,"oo":1,"po":20,"ao":0,"ml":5891,"mf":5535.758,"br":5,"rs":0,"pr":0,"no":0,"s":33.5,"sp":8.83,"r_oo":0.1,"r_mf":0.999,"r_rs":0.109,"r_n":0.024,"r_sol":0.268}},{"type":"Feature","geometry":{"type":"Polygon","coordinates":[[[-70.40961,41.64411],[-70.41181,41.64323],[-70.41188,41.64145],[-70.40974,41.64055],[-70.40753,41.64143],[-70.40747,41.64321],[-70.40961,41.64411]]]},"properties":{"h":"892a3170e5bffff","t":"Barnstable","v":"Marstons Mills","n":9,"oo":5,"po":55.6,"ao":2,"ml":4304,"mf":4648.478,"br":9,"rs":0,"pr":0,"no":0,"s":47.3,"sp":8.83,"r_oo":0.406,"r_mf":0.994,"r_rs":0.109,"r_n":0.194,"r_sol":0.268}},{"type":"Feature","geometry":{"type":"Polygon","coordinates":[[[-70.40793,41.63078],[-70.41014,41.6299],[-70.4102,41.62812],[-70.40807,41.62722],[-70.40586,41.6281],[-70.40579,41.62988],[-70.40793,41.63078]]]},"properties":{"h":"892a3170e6fffff","t":"Barnstable","v":"Osterville","n":6,"oo":0,"po":0,"ao":1,"ml":4941,"mf":3878.333,"br":5,"rs":0,"pr":0,"no":0,"s":30.1,"sp":8.83,"r_oo":0.014,"r_mf":0.981,"r_rs":0.109,"r_n":0.072,"r_sol":0.268}},{"type":"Feature","geometry":{"type":"Polygon","coordinates":[[[-70.38582,41.64133],[-70.38802,41.64045],[-70.38809,41.63868],[-70.38595,41.63778],[-70.38375,41.63866],[-70.38368,41.64043],[-70.38582,41.64133]]]},"properties":{"h":"892a3170e87ffff","t":"Barnstable","v":"Osterville","n":25,"oo":12,"po":48,"ao":3,"ml":1663,"mf":1666.302,"br":4,"rs":2,"pr":8,"no":0,"s":38.7,"sp":8.83,"r_oo":0.319,"r_mf":0.416,"r_rs":0.462,"r_n":0.593,"r_sol":0.268}},{"type":"Feature","geometry":{"type":"Polygon","coordinates":[[[-70.39223,41.64403],[-70.39444,41.64315],[-70.3945,41.64137],[-70.39237,41.64048],[-70.39016,41.64135],[-70.39009,41.64313],[-70.39223,41.64403]]]},"properties":{"h":"892a3170e8bffff","t":"Barnstable","v":"Osterville","n":7,"oo":4,"po":57.1,"ao":2,"ml":3466,"mf":2955.21,"br":5,"rs":0,"pr":0,"no":0,"s":45.9,"sp":8.83,"r_oo":0.425,"r_mf":0.937,"r_rs":0.109,"r_n":0.115,"r_sol":0.268}},{"type":"Feature","geometry":{"type":"Polygon","coordinates":[[[-70.38562,41.64666],[-70.38782,41.64578],[-70.38789,41.64401],[-70.38575,41.64311],[-70.38355,41.64399],[-70.38348,41.64576],[-70.38562,41.64666]]]},"properties":{"h":"892a3170e93ffff","t":"Barnstable","v":"Osterville","n":41,"oo":28,"po":68.3,"ao":4,"ml":1414,"mf":1942.025,"br":4,"rs":7,"pr":17.1,"no":0,"s":63.4,"sp":8.83,"r_oo":0.593,"r_mf":0.632,"r_rs":0.874,"r_n":0.805,"r_sol":0.268}},{"type":"Feature","geometry":{"type":"Polygon","coordinates":[[[-70.38355,41.64399],[-70.38575,41.64311],[-70.38582,41.64133],[-70.38368,41.64043],[-70.38147,41.64131],[-70.38141,41.64309],[-70.38355,41.64399]]]},"properties":{"h":"892a3170e97ffff","t":"Barnstable","v":"Osterville","n":33,"oo":19,"po":57.6,"ao":4,"ml":1502,"mf":1442.624,"br":2,"rs":3,"pr":9.1,"no":0,"s":41.2,"sp":8.83,"r_oo":0.431,"r_mf":0.249,"r_rs":0.524,"r_n":0.723,"r_sol":0.268}},{"type":"Feature","geometry":{"type":"Polygon","coordinates":[[[-70.38996,41.64668],[-70.39216,41.6458],[-70.39223,41.64403],[-70.39009,41.64313],[-70.38789,41.64401],[-70.38782,41.64578],[-70.38996,41.64668]]]},"properties":{"h":"892a3170e9bffff","t":"Barnstable","v":"Osterville","n":16,"oo":13,"po":81.2,"ao":1,"ml":1494.5,"mf":2024.086,"br":4,"rs":2,"pr":12.5,"no":0,"s":67.3,"sp":8.83,"r_oo":0.823,"r_mf":0.686,"r_rs":0.702,"r_n":0.401,"r_sol":0.268}},{"type":"Feature","geometry":{"type":"Polygon","coordinates":[[[-70.38602,41.636],[-70.38822,41.63513],[-70.38829,41.63335],[-70.38615,41.63245],[-70.38395,41.63333],[-70.38388,41.63511],[-70.38602,41.636]]]},"properties":{"h":"892a3170ea3ffff","t":"Barnstable","v":"Osterville","n":32,"oo":17,"po":53.1,"ao":3,"ml":1412,"mf":1602.79,"br":5,"rs":3,"pr":9.4,"no":0,"s":42.2,"sp":8.83,"r_oo":0.377,"r_mf":0.368,"r_rs":0.542,"r_n":0.71,"r_sol":0.268}},{"type":"Feature","geometry":{"type":"Polygon","coordinates":[[[-70.38395,41.63333],[-70.38615,41.63245],[-70.38622,41.63068],[-70.38408,41.62978],[-70.38188,41.63066],[-70.38181,41.63243],[-70.38395,41.63333]]]},"properties":{"h":"892a3170ea7ffff","t":"Barnstable","v":"Osterville","n":54,"oo":25,"po":46.3,"ao":10,"ml":1632,"mf":1770.408,"br":8,"rs":3,"pr":5.6,"no":0,"s":41.3,"sp":8.83,"r_oo":0.305,"r_mf":0.499,"r_rs":0.332,"r_n":0.897,"r_sol":0.268}},{"type":"Feature","geometry":{"type":"Polygon","coordinates":[[[-70.39036,41.63602],[-70.39257,41.63515],[-70.39263,41.63337],[-70.3905,41.63247],[-70.38829,41.63335],[-70.38822,41.63513],[-70.39036,41.63602]]]},"properties":{"h":"892a3170eabffff","t":"Barnstable","v":"Osterville","n":9,"oo":4,"po":44.4,"ao":3,"ml":2146,"mf":1389.491,"br":4,"rs":1,"pr":11.1,"no":0,"s":30.9,"sp":8.83,"r_oo":0.284,"r_mf":0.214,"r_rs":0.639,"r_n":0.194,"r_sol":0.268}},{"type":"Feature","geometry":{"type":"Polygon","coordinates":[[[-70.38829,41.63335],[-70.3905,41.63247],[-70.39056,41.6307],[-70.38843,41.6298],[-70.38622,41.63068],[-70.38615,41.63245],[-70.38829,41.63335]]]},"properties":{"h":"892a3170eafffff","t":"Barnstable","v":"Osterville","n":35,"oo":19,"po":54.3,"ao":3,"ml":1188,"mf":1284.197,"br":6,"rs":0,"pr":0,"no":0,"s":31,"sp":8.83,"r_oo":0.39,"r_mf":0.146,"r_rs":0.109,"r_n":0.741,"r_sol":0.268}},{"type":"Feature","geometry":{"type":"Polygon","coordinates":[[[-70.38375,41.63866],[-70.38595,41.63778],[-70.38602,41.636],[-70.38388,41.63511],[-70.38168,41.63598],[-70.38161,41.63776],[-70.38375,41.63866]]]},"properties":{"h":"892a3170eb3ffff","t":"Barnstable","v":"Osterville","n":15,"oo":7,"po":46.7,"ao":0,"ml":1806,"mf":1476.387,"br":1,"rs":5,"pr":33.3,"no":0,"s":40.3,"sp":8.83,"r_oo":0.309,"r_mf":0.269,"r_rs":0.988,"r_n":0.369,"r_sol":0.268}},{"type":"Feature","geometry":{"type":"Polygon","coordinates":[[[-70.38168,41.63598],[-70.38388,41.63511],[-70.38395,41.63333],[-70.38181,41.63243],[-70.37961,41.63331],[-70.37954,41.63509],[-70.38168,41.63598]]]},"properties":{"h":"892a3170eb7ffff","t":"Barnstable","v":"Osterville","n":26,"oo":13,"po":50,"ao":5,"ml":1448,"mf":1424.156,"br":0,"rs":3,"pr":11.5,"no":0,"s":38.2,"sp":8.83,"r_oo":0.341,"r_mf":0.234,"r_rs":0.659,"r_n":0.615,"r_sol":0.268}},{"type":"Feature","geometry":{"type":"Polygon","coordinates":[[[-70.38809,41.63868],[-70.39029,41.6378],[-70.39036,41.63602],[-70.38822,41.63513],[-70.38602,41.636],[-70.38595,41.63778],[-70.38809,41.63868]]]},"properties":{"h":"892a3170ebbffff","t":"Barnstable","v":"Osterville","n":26,"oo":12,"po":46.2,"ao":4,"ml":1746.5,"mf":1485.607,"br":4,"rs":3,"pr":11.5,"no":0,"s":37.7,"sp":8.83,"r_oo":0.301,"r_mf":0.277,"r_rs":0.659,"r_n":0.615,"r_sol":0.268}},{"type":"Feature","geometry":{"type":"Polygon","coordinates":[[[-70.39865,41.64672],[-70.40085,41.64584],[-70.40092,41.64407],[-70.39878,41.64317],[-70.39658,41.64405],[-70.39651,41.64582],[-70.39865,41.64672]]]},"properties":{"h":"892a3170ec3ffff","t":"Barnstable","v":"Marstons Mills","n":9,"oo":4,"po":44.4,"ao":1,"ml":6361,"mf":5051.866,"br":9,"rs":0,"pr":0,"no":0,"s":42.5,"sp":8.83,"r_oo":0.284,"r_mf":0.996,"r_rs":0.109,"r_n":0.194,"r_sol":0.268}},{"type":"Feature","geometry":{"type":"Polygon","coordinates":[[[-70.39658,41.64405],[-70.39878,41.64317],[-70.39885,41.64139],[-70.39671,41.6405],[-70.3945,41.64137],[-70.39444,41.64315],[-70.39658,41.64405]]]},"properties":{"h":"892a3170ec7ffff","t":"Barnstable","v":"Osterville","n":11,"oo":8,"po":72.7,"ao":2,"ml":3931,"mf":3552.644,"br":11,"rs":1,"pr":9.1,"no":0,"s":64.4,"sp":8.83,"r_oo":0.674,"r_mf":0.972,"r_rs":0.524,"r_n":0.266,"r_sol":0.268}},{"type":"Feature","geometry":{"type":"Polygon","coordinates":[[[-70.40092,41.64407],[-70.40312,41.64319],[-70.40319,41.64141],[-70.40105,41.64052],[-70.39885,41.64139],[-70.39878,41.64317],[-70.40092,41.64407]]]},"properties":{"h":"892a3170ecfffff","t":"Barnstable","v":"Marstons Mills","n":6,"oo":3,"po":50,"ao":3,"ml":4261,"mf":4026.523,"br":6,"rs":1,"pr":16.7,"no":0,"s":54.5,"sp":8.83,"r_oo":0.341,"r_mf":0.983,"r_rs":0.858,"r_n":0.072,"r_sol":0.268}},{"type":"Feature","geometry":{"type":"Polygon","coordinates":[[[-70.39637,41.64938],[-70.39858,41.6485],[-70.39865,41.64672],[-70.39651,41.64582],[-70.3943,41.6467],[-70.39424,41.64848],[-70.39637,41.64938]]]},"properties":{"h":"892a3170ed3ffff","t":"Barnstable","v":"Marstons Mills","n":9,"oo":6,"po":66.7,"ao":1,"ml":2553,"mf":3171.087,"br":7,"rs":2,"pr":22.2,"no":0,"s":65.3,"sp":8.83,"r_oo":0.565,"r_mf":0.955,"r_rs":0.948,"r_n":0.194,"r_sol":0.268}},{"type":"Feature","geometry":{"type":"Polygon","coordinates":[[[-70.3943,41.6467],[-70.39651,41.64582],[-70.39658,41.64405],[-70.39444,41.64315],[-70.39223,41.64403],[-70.39216,41.6458],[-70.3943,41.6467]]]},"properties":{"h":"892a3170ed7ffff","t":"Barnstable","v":"Osterville","n":18,"oo":7,"po":38.9,"ao":0,"ml":3428,"mf":3150.218,"br":14,"rs":2,"pr":11.1,"no":0,"s":49.6,"sp":8.83,"r_oo":0.225,"r_mf":0.954,"r_rs":0.639,"r_n":0.448,"r_sol":0.268}},{"type":"Feature","geometry":{"type":"Polygon","coordinates":[[[-70.45227,41.66562],[-70.45447,41.66474],[-70.45454,41.66296],[-70.4524,41.66206],[-70.45019,41.66294],[-70.45013,41.66472],[-70.45227,41.66562]]]},"properties":{"h":"892a3171127ffff","t":"Barnstable","v":"Marstons Mills","n":10,"oo":7,"po":70,"ao":1,"ml":1275.5,"mf":1531.399,"br":0,"rs":2,"pr":20,"no":0,"s":51.6,"sp":8.83,"r_oo":0.626,"r_mf":0.312,"r_rs":0.919,"r_n":0.234,"r_sol":0.268}},{"type":"Feature","geometry":{"type":"Polygon","coordinates":[[[-70.45661,41.66563],[-70.45882,41.66475],[-70.45888,41.66298],[-70.45674,41.66208],[-70.45454,41.66296],[-70.45447,41.66474],[-70.45661,41.66563]]]},"properties":{"h":"892a317112fffff","t":"Barnstable","v":"Marstons Mills","n":7,"oo":7,"po":100,"ao":0,"ml":1346,"mf":879.089,"br":0,"rs":0,"pr":0,"no":0,"s":45,"sp":8.83,"r_oo":0.988,"r_mf":0.002,"r_rs":0.109,"r_n":0.115,"r_sol":0.268}},{"type":"Feature","geometry":{"type":"Polygon","coordinates":[[[-70.45207,41.67095],[-70.45428,41.67007],[-70.45434,41.66829],[-70.4522,41.66739],[-70.45,41.66827],[-70.44993,41.67005],[-70.45207,41.67095]]]},"properties":{"h":"892a3171133ffff","t":"Barnstable","v":"Marstons Mills","n":27,"oo":24,"po":88.9,"ao":0,"ml":1544,"mf":1479.77,"br":2,"rs":2,"pr":7.4,"no":0,"s":59,"sp":8.83,"r_oo":0.922,"r_mf":0.271,"r_rs":0.426,"r_n":0.632,"r_sol":0.268}},{"type":"Feature","geometry":{"type":"Polygon","coordinates":[[[-70.45,41.66827],[-70.4522,41.66739],[-70.45227,41.66562],[-70.45013,41.66472],[-70.44792,41.6656],[-70.44786,41.66737],[-70.45,41.66827]]]},"properties":{"h":"892a3171137ffff","t":"Barnstable","v":"Marstons Mills","n":16,"oo":13,"po":81.2,"ao":2,"ml":1827,"mf":1561.498,"br":1,"rs":0,"pr":0,"no":0,"s":49.6,"sp":8.83,"r_oo":0.823,"r_mf":0.336,"r_rs":0.109,"r_n":0.401,"r_sol":0.268}},{"type":"Feature","geometry":{"type":"Polygon","coordinates":[[[-70.44526,41.67892],[-70.44747,41.67804],[-70.44753,41.67626],[-70.44539,41.67536],[-70.44319,41.67624],[-70.44312,41.67802],[-70.44526,41.67892]]]},"properties":{"h":"892a3171187ffff","t":"Barnstable","v":"Marstons Mills","n":16,"oo":15,"po":93.8,"ao":1,"ml":1460,"mf":1596.585,"br":0,"rs":1,"pr":6.2,"no":0,"s":59.8,"sp":8.83,"r_oo":0.966,"r_mf":0.362,"r_rs":0.362,"r_n":0.401,"r_sol":0.268}},{"type":"Feature","geometry":{"type":"Polygon","coordinates":[[[-70.44299,41.68157],[-70.4452,41.68069],[-70.44526,41.67892],[-70.44312,41.67802],[-70.44091,41.6789],[-70.44085,41.68067],[-70.44299,41.68157]]]},"properties":{"h":"892a3171197ffff","t":"Barnstable","v":"Marstons Mills","n":6,"oo":2,"po":33.3,"ao":0,"ml":1306.5,"mf":1331.571,"br":0,"rs":1,"pr":16.7,"no":0,"s":27.9,"sp":8.83,"r_oo":0.184,"r_mf":0.171,"r_rs":0.858,"r_n":0.072,"r_sol":0.268}},{"type":"Feature","geometry":{"type":"Polygon","coordinates":[[[-70.44546,41.67358],[-70.44766,41.6727],[-70.44773,41.67093],[-70.44559,41.67003],[-70.44338,41.67091],[-70.44332,41.67269],[-70.44546,41.67358]]]},"properties":{"h":"892a31711a3ffff","t":"Barnstable","v":"Marstons Mills","n":22,"oo":15,"po":68.2,"ao":3,"ml":1536,"mf":2083.476,"br":6,"rs":2,"pr":9.1,"no":0,"s":57.6,"sp":8.83,"r_oo":0.592,"r_mf":0.722,"r_rs":0.524,"r_n":0.533,"r_sol":0.268}},{"type":"Feature","geometry":{"type":"Polygon","coordinates":[[[-70.4498,41.6736],[-70.45201,41.67272],[-70.45207,41.67095],[-70.44993,41.67005],[-70.44773,41.67093],[-70.44766,41.6727],[-70.4498,41.6736]]]},"properties":{"h":"892a31711abffff","t":"Barnstable","v":"Marstons Mills","n":30,"oo":23,"po":76.7,"ao":4,"ml":1484,"mf":1856.461,"br":1,"rs":3,"pr":10,"no":0,"s":61.7,"sp":8.83,"r_oo":0.734,"r_mf":0.569,"r_rs":0.575,"r_n":0.682,"r_sol":0.268}},{"type":"Feature","geometry":{"type":"Polygon","coordinates":[[[-70.44773,41.67093],[-70.44993,41.67005],[-70.45,41.66827],[-70.44786,41.66737],[-70.44565,41.66825],[-70.44559,41.67003],[-70.44773,41.67093]]]},"properties":{"h":"892a31711afffff","t":"Barnstable","v":"Marstons Mills","n":26,"oo":20,"po":76.9,"ao":1,"ml":1569.5,"mf":1590.025,"br":3,"rs":4,"pr":15.4,"no":0,"s":59.6,"sp":8.83,"r_oo":0.738,"r_mf":0.358,"r_rs":0.818,"r_n":0.615,"r_sol":0.268}},{"type":"Feature","geometry":{"type":"Polygon","coordinates":[[[-70.44319,41.67624],[-70.44539,41.67536],[-70.44546,41.67358],[-70.44332,41.67269],[-70.44111,41.67357],[-70.44104,41.67534],[-70.44319,41.67624]]]},"properties":{"h":"892a31711b3ffff","t":"Barnstable","v":"Marstons Mills","n":28,"oo":25,"po":89.3,"ao":0,"ml":1850,"mf":2130.167,"br":6,"rs":8,"pr":28.6,"no":0,"s":79.5,"sp":8.83,"r_oo":0.928,"r_mf":0.741,"r_rs":0.976,"r_n":0.65,"r_sol":0.268}},{"type":"Feature","geometry":{"type":"Polygon","coordinates":[[[-70.44111,41.67357],[-70.44332,41.67269],[-70.44338,41.67091],[-70.44124,41.67001],[-70.43903,41.67089],[-70.43897,41.67267],[-70.44111,41.67357]]]},"properties":{"h":"892a31711b7ffff","t":"Barnstable","v":"Marstons Mills","n":8,"oo":8,"po":100,"ao":0,"ml":1673.5,"mf":2082.187,"br":1,"rs":0,"pr":0,"no":0,"s":63.4,"sp":8.83,"r_oo":0.988,"r_mf":0.721,"r_rs":0.109,"r_n":0.154,"r_sol":0.268}},{"type":"Feature","geometry":{"type":"Polygon","coordinates":[[[-70.44753,41.67626],[-70.44974,41.67538],[-70.4498,41.6736],[-70.44766,41.6727],[-70.44546,41.67358],[-70.44539,41.67536],[-70.44753,41.67626]]]},"properties":{"h":"892a31711bbffff","t":"Barnstable","v":"Marstons Mills","n":23,"oo":19,"po":82.6,"ao":0,"ml":1789,"mf":1929.305,"br":3,"rs":2,"pr":8.7,"no":0,"s":65,"sp":8.83,"r_oo":0.843,"r_mf":0.624,"r_rs":0.5,"r_n":0.554,"r_sol":0.268}},{"type":"Feature","geometry":{"type":"Polygon","coordinates":[[[-70.43845,41.68689],[-70.44065,41.68601],[-70.44072,41.68423],[-70.43858,41.68333],[-70.43637,41.68421],[-70.43631,41.68599],[-70.43845,41.68689]]]},"properties":{"h":"892a3171523ffff","t":"Barnstable","v":"Marstons Mills","n":13,"oo":12,"po":92.3,"ao":0,"ml":1404,"mf":1354.621,"br":0,"rs":0,"pr":0,"no":0,"s":50.6,"sp":8.83,"r_oo":0.959,"r_mf":0.188,"r_rs":0.109,"r_n":0.318,"r_sol":0.268}},{"type":"Feature","geometry":{"type":"Polygon","coordinates":[[[-70.43637,41.68421],[-70.43858,41.68333],[-70.43864,41.68155],[-70.4365,41.68066],[-70.4343,41.68153],[-70.43423,41.68331],[-70.43637,41.68421]]]},"properties":{"h":"892a3171527ffff","t":"Barnstable","v":"Marstons Mills","n":30,"oo":29,"po":96.7,"ao":0,"ml":1787,"mf":1725.973,"br":1,"rs":3,"pr":10,"no":0,"s":68.7,"sp":8.83,"r_oo":0.975,"r_mf":0.465,"r_rs":0.575,"r_n":0.682,"r_sol":0.268}},{"type":"Feature","geometry":{"type":"Polygon","coordinates":[[[-70.44072,41.68423],[-70.44292,41.68335],[-70.44299,41.68157],[-70.44085,41.68067],[-70.43864,41.68155],[-70.43858,41.68333],[-70.44072,41.68423]]]},"properties":{"h":"892a317152fffff","t":"Barnstable","v":"Marstons Mills","n":6,"oo":6,"po":100,"ao":0,"ml":1583.5,"mf":2218.297,"br":0,"rs":0,"pr":0,"no":0,"s":64,"sp":8.83,"r_oo":0.988,"r_mf":0.779,"r_rs":0.109,"r_n":0.072,"r_sol":0.268}},{"type":"Feature","geometry":{"type":"Polygon","coordinates":[[[-70.4341,41.68687],[-70.43631,41.68599],[-70.43637,41.68421],[-70.43423,41.68331],[-70.43202,41.68419],[-70.43196,41.68597],[-70.4341,41.68687]]]},"properties":{"h":"892a3171537ffff","t":"Barnstable","v":"Marstons Mills","n":28,"oo":26,"po":92.9,"ao":1,"ml":1606,"mf":1578.09,"br":0,"rs":3,"pr":10.7,"no":0,"s":65.5,"sp":8.83,"r_oo":0.962,"r_mf":0.346,"r_rs":0.616,"r_n":0.65,"r_sol":0.268}},{"type":"Feature","geometry":{"type":"Polygon","coordinates":[[[-70.42748,41.6895],[-70.42969,41.68862],[-70.42975,41.68685],[-70.42761,41.68595],[-70.4254,41.68683],[-70.42534,41.68861],[-70.42748,41.6895]]]},"properties":{"h":"892a31715a7ffff","t":"Barnstable","v":"Marstons Mills","n":5,"oo":4,"po":80,"ao":0,"ml":2090,"mf":2390.238,"br":1,"rs":2,"pr":40,"no":0,"s":70.8,"sp":8.83,"r_oo":0.799,"r_mf":0.839,"r_rs":0.995,"r_n":0.024,"r_sol":0.268}},{"type":"Feature","geometry":{"type":"Polygon","coordinates":[[[-70.43183,41.68952],[-70.43403,41.68864],[-70.4341,41.68687],[-70.43196,41.68597],[-70.42975,41.68685],[-70.42969,41.68862],[-70.43183,41.68952]]]},"properties":{"h":"892a31715afffff","t":"Barnstable","v":"Marstons Mills","n":6,"oo":5,"po":83.3,"ao":1,"ml":2167,"mf":1956.553,"br":3,"rs":1,"pr":16.7,"no":0,"s":66.5,"sp":8.83,"r_oo":0.856,"r_mf":0.64,"r_rs":0.858,"r_n":0.072,"r_sol":0.268}},{"type":"Feature","geometry":{"type":"Polygon","coordinates":[[[-70.46193,41.639],[-70.46413,41.63812],[-70.46419,41.63635],[-70.46205,41.63545],[-70.45985,41.63633],[-70.45979,41.63811],[-70.46193,41.639]]]},"properties":{"h":"892a317180bffff","t":"Barnstable","v":"Cotuit","n":25,"oo":25,"po":100,"ao":0,"ml":1744,"mf":2182.63,"br":4,"rs":2,"pr":8,"no":0,"s":74.1,"sp":8.83,"r_oo":0.988,"r_mf":0.763,"r_rs":0.462,"r_n":0.593,"r_sol":0.268}},{"type":"Feature","geometry":{"type":"Polygon","coordinates":[[[-70.45985,41.63633],[-70.46205,41.63545],[-70.46212,41.63367],[-70.45998,41.63278],[-70.45778,41.63366],[-70.45771,41.63543],[-70.45985,41.63633]]]},"properties":{"h":"892a317180fffff","t":"Barnstable","v":"Cotuit","n":12,"oo":8,"po":66.7,"ao":1,"ml":1534.5,"mf":1690.364,"br":4,"rs":2,"pr":16.7,"no":0,"s":51.9,"sp":8.83,"r_oo":0.565,"r_mf":0.435,"r_rs":0.858,"r_n":0.292,"r_sol":0.268}},{"type":"Feature","geometry":{"type":"Polygon","coordinates":[[[-70.45324,41.63897],[-70.45544,41.63809],[-70.45551,41.63631],[-70.45337,41.63541],[-70.45116,41.63629],[-70.4511,41.63807],[-70.45324,41.63897]]]},"properties":{"h":"892a3171817ffff","t":"Barnstable","v":"Cotuit","n":13,"oo":8,"po":61.5,"ao":0,"ml":1544,"mf":1384.968,"br":0,"rs":2,"pr":15.4,"no":0,"s":43,"sp":8.83,"r_oo":0.491,"r_mf":0.211,"r_rs":0.818,"r_n":0.318,"r_sol":0.268}},{"type":"Feature","geometry":{"type":"Polygon","coordinates":[[[-70.45136,41.63096],[-70.45356,41.63009],[-70.45363,41.62831],[-70.45149,41.62741],[-70.44928,41.62829],[-70.44922,41.63007],[-70.45136,41.63096]]]},"properties":{"h":"892a3171837ffff","t":"Barnstable","v":"Cotuit","n":16,"oo":15,"po":93.8,"ao":0,"ml":1707,"mf":1877.154,"br":1,"rs":1,"pr":6.2,"no":0,"s":65.4,"sp":8.83,"r_oo":0.966,"r_mf":0.585,"r_rs":0.362,"r_n":0.401,"r_sol":0.268}},{"type":"Feature","geometry":{"type":"Polygon","coordinates":[[[-70.46627,41.63902],[-70.46847,41.63814],[-70.46854,41.63636],[-70.4664,41.63547],[-70.46419,41.63635],[-70.46413,41.63812],[-70.46627,41.63902]]]},"properties":{"h":"892a3171847ffff","t":"Barnstable","v":"Cotuit","n":25,"oo":25,"po":100,"ao":0,"ml":1476,"mf":1793.701,"br":2,"rs":3,"pr":12,"no":0,"s":71.3,"sp":8.83,"r_oo":0.988,"r_mf":0.519,"r_rs":0.678,"r_n":0.593,"r_sol":0.268}},{"type":"Feature","geometry":{"type":"Polygon","coordinates":[[[-70.46419,41.63635],[-70.4664,41.63547],[-70.46646,41.63369],[-70.46432,41.63279],[-70.46212,41.63367],[-70.46205,41.63545],[-70.46419,41.63635]]]},"properties":{"h":"892a3171873ffff","t":"Barnstable","v":"Cotuit","n":59,"oo":54,"po":91.5,"ao":2,"ml":1674,"mf":1973.117,"br":11,"rs":7,"pr":11.9,"no":0,"s":76.2,"sp":8.83,"r_oo":0.95,"r_mf":0.648,"r_rs":0.675,"r_n":0.923,"r_sol":0.268}},{"type":"Feature","geometry":{"type":"Polygon","coordinates":[[[-70.46854,41.63636],[-70.47074,41.63548],[-70.4708,41.63371],[-70.46866,41.63281],[-70.46646,41.63369],[-70.4664,41.63547],[-70.46854,41.63636]]]},"properties":{"h":"892a317187bffff","t":"Barnstable","v":"Cotuit","n":6,"oo":5,"po":83.3,"ao":0,"ml":1398,"mf":1238.394,"br":1,"rs":1,"pr":16.7,"no":0,"s":53.3,"sp":8.83,"r_oo":0.856,"r_mf":0.113,"r_rs":0.858,"r_n":0.072,"r_sol":0.268}},{"type":"Feature","geometry":{"type":"Polygon","coordinates":[[[-70.4487,41.64428],[-70.4509,41.6434],[-70.45097,41.64162],[-70.44883,41.64072],[-70.44663,41.6416],[-70.44656,41.64338],[-70.4487,41.64428]]]},"properties":{"h":"892a3171883ffff","t":"Barnstable","v":"Cotuit","n":34,"oo":27,"po":79.4,"ao":2,"ml":1767.5,"mf":1586.212,"br":2,"rs":3,"pr":8.8,"no":0,"s":57.7,"sp":8.83,"r_oo":0.782,"r_mf":0.355,"r_rs":0.505,"r_n":0.732,"r_sol":0.268}},{"type":"Feature","geometry":{"type":"Polygon","coordinates":[[[-70.44663,41.6416],[-70.44883,41.64072],[-70.44889,41.63895],[-70.44676,41.63805],[-70.44455,41.63893],[-70.44449,41.64071],[-70.44663,41.6416]]]},"properties":{"h":"892a3171887ffff","t":"Barnstable","v":"Cotuit","n":8,"oo":5,"po":62.5,"ao":0,"ml":1363,"mf":1107.513,"br":0,"rs":0,"pr":0,"no":0,"s":27.2,"sp":8.83,"r_oo":0.504,"r_mf":0.049,"r_rs":0.109,"r_n":0.154,"r_sol":0.268}},{"type":"Feature","geometry":{"type":"Polygon","coordinates":[[[-70.45304,41.6443],[-70.45525,41.64342],[-70.45531,41.64164],[-70.45317,41.64074],[-70.45097,41.64162],[-70.4509,41.6434],[-70.45304,41.6443]]]},"properties":{"h":"892a317188bffff","t":"Barnstable","v":"Cotuit","n":7,"oo":7,"po":100,"ao":0,"ml":1440,"mf":987.321,"br":2,"rs":0,"pr":0,"no":0,"s":45.4,"sp":8.83,"r_oo":0.988,"r_mf":0.017,"r_rs":0.109,"r_n":0.115,"r_sol":0.268}},{"type":"Feature","geometry":{"type":"Polygon","coordinates":[[[-70.45097,41.64162],[-70.45317,41.64074],[-70.45324,41.63897],[-70.4511,41.63807],[-70.44889,41.63895],[-70.44883,41.64072],[-70.45097,41.64162]]]},"properties":{"h":"892a317188fffff","t":"Barnstable","v":"Cotuit","n":19,"oo":15,"po":78.9,"ao":1,"ml":1710,"mf":1881.649,"br":4,"rs":1,"pr":5.3,"no":0,"s":57.9,"sp":8.83,"r_oo":0.776,"r_mf":0.59,"r_rs":0.318,"r_n":0.472,"r_sol":0.268}},{"type":"Feature","geometry":{"type":"Polygon","coordinates":[[[-70.44643,41.64693],[-70.44864,41.64605],[-70.4487,41.64428],[-70.44656,41.64338],[-70.44436,41.64426],[-70.44429,41.64604],[-70.44643,41.64693]]]},"properties":{"h":"892a3171893ffff","t":"Barnstable","v":"Cotuit","n":15,"oo":11,"po":73.3,"ao":2,"ml":2162,"mf":2445.399,"br":7,"rs":2,"pr":13.3,"no":0,"s":66.4,"sp":8.83,"r_oo":0.683,"r_mf":0.86,"r_rs":0.748,"r_n":0.369,"r_sol":0.268}},{"type":"Feature","geometry":{"type":"Polygon","coordinates":[[[-70.44436,41.64426],[-70.44656,41.64338],[-70.44663,41.6416],[-70.44449,41.64071],[-70.44228,41.64159],[-70.44222,41.64336],[-70.44436,41.64426]]]},"properties":{"h":"892a3171897ffff","t":"Barnstable","v":"Cotuit","n":14,"oo":11,"po":78.6,"ao":0,"ml":1712,"mf":1481.122,"br":0,"rs":0,"pr":0,"no":0,"s":45.3,"sp":8.83,"r_oo":0.771,"r_mf":0.271,"r_rs":0.109,"r_n":0.341,"r_sol":0.268}},{"type":"Feature","geometry":{"type":"Polygon","coordinates":[[[-70.45077,41.64695],[-70.45298,41.64607],[-70.45304,41.6443],[-70.4509,41.6434],[-70.4487,41.64428],[-70.44864,41.64605],[-70.45077,41.64695]]]},"properties":{"h":"892a317189bffff","t":"Barnstable","v":"Cotuit","n":8,"oo":6,"po":75,"ao":1,"ml":1306.5,"mf":1115.033,"br":0,"rs":3,"pr":37.5,"no":0,"s":48.8,"sp":8.83,"r_oo":0.709,"r_mf":0.053,"r_rs":0.993,"r_n":0.154,"r_sol":0.268}},{"type":"Feature","geometry":{"type":"Polygon","coordinates":[[[-70.44682,41.63628],[-70.44902,41.6354],[-70.44909,41.63362],[-70.44695,41.63272],[-70.44475,41.6336],[-70.44468,41.63538],[-70.44682,41.63628]]]},"properties":{"h":"892a31718a3ffff","t":"Barnstable","v":"Cotuit","n":23,"oo":20,"po":87,"ao":0,"ml":1260,"mf":1528.265,"br":3,"rs":3,"pr":13,"no":0,"s":63,"sp":8.83,"r_oo":0.901,"r_mf":0.31,"r_rs":0.734,"r_n":0.554,"r_sol":0.268}},{"type":"Feature","geometry":{"type":"Polygon","coordinates":[[[-70.44475,41.6336],[-70.44695,41.63272],[-70.44702,41.63095],[-70.44488,41.63005],[-70.44267,41.63093],[-70.44261,41.6327],[-70.44475,41.6336]]]},"properties":{"h":"892a31718a7ffff","t":"Barnstable","v":"Cotuit","n":8,"oo":6,"po":75,"ao":0,"ml":1736,"mf":1617.726,"br":3,"rs":1,"pr":12.5,"no":0,"s":52.5,"sp":8.83,"r_oo":0.709,"r_mf":0.377,"r_rs":0.702,"r_n":0.154,"r_sol":0.268}},{"type":"Feature","geometry":{"type":"Polygon","coordinates":[[[-70.45116,41.63629],[-70.45337,41.63541],[-70.45343,41.63364],[-70.45129,41.63274],[-70.44909,41.63362],[-70.44902,41.6354],[-70.45116,41.63629]]]},"properties":{"h":"892a31718abffff","t":"Barnstable","v":"Cotuit","n":9,"oo":8,"po":88.9,"ao":1,"ml":2366,"mf":2201.851,"br":2,"rs":1,"pr":11.1,"no":0,"s":70.3,"sp":8.83,"r_oo":0.922,"r_mf":0.77,"r_rs":0.639,"r_n":0.194,"r_sol":0.268}},{"type":"Feature","geometry":{"type":"Polygon","coordinates":[[[-70.44909,41.63362],[-70.45129,41.63274],[-70.45136,41.63096],[-70.44922,41.63007],[-70.44702,41.63095],[-70.44695,41.63272],[-70.44909,41.63362]]]},"properties":{"h":"892a31718afffff","t":"Barnstable","v":"Cotuit","n":24,"oo":16,"po":66.7,"ao":1,"ml":1619,"mf":1265.228,"br":3,"rs":1,"pr":4.2,"no":0,"s":38.4,"sp":8.83,"r_oo":0.565,"r_mf":0.133,"r_rs":0.271,"r_n":0.573,"r_sol":0.268}},{"type":"Feature","geometry":{"type":"Polygon","coordinates":[[[-70.44455,41.63893],[-70.44676,41.63805],[-70.44682,41.63628],[-70.44468,41.63538],[-70.44248,41.63626],[-70.44241,41.63803],[-70.44455,41.63893]]]},"properties":{"h":"892a31718b3ffff","t":"Barnstable","v":"Cotuit","n":39,"oo":28,"po":71.8,"ao":2,"ml":1104,"mf":1589.18,"br":0,"rs":1,"pr":2.6,"no":0,"s":49.2,"sp":8.83,"r_oo":0.66,"r_mf":0.356,"r_rs":0.226,"r_n":0.787,"r_sol":0.268}},{"type":"Feature","geometry":{"type":"Polygon","coordinates":[[[-70.44889,41.63895],[-70.4511,41.63807],[-70.45116,41.63629],[-70.44902,41.6354],[-70.44682,41.63628],[-70.44676,41.63805],[-70.44889,41.63895]]]},"properties":{"h":"892a31718bbffff","t":"Barnstable","v":"Cotuit","n":9,"oo":5,"po":55.6,"ao":1,"ml":1486,"mf":1691.323,"br":1,"rs":2,"pr":22.2,"no":0,"s":46,"sp":8.83,"r_oo":0.406,"r_mf":0.437,"r_rs":0.948,"r_n":0.194,"r_sol":0.268}},{"type":"Feature","geometry":{"type":"Polygon","coordinates":[[[-70.44306,41.62027],[-70.44527,41.61939],[-70.44533,41.61762],[-70.44319,41.61672],[-70.44099,41.6176],[-70.44092,41.61938],[-70.44306,41.62027]]]},"properties":{"h":"892a3171903ffff","t":"Barnstable","v":"Cotuit","n":24,"oo":13,"po":54.2,"ao":2,"ml":2017,"mf":2027.228,"br":5,"rs":2,"pr":8.3,"no":0,"s":48.3,"sp":8.83,"r_oo":0.388,"r_mf":0.687,"r_rs":0.48,"r_n":0.573,"r_sol":0.268}},{"type":"Feature","geometry":{"type":"Polygon","coordinates":[[[-70.44099,41.6176],[-70.44319,41.61672],[-70.44326,41.61494],[-70.44112,41.61405],[-70.43892,41.61493],[-70.43885,41.6167],[-70.44099,41.6176]]]},"properties":{"h":"892a3171907ffff","t":"Barnstable","v":"Cotuit","n":29,"oo":13,"po":44.8,"ao":3,"ml":1738,"mf":1854.973,"br":5,"rs":4,"pr":13.8,"no":0,"s":46.5,"sp":8.83,"r_oo":0.288,"r_mf":0.565,"r_rs":0.765,"r_n":0.668,"r_sol":0.268}},{"type":"Feature","geometry":{"type":"Polygon","coordinates":[[[-70.4474,41.62029],[-70.44961,41.61941],[-70.44967,41.61764],[-70.44753,41.61674],[-70.44533,41.61762],[-70.44527,41.61939],[-70.4474,41.62029]]]},"properties":{"h":"892a317190bffff","t":"Barnstable","v":"Cotuit","n":12,"oo":8,"po":66.7,"ao":2,"ml":2259.5,"mf":2362.817,"br":5,"rs":4,"pr":33.3,"no":0,"s":63.7,"sp":8.83,"r_oo":0.565,"r_mf":0.829,"r_rs":0.988,"r_n":0.292,"r_sol":0.268}},{"type":"Feature","geometry":{"type":"Polygon","coordinates":[[[-70.44533,41.61762],[-70.44753,41.61674],[-70.4476,41.61496],[-70.44546,41.61407],[-70.44326,41.61494],[-70.44319,41.61672],[-70.44533,41.61762]]]},"properties":{"h":"892a317190fffff","t":"Barnstable","v":"Cotuit","n":23,"oo":16,"po":69.6,"ao":3,"ml":1334,"mf":1289.196,"br":2,"rs":3,"pr":13,"no":0,"s":47.5,"sp":8.83,"r_oo":0.614,"r_mf":0.15,"r_rs":0.734,"r_n":0.554,"r_sol":0.268}},{"type":"Feature","geometry":{"type":"Polygon","coordinates":[[[-70.44079,41.62293],[-70.443,41.62205],[-70.44306,41.62027],[-70.44092,41.61938],[-70.43872,41.62025],[-70.43866,41.62203],[-70.44079,41.62293]]]},"properties":{"h":"892a3171913ffff","t":"Barnstable","v":"Cotuit","n":30,"oo":19,"po":63.3,"ao":2,"ml":1745,"mf":2042.589,"br":9,"rs":3,"pr":10,"no":0,"s":56.2,"sp":8.83,"r_oo":0.516,"r_mf":0.697,"r_rs":0.575,"r_n":0.682,"r_sol":0.268}},{"type":"Feature","geometry":{"type":"Polygon","coordinates":[[[-70.43872,41.62025],[-70.44092,41.61938],[-70.44099,41.6176],[-70.43885,41.6167],[-70.43665,41.61758],[-70.43658,41.61936],[-70.43872,41.62025]]]},"properties":{"h":"892a3171917ffff","t":"Barnstable","v":"Cotuit","n":34,"oo":22,"po":64.7,"ao":7,"ml":1704.5,"mf":1364.364,"br":3,"rs":3,"pr":8.8,"no":0,"s":43.8,"sp":8.83,"r_oo":0.535,"r_mf":0.194,"r_rs":0.505,"r_n":0.732,"r_sol":0.268}},{"type":"Feature","geometry":{"type":"Polygon","coordinates":[[[-70.44514,41.62295],[-70.44734,41.62207],[-70.4474,41.62029],[-70.44527,41.61939],[-70.44306,41.62027],[-70.443,41.62205],[-70.44514,41.62295]]]},"properties":{"h":"892a317191bffff","t":"Barnstable","v":"Cotuit","n":26,"oo":14,"po":53.8,"ao":1,"ml":1619.5,"mf":1918.723,"br":6,"rs":2,"pr":7.7,"no":0,"s":46.2,"sp":8.83,"r_oo":0.383,"r_mf":0.616,"r_rs":0.442,"r_n":0.615,"r_sol":0.268}},{"type":"Feature","geometry":{"type":"Polygon","coordinates":[[[-70.44118,41.61227],[-70.44339,41.61139],[-70.44345,41.60962],[-70.44132,41.60872],[-70.43911,41.6096],[-70.43905,41.61138],[-70.44118,41.61227]]]},"properties":{"h":"892a3171923ffff","t":"Barnstable","v":"Cotuit","n":29,"oo":19,"po":65.5,"ao":3,"ml":1965,"mf":1971.353,"br":9,"rs":3,"pr":10.3,"no":0,"s":56.3,"sp":8.83,"r_oo":0.544,"r_mf":0.648,"r_rs":0.597,"r_n":0.668,"r_sol":0.268}},{"type":"Feature","geometry":{"type":"Polygon","coordinates":[[[-70.43911,41.6096],[-70.44132,41.60872],[-70.44138,41.60695],[-70.43924,41.60605],[-70.43704,41.60693],[-70.43697,41.6087],[-70.43911,41.6096]]]},"properties":{"h":"892a3171927ffff","t":"Barnstable","v":"Cotuit","n":35,"oo":15,"po":42.9,"ao":8,"ml":1998,"mf":1990.106,"br":9,"rs":7,"pr":20,"no":0,"s":51.1,"sp":8.83,"r_oo":0.267,"r_mf":0.66,"r_rs":0.919,"r_n":0.741,"r_sol":0.268}},{"type":"Feature","geometry":{"type":"Polygon","coordinates":[[[-70.44553,41.61229],[-70.44773,41.61141],[-70.44779,41.60964],[-70.44566,41.60874],[-70.44345,41.60962],[-70.44339,41.61139],[-70.44553,41.61229]]]},"properties":{"h":"892a317192bffff","t":"Barnstable","v":"Cotuit","n":32,"oo":24,"po":75,"ao":0,"ml":1704,"mf":1838.832,"br":3,"rs":5,"pr":15.6,"no":0,"s":64.3,"sp":8.83,"r_oo":0.709,"r_mf":0.55,"r_rs":0.826,"r_n":0.71,"r_sol":0.268}},{"type":"Feature","geometry":{"type":"Polygon","coordinates":[[[-70.44345,41.60962],[-70.44566,41.60874],[-70.44572,41.60696],[-70.44358,41.60607],[-70.44138,41.60695],[-70.44132,41.60872],[-70.44345,41.60962]]]},"properties":{"h":"892a317192fffff","t":"Barnstable","v":"Cotuit","n":31,"oo":17,"po":54.8,"ao":4,"ml":1864,"mf":2140.0,"br":11,"rs":2,"pr":6.5,"no":0,"s":50,"sp":8.83,"r_oo":0.4,"r_mf":0.747,"r_rs":0.379,"r_n":0.696,"r_sol":0.268}},{"type":"Feature","geometry":{"type":"Polygon","coordinates":[[[-70.43892,41.61493],[-70.44112,41.61405],[-70.44118,41.61227],[-70.43905,41.61138],[-70.43684,41.61225],[-70.43678,41.61403],[-70.43892,41.61493]]]},"properties":{"h":"892a3171933ffff","t":"Barnstable","v":"Cotuit","n":25,"oo":13,"po":52,"ao":3,"ml":2072,"mf":1867.918,"br":6,"rs":1,"pr":4,"no":0,"s":41.6,"sp":8.83,"r_oo":0.365,"r_mf":0.579,"r_rs":0.263,"r_n":0.593,"r_sol":0.268}},{"type":"Feature","geometry":{"type":"Polygon","coordinates":[[[-70.43684,41.61225],[-70.43905,41.61138],[-70.43911,41.6096],[-70.43697,41.6087],[-70.43477,41.60958],[-70.43471,41.61136],[-70.43684,41.61225]]]},"properties":{"h":"892a3171937ffff","t":"Barnstable","v":"Cotuit","n":24,"oo":7,"po":29.2,"ao":4,"ml":2649,"mf":2051.939,"br":7,"rs":3,"pr":12.5,"no":0,"s":42.5,"sp":8.83,"r_oo":0.15,"r_mf":0.702,"r_rs":0.702,"r_n":0.573,"r_sol":0.268}},{"type":"Feature","geometry":{"type":"Polygon","coordinates":[[[-70.44326,41.61494],[-70.44546,41.61407],[-70.44553,41.61229],[-70.44339,41.61139],[-70.44118,41.61227],[-70.44112,41.61405],[-70.44326,41.61494]]]},"properties":{"h":"892a317193bffff","t":"Barnstable","v":"Cotuit","n":29,"oo":11,"po":37.9,"ao":4,"ml":1456,"mf":1573.028,"br":5,"rs":3,"pr":10.3,"no":0,"s":35.7,"sp":8.83,"r_oo":0.221,"r_mf":0.343,"r_rs":0.597,"r_n":0.668,"r_sol":0.268}},{"type":"Feature","geometry":{"type":"Polygon","coordinates":[[[-70.45194,41.61498],[-70.45414,41.6141],[-70.45421,41.61233],[-70.45207,41.61143],[-70.44987,41.61231],[-70.4498,41.61408],[-70.45194,41.61498]]]},"properties":{"h":"892a3171963ffff","t":"Barnstable","v":"Cotuit","n":22,"oo":14,"po":63.6,"ao":3,"ml":1935,"mf":2144.577,"br":6,"rs":4,"pr":18.2,"no":0,"s":61,"sp":8.83,"r_oo":0.522,"r_mf":0.751,"r_rs":0.887,"r_n":0.533,"r_sol":0.268}},{"type":"Feature","geometry":{"type":"Polygon","coordinates":[[[-70.44987,41.61231],[-70.45207,41.61143],[-70.45213,41.60965],[-70.45,41.60876],[-70.44779,41.60964],[-70.44773,41.61141],[-70.44987,41.61231]]]},"properties":{"h":"892a3171967ffff","t":"Barnstable","v":"Cotuit","n":23,"oo":18,"po":78.3,"ao":2,"ml":2028,"mf":2282.715,"br":9,"rs":3,"pr":13,"no":0,"s":69.9,"sp":8.83,"r_oo":0.765,"r_mf":0.803,"r_rs":0.734,"r_n":0.554,"r_sol":0.268}},{"type":"Feature","geometry":{"type":"Polygon","coordinates":[[[-70.45421,41.61233],[-70.45641,41.61145],[-70.45647,41.60967],[-70.45434,41.60878],[-70.45213,41.60965],[-70.45207,41.61143],[-70.45421,41.61233]]]},"properties":{"h":"892a317196fffff","t":"Barnstable","v":"Cotuit","n":17,"oo":6,"po":35.3,"ao":1,"ml":1780,"mf":2215.448,"br":6,"rs":2,"pr":11.8,"no":0,"s":44.5,"sp":8.83,"r_oo":0.203,"r_mf":0.777,"r_rs":0.67,"r_n":0.426,"r_sol":0.268}},{"type":"Feature","geometry":{"type":"Polygon","coordinates":[[[-70.44967,41.61764],[-70.45188,41.61676],[-70.45194,41.61498],[-70.4498,41.61408],[-70.4476,41.61496],[-70.44753,41.61674],[-70.44967,41.61764]]]},"properties":{"h":"892a3171973ffff","t":"Barnstable","v":"Cotuit","n":12,"oo":8,"po":66.7,"ao":1,"ml":2129,"mf":2289.595,"br":5,"rs":0,"pr":0,"no":0,"s":49.9,"sp":8.83,"r_oo":0.565,"r_mf":0.804,"r_rs":0.109,"r_n":0.292,"r_sol":0.268}},{"type":"Feature","geometry":{"type":"Polygon","coordinates":[[[-70.4476,41.61496],[-70.4498,41.61408],[-70.44987,41.61231],[-70.44773,41.61141],[-70.44553,41.61229],[-70.44546,41.61407],[-70.4476,41.61496]]]},"properties":{"h":"892a3171977ffff","t":"Barnstable","v":"Cotuit","n":37,"oo":20,"po":54.1,"ao":2,"ml":1500,"mf":1506.592,"br":2,"rs":5,"pr":13.5,"no":0,"s":44.3,"sp":8.83,"r_oo":0.387,"r_mf":0.292,"r_rs":0.754,"r_n":0.76,"r_sol":0.268}},{"type":"Feature","geometry":{"type":"Polygon","coordinates":[[[-70.43418,41.62556],[-70.43639,41.62468],[-70.43645,41.62291],[-70.43431,41.62201],[-70.43211,41.62289],[-70.43205,41.62467],[-70.43418,41.62556]]]},"properties":{"h":"892a3171983ffff","t":"Barnstable","v":"Cotuit","n":7,"oo":2,"po":28.6,"ao":2,"ml":1854,"mf":2061.769,"br":1,"rs":1,"pr":14.3,"no":0,"s":39.1,"sp":8.83,"r_oo":0.146,"r_mf":0.708,"r_rs":0.784,"r_n":0.115,"r_sol":0.268}},{"type":"Feature","geometry":{"type":"Polygon","coordinates":[[[-70.43211,41.62289],[-70.43431,41.62201],[-70.43438,41.62024],[-70.43224,41.61934],[-70.43004,41.62022],[-70.42997,41.62199],[-70.43211,41.62289]]]},"properties":{"h":"892a3171987ffff","t":"Barnstable","v":"Cotuit","n":6,"oo":2,"po":33.3,"ao":2,"ml":2186,"mf":2363.397,"br":3,"rs":0,"pr":0,"no":0,"s":33.1,"sp":8.83,"r_oo":0.184,"r_mf":0.83,"r_rs":0.109,"r_n":0.072,"r_sol":0.268}},{"type":"Feature","geometry":{"type":"Polygon","coordinates":[[[-70.43853,41.62558],[-70.44073,41.6247],[-70.44079,41.62293],[-70.43866,41.62203],[-70.43645,41.62291],[-70.43639,41.62468],[-70.43853,41.62558]]]},"properties":{"h":"892a317198bffff","t":"Barnstable","v":"Cotuit","n":7,"oo":3,"po":42.9,"ao":0,"ml":2124,"mf":1763.682,"br":2,"rs":0,"pr":0,"no":0,"s":28.6,"sp":8.83,"r_oo":0.267,"r_mf":0.497,"r_rs":0.109,"r_n":0.115,"r_sol":0.268}},{"type":"Feature","geometry":{"type":"Polygon","coordinates":[[[-70.43645,41.62291],[-70.43866,41.62203],[-70.43872,41.62025],[-70.43658,41.61936],[-70.43438,41.62024],[-70.43431,41.62201],[-70.43645,41.62291]]]},"properties":{"h":"892a317198fffff","t":"Barnstable","v":"Cotuit","n":26,"oo":18,"po":69.2,"ao":1,"ml":2220,"mf":1827.984,"br":5,"rs":4,"pr":15.4,"no":0,"s":58.9,"sp":8.83,"r_oo":0.609,"r_mf":0.539,"r_rs":0.818,"r_n":0.615,"r_sol":0.268}},{"type":"Feature","geometry":{"type":"Polygon","coordinates":[[[-70.43626,41.62824],[-70.43846,41.62736],[-70.43853,41.62558],[-70.43639,41.62468],[-70.43418,41.62556],[-70.43412,41.62734],[-70.43626,41.62824]]]},"properties":{"h":"892a317199bffff","t":"Barnstable","v":"Cotuit","n":15,"oo":8,"po":53.3,"ao":4,"ml":1544,"mf":1344.183,"br":2,"rs":2,"pr":13.3,"no":0,"s":37.2,"sp":8.83,"r_oo":0.378,"r_mf":0.18,"r_rs":0.748,"r_n":0.369,"r_sol":0.268}},{"type":"Feature","geometry":{"type":"Polygon","coordinates":[[[-70.43231,41.61756],[-70.43451,41.61668],[-70.43458,41.61491],[-70.43244,41.61401],[-70.43023,41.61489],[-70.43017,41.61667],[-70.43231,41.61756]]]},"properties":{"h":"892a31719a3ffff","t":"Barnstable","v":"Cotuit","n":5,"oo":0,"po":0,"ao":0,"ml":2808,"mf":2440.111,"br":2,"rs":1,"pr":20,"no":0,"s":38.7,"sp":8.83,"r_oo":0.014,"r_mf":0.859,"r_rs":0.919,"r_n":0.024,"r_sol":0.268}},{"type":"Feature","geometry":{"type":"Polygon","coordinates":[[[-70.43665,41.61758],[-70.43885,41.6167],[-70.43892,41.61493],[-70.43678,41.61403],[-70.43458,41.61491],[-70.43451,41.61668],[-70.43665,41.61758]]]},"properties":{"h":"892a31719abffff","t":"Barnstable","v":"Cotuit","n":27,"oo":13,"po":48.1,"ao":9,"ml":2133,"mf":1912.418,"br":7,"rs":3,"pr":11.1,"no":0,"s":46.7,"sp":8.83,"r_oo":0.32,"r_mf":0.612,"r_rs":0.639,"r_n":0.632,"r_sol":0.268}},{"type":"Feature","geometry":{"type":"Polygon","coordinates":[[[-70.43458,41.61491],[-70.43678,41.61403],[-70.43684,41.61225],[-70.43471,41.61136],[-70.4325,41.61224],[-70.43244,41.61401],[-70.43458,41.61491]]]},"properties":{"h":"892a31719afffff","t":"Barnstable","v":"Cotuit","n":7,"oo":1,"po":14.3,"ao":1,"ml":2248,"mf":1950.146,"br":2,"rs":3,"pr":42.9,"no":0,"s":37.2,"sp":8.83,"r_oo":0.064,"r_mf":0.636,"r_rs":0.997,"r_n":0.115,"r_sol":0.268}},{"type":"Feature","geometry":{"type":"Polygon","coordinates":[[[-70.43438,41.62024],[-70.43658,41.61936],[-70.43665,41.61758],[-70.43451,41.61668],[-70.43231,41.61756],[-70.43224,41.61934],[-70.43438,41.62024]]]},"properties":{"h":"892a31719bbffff","t":"Barnstable","v":"Cotuit","n":23,"oo":9,"po":39.1,"ao":4,"ml":2449,"mf":1872.97,"br":8,"rs":1,"pr":4.3,"no":0,"s":36.1,"sp":8.83,"r_oo":0.227,"r_mf":0.583,"r_rs":0.278,"r_n":0.554,"r_sol":0.268}},{"type":"Feature","geometry":{"type":"Polygon","coordinates":[[[-70.44494,41.62827],[-70.44714,41.62739],[-70.44721,41.62562],[-70.44507,41.62472],[-70.44287,41.6256],[-70.4428,41.62738],[-70.44494,41.62827]]]},"properties":{"h":"892a31719c3ffff","t":"Barnstable","v":"Cotuit","n":36,"oo":29,"po":80.6,"ao":2,"ml":1864.5,"mf":2065.617,"br":12,"rs":2,"pr":5.6,"no":0,"s":65.5,"sp":8.83,"r_oo":0.814,"r_mf":0.711,"r_rs":0.332,"r_n":0.75,"r_sol":0.268}},{"type":"Feature","geometry":{"type":"Polygon","coordinates":[[[-70.44287,41.6256],[-70.44507,41.62472],[-70.44514,41.62295],[-70.443,41.62205],[-70.44079,41.62293],[-70.44073,41.6247],[-70.44287,41.6256]]]},"properties":{"h":"892a31719c7ffff","t":"Barnstable","v":"Cotuit","n":7,"oo":7,"po":100,"ao":0,"ml":2466,"mf":2676.323,"br":5,"rs":0,"pr":0,"no":0,"s":67.7,"sp":8.83,"r_oo":0.988,"r_mf":0.909,"r_rs":0.109,"r_n":0.115,"r_sol":0.268}},{"type":"Feature","geometry":{"type":"Polygon","coordinates":[[[-70.44928,41.62829],[-70.45149,41.62741],[-70.45155,41.62564],[-70.44941,41.62474],[-70.44721,41.62562],[-70.44714,41.62739],[-70.44928,41.62829]]]},"properties":{"h":"892a31719cbffff","t":"Barnstable","v":"Cotuit","n":25,"oo":20,"po":80,"ao":3,"ml":1932,"mf":2411.387,"br":9,"rs":3,"pr":12,"no":0,"s":71.9,"sp":8.83,"r_oo":0.799,"r_mf":0.848,"r_rs":0.678,"r_n":0.593,"r_sol":0.268}},{"type":"Feature","geometry":{"type":"Polygon","coordinates":[[[-70.44721,41.62562],[-70.44941,41.62474],[-70.44948,41.62296],[-70.44734,41.62207],[-70.44514,41.62295],[-70.44507,41.62472],[-70.44721,41.62562]]]},"properties":{"h":"892a31719cfffff","t":"Barnstable","v":"Cotuit","n":36,"oo":27,"po":75,"ao":1,"ml":1694.5,"mf":1926.234,"br":6,"rs":2,"pr":5.6,"no":0,"s":59,"sp":8.83,"r_oo":0.709,"r_mf":0.622,"r_rs":0.332,"r_n":0.75,"r_sol":0.268}},{"type":"Feature","geometry":{"type":"Polygon","coordinates":[[[-70.44267,41.63093],[-70.44488,41.63005],[-70.44494,41.62827],[-70.4428,41.62738],[-70.4406,41.62826],[-70.44053,41.63003],[-70.44267,41.63093]]]},"properties":{"h":"892a31719d3ffff","t":"Barnstable","v":"Cotuit","n":19,"oo":14,"po":73.7,"ao":3,"ml":2032,"mf":1821.919,"br":4,"rs":2,"pr":10.5,"no":0,"s":57.3,"sp":8.83,"r_oo":0.687,"r_mf":0.534,"r_rs":0.607,"r_n":0.472,"r_sol":0.268}},{"type":"Feature","geometry":{"type":"Polygon","coordinates":[[[-70.4406,41.62826],[-70.4428,41.62738],[-70.44287,41.6256],[-70.44073,41.6247],[-70.43853,41.62558],[-70.43846,41.62736],[-70.4406,41.62826]]]},"properties":{"h":"892a31719d7ffff","t":"Barnstable","v":"Cotuit","n":20,"oo":16,"po":80,"ao":2,"ml":2414.5,"mf":2170.595,"br":8,"rs":2,"pr":10,"no":0,"s":67.2,"sp":8.83,"r_oo":0.799,"r_mf":0.758,"r_rs":0.575,"r_n":0.495,"r_sol":0.268}},{"type":"Feature","geometry":{"type":"Polygon","coordinates":[[[-70.44702,41.63095],[-70.44922,41.63007],[-70.44928,41.62829],[-70.44714,41.62739],[-70.44494,41.62827],[-70.44488,41.63005],[-70.44702,41.63095]]]},"properties":{"h":"892a31719dbffff","t":"Barnstable","v":"Cotuit","n":31,"oo":21,"po":67.7,"ao":4,"ml":1904,"mf":2282.485,"br":14,"rs":5,"pr":16.1,"no":0,"s":65.8,"sp":8.83,"r_oo":0.587,"r_mf":0.802,"r_rs":0.84,"r_n":0.696,"r_sol":0.268}},{"type":"Feature","geometry":{"type":"Polygon","coordinates":[[[-70.4417,41.65757],[-70.4439,41.6567],[-70.44397,41.65492],[-70.44183,41.65402],[-70.43962,41.6549],[-70.43956,41.65668],[-70.4417,41.65757]]]},"properties":{"h":"892a3171c03ffff","t":"Barnstable","v":"Cotuit","n":23,"oo":18,"po":78.3,"ao":0,"ml":1346,"mf":1119.804,"br":2,"rs":2,"pr":8.7,"no":0,"s":47.7,"sp":8.83,"r_oo":0.765,"r_mf":0.054,"r_rs":0.5,"r_n":0.554,"r_sol":0.268}},{"type":"Feature","geometry":{"type":"Polygon","coordinates":[[[-70.44604,41.65759],[-70.44825,41.65671],[-70.44831,41.65494],[-70.44617,41.65404],[-70.44397,41.65492],[-70.4439,41.6567],[-70.44604,41.65759]]]},"properties":{"h":"892a3171c0bffff","t":"Barnstable","v":"Cotuit","n":27,"oo":18,"po":66.7,"ao":0,"ml":1441,"mf":1465.867,"br":1,"rs":2,"pr":7.4,"no":0,"s":44.6,"sp":8.83,"r_oo":0.565,"r_mf":0.264,"r_rs":0.426,"r_n":0.632,"r_sol":0.268}},{"type":"Feature","geometry":{"type":"Polygon","coordinates":[[[-70.44397,41.65492],[-70.44617,41.65404],[-70.44624,41.65226],[-70.4441,41.65137],[-70.44189,41.65224],[-70.44183,41.65402],[-70.44397,41.65492]]]},"properties":{"h":"892a3171c0fffff","t":"Barnstable","v":"Cotuit","n":27,"oo":22,"po":81.5,"ao":1,"ml":1488,"mf":1817.952,"br":4,"rs":5,"pr":18.5,"no":0,"s":68.8,"sp":8.83,"r_oo":0.827,"r_mf":0.532,"r_rs":0.895,"r_n":0.632,"r_sol":0.268}},{"type":"Feature","geometry":{"type":"Polygon","coordinates":[[[-70.43943,41.66023],[-70.44163,41.65935],[-70.4417,41.65757],[-70.43956,41.65668],[-70.43735,41.65756],[-70.43729,41.65933],[-70.43943,41.66023]]]},"properties":{"h":"892a3171c13ffff","t":"Barnstable","v":"Marstons Mills","n":5,"oo":3,"po":60,"ao":0,"ml":2790,"mf":2951.919,"br":4,"rs":0,"pr":0,"no":0,"s":46.6,"sp":8.83,"r_oo":0.466,"r_mf":0.936,"r_rs":0.109,"r_n":0.024,"r_sol":0.268}},{"type":"Feature","geometry":{"type":"Polygon","coordinates":[[[-70.44377,41.66025],[-70.44598,41.65937],[-70.44604,41.65759],[-70.4439,41.6567],[-70.4417,41.65757],[-70.44163,41.65935],[-70.44377,41.66025]]]},"properties":{"h":"892a3171c1bffff","t":"Barnstable","v":"Marstons Mills","n":37,"oo":35,"po":94.6,"ao":0,"ml":1267,"mf":1214.577,"br":1,"rs":4,"pr":10.8,"no":0,"s":60.8,"sp":8.83,"r_oo":0.969,"r_mf":0.097,"r_rs":0.62,"r_n":0.76,"r_sol":0.268}},{"type":"Feature","geometry":{"type":"Polygon","coordinates":[[[-70.43774,41.6469],[-70.43995,41.64602],[-70.44001,41.64424],[-70.43787,41.64334],[-70.43567,41.64422],[-70.4356,41.646],[-70.43774,41.6469]]]},"properties":{"h":"892a3171c27ffff","t":"Barnstable","v":"Cotuit","n":32,"oo":26,"po":81.2,"ao":1,"ml":1236,"mf":1777.553,"br":5,"rs":5,"pr":15.6,"no":0,"s":67.7,"sp":8.83,"r_oo":0.823,"r_mf":0.507,"r_rs":0.826,"r_n":0.71,"r_sol":0.268}},{"type":"Feature","geometry":{"type":"Polygon","coordinates":[[[-70.44416,41.64959],[-70.44637,41.64871],[-70.44643,41.64693],[-70.44429,41.64604],[-70.44209,41.64691],[-70.44202,41.64869],[-70.44416,41.64959]]]},"properties":{"h":"892a3171c2bffff","t":"Barnstable","v":"Cotuit","n":6,"oo":3,"po":50,"ao":1,"ml":2350,"mf":2002.912,"br":1,"rs":2,"pr":33.3,"no":0,"s":48.6,"sp":8.83,"r_oo":0.341,"r_mf":0.671,"r_rs":0.988,"r_n":0.072,"r_sol":0.268}},{"type":"Feature","geometry":{"type":"Polygon","coordinates":[[[-70.44209,41.64691],[-70.44429,41.64604],[-70.44436,41.64426],[-70.44222,41.64336],[-70.44001,41.64424],[-70.43995,41.64602],[-70.44209,41.64691]]]},"properties":{"h":"892a3171c2fffff","t":"Barnstable","v":"Cotuit","n":5,"oo":2,"po":40,"ao":1,"ml":2346,"mf":1953.941,"br":1,"rs":0,"pr":0,"no":0,"s":30.1,"sp":8.83,"r_oo":0.239,"r_mf":0.639,"r_rs":0.109,"r_n":0.024,"r_sol":0.268}},{"type":"Feature","geometry":{"type":"Polygon","coordinates":[[[-70.43547,41.64955],[-70.43768,41.64867],[-70.43774,41.6469],[-70.4356,41.646],[-70.4334,41.64688],[-70.43333,41.64865],[-70.43547,41.64955]]]},"properties":{"h":"892a3171c37ffff","t":"Barnstable","v":"Cotuit","n":10,"oo":8,"po":80,"ao":1,"ml":1248,"mf":1919.462,"br":1,"rs":0,"pr":0,"no":0,"s":54,"sp":8.83,"r_oo":0.799,"r_mf":0.616,"r_rs":0.109,"r_n":0.234,"r_sol":0.268}},{"type":"Feature","geometry":{"type":"Polygon","coordinates":[[[-70.44189,41.65224],[-70.4441,41.65137],[-70.44416,41.64959],[-70.44202,41.64869],[-70.43982,41.64957],[-70.43975,41.65135],[-70.44189,41.65224]]]},"properties":{"h":"892a3171c3bffff","t":"Barnstable","v":"Cotuit","n":5,"oo":2,"po":40,"ao":0,"ml":2049,"mf":2416.444,"br":2,"rs":0,"pr":0,"no":0,"s":35.3,"sp":8.83,"r_oo":0.239,"r_mf":0.85,"r_rs":0.109,"r_n":0.024,"r_sol":0.268}},{"type":"Feature","geometry":{"type":"Polygon","coordinates":[[[-70.45039,41.65761],[-70.45259,41.65673],[-70.45266,41.65495],[-70.45052,41.65406],[-70.44831,41.65494],[-70.44825,41.65671],[-70.45039,41.65761]]]},"properties":{"h":"892a3171c47ffff","t":"Barnstable","v":"Cotuit","n":7,"oo":6,"po":85.7,"ao":0,"ml":1267,"mf":849.696,"br":1,"rs":0,"pr":0,"no":0,"s":40.9,"sp":8.83,"r_oo":0.887,"r_mf":0.001,"r_rs":0.109,"r_n":0.115,"r_sol":0.268}},{"type":"Feature","geometry":{"type":"Polygon","coordinates":[[[-70.45019,41.66294],[-70.4524,41.66206],[-70.45246,41.66028],[-70.45032,41.65939],[-70.44812,41.66027],[-70.44805,41.66204],[-70.45019,41.66294]]]},"properties":{"h":"892a3171c53ffff","t":"Barnstable","v":"Marstons Mills","n":25,"oo":22,"po":88,"ao":1,"ml":1267,"mf":1150.484,"br":0,"rs":0,"pr":0,"no":0,"s":48.4,"sp":8.83,"r_oo":0.913,"r_mf":0.067,"r_rs":0.109,"r_n":0.593,"r_sol":0.268}},{"type":"Feature","geometry":{"type":"Polygon","coordinates":[[[-70.44812,41.66027],[-70.45032,41.65939],[-70.45039,41.65761],[-70.44825,41.65671],[-70.44604,41.65759],[-70.44598,41.65937],[-70.44812,41.66027]]]},"properties":{"h":"892a3171c57ffff","t":"Barnstable","v":"Marstons Mills","n":45,"oo":41,"po":91.1,"ao":0,"ml":1277,"mf":1353.486,"br":1,"rs":1,"pr":2.2,"no":0,"s":57,"sp":8.83,"r_oo":0.95,"r_mf":0.186,"r_rs":0.221,"r_n":0.837,"r_sol":0.268}},{"type":"Feature","geometry":{"type":"Polygon","coordinates":[[[-70.44851,41.64961],[-70.45071,41.64873],[-70.45077,41.64695],[-70.44864,41.64605],[-70.44643,41.64693],[-70.44637,41.64871],[-70.44851,41.64961]]]},"properties":{"h":"892a3171c67ffff","t":"Barnstable","v":"Cotuit","n":8,"oo":7,"po":87.5,"ao":1,"ml":2450,"mf":2402.892,"br":4,"rs":0,"pr":0,"no":0,"s":63.3,"sp":8.83,"r_oo":0.907,"r_mf":0.845,"r_rs":0.109,"r_n":0.154,"r_sol":0.268}},{"type":"Feature","geometry":{"type":"Polygon","coordinates":[[[-70.43281,41.66287],[-70.43501,41.66199],[-70.43508,41.66021],[-70.43294,41.65931],[-70.43073,41.66019],[-70.43067,41.66197],[-70.43281,41.66287]]]},"properties":{"h":"892a3171c83ffff","t":"Barnstable","v":"Marstons Mills","n":27,"oo":27,"po":100,"ao":0,"ml":1498,"mf":1256.934,"br":1,"rs":2,"pr":7.4,"no":0,"s":58.1,"sp":8.83,"r_oo":0.988,"r_mf":0.127,"r_rs":0.426,"r_n":0.632,"r_sol":0.268}},{"type":"Feature","geometry":{"type":"Polygon","coordinates":[[[-70.43073,41.66019],[-70.43294,41.65931],[-70.43301,41.65754],[-70.43087,41.65664],[-70.42866,41.65752],[-70.4286,41.65929],[-70.43073,41.66019]]]},"properties":{"h":"892a3171c87ffff","t":"Barnstable","v":"Marstons Mills","n":16,"oo":16,"po":100,"ao":0,"ml":1375,"mf":987.077,"br":0,"rs":1,"pr":6.2,"no":0,"s":52,"sp":8.83,"r_oo":0.988,"r_mf":0.016,"r_rs":0.362,"r_n":0.401,"r_sol":0.268}},{"type":"Feature","geometry":{"type":"Polygon","coordinates":[[[-70.43715,41.66289],[-70.43936,41.66201],[-70.43943,41.66023],[-70.43729,41.65933],[-70.43508,41.66021],[-70.43501,41.66199],[-70.43715,41.66289]]]},"properties":{"h":"892a3171c8bffff","t":"Barnstable","v":"Marstons Mills","n":19,"oo":17,"po":89.5,"ao":2,"ml":1680,"mf":1452.098,"br":2,"rs":0,"pr":0,"no":0,"s":52.6,"sp":8.83,"r_oo":0.93,"r_mf":0.254,"r_rs":0.109,"r_n":0.472,"r_sol":0.268}},{"type":"Feature","geometry":{"type":"Polygon","coordinates":[[[-70.43508,41.66021],[-70.43729,41.65933],[-70.43735,41.65756],[-70.43521,41.65666],[-70.43301,41.65754],[-70.43294,41.65931],[-70.43508,41.66021]]]},"properties":{"h":"892a3171c8fffff","t":"Barnstable","v":"Marstons Mills","n":6,"oo":5,"po":83.3,"ao":0,"ml":1792,"mf":1761.523,"br":0,"rs":0,"pr":0,"no":0,"s":51.6,"sp":8.83,"r_oo":0.856,"r_mf":0.495,"r_rs":0.109,"r_n":0.072,"r_sol":0.268}},{"type":"Feature","geometry":{"type":"Polygon","coordinates":[[[-70.43054,41.66552],[-70.43274,41.66464],[-70.43281,41.66287],[-70.43067,41.66197],[-70.42846,41.66285],[-70.4284,41.66462],[-70.43054,41.66552]]]},"properties":{"h":"892a3171c93ffff","t":"Barnstable","v":"Marstons Mills","n":22,"oo":17,"po":77.3,"ao":2,"ml":2183.5,"mf":2032.607,"br":5,"rs":1,"pr":4.5,"no":0,"s":59.5,"sp":8.83,"r_oo":0.745,"r_mf":0.693,"r_rs":0.289,"r_n":0.533,"r_sol":0.268}},{"type":"Feature","geometry":{"type":"Polygon","coordinates":[[[-70.42846,41.66285],[-70.43067,41.66197],[-70.43073,41.66019],[-70.4286,41.65929],[-70.42639,41.66017],[-70.42632,41.66195],[-70.42846,41.66285]]]},"properties":{"h":"892a3171c97ffff","t":"Barnstable","v":"Marstons Mills","n":21,"oo":14,"po":66.7,"ao":4,"ml":1492,"mf":1028.34,"br":1,"rs":3,"pr":14.3,"no":0,"s":42.8,"sp":8.83,"r_oo":0.565,"r_mf":0.026,"r_rs":0.784,"r_n":0.513,"r_sol":0.268}},{"type":"Feature","geometry":{"type":"Polygon","coordinates":[[[-70.43488,41.66554],[-70.43709,41.66466],[-70.43715,41.66289],[-70.43501,41.66199],[-70.43281,41.66287],[-70.43274,41.66464],[-70.43488,41.66554]]]},"properties":{"h":"892a3171c9bffff","t":"Barnstable","v":"Marstons Mills","n":26,"oo":21,"po":80.8,"ao":2,"ml":2127,"mf":2132.066,"br":6,"rs":4,"pr":15.4,"no":0,"s":72.3,"sp":8.83,"r_oo":0.817,"r_mf":0.742,"r_rs":0.818,"r_n":0.615,"r_sol":0.268}},{"type":"Feature","geometry":{"type":"Polygon","coordinates":[[[-70.42886,41.65219],[-70.43106,41.65131],[-70.43113,41.64953],[-70.42899,41.64864],[-70.42678,41.64951],[-70.42672,41.65129],[-70.42886,41.65219]]]},"properties":{"h":"892a3171ca7ffff","t":"Barnstable","v":"Marstons Mills","n":5,"oo":4,"po":80,"ao":0,"ml":1426,"mf":1357.582,"br":0,"rs":1,"pr":20,"no":0,"s":53.4,"sp":8.83,"r_oo":0.799,"r_mf":0.189,"r_rs":0.919,"r_n":0.024,"r_sol":0.268}},{"type":"Feature","geometry":{"type":"Polygon","coordinates":[[[-70.4332,41.65221],[-70.43541,41.65133],[-70.43547,41.64955],[-70.43333,41.64865],[-70.43113,41.64953],[-70.43106,41.65131],[-70.4332,41.65221]]]},"properties":{"h":"892a3171cafffff","t":"Barnstable","v":"Cotuit","n":10,"oo":10,"po":100,"ao":0,"ml":1526.5,"mf":1611.818,"br":1,"rs":0,"pr":0,"no":0,"s":55.5,"sp":8.83,"r_oo":0.988,"r_mf":0.372,"r_rs":0.109,"r_n":0.234,"r_sol":0.268}},{"type":"Feature","geometry":{"type":"Polygon","coordinates":[[[-70.4415,41.6629],[-70.44371,41.66203],[-70.44377,41.66025],[-70.44163,41.65935],[-70.43943,41.66023],[-70.43936,41.66201],[-70.4415,41.6629]]]},"properties":{"h":"892a3171cc7ffff","t":"Barnstable","v":"Marstons Mills","n":23,"oo":16,"po":69.6,"ao":0,"ml":1516,"mf":1274.439,"br":3,"rs":3,"pr":13,"no":0,"s":47.2,"sp":8.83,"r_oo":0.614,"r_mf":0.138,"r_rs":0.734,"r_n":0.554,"r_sol":0.268}},{"type":"Feature","geometry":{"type":"Polygon","coordinates":[[[-70.44792,41.6656],[-70.45013,41.66472],[-70.45019,41.66294],[-70.44805,41.66204],[-70.44585,41.66292],[-70.44578,41.6647],[-70.44792,41.6656]]]},"properties":{"h":"892a3171ccbffff","t":"Barnstable","v":"Marstons Mills","n":15,"oo":14,"po":93.3,"ao":0,"ml":1269,"mf":982.295,"br":1,"rs":0,"pr":0,"no":0,"s":46.9,"sp":8.83,"r_oo":0.964,"r_mf":0.014,"r_rs":0.109,"r_n":0.369,"r_sol":0.268}},{"type":"Feature","geometry":{"type":"Polygon","coordinates":[[[-70.44585,41.66292],[-70.44805,41.66204],[-70.44812,41.66027],[-70.44598,41.65937],[-70.44377,41.66025],[-70.44371,41.66203],[-70.44585,41.66292]]]},"properties":{"h":"892a3171ccfffff","t":"Barnstable","v":"Marstons Mills","n":33,"oo":29,"po":87.9,"ao":0,"ml":1268,"mf":1259.407,"br":3,"rs":1,"pr":3,"no":0,"s":53.1,"sp":8.83,"r_oo":0.913,"r_mf":0.128,"r_rs":0.235,"r_n":0.723,"r_sol":0.268}},{"type":"Feature","geometry":{"type":"Polygon","coordinates":[[[-70.43923,41.66556],[-70.44144,41.66468],[-70.4415,41.6629],[-70.43936,41.66201],[-70.43715,41.66289],[-70.43709,41.66466],[-70.43923,41.66556]]]},"properties":{"h":"892a3171cd7ffff","t":"Barnstable","v":"Marstons Mills","n":16,"oo":14,"po":87.5,"ao":0,"ml":1911,"mf":2185.075,"br":2,"rs":3,"pr":18.8,"no":0,"s":75.5,"sp":8.83,"r_oo":0.907,"r_mf":0.763,"r_rs":0.898,"r_n":0.401,"r_sol":0.268}},{"type":"Feature","geometry":{"type":"Polygon","coordinates":[[[-70.44565,41.66825],[-70.44786,41.66737],[-70.44792,41.6656],[-70.44578,41.6647],[-70.44358,41.66558],[-70.44351,41.66736],[-70.44565,41.66825]]]},"properties":{"h":"892a3171cdbffff","t":"Barnstable","v":"Marstons Mills","n":10,"oo":7,"po":70,"ao":0,"ml":2020,"mf":1792.184,"br":2,"rs":0,"pr":0,"no":0,"s":44.6,"sp":8.83,"r_oo":0.626,"r_mf":0.516,"r_rs":0.109,"r_n":0.234,"r_sol":0.268}},{"type":"Feature","geometry":{"type":"Polygon","coordinates":[[[-70.43152,41.63887],[-70.43373,41.638],[-70.43379,41.63622],[-70.43165,41.63532],[-70.42945,41.6362],[-70.42938,41.63798],[-70.43152,41.63887]]]},"properties":{"h":"892a3171d0bffff","t":"Barnstable","v":"Cotuit","n":26,"oo":16,"po":61.5,"ao":3,"ml":1888,"mf":2025.723,"br":5,"rs":3,"pr":11.5,"no":0,"s":55.5,"sp":8.83,"r_oo":0.491,"r_mf":0.686,"r_rs":0.659,"r_n":0.615,"r_sol":0.268}},{"type":"Feature","geometry":{"type":"Polygon","coordinates":[[[-70.42945,41.6362],[-70.43165,41.63532],[-70.43172,41.63355],[-70.42958,41.63265],[-70.42737,41.63353],[-70.42731,41.6353],[-70.42945,41.6362]]]},"properties":{"h":"892a3171d0fffff","t":"Barnstable","v":"Cotuit","n":17,"oo":11,"po":64.7,"ao":1,"ml":1630,"mf":1544.008,"br":0,"rs":1,"pr":5.9,"no":0,"s":41.6,"sp":8.83,"r_oo":0.535,"r_mf":0.322,"r_rs":0.345,"r_n":0.426,"r_sol":0.268}},{"type":"Feature","geometry":{"type":"Polygon","coordinates":[[[-70.42491,41.64151],[-70.42711,41.64063],[-70.42718,41.63886],[-70.42504,41.63796],[-70.42283,41.63884],[-70.42277,41.64061],[-70.42491,41.64151]]]},"properties":{"h":"892a3171d13ffff","t":"Barnstable","v":"Cotuit","n":13,"oo":12,"po":92.3,"ao":0,"ml":2792,"mf":2487.504,"br":9,"rs":1,"pr":7.7,"no":0,"s":72.8,"sp":8.83,"r_oo":0.959,"r_mf":0.875,"r_rs":0.442,"r_n":0.318,"r_sol":0.268}},{"type":"Feature","geometry":{"type":"Polygon","coordinates":[[[-70.42283,41.63884],[-70.42504,41.63796],[-70.4251,41.63618],[-70.42297,41.63528],[-70.42076,41.63616],[-70.4207,41.63794],[-70.42283,41.63884]]]},"properties":{"h":"892a3171d17ffff","t":"Barnstable","v":"Cotuit","n":17,"oo":13,"po":76.5,"ao":1,"ml":2344,"mf":2622.267,"br":12,"rs":1,"pr":5.9,"no":0,"s":63.8,"sp":8.83,"r_oo":0.731,"r_mf":0.899,"r_rs":0.345,"r_n":0.426,"r_sol":0.268}},{"type":"Feature","geometry":{"type":"Polygon","coordinates":[[[-70.42925,41.64153],[-70.43146,41.64065],[-70.43152,41.63887],[-70.42938,41.63798],[-70.42718,41.63886],[-70.42711,41.64063],[-70.42925,41.64153]]]},"properties":{"h":"892a3171d1bffff","t":"Barnstable","v":"Cotuit","n":31,"oo":25,"po":80.6,"ao":2,"ml":1748,"mf":1848.28,"br":4,"rs":4,"pr":12.9,"no":0,"s":67.1,"sp":8.83,"r_oo":0.814,"r_mf":0.56,"r_rs":0.727,"r_n":0.696,"r_sol":0.268}},{"type":"Feature","geometry":{"type":"Polygon","coordinates":[[[-70.4253,41.63085],[-70.42751,41.62998],[-70.42757,41.6282],[-70.42543,41.6273],[-70.42323,41.62818],[-70.42316,41.62996],[-70.4253,41.63085]]]},"properties":{"h":"892a3171d23ffff","t":"Barnstable","v":"Cotuit","n":14,"oo":8,"po":57.1,"ao":3,"ml":2455.5,"mf":2396.553,"br":4,"rs":0,"pr":0,"no":0,"s":45.8,"sp":8.83,"r_oo":0.425,"r_mf":0.842,"r_rs":0.109,"r_n":0.341,"r_sol":0.268}},{"type":"Feature","geometry":{"type":"Polygon","coordinates":[[[-70.42323,41.62818],[-70.42543,41.6273],[-70.4255,41.62553],[-70.42336,41.62463],[-70.42116,41.62551],[-70.42109,41.62728],[-70.42323,41.62818]]]},"properties":{"h":"892a3171d27ffff","t":"Barnstable","v":"Cotuit","n":11,"oo":4,"po":36.4,"ao":2,"ml":3795,"mf":2880.063,"br":8,"rs":1,"pr":9.1,"no":0,"s":44.9,"sp":8.83,"r_oo":0.209,"r_mf":0.931,"r_rs":0.524,"r_n":0.266,"r_sol":0.268}},{"type":"Feature","geometry":{"type":"Polygon","coordinates":[[[-70.42757,41.6282],[-70.42978,41.62732],[-70.42984,41.62554],[-70.4277,41.62465],[-70.4255,41.62553],[-70.42543,41.6273],[-70.42757,41.6282]]]},"properties":{"h":"892a3171d2fffff","t":"Barnstable","v":"Cotuit","n":7,"oo":5,"po":71.4,"ao":0,"ml":2100,"mf":1384.663,"br":1,"rs":0,"pr":0,"no":0,"s":36.7,"sp":8.83,"r_oo":0.652,"r_mf":0.209,"r_rs":0.109,"r_n":0.115,"r_sol":0.268}},{"type":"Feature","geometry":{"type":"Polygon","coordinates":[[[-70.42096,41.63083],[-70.42316,41.62996],[-70.42323,41.62818],[-70.42109,41.62728],[-70.41889,41.62816],[-70.41882,41.62994],[-70.42096,41.63083]]]},"properties":{"h":"892a3171d37ffff","t":"Barnstable","v":"Cotuit","n":9,"oo":5,"po":55.6,"ao":0,"ml":4100,"mf":3576.544,"br":9,"rs":2,"pr":22.2,"no":0,"s":59.4,"sp":8.83,"r_oo":0.406,"r_mf":0.973,"r_rs":0.948,"r_n":0.194,"r_sol":0.268}},{"type":"Feature","geometry":{"type":"Polygon","coordinates":[[[-70.42737,41.63353],[-70.42958,41.63265],[-70.42964,41.63087],[-70.42751,41.62998],[-70.4253,41.63085],[-70.42524,41.63263],[-70.42737,41.63353]]]},"properties":{"h":"892a3171d3bffff","t":"Barnstable","v":"Cotuit","n":10,"oo":7,"po":70,"ao":0,"ml":1517,"mf":1381.952,"br":1,"rs":1,"pr":10,"no":0,"s":43.8,"sp":8.83,"r_oo":0.626,"r_mf":0.207,"r_rs":0.575,"r_n":0.234,"r_sol":0.268}},{"type":"Feature","geometry":{"type":"Polygon","coordinates":[[[-70.43794,41.64157],[-70.44014,41.64069],[-70.44021,41.63891],[-70.43807,41.63801],[-70.43586,41.63889],[-70.4358,41.64067],[-70.43794,41.64157]]]},"properties":{"h":"892a3171d43ffff","t":"Barnstable","v":"Cotuit","n":33,"oo":23,"po":69.7,"ao":2,"ml":1104,"mf":1592.12,"br":0,"rs":7,"pr":21.2,"no":0,"s":57.6,"sp":8.83,"r_oo":0.616,"r_mf":0.36,"r_rs":0.937,"r_n":0.723,"r_sol":0.268}},{"type":"Feature","geometry":{"type":"Polygon","coordinates":[[[-70.44228,41.64159],[-70.44449,41.64071],[-70.44455,41.63893],[-70.44241,41.63803],[-70.44021,41.63891],[-70.44014,41.64069],[-70.44228,41.64159]]]},"properties":{"h":"892a3171d4bffff","t":"Barnstable","v":"Cotuit","n":31,"oo":23,"po":74.2,"ao":2,"ml":1172,"mf":1590.365,"br":1,"rs":2,"pr":6.5,"no":0,"s":52,"sp":8.83,"r_oo":0.692,"r_mf":0.359,"r_rs":0.379,"r_n":0.696,"r_sol":0.268}},{"type":"Feature","geometry":{"type":"Polygon","coordinates":[[[-70.44021,41.63891],[-70.44241,41.63803],[-70.44248,41.63626],[-70.44034,41.63536],[-70.43813,41.63624],[-70.43807,41.63801],[-70.44021,41.63891]]]},"properties":{"h":"892a3171d4fffff","t":"Barnstable","v":"Cotuit","n":16,"oo":12,"po":75,"ao":2,"ml":1154,"mf":1645.108,"br":1,"rs":2,"pr":12.5,"no":0,"s":55.6,"sp":8.83,"r_oo":0.709,"r_mf":0.403,"r_rs":0.702,"r_n":0.401,"r_sol":0.268}},{"type":"Feature","geometry":{"type":"Polygon","coordinates":[[[-70.43567,41.64422],[-70.43787,41.64334],[-70.43794,41.64157],[-70.4358,41.64067],[-70.43359,41.64155],[-70.43353,41.64332],[-70.43567,41.64422]]]},"properties":{"h":"892a3171d53ffff","t":"Barnstable","v":"Cotuit","n":26,"oo":20,"po":76.9,"ao":1,"ml":1364,"mf":1771.95,"br":4,"rs":3,"pr":11.5,"no":0,"s":60.8,"sp":8.83,"r_oo":0.738,"r_mf":0.502,"r_rs":0.659,"r_n":0.615,"r_sol":0.268}},{"type":"Feature","geometry":{"type":"Polygon","coordinates":[[[-70.43359,41.64155],[-70.4358,41.64067],[-70.43586,41.63889],[-70.43373,41.638],[-70.43152,41.63887],[-70.43146,41.64065],[-70.43359,41.64155]]]},"properties":{"h":"892a3171d57ffff","t":"Barnstable","v":"Cotuit","n":18,"oo":16,"po":88.9,"ao":0,"ml":1440,"mf":1812.21,"br":5,"rs":1,"pr":5.6,"no":0,"s":62.2,"sp":8.83,"r_oo":0.922,"r_mf":0.527,"r_rs":0.332,"r_n":0.448,"r_sol":0.268}},{"type":"Feature","geometry":{"type":"Polygon","coordinates":[[[-70.44001,41.64424],[-70.44222,41.64336],[-70.44228,41.64159],[-70.44014,41.64069],[-70.43794,41.64157],[-70.43787,41.64334],[-70.44001,41.64424]]]},"properties":{"h":"892a3171d5bffff","t":"Barnstable","v":"Cotuit","n":13,"oo":11,"po":84.6,"ao":1,"ml":1212,"mf":1543.795,"br":0,"rs":3,"pr":23.1,"no":0,"s":63.3,"sp":8.83,"r_oo":0.876,"r_mf":0.322,"r_rs":0.956,"r_n":0.318,"r_sol":0.268}},{"type":"Feature","geometry":{"type":"Polygon","coordinates":[[[-70.43379,41.63622],[-70.436,41.63534],[-70.43606,41.63356],[-70.43392,41.63267],[-70.43172,41.63355],[-70.43165,41.63532],[-70.43379,41.63622]]]},"properties":{"h":"892a3171d73ffff","t":"Barnstable","v":"Cotuit","n":14,"oo":9,"po":64.3,"ao":1,"ml":1794,"mf":1658.418,"br":1,"rs":1,"pr":7.1,"no":0,"s":43.8,"sp":8.83,"r_oo":0.531,"r_mf":0.412,"r_rs":0.413,"r_n":0.341,"r_sol":0.268}},{"type":"Feature","geometry":{"type":"Polygon","coordinates":[[[-70.43172,41.63355],[-70.43392,41.63267],[-70.43399,41.63089],[-70.43185,41.62999],[-70.42964,41.63087],[-70.42958,41.63265],[-70.43172,41.63355]]]},"properties":{"h":"892a3171d77ffff","t":"Barnstable","v":"Cotuit","n":19,"oo":10,"po":52.6,"ao":1,"ml":1908,"mf":2023.463,"br":5,"rs":2,"pr":10.5,"no":0,"s":48.5,"sp":8.83,"r_oo":0.371,"r_mf":0.685,"r_rs":0.607,"r_n":0.472,"r_sol":0.268}},{"type":"Feature","geometry":{"type":"Polygon","coordinates":[[[-70.41829,41.64415],[-70.4205,41.64327],[-70.42056,41.64149],[-70.41843,41.64059],[-70.41622,41.64147],[-70.41615,41.64325],[-70.41829,41.64415]]]},"properties":{"h":"892a3171d83ffff","t":"Barnstable","v":"Marstons Mills","n":28,"oo":23,"po":82.1,"ao":1,"ml":2247.5,"mf":2330.687,"br":10,"rs":4,"pr":14.3,"no":0,"s":74.9,"sp":8.83,"r_oo":0.838,"r_mf":0.819,"r_rs":0.784,"r_n":0.65,"r_sol":0.268}},{"type":"Feature","geometry":{"type":"Polygon","coordinates":[[[-70.41622,41.64147],[-70.41843,41.64059],[-70.41849,41.63882],[-70.41635,41.63792],[-70.41415,41.6388],[-70.41408,41.64057],[-70.41622,41.64147]]]},"properties":{"h":"892a3171d87ffff","t":"Barnstable","v":"Marstons Mills","n":16,"oo":10,"po":62.5,"ao":1,"ml":3321,"mf":3211.503,"br":11,"rs":2,"pr":12.5,"no":0,"s":61.3,"sp":8.83,"r_oo":0.504,"r_mf":0.958,"r_rs":0.702,"r_n":0.401,"r_sol":0.268}},{"type":"Feature","geometry":{"type":"Polygon","coordinates":[[[-70.42264,41.64417],[-70.42484,41.64329],[-70.42491,41.64151],[-70.42277,41.64061],[-70.42056,41.64149],[-70.4205,41.64327],[-70.42264,41.64417]]]},"properties":{"h":"892a3171d8bffff","t":"Barnstable","v":"Marstons Mills","n":28,"oo":19,"po":67.9,"ao":4,"ml":2360.5,"mf":2389.101,"br":11,"rs":2,"pr":7.1,"no":0,"s":59.9,"sp":8.83,"r_oo":0.589,"r_mf":0.839,"r_rs":0.413,"r_n":0.65,"r_sol":0.268}},{"type":"Feature","geometry":{"type":"Polygon","coordinates":[[[-70.42056,41.64149],[-70.42277,41.64061],[-70.42283,41.63884],[-70.4207,41.63794],[-70.41849,41.63882],[-70.41843,41.64059],[-70.42056,41.64149]]]},"properties":{"h":"892a3171d8fffff","t":"Barnstable","v":"Cotuit","n":25,"oo":15,"po":60,"ao":1,"ml":2472,"mf":2628.407,"br":17,"rs":4,"pr":16,"no":0,"s":62.4,"sp":8.83,"r_oo":0.466,"r_mf":0.902,"r_rs":0.836,"r_n":0.593,"r_sol":0.268}},{"type":"Feature","geometry":{"type":"Polygon","coordinates":[[[-70.41602,41.6468],[-70.41823,41.64592],[-70.41829,41.64415],[-70.41615,41.64325],[-70.41395,41.64413],[-70.41388,41.6459],[-70.41602,41.6468]]]},"properties":{"h":"892a3171d93ffff","t":"Barnstable","v":"Marstons Mills","n":26,"oo":20,"po":76.9,"ao":2,"ml":2066,"mf":2300.602,"br":11,"rs":1,"pr":3.8,"no":0,"s":62.4,"sp":8.83,"r_oo":0.738,"r_mf":0.808,"r_rs":0.258,"r_n":0.615,"r_sol":0.268}},{"type":"Feature","geometry":{"type":"Polygon","coordinates":[[[-70.41395,41.64413],[-70.41615,41.64325],[-70.41622,41.64147],[-70.41408,41.64057],[-70.41188,41.64145],[-70.41181,41.64323],[-70.41395,41.64413]]]},"properties":{"h":"892a3171d97ffff","t":"Barnstable","v":"Marstons Mills","n":10,"oo":6,"po":60,"ao":1,"ml":2421.5,"mf":2589.443,"br":5,"rs":1,"pr":10,"no":0,"s":54.6,"sp":8.83,"r_oo":0.466,"r_mf":0.894,"r_rs":0.575,"r_n":0.234,"r_sol":0.268}},{"type":"Feature","geometry":{"type":"Polygon","coordinates":[[[-70.42037,41.64682],[-70.42257,41.64594],[-70.42264,41.64417],[-70.4205,41.64327],[-70.41829,41.64415],[-70.41823,41.64592],[-70.42037,41.64682]]]},"properties":{"h":"892a3171d9bffff","t":"Barnstable","v":"Marstons Mills","n":39,"oo":30,"po":76.9,"ao":2,"ml":1810,"mf":1870.362,"br":7,"rs":5,"pr":12.8,"no":0,"s":65.4,"sp":8.83,"r_oo":0.738,"r_mf":0.58,"r_rs":0.724,"r_n":0.787,"r_sol":0.268}},{"type":"Feature","geometry":{"type":"Polygon","coordinates":[[[-70.41642,41.63614],[-70.41862,41.63527],[-70.41869,41.63349],[-70.41655,41.63259],[-70.41435,41.63347],[-70.41428,41.63525],[-70.41642,41.63614]]]},"properties":{"h":"892a3171da3ffff","t":"Barnstable","v":"Cotuit","n":17,"oo":12,"po":70.6,"ao":4,"ml":2732,"mf":2792.186,"br":12,"rs":4,"pr":23.5,"no":0,"s":69.8,"sp":8.83,"r_oo":0.637,"r_mf":0.922,"r_rs":0.957,"r_n":0.426,"r_sol":0.268}},{"type":"Feature","geometry":{"type":"Polygon","coordinates":[[[-70.41435,41.63347],[-70.41655,41.63259],[-70.41662,41.63082],[-70.41448,41.62992],[-70.41227,41.6308],[-70.41221,41.63257],[-70.41435,41.63347]]]},"properties":{"h":"892a3171da7ffff","t":"Barnstable","v":"Cotuit","n":15,"oo":9,"po":60,"ao":5,"ml":3713,"mf":3000.143,"br":13,"rs":3,"pr":20,"no":0,"s":62.3,"sp":8.83,"r_oo":0.466,"r_mf":0.94,"r_rs":0.919,"r_n":0.369,"r_sol":0.268}},{"type":"Feature","geometry":{"type":"Polygon","coordinates":[[[-70.42076,41.63616],[-70.42297,41.63528],[-70.42303,41.63351],[-70.42089,41.63261],[-70.41869,41.63349],[-70.41862,41.63527],[-70.42076,41.63616]]]},"properties":{"h":"892a3171dabffff","t":"Barnstable","v":"Cotuit","n":14,"oo":10,"po":71.4,"ao":2,"ml":2314,"mf":2843.293,"br":12,"rs":2,"pr":14.3,"no":0,"s":67.1,"sp":8.83,"r_oo":0.652,"r_mf":0.929,"r_rs":0.784,"r_n":0.341,"r_sol":0.268}},{"type":"Feature","geometry":{"type":"Polygon","coordinates":[[[-70.41869,41.63349],[-70.42089,41.63261],[-70.42096,41.63083],[-70.41882,41.62994],[-70.41662,41.63082],[-70.41655,41.63259],[-70.41869,41.63349]]]},"properties":{"h":"892a3171dafffff","t":"Barnstable","v":"Cotuit","n":8,"oo":4,"po":50,"ao":0,"ml":2741,"mf":2960.678,"br":7,"rs":2,"pr":25,"no":0,"s":55.8,"sp":8.83,"r_oo":0.341,"r_mf":0.938,"r_rs":0.965,"r_n":0.154,"r_sol":0.268}},{"type":"Feature","geometry":{"type":"Polygon","coordinates":[[[-70.41415,41.6388],[-70.41635,41.63792],[-70.41642,41.63614],[-70.41428,41.63525],[-70.41208,41.63612],[-70.41201,41.6379],[-70.41415,41.6388]]]},"properties":{"h":"892a3171db3ffff","t":"Barnstable","v":"Cotuit","n":7,"oo":3,"po":42.9,"ao":1,"ml":3733,"mf":3358.757,"br":5,"rs":1,"pr":14.3,"no":0,"s":50.4,"sp":8.83,"r_oo":0.267,"r_mf":0.966,"r_rs":0.784,"r_n":0.115,"r_sol":0.268}},{"type":"Feature","geometry":{"type":"Polygon","coordinates":[[[-70.41849,41.63882],[-70.4207,41.63794],[-70.42076,41.63616],[-70.41862,41.63527],[-70.41642,41.63614],[-70.41635,41.63792],[-70.41849,41.63882]]]},"properties":{"h":"892a3171dbbffff","t":"Barnstable","v":"Cotuit","n":22,"oo":13,"po":59.1,"ao":2,"ml":2544.5,"mf":2613.99,"br":15,"rs":1,"pr":4.5,"no":0,"s":52.7,"sp":8.83,"r_oo":0.448,"r_mf":0.897,"r_rs":0.289,"r_n":0.533,"r_sol":0.268}},{"type":"Feature","geometry":{"type":"Polygon","coordinates":[[[-70.42905,41.64686],[-70.43126,41.64598],[-70.43132,41.6442],[-70.42919,41.64331],[-70.42698,41.64418],[-70.42692,41.64596],[-70.42905,41.64686]]]},"properties":{"h":"892a3171dc3ffff","t":"Barnstable","v":"Cotuit","n":28,"oo":20,"po":71.4,"ao":1,"ml":1715.5,"mf":1785.101,"br":1,"rs":3,"pr":10.7,"no":0,"s":57.3,"sp":8.83,"r_oo":0.652,"r_mf":0.512,"r_rs":0.616,"r_n":0.65,"r_sol":0.268}},{"type":"Feature","geometry":{"type":"Polygon","coordinates":[[[-70.42698,41.64418],[-70.42919,41.64331],[-70.42925,41.64153],[-70.42711,41.64063],[-70.42491,41.64151],[-70.42484,41.64329],[-70.42698,41.64418]]]},"properties":{"h":"892a3171dc7ffff","t":"Barnstable","v":"Cotuit","n":26,"oo":20,"po":76.9,"ao":2,"ml":2200.5,"mf":2123.08,"br":6,"rs":4,"pr":15.4,"no":0,"s":69.1,"sp":8.83,"r_oo":0.738,"r_mf":0.737,"r_rs":0.818,"r_n":0.615,"r_sol":0.268}},{"type":"Feature","geometry":{"type":"Polygon","coordinates":[[[-70.4334,41.64688],[-70.4356,41.646],[-70.43567,41.64422],[-70.43353,41.64332],[-70.43132,41.6442],[-70.43126,41.64598],[-70.4334,41.64688]]]},"properties":{"h":"892a3171dcbffff","t":"Barnstable","v":"Cotuit","n":31,"oo":24,"po":77.4,"ao":2,"ml":1200,"mf":1747.571,"br":1,"rs":0,"pr":0,"no":0,"s":53.4,"sp":8.83,"r_oo":0.748,"r_mf":0.487,"r_rs":0.109,"r_n":0.696,"r_sol":0.268}},{"type":"Feature","geometry":{"type":"Polygon","coordinates":[[[-70.43132,41.6442],[-70.43353,41.64332],[-70.43359,41.64155],[-70.43146,41.64065],[-70.42925,41.64153],[-70.42919,41.64331],[-70.43132,41.6442]]]},"properties":{"h":"892a3171dcfffff","t":"Barnstable","v":"Cotuit","n":27,"oo":20,"po":74.1,"ao":2,"ml":1500,"mf":1710.529,"br":1,"rs":0,"pr":0,"no":0,"s":49.6,"sp":8.83,"r_oo":0.69,"r_mf":0.454,"r_rs":0.109,"r_n":0.632,"r_sol":0.268}},{"type":"Feature","geometry":{"type":"Polygon","coordinates":[[[-70.42678,41.64951],[-70.42899,41.64864],[-70.42905,41.64686],[-70.42692,41.64596],[-70.42471,41.64684],[-70.42464,41.64862],[-70.42678,41.64951]]]},"properties":{"h":"892a3171dd3ffff","t":"Barnstable","v":"Marstons Mills","n":6,"oo":5,"po":83.3,"ao":0,"ml":2158.5,"mf":1877.835,"br":1,"rs":0,"pr":0,"no":0,"s":53.9,"sp":8.83,"r_oo":0.856,"r_mf":0.586,"r_rs":0.109,"r_n":0.072,"r_sol":0.268}},{"type":"Feature","geometry":{"type":"Polygon","coordinates":[[[-70.42471,41.64684],[-70.42692,41.64596],[-70.42698,41.64418],[-70.42484,41.64329],[-70.42264,41.64417],[-70.42257,41.64594],[-70.42471,41.64684]]]},"properties":{"h":"892a3171dd7ffff","t":"Barnstable","v":"Marstons Mills","n":21,"oo":17,"po":81,"ao":1,"ml":2253,"mf":2303.896,"br":8,"rs":4,"pr":19,"no":0,"s":74.3,"sp":8.83,"r_oo":0.819,"r_mf":0.809,"r_rs":0.9,"r_n":0.513,"r_sol":0.268}},{"type":"Feature","geometry":{"type":"Polygon","coordinates":[[[-70.43113,41.64953],[-70.43333,41.64865],[-70.4334,41.64688],[-70.43126,41.64598],[-70.42905,41.64686],[-70.42899,41.64864],[-70.43113,41.64953]]]},"properties":{"h":"892a3171ddbffff","t":"Barnstable","v":"Cotuit","n":16,"oo":7,"po":43.8,"ao":0,"ml":1104,"mf":1531.545,"br":0,"rs":4,"pr":25,"no":0,"s":40.1,"sp":8.83,"r_oo":0.279,"r_mf":0.313,"r_rs":0.965,"r_n":0.401,"r_sol":0.268}},{"type":"Feature","geometry":{"type":"Polygon","coordinates":[[[-70.32914,41.70236],[-70.33134,41.70148],[-70.33141,41.69971],[-70.32927,41.69881],[-70.32707,41.69968],[-70.327,41.70146],[-70.32914,41.70236]]]},"properties":{"h":"892a3172027ffff","t":"Barnstable","v":"Barnstable Village","n":10,"oo":5,"po":50,"ao":1,"ml":2047,"mf":2050.514,"br":2,"rs":1,"pr":10,"no":0,"s":44.8,"sp":8.83,"r_oo":0.341,"r_mf":0.701,"r_rs":0.575,"r_n":0.234,"r_sol":0.268}},{"type":"Feature","geometry":{"type":"Polygon","coordinates":[[[-70.33348,41.70238],[-70.33569,41.70151],[-70.33576,41.69973],[-70.33362,41.69883],[-70.33141,41.69971],[-70.33134,41.70148],[-70.33348,41.70238]]]},"properties":{"h":"892a317202fffff","t":"Barnstable","v":"Barnstable Village","n":6,"oo":2,"po":33.3,"ao":1,"ml":2697.5,"mf":1840.657,"br":1,"rs":2,"pr":33.3,"no":0,"s":39.4,"sp":8.83,"r_oo":0.184,"r_mf":0.553,"r_rs":0.988,"r_n":0.072,"r_sol":0.268}},{"type":"Feature","geometry":{"type":"Polygon","coordinates":[[[-70.3223,41.71033],[-70.32451,41.70945],[-70.32458,41.70767],[-70.32244,41.70677],[-70.32023,41.70765],[-70.32016,41.70942],[-70.3223,41.71033]]]},"properties":{"h":"892a31720a3ffff","t":"Barnstable","v":"Barnstable Village","n":9,"oo":6,"po":66.7,"ao":2,"ml":3336,"mf":2422.407,"br":4,"rs":4,"pr":44.4,"no":0,"s":63.5,"sp":8.83,"r_oo":0.565,"r_mf":0.852,"r_rs":0.998,"r_n":0.194,"r_sol":0.268}},{"type":"Feature","geometry":{"type":"Polygon","coordinates":[[[-70.32023,41.70765],[-70.32244,41.70677],[-70.32251,41.70499],[-70.32037,41.70409],[-70.31816,41.70497],[-70.31809,41.70675],[-70.32023,41.70765]]]},"properties":{"h":"892a31720a7ffff","t":"Barnstable","v":"Barnstable Village","n":16,"oo":9,"po":56.2,"ao":4,"ml":2616.5,"mf":2912.179,"br":9,"rs":1,"pr":6.2,"no":0,"s":52.1,"sp":8.83,"r_oo":0.415,"r_mf":0.935,"r_rs":0.362,"r_n":0.401,"r_sol":0.268}},{"type":"Feature","geometry":{"type":"Polygon","coordinates":[[[-70.32665,41.71035],[-70.32886,41.70947],[-70.32893,41.70769],[-70.32679,41.70679],[-70.32458,41.70767],[-70.32451,41.70945],[-70.32665,41.71035]]]},"properties":{"h":"892a31720abffff","t":"Barnstable","v":"Barnstable Village","n":6,"oo":2,"po":33.3,"ao":1,"ml":2836,"mf":3057.152,"br":4,"rs":1,"pr":16.7,"no":0,"s":47.2,"sp":8.83,"r_oo":0.184,"r_mf":0.946,"r_rs":0.858,"r_n":0.072,"r_sol":0.268}},{"type":"Feature","geometry":{"type":"Polygon","coordinates":[[[-70.31795,41.7103],[-70.32016,41.70942],[-70.32023,41.70765],[-70.31809,41.70675],[-70.31588,41.70762],[-70.31581,41.7094],[-70.31795,41.7103]]]},"properties":{"h":"892a31720b7ffff","t":"Barnstable","v":"Barnstable Village","n":5,"oo":1,"po":20,"ao":2,"ml":4090,"mf":4154.526,"br":4,"rs":1,"pr":20,"no":0,"s":45.3,"sp":8.83,"r_oo":0.1,"r_mf":0.986,"r_rs":0.919,"r_n":0.024,"r_sol":0.268}},{"type":"Feature","geometry":{"type":"Polygon","coordinates":[[[-70.33141,41.69971],[-70.33362,41.69883],[-70.33369,41.69705],[-70.33155,41.69615],[-70.32934,41.69703],[-70.32927,41.69881],[-70.33141,41.69971]]]},"properties":{"h":"892a317215bffff","t":"Barnstable","v":"Barnstable Village","n":20,"oo":13,"po":65,"ao":1,"ml":1688.5,"mf":1561.15,"br":1,"rs":3,"pr":15,"no":0,"s":49.6,"sp":8.83,"r_oo":0.538,"r_mf":0.335,"r_rs":0.806,"r_n":0.495,"r_sol":0.268}},{"type":"Feature","geometry":{"type":"Polygon","coordinates":[[[-70.30967,41.69959],[-70.31188,41.69871],[-70.31195,41.69694],[-70.30981,41.69604],[-70.3076,41.69691],[-70.30753,41.69869],[-70.30967,41.69959]]]},"properties":{"h":"892a3172183ffff","t":"Barnstable","v":"Barnstable Village","n":8,"oo":7,"po":87.5,"ao":0,"ml":2804,"mf":2571.662,"br":5,"rs":1,"pr":12.5,"no":0,"s":73.3,"sp":8.83,"r_oo":0.907,"r_mf":0.889,"r_rs":0.702,"r_n":0.154,"r_sol":0.268}},{"type":"Feature","geometry":{"type":"Polygon","coordinates":[[[-70.3076,41.69691],[-70.30981,41.69604],[-70.30988,41.69426],[-70.30775,41.69336],[-70.30554,41.69423],[-70.30547,41.69601],[-70.3076,41.69691]]]},"properties":{"h":"892a3172187ffff","t":"Barnstable","v":"Barnstable Village","n":5,"oo":5,"po":100,"ao":0,"ml":2088,"mf":1906.284,"br":2,"rs":0,"pr":0,"no":0,"s":59.3,"sp":8.83,"r_oo":0.988,"r_mf":0.608,"r_rs":0.109,"r_n":0.024,"r_sol":0.268}},{"type":"Feature","geometry":{"type":"Polygon","coordinates":[[[-70.31402,41.69961],[-70.31623,41.69874],[-70.3163,41.69696],[-70.31416,41.69606],[-70.31195,41.69694],[-70.31188,41.69871],[-70.31402,41.69961]]]},"properties":{"h":"892a317218bffff","t":"Barnstable","v":"Barnstable Village","n":9,"oo":8,"po":88.9,"ao":1,"ml":2824,"mf":2893.163,"br":6,"rs":0,"pr":0,"no":0,"s":66.4,"sp":8.83,"r_oo":0.922,"r_mf":0.932,"r_rs":0.109,"r_n":0.194,"r_sol":0.268}},{"type":"Feature","geometry":{"type":"Polygon","coordinates":[[[-70.31195,41.69694],[-70.31416,41.69606],[-70.31423,41.69428],[-70.31209,41.69338],[-70.30988,41.69426],[-70.30981,41.69604],[-70.31195,41.69694]]]},"properties":{"h":"892a317218fffff","t":"Barnstable","v":"Barnstable Village","n":10,"oo":9,"po":90,"ao":0,"ml":3062.5,"mf":3161.73,"br":8,"rs":0,"pr":0,"no":0,"s":68,"sp":8.83,"r_oo":0.937,"r_mf":0.954,"r_rs":0.109,"r_n":0.234,"r_sol":0.268}},{"type":"Feature","geometry":{"type":"Polygon","coordinates":[[[-70.30739,41.70224],[-70.3096,41.70137],[-70.30967,41.69959],[-70.30753,41.69869],[-70.30533,41.69957],[-70.30526,41.70134],[-70.30739,41.70224]]]},"properties":{"h":"892a3172193ffff","t":"Barnstable","v":"Barnstable Village","n":18,"oo":11,"po":61.1,"ao":4,"ml":1934,"mf":2193.095,"br":5,"rs":1,"pr":5.6,"no":0,"s":50.8,"sp":8.83,"r_oo":0.487,"r_mf":0.767,"r_rs":0.332,"r_n":0.448,"r_sol":0.268}},{"type":"Feature","geometry":{"type":"Polygon","coordinates":[[[-70.30533,41.69957],[-70.30753,41.69869],[-70.3076,41.69691],[-70.30547,41.69601],[-70.30326,41.69689],[-70.30319,41.69867],[-70.30533,41.69957]]]},"properties":{"h":"892a3172197ffff","t":"Barnstable","v":"Barnstable Village","n":12,"oo":6,"po":50,"ao":1,"ml":3014,"mf":2675.75,"br":7,"rs":0,"pr":0,"no":0,"s":43.6,"sp":8.83,"r_oo":0.341,"r_mf":0.909,"r_rs":0.109,"r_n":0.292,"r_sol":0.268}},{"type":"Feature","geometry":{"type":"Polygon","coordinates":[[[-70.31174,41.70227],[-70.31395,41.70139],[-70.31402,41.69961],[-70.31188,41.69871],[-70.30967,41.69959],[-70.3096,41.70137],[-70.31174,41.70227]]]},"properties":{"h":"892a317219bffff","t":"Barnstable","v":"Barnstable Village","n":16,"oo":12,"po":75,"ao":0,"ml":2631.5,"mf":2464.388,"br":9,"rs":1,"pr":6.2,"no":0,"s":62.1,"sp":8.83,"r_oo":0.709,"r_mf":0.867,"r_rs":0.362,"r_n":0.401,"r_sol":0.268}},{"type":"Feature","geometry":{"type":"Polygon","coordinates":[[[-70.30782,41.69158],[-70.31002,41.6907],[-70.31009,41.68893],[-70.30796,41.68803],[-70.30575,41.6889],[-70.30568,41.69068],[-70.30782,41.69158]]]},"properties":{"h":"892a31721a3ffff","t":"Barnstable","v":"Barnstable Village","n":5,"oo":3,"po":60,"ao":0,"ml":2104,"mf":1735.767,"br":1,"rs":0,"pr":0,"no":0,"s":35.1,"sp":8.83,"r_oo":0.466,"r_mf":0.477,"r_rs":0.109,"r_n":0.024,"r_sol":0.268}},{"type":"Feature","geometry":{"type":"Polygon","coordinates":[[[-70.30575,41.6889],[-70.30796,41.68803],[-70.30803,41.68625],[-70.30589,41.68535],[-70.30368,41.68623],[-70.30361,41.688],[-70.30575,41.6889]]]},"properties":{"h":"892a31721a7ffff","t":"Barnstable","v":"Barnstable Village","n":6,"oo":5,"po":83.3,"ao":0,"ml":1108,"mf":1025.088,"br":0,"rs":0,"pr":0,"no":0,"s":39.9,"sp":8.83,"r_oo":0.856,"r_mf":0.025,"r_rs":0.109,"r_n":0.072,"r_sol":0.268}},{"type":"Feature","geometry":{"type":"Polygon","coordinates":[[[-70.31009,41.68893],[-70.3123,41.68805],[-70.31237,41.68627],[-70.31024,41.68537],[-70.30803,41.68625],[-70.30796,41.68803],[-70.31009,41.68893]]]},"properties":{"h":"892a31721afffff","t":"Barnstable","v":"Barnstable Village","n":5,"oo":3,"po":60,"ao":0,"ml":960,"mf":1783.89,"br":0,"rs":1,"pr":20,"no":0,"s":48.1,"sp":8.83,"r_oo":0.466,"r_mf":0.51,"r_rs":0.919,"r_n":0.024,"r_sol":0.268}},{"type":"Feature","geometry":{"type":"Polygon","coordinates":[[[-70.30554,41.69423],[-70.30775,41.69336],[-70.30782,41.69158],[-70.30568,41.69068],[-70.30347,41.69156],[-70.3034,41.69333],[-70.30554,41.69423]]]},"properties":{"h":"892a31721b3ffff","t":"Barnstable","v":"Barnstable Village","n":17,"oo":9,"po":52.9,"ao":4,"ml":1196,"mf":1180.184,"br":0,"rs":0,"pr":0,"no":0,"s":25.6,"sp":8.83,"r_oo":0.375,"r_mf":0.083,"r_rs":0.109,"r_n":0.426,"r_sol":0.268}},{"type":"Feature","geometry":{"type":"Polygon","coordinates":[[[-70.30347,41.69156],[-70.30568,41.69068],[-70.30575,41.6889],[-70.30361,41.688],[-70.3014,41.68888],[-70.30133,41.69066],[-70.30347,41.69156]]]},"properties":{"h":"892a31721b7ffff","t":"Barnstable","v":"Barnstable Village","n":16,"oo":13,"po":81.2,"ao":0,"ml":1747.5,"mf":1575.76,"br":3,"rs":1,"pr":6.2,"no":0,"s":53.6,"sp":8.83,"r_oo":0.823,"r_mf":0.345,"r_rs":0.362,"r_n":0.401,"r_sol":0.268}},{"type":"Feature","geometry":{"type":"Polygon","coordinates":[[[-70.32479,41.70234],[-70.327,41.70146],[-70.32707,41.69968],[-70.32493,41.69878],[-70.32272,41.69966],[-70.32265,41.70144],[-70.32479,41.70234]]]},"properties":{"h":"892a31721cbffff","t":"Barnstable","v":"Barnstable Village","n":10,"oo":7,"po":70,"ao":0,"ml":2004.5,"mf":1681.805,"br":4,"rs":2,"pr":20,"no":0,"s":54.5,"sp":8.83,"r_oo":0.626,"r_mf":0.426,"r_rs":0.919,"r_n":0.234,"r_sol":0.268}},{"type":"Feature","geometry":{"type":"Polygon","coordinates":[[[-70.31816,41.70497],[-70.32037,41.70409],[-70.32044,41.70231],[-70.3183,41.70141],[-70.31609,41.70229],[-70.31602,41.70407],[-70.31816,41.70497]]]},"properties":{"h":"892a31721d3ffff","t":"Barnstable","v":"Barnstable Village","n":29,"oo":20,"po":69,"ao":3,"ml":1848,"mf":1701.219,"br":2,"rs":4,"pr":13.8,"no":0,"s":56.1,"sp":8.83,"r_oo":0.604,"r_mf":0.446,"r_rs":0.765,"r_n":0.668,"r_sol":0.268}},{"type":"Feature","geometry":{"type":"Polygon","coordinates":[[[-70.32251,41.70499],[-70.32472,41.70412],[-70.32479,41.70234],[-70.32265,41.70144],[-70.32044,41.70231],[-70.32037,41.70409],[-70.32251,41.70499]]]},"properties":{"h":"892a31721dbffff","t":"Barnstable","v":"Barnstable Village","n":9,"oo":7,"po":77.8,"ao":1,"ml":2201,"mf":1974.963,"br":3,"rs":2,"pr":22.2,"no":0,"s":65.3,"sp":8.83,"r_oo":0.755,"r_mf":0.649,"r_rs":0.948,"r_n":0.194,"r_sol":0.268}},{"type":"Feature","geometry":{"type":"Polygon","coordinates":[[[-70.35958,41.70252],[-70.36178,41.70164],[-70.36185,41.69986],[-70.35971,41.69896],[-70.3575,41.69984],[-70.35744,41.70162],[-70.35958,41.70252]]]},"properties":{"h":"892a3172227ffff","t":"Barnstable","v":"West Barnstable","n":5,"oo":3,"po":60,"ao":0,"ml":1440,"mf":1581.264,"br":1,"rs":1,"pr":20,"no":0,"s":44.1,"sp":8.83,"r_oo":0.466,"r_mf":0.35,"r_rs":0.919,"r_n":0.024,"r_sol":0.268}},{"type":"Feature","geometry":{"type":"Polygon","coordinates":[[[-70.3747,41.70526],[-70.3769,41.70438],[-70.37697,41.7026],[-70.37483,41.7017],[-70.37262,41.70258],[-70.37255,41.70436],[-70.3747,41.70526]]]},"properties":{"h":"892a317226fffff","t":"Barnstable","v":"West Barnstable","n":5,"oo":5,"po":100,"ao":0,"ml":2480,"mf":1855.437,"br":1,"rs":1,"pr":20,"no":0,"s":70.4,"sp":8.83,"r_oo":0.988,"r_mf":0.567,"r_rs":0.919,"r_n":0.024,"r_sol":0.268}},{"type":"Feature","geometry":{"type":"Polygon","coordinates":[[[-70.37014,41.71057],[-70.37235,41.70969],[-70.37242,41.70791],[-70.37028,41.70701],[-70.36807,41.70789],[-70.368,41.70967],[-70.37014,41.71057]]]},"properties":{"h":"892a3172273ffff","t":"Barnstable","v":"West Barnstable","n":9,"oo":7,"po":77.8,"ao":0,"ml":2254,"mf":2028.696,"br":1,"rs":0,"pr":0,"no":0,"s":53.7,"sp":8.83,"r_oo":0.755,"r_mf":0.689,"r_rs":0.109,"r_n":0.194,"r_sol":0.268}},{"type":"Feature","geometry":{"type":"Polygon","coordinates":[[[-70.37449,41.71059],[-70.3767,41.70971],[-70.37677,41.70794],[-70.37463,41.70704],[-70.37242,41.70791],[-70.37235,41.70969],[-70.37449,41.71059]]]},"properties":{"h":"892a317227bffff","t":"Barnstable","v":"West Barnstable","n":7,"oo":5,"po":71.4,"ao":1,"ml":1744,"mf":1474.243,"br":1,"rs":0,"pr":0,"no":0,"s":38.2,"sp":8.83,"r_oo":0.652,"r_mf":0.268,"r_rs":0.109,"r_n":0.115,"r_sol":0.268}},{"type":"Feature","geometry":{"type":"Polygon","coordinates":[[[-70.34901,41.69446],[-70.35122,41.69359],[-70.35129,41.69181],[-70.34915,41.69091],[-70.34694,41.69179],[-70.34687,41.69356],[-70.34901,41.69446]]]},"properties":{"h":"892a3172303ffff","t":"Barnstable","v":"West Barnstable","n":13,"oo":9,"po":69.2,"ao":1,"ml":1784,"mf":1579.537,"br":0,"rs":3,"pr":23.1,"no":0,"s":53.3,"sp":8.83,"r_oo":0.609,"r_mf":0.348,"r_rs":0.956,"r_n":0.318,"r_sol":0.268}},{"type":"Feature","geometry":{"type":"Polygon","coordinates":[[[-70.34694,41.69179],[-70.34915,41.69091],[-70.34922,41.68913],[-70.34708,41.68823],[-70.34487,41.68911],[-70.3448,41.69089],[-70.34694,41.69179]]]},"properties":{"h":"892a3172307ffff","t":"Barnstable","v":"West Barnstable","n":13,"oo":9,"po":69.2,"ao":1,"ml":1729,"mf":1471.333,"br":0,"rs":0,"pr":0,"no":0,"s":38.5,"sp":8.83,"r_oo":0.609,"r_mf":0.267,"r_rs":0.109,"r_n":0.318,"r_sol":0.268}},{"type":"Feature","geometry":{"type":"Polygon","coordinates":[[[-70.35336,41.69449],[-70.35557,41.69361],[-70.35564,41.69183],[-70.3535,41.69093],[-70.35129,41.69181],[-70.35122,41.69359],[-70.35336,41.69449]]]},"properties":{"h":"892a317230bffff","t":"Barnstable","v":"West Barnstable","n":8,"oo":6,"po":75,"ao":1,"ml":1674,"mf":1293.714,"br":1,"rs":0,"pr":0,"no":0,"s":38,"sp":8.83,"r_oo":0.709,"r_mf":0.153,"r_rs":0.109,"r_n":0.154,"r_sol":0.268}},{"type":"Feature","geometry":{"type":"Polygon","coordinates":[[[-70.35129,41.69181],[-70.3535,41.69093],[-70.35357,41.68915],[-70.35143,41.68826],[-70.34922,41.68913],[-70.34915,41.69091],[-70.35129,41.69181]]]},"properties":{"h":"892a317230fffff","t":"Barnstable","v":"West Barnstable","n":20,"oo":14,"po":70,"ao":1,"ml":1369.5,"mf":1340.862,"br":2,"rs":3,"pr":15,"no":0,"s":49.2,"sp":8.83,"r_oo":0.626,"r_mf":0.177,"r_rs":0.806,"r_n":0.495,"r_sol":0.268}},{"type":"Feature","geometry":{"type":"Polygon","coordinates":[[[-70.34674,41.69712],[-70.34895,41.69624],[-70.34901,41.69446],[-70.34687,41.69356],[-70.34467,41.69444],[-70.3446,41.69622],[-70.34674,41.69712]]]},"properties":{"h":"892a3172313ffff","t":"Barnstable","v":"West Barnstable","n":29,"oo":25,"po":86.2,"ao":1,"ml":1616,"mf":1423.522,"br":1,"rs":2,"pr":6.9,"no":0,"s":57,"sp":8.83,"r_oo":0.896,"r_mf":0.233,"r_rs":0.4,"r_n":0.668,"r_sol":0.268}},{"type":"Feature","geometry":{"type":"Polygon","coordinates":[[[-70.34467,41.69444],[-70.34687,41.69356],[-70.34694,41.69179],[-70.3448,41.69089],[-70.3426,41.69177],[-70.34253,41.69354],[-70.34467,41.69444]]]},"properties":{"h":"892a3172317ffff","t":"Barnstable","v":"West Barnstable","n":8,"oo":6,"po":75,"ao":0,"ml":1377.5,"mf":1342.343,"br":3,"rs":1,"pr":12.5,"no":0,"s":47.6,"sp":8.83,"r_oo":0.709,"r_mf":0.179,"r_rs":0.702,"r_n":0.154,"r_sol":0.268}},{"type":"Feature","geometry":{"type":"Polygon","coordinates":[[[-70.35108,41.69714],[-70.35329,41.69626],[-70.35336,41.69449],[-70.35122,41.69359],[-70.34901,41.69446],[-70.34895,41.69624],[-70.35108,41.69714]]]},"properties":{"h":"892a317231bffff","t":"Barnstable","v":"West Barnstable","n":8,"oo":6,"po":75,"ao":1,"ml":2329,"mf":2254.54,"br":4,"rs":0,"pr":0,"no":0,"s":54,"sp":8.83,"r_oo":0.709,"r_mf":0.794,"r_rs":0.109,"r_n":0.154,"r_sol":0.268}},{"type":"Feature","geometry":{"type":"Polygon","coordinates":[[[-70.34508,41.68378],[-70.34729,41.6829],[-70.34736,41.68112],[-70.34522,41.68023],[-70.34301,41.6811],[-70.34294,41.68288],[-70.34508,41.68378]]]},"properties":{"h":"892a3172327ffff","t":"Barnstable","v":"Centerville","n":15,"oo":9,"po":60,"ao":1,"ml":2100,"mf":2044.532,"br":2,"rs":0,"pr":0,"no":0,"s":44.1,"sp":8.83,"r_oo":0.466,"r_mf":0.698,"r_rs":0.109,"r_n":0.369,"r_sol":0.268}},{"type":"Feature","geometry":{"type":"Polygon","coordinates":[[[-70.34943,41.6838],[-70.35163,41.68292],[-70.3517,41.68115],[-70.34956,41.68025],[-70.34736,41.68112],[-70.34729,41.6829],[-70.34943,41.6838]]]},"properties":{"h":"892a317232fffff","t":"Barnstable","v":"Centerville","n":19,"oo":16,"po":84.2,"ao":1,"ml":1630,"mf":1857.797,"br":3,"rs":4,"pr":21.1,"no":0,"s":70.5,"sp":8.83,"r_oo":0.872,"r_mf":0.57,"r_rs":0.936,"r_n":0.472,"r_sol":0.268}},{"type":"Feature","geometry":{"type":"Polygon","coordinates":[[[-70.3428,41.68643],[-70.34501,41.68556],[-70.34508,41.68378],[-70.34294,41.68288],[-70.34073,41.68376],[-70.34066,41.68553],[-70.3428,41.68643]]]},"properties":{"h":"892a3172337ffff","t":"Barnstable","v":"West Barnstable","n":19,"oo":16,"po":84.2,"ao":1,"ml":1897,"mf":1492.041,"br":1,"rs":2,"pr":10.5,"no":0,"s":58.4,"sp":8.83,"r_oo":0.872,"r_mf":0.283,"r_rs":0.607,"r_n":0.472,"r_sol":0.268}},{"type":"Feature","geometry":{"type":"Polygon","coordinates":[[[-70.34922,41.68913],[-70.35143,41.68826],[-70.3515,41.68648],[-70.34936,41.68558],[-70.34715,41.68646],[-70.34708,41.68823],[-70.34922,41.68913]]]},"properties":{"h":"892a317233bffff","t":"Barnstable","v":"West Barnstable","n":5,"oo":4,"po":80,"ao":0,"ml":1676,"mf":1838.068,"br":1,"rs":1,"pr":20,"no":0,"s":62.4,"sp":8.83,"r_oo":0.799,"r_mf":0.549,"r_rs":0.919,"r_n":0.024,"r_sol":0.268}},{"type":"Feature","geometry":{"type":"Polygon","coordinates":[[[-70.36413,41.69721],[-70.36634,41.69633],[-70.36641,41.69455],[-70.36427,41.69365],[-70.36206,41.69453],[-70.36199,41.69631],[-70.36413,41.69721]]]},"properties":{"h":"892a317234bffff","t":"Barnstable","v":"West Barnstable","n":8,"oo":5,"po":62.5,"ao":0,"ml":1411.5,"mf":1545.674,"br":1,"rs":1,"pr":12.5,"no":0,"s":43.1,"sp":8.83,"r_oo":0.504,"r_mf":0.326,"r_rs":0.702,"r_n":0.154,"r_sol":0.268}},{"type":"Feature","geometry":{"type":"Polygon","coordinates":[[[-70.35543,41.69716],[-70.35764,41.69629],[-70.35771,41.69451],[-70.35557,41.69361],[-70.35336,41.69449],[-70.35329,41.69626],[-70.35543,41.69716]]]},"properties":{"h":"892a3172357ffff","t":"Barnstable","v":"West Barnstable","n":13,"oo":9,"po":69.2,"ao":1,"ml":1200,"mf":1316.595,"br":2,"rs":1,"pr":7.7,"no":1,"s":41,"sp":8.83,"r_oo":0.609,"r_mf":0.166,"r_rs":0.442,"r_n":0.318,"r_sol":0.268}},{"type":"Feature","geometry":{"type":"Polygon","coordinates":[[[-70.34011,41.69975],[-70.34232,41.69887],[-70.34239,41.6971],[-70.34025,41.6962],[-70.33804,41.69707],[-70.33797,41.69885],[-70.34011,41.69975]]]},"properties":{"h":"892a3172383ffff","t":"Barnstable","v":"West Barnstable","n":13,"oo":10,"po":76.9,"ao":2,"ml":2462,"mf":1803.102,"br":5,"rs":1,"pr":7.7,"no":0,"s":55.1,"sp":8.83,"r_oo":0.738,"r_mf":0.523,"r_rs":0.442,"r_n":0.318,"r_sol":0.268}},{"type":"Feature","geometry":{"type":"Polygon","coordinates":[[[-70.33804,41.69707],[-70.34025,41.6962],[-70.34032,41.69442],[-70.33818,41.69352],[-70.33597,41.6944],[-70.3359,41.69617],[-70.33804,41.69707]]]},"properties":{"h":"892a3172387ffff","t":"Barnstable","v":"Barnstable Village","n":6,"oo":2,"po":33.3,"ao":2,"ml":2481,"mf":2173.652,"br":3,"rs":1,"pr":16.7,"no":0,"s":42.6,"sp":8.83,"r_oo":0.184,"r_mf":0.76,"r_rs":0.858,"r_n":0.072,"r_sol":0.268}},{"type":"Feature","geometry":{"type":"Polygon","coordinates":[[[-70.34446,41.69977],[-70.34667,41.6989],[-70.34674,41.69712],[-70.3446,41.69622],[-70.34239,41.6971],[-70.34232,41.69887],[-70.34446,41.69977]]]},"properties":{"h":"892a317238bffff","t":"Barnstable","v":"West Barnstable","n":13,"oo":11,"po":84.6,"ao":1,"ml":1727,"mf":2104.931,"br":4,"rs":0,"pr":0,"no":0,"s":60.8,"sp":8.83,"r_oo":0.876,"r_mf":0.731,"r_rs":0.109,"r_n":0.318,"r_sol":0.268}},{"type":"Feature","geometry":{"type":"Polygon","coordinates":[[[-70.34239,41.6971],[-70.3446,41.69622],[-70.34467,41.69444],[-70.34253,41.69354],[-70.34032,41.69442],[-70.34025,41.6962],[-70.34239,41.6971]]]},"properties":{"h":"892a317238fffff","t":"Barnstable","v":"West Barnstable","n":5,"oo":4,"po":80,"ao":0,"ml":1865,"mf":1459.309,"br":0,"rs":0,"pr":0,"no":0,"s":43,"sp":8.83,"r_oo":0.799,"r_mf":0.262,"r_rs":0.109,"r_n":0.024,"r_sol":0.268}},{"type":"Feature","geometry":{"type":"Polygon","coordinates":[[[-70.33783,41.70241],[-70.34004,41.70153],[-70.34011,41.69975],[-70.33797,41.69885],[-70.33576,41.69973],[-70.33569,41.70151],[-70.33783,41.70241]]]},"properties":{"h":"892a3172393ffff","t":"Barnstable","v":"Barnstable Village","n":5,"oo":4,"po":80,"ao":0,"ml":2210,"mf":1530.355,"br":2,"rs":0,"pr":0,"no":0,"s":44.3,"sp":8.83,"r_oo":0.799,"r_mf":0.311,"r_rs":0.109,"r_n":0.024,"r_sol":0.268}},{"type":"Feature","geometry":{"type":"Polygon","coordinates":[[[-70.33576,41.69973],[-70.33797,41.69885],[-70.33804,41.69707],[-70.3359,41.69617],[-70.33369,41.69705],[-70.33362,41.69883],[-70.33576,41.69973]]]},"properties":{"h":"892a3172397ffff","t":"Barnstable","v":"Barnstable Village","n":8,"oo":5,"po":62.5,"ao":0,"ml":1991.5,"mf":1643.893,"br":2,"rs":0,"pr":0,"no":0,"s":36,"sp":8.83,"r_oo":0.504,"r_mf":0.4,"r_rs":0.109,"r_n":0.154,"r_sol":0.268}},{"type":"Feature","geometry":{"type":"Polygon","coordinates":[[[-70.34881,41.6998],[-70.35102,41.69892],[-70.35108,41.69714],[-70.34895,41.69624],[-70.34674,41.69712],[-70.34667,41.6989],[-70.34881,41.6998]]]},"properties":{"h":"892a31723c7ffff","t":"Barnstable","v":"West Barnstable","n":8,"oo":6,"po":75,"ao":1,"ml":1426,"mf":1402.7,"br":0,"rs":2,"pr":25,"no":0,"s":52.5,"sp":8.83,"r_oo":0.709,"r_mf":0.22,"r_rs":0.965,"r_n":0.154,"r_sol":0.268}},{"type":"Feature","geometry":{"type":"Polygon","coordinates":[[[-70.35316,41.69982],[-70.35536,41.69894],[-70.35543,41.69716],[-70.35329,41.69626],[-70.35108,41.69714],[-70.35102,41.69892],[-70.35316,41.69982]]]},"properties":{"h":"892a31723cfffff","t":"Barnstable","v":"West Barnstable","n":16,"oo":12,"po":75,"ao":1,"ml":1646.5,"mf":1503.85,"br":0,"rs":1,"pr":6.2,"no":0,"s":47.6,"sp":8.83,"r_oo":0.709,"r_mf":0.288,"r_rs":0.362,"r_n":0.401,"r_sol":0.268}},{"type":"Feature","geometry":{"type":"Polygon","coordinates":[[[-70.30697,41.71291],[-70.30918,41.71203],[-70.30925,41.71025],[-70.30711,41.70935],[-70.3049,41.71023],[-70.30483,41.71201],[-70.30697,41.71291]]]},"properties":{"h":"892a317250bffff","t":"Barnstable","v":"Barnstable Village","n":5,"oo":1,"po":20,"ao":2,"ml":2300,"mf":2323.886,"br":2,"rs":0,"pr":0,"no":0,"s":28.9,"sp":8.83,"r_oo":0.1,"r_mf":0.815,"r_rs":0.109,"r_n":0.024,"r_sol":0.268}},{"type":"Feature","geometry":{"type":"Polygon","coordinates":[[[-70.3049,41.71023],[-70.30711,41.70935],[-70.30718,41.70758],[-70.30504,41.70668],[-70.30283,41.70755],[-70.30276,41.70933],[-70.3049,41.71023]]]},"properties":{"h":"892a317250fffff","t":"Barnstable","v":"Barnstable Village","n":15,"oo":6,"po":40,"ao":2,"ml":2873,"mf":2806.531,"br":9,"rs":0,"pr":0,"no":0,"s":40.6,"sp":8.83,"r_oo":0.239,"r_mf":0.923,"r_rs":0.109,"r_n":0.369,"r_sol":0.268}},{"type":"Feature","geometry":{"type":"Polygon","coordinates":[[[-70.30077,41.70487],[-70.30298,41.704],[-70.30305,41.70222],[-70.30091,41.70132],[-70.2987,41.7022],[-70.29863,41.70397],[-70.30077,41.70487]]]},"properties":{"h":"892a3172523ffff","t":"Barnstable","v":"Barnstable Village","n":12,"oo":8,"po":66.7,"ao":2,"ml":1676,"mf":1823.299,"br":1,"rs":0,"pr":0,"no":0,"s":43.2,"sp":8.83,"r_oo":0.565,"r_mf":0.536,"r_rs":0.109,"r_n":0.292,"r_sol":0.268}},{"type":"Feature","geometry":{"type":"Polygon","coordinates":[[[-70.2987,41.7022],[-70.30091,41.70132],[-70.30098,41.69954],[-70.29884,41.69864],[-70.29663,41.69952],[-70.29656,41.7013],[-70.2987,41.7022]]]},"properties":{"h":"892a3172527ffff","t":"Barnstable","v":"Barnstable Village","n":13,"oo":8,"po":61.5,"ao":1,"ml":3192,"mf":2289.659,"br":5,"rs":4,"pr":30.8,"no":0,"s":60.4,"sp":8.83,"r_oo":0.491,"r_mf":0.804,"r_rs":0.984,"r_n":0.318,"r_sol":0.268}},{"type":"Feature","geometry":{"type":"Polygon","coordinates":[[[-70.30511,41.7049],[-70.30732,41.70402],[-70.30739,41.70224],[-70.30526,41.70134],[-70.30305,41.70222],[-70.30298,41.704],[-70.30511,41.7049]]]},"properties":{"h":"892a317252bffff","t":"Barnstable","v":"Barnstable Village","n":6,"oo":5,"po":83.3,"ao":1,"ml":2719.5,"mf":2164.952,"br":2,"rs":0,"pr":0,"no":0,"s":58.2,"sp":8.83,"r_oo":0.856,"r_mf":0.756,"r_rs":0.109,"r_n":0.072,"r_sol":0.268}},{"type":"Feature","geometry":{"type":"Polygon","coordinates":[[[-70.29849,41.70753],[-70.3007,41.70665],[-70.30077,41.70487],[-70.29863,41.70397],[-70.29642,41.70485],[-70.29635,41.70663],[-70.29849,41.70753]]]},"properties":{"h":"892a3172533ffff","t":"Barnstable","v":"Barnstable Village","n":7,"oo":6,"po":85.7,"ao":1,"ml":3138,"mf":1954.246,"br":2,"rs":0,"pr":0,"no":0,"s":56.9,"sp":8.83,"r_oo":0.887,"r_mf":0.639,"r_rs":0.109,"r_n":0.115,"r_sol":0.268}},{"type":"Feature","geometry":{"type":"Polygon","coordinates":[[[-70.29642,41.70485],[-70.29863,41.70397],[-70.2987,41.7022],[-70.29656,41.7013],[-70.29435,41.70217],[-70.29428,41.70395],[-70.29642,41.70485]]]},"properties":{"h":"892a3172537ffff","t":"Barnstable","v":"Barnstable Village","n":11,"oo":9,"po":81.8,"ao":0,"ml":2670,"mf":2385.995,"br":5,"rs":1,"pr":9.1,"no":0,"s":67.4,"sp":8.83,"r_oo":0.833,"r_mf":0.836,"r_rs":0.524,"r_n":0.266,"r_sol":0.268}},{"type":"Feature","geometry":{"type":"Polygon","coordinates":[[[-70.31153,41.7076],[-70.31374,41.70672],[-70.31381,41.70495],[-70.31167,41.70405],[-70.30946,41.70492],[-70.30939,41.7067],[-70.31153,41.7076]]]},"properties":{"h":"892a3172563ffff","t":"Barnstable","v":"Barnstable Village","n":8,"oo":7,"po":87.5,"ao":0,"ml":2941,"mf":2218.503,"br":2,"rs":0,"pr":0,"no":0,"s":61.6,"sp":8.83,"r_oo":0.907,"r_mf":0.78,"r_rs":0.109,"r_n":0.154,"r_sol":0.268}},{"type":"Feature","geometry":{"type":"Polygon","coordinates":[[[-70.30946,41.70492],[-70.31167,41.70405],[-70.31174,41.70227],[-70.3096,41.70137],[-70.30739,41.70224],[-70.30732,41.70402],[-70.30946,41.70492]]]},"properties":{"h":"892a3172567ffff","t":"Barnstable","v":"Barnstable Village","n":9,"oo":6,"po":66.7,"ao":3,"ml":2951,"mf":2620.088,"br":6,"rs":1,"pr":11.1,"no":0,"s":59.2,"sp":8.83,"r_oo":0.565,"r_mf":0.898,"r_rs":0.639,"r_n":0.194,"r_sol":0.268}},{"type":"Feature","geometry":{"type":"Polygon","coordinates":[[[-70.31588,41.70762],[-70.31809,41.70675],[-70.31816,41.70497],[-70.31602,41.70407],[-70.31381,41.70495],[-70.31374,41.70672],[-70.31588,41.70762]]]},"properties":{"h":"892a317256bffff","t":"Barnstable","v":"Barnstable Village","n":23,"oo":10,"po":43.5,"ao":7,"ml":2852,"mf":2528.472,"br":12,"rs":1,"pr":4.3,"no":0,"s":45.5,"sp":8.83,"r_oo":0.275,"r_mf":0.883,"r_rs":0.278,"r_n":0.554,"r_sol":0.268}},{"type":"Feature","geometry":{"type":"Polygon","coordinates":[[[-70.31381,41.70495],[-70.31602,41.70407],[-70.31609,41.70229],[-70.31395,41.70139],[-70.31174,41.70227],[-70.31167,41.70405],[-70.31381,41.70495]]]},"properties":{"h":"892a317256fffff","t":"Barnstable","v":"Barnstable Village","n":20,"oo":15,"po":75,"ao":1,"ml":2644.5,"mf":1880.826,"br":5,"rs":5,"pr":25,"no":0,"s":65.2,"sp":8.83,"r_oo":0.709,"r_mf":0.589,"r_rs":0.965,"r_n":0.495,"r_sol":0.268}},{"type":"Feature","geometry":{"type":"Polygon","coordinates":[[[-70.30925,41.71025],[-70.31146,41.70938],[-70.31153,41.7076],[-70.30939,41.7067],[-70.30718,41.70758],[-70.30711,41.70935],[-70.30925,41.71025]]]},"properties":{"h":"892a3172573ffff","t":"Barnstable","v":"Barnstable Village","n":9,"oo":3,"po":33.3,"ao":2,"ml":2666,"mf":3133.689,"br":7,"rs":2,"pr":22.2,"no":0,"s":50,"sp":8.83,"r_oo":0.184,"r_mf":0.951,"r_rs":0.948,"r_n":0.194,"r_sol":0.268}},{"type":"Feature","geometry":{"type":"Polygon","coordinates":[[[-70.30718,41.70758],[-70.30939,41.7067],[-70.30946,41.70492],[-70.30732,41.70402],[-70.30511,41.7049],[-70.30504,41.70668],[-70.30718,41.70758]]]},"properties":{"h":"892a3172577ffff","t":"Barnstable","v":"Barnstable Village","n":13,"oo":9,"po":69.2,"ao":0,"ml":2783,"mf":2765.923,"br":9,"rs":0,"pr":0,"no":0,"s":54.7,"sp":8.83,"r_oo":0.609,"r_mf":0.916,"r_rs":0.109,"r_n":0.318,"r_sol":0.268}},{"type":"Feature","geometry":{"type":"Polygon","coordinates":[[[-70.29186,41.71016],[-70.29407,41.70928],[-70.29414,41.7075],[-70.292,41.7066],[-70.28979,41.70748],[-70.28972,41.70926],[-70.29186,41.71016]]]},"properties":{"h":"892a31725a3ffff","t":"Barnstable","v":"Barnstable Village","n":82,"oo":22,"po":26.8,"ao":15,"ml":1763.5,"mf":1431.451,"br":7,"rs":11,"pr":13.4,"no":0,"s":35.3,"sp":8.83,"r_oo":0.136,"r_mf":0.242,"r_rs":0.752,"r_n":0.983,"r_sol":0.268}},{"type":"Feature","geometry":{"type":"Polygon","coordinates":[[[-70.28979,41.70748],[-70.292,41.7066],[-70.29207,41.70483],[-70.28993,41.70393],[-70.28772,41.7048],[-70.28765,41.70658],[-70.28979,41.70748]]]},"properties":{"h":"892a31725a7ffff","t":"Barnstable","v":"Barnstable Village","n":10,"oo":8,"po":80,"ao":1,"ml":1754.5,"mf":1229.125,"br":2,"rs":2,"pr":20,"no":0,"s":53.4,"sp":8.83,"r_oo":0.799,"r_mf":0.106,"r_rs":0.919,"r_n":0.234,"r_sol":0.268}},{"type":"Feature","geometry":{"type":"Polygon","coordinates":[[[-70.29621,41.71018],[-70.29841,41.70931],[-70.29849,41.70753],[-70.29635,41.70663],[-70.29414,41.7075],[-70.29407,41.70928],[-70.29621,41.71018]]]},"properties":{"h":"892a31725abffff","t":"Barnstable","v":"Barnstable Village","n":62,"oo":21,"po":33.9,"ao":14,"ml":1678,"mf":1533.739,"br":6,"rs":12,"pr":19.4,"no":1,"s":41.2,"sp":8.83,"r_oo":0.194,"r_mf":0.315,"r_rs":0.901,"r_n":0.935,"r_sol":0.268}},{"type":"Feature","geometry":{"type":"Polygon","coordinates":[[[-70.29414,41.7075],[-70.29635,41.70663],[-70.29642,41.70485],[-70.29428,41.70395],[-70.29207,41.70483],[-70.292,41.7066],[-70.29414,41.7075]]]},"properties":{"h":"892a31725afffff","t":"Barnstable","v":"Barnstable Village","n":8,"oo":6,"po":75,"ao":0,"ml":2371.5,"mf":2342.656,"br":4,"rs":0,"pr":0,"no":0,"s":54.8,"sp":8.83,"r_oo":0.709,"r_mf":0.824,"r_rs":0.109,"r_n":0.154,"r_sol":0.268}},{"type":"Feature","geometry":{"type":"Polygon","coordinates":[[[-70.28958,41.71281],[-70.29179,41.71194],[-70.29186,41.71016],[-70.28972,41.70926],[-70.28751,41.71013],[-70.28744,41.71191],[-70.28958,41.71281]]]},"properties":{"h":"892a31725b3ffff","t":"Barnstable","v":"Barnstable Village","n":10,"oo":3,"po":30,"ao":4,"ml":2318,"mf":1848.135,"br":0,"rs":0,"pr":0,"no":0,"s":26.9,"sp":8.83,"r_oo":0.156,"r_mf":0.56,"r_rs":0.109,"r_n":0.234,"r_sol":0.268}},{"type":"Feature","geometry":{"type":"Polygon","coordinates":[[[-70.28751,41.71013],[-70.28972,41.70926],[-70.28979,41.70748],[-70.28765,41.70658],[-70.28544,41.70746],[-70.28537,41.70923],[-70.28751,41.71013]]]},"properties":{"h":"892a31725b7ffff","t":"Barnstable","v":"Barnstable Village","n":9,"oo":6,"po":66.7,"ao":0,"ml":1556,"mf":1548.426,"br":0,"rs":0,"pr":0,"no":0,"s":37,"sp":8.83,"r_oo":0.565,"r_mf":0.329,"r_rs":0.109,"r_n":0.194,"r_sol":0.268}},{"type":"Feature","geometry":{"type":"Polygon","coordinates":[[[-70.29392,41.71284],[-70.29613,41.71196],[-70.29621,41.71018],[-70.29407,41.70928],[-70.29186,41.71016],[-70.29179,41.71194],[-70.29392,41.71284]]]},"properties":{"h":"892a31725bbffff","t":"Barnstable","v":"Barnstable Village","n":12,"oo":5,"po":41.7,"ao":2,"ml":2014,"mf":1680.193,"br":2,"rs":0,"pr":0,"no":0,"s":28,"sp":8.83,"r_oo":0.254,"r_mf":0.424,"r_rs":0.109,"r_n":0.292,"r_sol":0.268}},{"type":"Feature","geometry":{"type":"Polygon","coordinates":[[[-70.31798,41.65432],[-70.32019,41.65344],[-70.32026,41.65166],[-70.31812,41.65076],[-70.31591,41.65164],[-70.31584,41.65342],[-70.31798,41.65432]]]},"properties":{"h":"892a3172807ffff","t":"Barnstable","v":"Hyannis","n":14,"oo":7,"po":50,"ao":1,"ml":1171,"mf":1516.524,"br":1,"rs":2,"pr":14.3,"no":0,"s":38.9,"sp":8.83,"r_oo":0.341,"r_mf":0.299,"r_rs":0.784,"r_n":0.341,"r_sol":0.268}},{"type":"Feature","geometry":{"type":"Polygon","coordinates":[[[-70.32439,41.65702],[-70.3266,41.65614],[-70.32667,41.65436],[-70.32453,41.65346],[-70.32232,41.65434],[-70.32225,41.65612],[-70.32439,41.65702]]]},"properties":{"h":"892a317280bffff","t":"Barnstable","v":"Hyannis","n":17,"oo":13,"po":76.5,"ao":2,"ml":1444,"mf":1786.447,"br":0,"rs":2,"pr":11.8,"no":0,"s":59,"sp":8.83,"r_oo":0.731,"r_mf":0.513,"r_rs":0.67,"r_n":0.426,"r_sol":0.268}},{"type":"Feature","geometry":{"type":"Polygon","coordinates":[[[-70.32232,41.65434],[-70.32453,41.65346],[-70.3246,41.65169],[-70.32246,41.65079],[-70.32026,41.65166],[-70.32019,41.65344],[-70.32232,41.65434]]]},"properties":{"h":"892a317280fffff","t":"Barnstable","v":"Hyannis","n":27,"oo":16,"po":59.3,"ao":0,"ml":1689,"mf":2083.837,"br":8,"rs":3,"pr":11.1,"no":0,"s":54.6,"sp":8.83,"r_oo":0.45,"r_mf":0.722,"r_rs":0.639,"r_n":0.632,"r_sol":0.268}},{"type":"Feature","geometry":{"type":"Polygon","coordinates":[[[-70.3157,41.65697],[-70.31791,41.65609],[-70.31798,41.65432],[-70.31584,41.65342],[-70.31363,41.65429],[-70.31356,41.65607],[-70.3157,41.65697]]]},"properties":{"h":"892a3172817ffff","t":"Barnstable","v":"Hyannis","n":60,"oo":37,"po":61.7,"ao":1,"ml":1056,"mf":1157.234,"br":2,"rs":6,"pr":10,"no":0,"s":42.1,"sp":8.83,"r_oo":0.494,"r_mf":0.07,"r_rs":0.575,"r_n":0.927,"r_sol":0.268}},{"type":"Feature","geometry":{"type":"Polygon","coordinates":[[[-70.32211,41.65967],[-70.32432,41.65879],[-70.32439,41.65702],[-70.32225,41.65612],[-70.32005,41.65699],[-70.31998,41.65877],[-70.32211,41.65967]]]},"properties":{"h":"892a317281bffff","t":"Barnstable","v":"Hyannis","n":15,"oo":12,"po":80,"ao":0,"ml":1624,"mf":2036.051,"br":0,"rs":3,"pr":20,"no":0,"s":69.5,"sp":8.83,"r_oo":0.799,"r_mf":0.696,"r_rs":0.919,"r_n":0.369,"r_sol":0.268}},{"type":"Feature","geometry":{"type":"Polygon","coordinates":[[[-70.31819,41.64899],[-70.32039,41.64811],[-70.32046,41.64633],[-70.31833,41.64544],[-70.31612,41.64631],[-70.31605,41.64809],[-70.31819,41.64899]]]},"properties":{"h":"892a3172823ffff","t":"Barnstable","v":"Hyannis","n":51,"oo":32,"po":62.7,"ao":4,"ml":1196,"mf":1640.88,"br":3,"rs":4,"pr":7.8,"no":0,"s":48.6,"sp":8.83,"r_oo":0.511,"r_mf":0.397,"r_rs":0.452,"r_n":0.88,"r_sol":0.268}},{"type":"Feature","geometry":{"type":"Polygon","coordinates":[[[-70.31612,41.64631],[-70.31833,41.64544],[-70.3184,41.64366],[-70.31626,41.64276],[-70.31405,41.64364],[-70.31398,41.64541],[-70.31612,41.64631]]]},"properties":{"h":"892a3172827ffff","t":"Barnstable","v":"Hyannis","n":77,"oo":31,"po":40.3,"ao":7,"ml":1264,"mf":1341.624,"br":1,"rs":10,"pr":13,"no":0,"s":37.8,"sp":8.83,"r_oo":0.247,"r_mf":0.178,"r_rs":0.734,"r_n":0.976,"r_sol":0.268}},{"type":"Feature","geometry":{"type":"Polygon","coordinates":[[[-70.32253,41.64901],[-70.32474,41.64813],[-70.32481,41.64636],[-70.32267,41.64546],[-70.32046,41.64633],[-70.32039,41.64811],[-70.32253,41.64901]]]},"properties":{"h":"892a317282bffff","t":"Barnstable","v":"Centerville","n":39,"oo":20,"po":51.3,"ao":3,"ml":1116,"mf":1226.06,"br":3,"rs":4,"pr":10.3,"no":0,"s":36.5,"sp":8.83,"r_oo":0.36,"r_mf":0.104,"r_rs":0.597,"r_n":0.787,"r_sol":0.268}},{"type":"Feature","geometry":{"type":"Polygon","coordinates":[[[-70.32046,41.64633],[-70.32267,41.64546],[-70.32274,41.64368],[-70.3206,41.64278],[-70.3184,41.64366],[-70.31833,41.64544],[-70.32046,41.64633]]]},"properties":{"h":"892a317282fffff","t":"Barnstable","v":"Hyannis","n":23,"oo":12,"po":52.2,"ao":2,"ml":1244,"mf":1443.48,"br":0,"rs":3,"pr":13,"no":0,"s":40.1,"sp":8.83,"r_oo":0.367,"r_mf":0.249,"r_rs":0.734,"r_n":0.554,"r_sol":0.268}},{"type":"Feature","geometry":{"type":"Polygon","coordinates":[[[-70.31591,41.65164],[-70.31812,41.65076],[-70.31819,41.64899],[-70.31605,41.64809],[-70.31384,41.64896],[-70.31377,41.65074],[-70.31591,41.65164]]]},"properties":{"h":"892a3172833ffff","t":"Barnstable","v":"Hyannis","n":6,"oo":5,"po":83.3,"ao":0,"ml":1267,"mf":1365.622,"br":0,"rs":0,"pr":0,"no":0,"s":44.1,"sp":8.83,"r_oo":0.856,"r_mf":0.195,"r_rs":0.109,"r_n":0.072,"r_sol":0.268}},{"type":"Feature","geometry":{"type":"Polygon","coordinates":[[[-70.31384,41.64896],[-70.31605,41.64809],[-70.31612,41.64631],[-70.31398,41.64541],[-70.31178,41.64629],[-70.31171,41.64806],[-70.31384,41.64896]]]},"properties":{"h":"892a3172837ffff","t":"Barnstable","v":"Hyannis","n":67,"oo":32,"po":47.8,"ao":7,"ml":1152,"mf":1282.756,"br":3,"rs":7,"pr":10.4,"no":0,"s":37.5,"sp":8.83,"r_oo":0.317,"r_mf":0.146,"r_rs":0.601,"r_n":0.953,"r_sol":0.268}},{"type":"Feature","geometry":{"type":"Polygon","coordinates":[[[-70.32026,41.65166],[-70.32246,41.65079],[-70.32253,41.64901],[-70.32039,41.64811],[-70.31819,41.64899],[-70.31812,41.65076],[-70.32026,41.65166]]]},"properties":{"h":"892a317283bffff","t":"Barnstable","v":"Hyannis","n":55,"oo":35,"po":63.6,"ao":1,"ml":1428,"mf":1832.12,"br":5,"rs":5,"pr":9.1,"no":0,"s":54.1,"sp":8.83,"r_oo":0.522,"r_mf":0.545,"r_rs":0.524,"r_n":0.904,"r_sol":0.268}},{"type":"Feature","geometry":{"type":"Polygon","coordinates":[[[-70.3308,41.65971],[-70.33301,41.65884],[-70.33308,41.65706],[-70.33094,41.65616],[-70.32873,41.65704],[-70.32866,41.65881],[-70.3308,41.65971]]]},"properties":{"h":"892a3172843ffff","t":"Barnstable","v":"Centerville","n":22,"oo":17,"po":77.3,"ao":1,"ml":1267,"mf":1538.466,"br":2,"rs":2,"pr":9.1,"no":0,"s":53.7,"sp":8.83,"r_oo":0.745,"r_mf":0.319,"r_rs":0.524,"r_n":0.533,"r_sol":0.268}},{"type":"Feature","geometry":{"type":"Polygon","coordinates":[[[-70.32873,41.65704],[-70.33094,41.65616],[-70.33101,41.65439],[-70.32887,41.65349],[-70.32667,41.65436],[-70.3266,41.65614],[-70.32873,41.65704]]]},"properties":{"h":"892a3172847ffff","t":"Barnstable","v":"Centerville","n":19,"oo":12,"po":63.2,"ao":1,"ml":1560,"mf":1921.186,"br":7,"rs":2,"pr":10.5,"no":0,"s":52.6,"sp":8.83,"r_oo":0.515,"r_mf":0.62,"r_rs":0.607,"r_n":0.472,"r_sol":0.268}},{"type":"Feature","geometry":{"type":"Polygon","coordinates":[[[-70.33515,41.65974],[-70.33735,41.65886],[-70.33742,41.65708],[-70.33529,41.65618],[-70.33308,41.65706],[-70.33301,41.65884],[-70.33515,41.65974]]]},"properties":{"h":"892a317284bffff","t":"Barnstable","v":"Centerville","n":37,"oo":25,"po":67.6,"ao":3,"ml":1378,"mf":1516.861,"br":4,"rs":2,"pr":5.4,"no":0,"s":46.1,"sp":8.83,"r_oo":0.585,"r_mf":0.301,"r_rs":0.324,"r_n":0.76,"r_sol":0.268}},{"type":"Feature","geometry":{"type":"Polygon","coordinates":[[[-70.33308,41.65706],[-70.33529,41.65618],[-70.33535,41.65441],[-70.33322,41.65351],[-70.33101,41.65439],[-70.33094,41.65616],[-70.33308,41.65706]]]},"properties":{"h":"892a317284fffff","t":"Barnstable","v":"Centerville","n":19,"oo":4,"po":21.1,"ao":6,"ml":1860,"mf":2010.494,"br":7,"rs":2,"pr":10.5,"no":0,"s":37.8,"sp":8.83,"r_oo":0.109,"r_mf":0.677,"r_rs":0.607,"r_n":0.472,"r_sol":0.268}},{"type":"Feature","geometry":{"type":"Polygon","coordinates":[[[-70.32853,41.66237],[-70.33073,41.66149],[-70.3308,41.65971],[-70.32866,41.65881],[-70.32646,41.65969],[-70.32639,41.66147],[-70.32853,41.66237]]]},"properties":{"h":"892a3172853ffff","t":"Barnstable","v":"Centerville","n":16,"oo":12,"po":75,"ao":1,"ml":1323,"mf":1352.347,"br":2,"rs":0,"pr":0,"no":0,"s":41.3,"sp":8.83,"r_oo":0.709,"r_mf":0.185,"r_rs":0.109,"r_n":0.401,"r_sol":0.268}},{"type":"Feature","geometry":{"type":"Polygon","coordinates":[[[-70.32646,41.65969],[-70.32866,41.65881],[-70.32873,41.65704],[-70.3266,41.65614],[-70.32439,41.65702],[-70.32432,41.65879],[-70.32646,41.65969]]]},"properties":{"h":"892a3172857ffff","t":"Barnstable","v":"Hyannis","n":33,"oo":23,"po":69.7,"ao":1,"ml":1426,"mf":1669.384,"br":4,"rs":1,"pr":3,"no":0,"s":48.5,"sp":8.83,"r_oo":0.616,"r_mf":0.417,"r_rs":0.235,"r_n":0.723,"r_sol":0.268}},{"type":"Feature","geometry":{"type":"Polygon","coordinates":[[[-70.33287,41.66239],[-70.33508,41.66151],[-70.33515,41.65974],[-70.33301,41.65884],[-70.3308,41.65971],[-70.33073,41.66149],[-70.33287,41.66239]]]},"properties":{"h":"892a317285bffff","t":"Barnstable","v":"Centerville","n":28,"oo":19,"po":67.9,"ao":2,"ml":1585.5,"mf":1586.07,"br":7,"rs":2,"pr":7.1,"no":0,"s":47.8,"sp":8.83,"r_oo":0.589,"r_mf":0.354,"r_rs":0.413,"r_n":0.65,"r_sol":0.268}},{"type":"Feature","geometry":{"type":"Polygon","coordinates":[[[-70.32894,41.65171],[-70.33115,41.65083],[-70.33122,41.64906],[-70.32908,41.64816],[-70.32687,41.64903],[-70.32681,41.65081],[-70.32894,41.65171]]]},"properties":{"h":"892a3172863ffff","t":"Barnstable","v":"Centerville","n":38,"oo":29,"po":76.3,"ao":3,"ml":1647,"mf":2011.976,"br":6,"rs":4,"pr":10.5,"no":0,"s":65.6,"sp":8.83,"r_oo":0.729,"r_mf":0.678,"r_rs":0.607,"r_n":0.773,"r_sol":0.268}},{"type":"Feature","geometry":{"type":"Polygon","coordinates":[[[-70.32687,41.64903],[-70.32908,41.64816],[-70.32915,41.64638],[-70.32701,41.64548],[-70.32481,41.64636],[-70.32474,41.64813],[-70.32687,41.64903]]]},"properties":{"h":"892a3172867ffff","t":"Barnstable","v":"Centerville","n":37,"oo":19,"po":51.4,"ao":7,"ml":1272,"mf":1268.339,"br":4,"rs":3,"pr":8.1,"no":0,"s":35.2,"sp":8.83,"r_oo":0.362,"r_mf":0.135,"r_rs":0.469,"r_n":0.76,"r_sol":0.268}},{"type":"Feature","geometry":{"type":"Polygon","coordinates":[[[-70.33329,41.65173],[-70.33549,41.65085],[-70.33556,41.64908],[-70.33342,41.64818],[-70.33122,41.64906],[-70.33115,41.65083],[-70.33329,41.65173]]]},"properties":{"h":"892a317286bffff","t":"Barnstable","v":"Centerville","n":46,"oo":29,"po":63,"ao":6,"ml":1536,"mf":1847.176,"br":3,"rs":3,"pr":6.5,"no":0,"s":51.3,"sp":8.83,"r_oo":0.513,"r_mf":0.558,"r_rs":0.379,"r_n":0.846,"r_sol":0.268}},{"type":"Feature","geometry":{"type":"Polygon","coordinates":[[[-70.33122,41.64906],[-70.33342,41.64818],[-70.33349,41.6464],[-70.33136,41.6455],[-70.32915,41.64638],[-70.32908,41.64816],[-70.33122,41.64906]]]},"properties":{"h":"892a317286fffff","t":"Barnstable","v":"Centerville","n":18,"oo":9,"po":50,"ao":2,"ml":1962.5,"mf":2028.175,"br":6,"rs":2,"pr":11.1,"no":0,"s":47.6,"sp":8.83,"r_oo":0.341,"r_mf":0.688,"r_rs":0.639,"r_n":0.448,"r_sol":0.268}},{"type":"Feature","geometry":{"type":"Polygon","coordinates":[[[-70.32667,41.65436],[-70.32887,41.65349],[-70.32894,41.65171],[-70.32681,41.65081],[-70.3246,41.65169],[-70.32453,41.65346],[-70.32667,41.65436]]]},"properties":{"h":"892a3172873ffff","t":"Barnstable","v":"Centerville","n":55,"oo":39,"po":70.9,"ao":3,"ml":1346,"mf":1292.991,"br":1,"rs":8,"pr":14.5,"no":0,"s":53.2,"sp":8.83,"r_oo":0.641,"r_mf":0.153,"r_rs":0.798,"r_n":0.904,"r_sol":0.268}},{"type":"Feature","geometry":{"type":"Polygon","coordinates":[[[-70.3246,41.65169],[-70.32681,41.65081],[-70.32687,41.64903],[-70.32474,41.64813],[-70.32253,41.64901],[-70.32246,41.65079],[-70.3246,41.65169]]]},"properties":{"h":"892a3172877ffff","t":"Barnstable","v":"Hyannis","n":72,"oo":39,"po":54.2,"ao":2,"ml":1544,"mf":1887.504,"br":7,"rs":4,"pr":5.6,"no":0,"s":47.7,"sp":8.83,"r_oo":0.388,"r_mf":0.595,"r_rs":0.332,"r_n":0.966,"r_sol":0.268}},{"type":"Feature","geometry":{"type":"Polygon","coordinates":[[[-70.33101,41.65439],[-70.33322,41.65351],[-70.33329,41.65173],[-70.33115,41.65083],[-70.32894,41.65171],[-70.32887,41.65349],[-70.33101,41.65439]]]},"properties":{"h":"892a317287bffff","t":"Barnstable","v":"Centerville","n":28,"oo":19,"po":67.9,"ao":5,"ml":1728,"mf":1819.739,"br":6,"rs":5,"pr":17.9,"no":0,"s":59.2,"sp":8.83,"r_oo":0.589,"r_mf":0.532,"r_rs":0.88,"r_n":0.65,"r_sol":0.268}},{"type":"Feature","geometry":{"type":"Polygon","coordinates":[[[-70.31115,41.66228],[-70.31335,41.6614],[-70.31342,41.65962],[-70.31129,41.65872],[-70.30908,41.6596],[-70.30901,41.66138],[-70.31115,41.66228]]]},"properties":{"h":"892a3172883ffff","t":"Barnstable","v":"Hyannis","n":63,"oo":45,"po":71.4,"ao":3,"ml":1056,"mf":1212.602,"br":0,"rs":5,"pr":7.9,"no":0,"s":47.4,"sp":8.83,"r_oo":0.652,"r_mf":0.096,"r_rs":0.456,"r_n":0.939,"r_sol":0.268}},{"type":"Feature","geometry":{"type":"Polygon","coordinates":[[[-70.30908,41.6596],[-70.31129,41.65872],[-70.31136,41.65695],[-70.30922,41.65605],[-70.30701,41.65692],[-70.30694,41.6587],[-70.30908,41.6596]]]},"properties":{"h":"892a3172887ffff","t":"Barnstable","v":"Hyannis","n":64,"oo":46,"po":71.9,"ao":2,"ml":1104.5,"mf":1350.723,"br":1,"rs":3,"pr":4.7,"no":0,"s":47.6,"sp":8.83,"r_oo":0.662,"r_mf":0.184,"r_rs":0.295,"r_n":0.944,"r_sol":0.268}},{"type":"Feature","geometry":{"type":"Polygon","coordinates":[[[-70.31549,41.6623],[-70.3177,41.66142],[-70.31777,41.65965],[-70.31563,41.65875],[-70.31342,41.65962],[-70.31335,41.6614],[-70.31549,41.6623]]]},"properties":{"h":"892a317288bffff","t":"Barnstable","v":"Hyannis","n":20,"oo":15,"po":75,"ao":0,"ml":1372,"mf":1589.658,"br":2,"rs":1,"pr":5,"no":0,"s":49.5,"sp":8.83,"r_oo":0.709,"r_mf":0.357,"r_rs":0.306,"r_n":0.495,"r_sol":0.268}},{"type":"Feature","geometry":{"type":"Polygon","coordinates":[[[-70.31342,41.65962],[-70.31563,41.65875],[-70.3157,41.65697],[-70.31356,41.65607],[-70.31136,41.65695],[-70.31129,41.65872],[-70.31342,41.65962]]]},"properties":{"h":"892a317288fffff","t":"Barnstable","v":"Hyannis","n":56,"oo":42,"po":75,"ao":2,"ml":1040,"mf":1194.848,"br":0,"rs":1,"pr":1.8,"no":0,"s":45.6,"sp":8.83,"r_oo":0.709,"r_mf":0.088,"r_rs":0.219,"r_n":0.91,"r_sol":0.268}},{"type":"Feature","geometry":{"type":"Polygon","coordinates":[[[-70.30887,41.66493],[-70.31108,41.66405],[-70.31115,41.66228],[-70.30901,41.66138],[-70.3068,41.66225],[-70.30673,41.66403],[-70.30887,41.66493]]]},"properties":{"h":"892a3172893ffff","t":"Barnstable","v":"Hyannis","n":30,"oo":28,"po":93.3,"ao":0,"ml":1111.5,"mf":1251.573,"br":0,"rs":3,"pr":10,"no":0,"s":59.7,"sp":8.83,"r_oo":0.964,"r_mf":0.122,"r_rs":0.575,"r_n":0.682,"r_sol":0.268}},{"type":"Feature","geometry":{"type":"Polygon","coordinates":[[[-70.3068,41.66225],[-70.30901,41.66138],[-70.30908,41.6596],[-70.30694,41.6587],[-70.30474,41.65958],[-70.30467,41.66135],[-70.3068,41.66225]]]},"properties":{"h":"892a3172897ffff","t":"Barnstable","v":"Hyannis","n":57,"oo":49,"po":86,"ao":1,"ml":1152,"mf":1434.705,"br":0,"rs":3,"pr":5.3,"no":0,"s":58.4,"sp":8.83,"r_oo":0.894,"r_mf":0.244,"r_rs":0.318,"r_n":0.916,"r_sol":0.268}},{"type":"Feature","geometry":{"type":"Polygon","coordinates":[[[-70.31321,41.66495],[-70.31542,41.66408],[-70.31549,41.6623],[-70.31335,41.6614],[-70.31115,41.66228],[-70.31108,41.66405],[-70.31321,41.66495]]]},"properties":{"h":"892a317289bffff","t":"Barnstable","v":"Hyannis","n":48,"oo":36,"po":75,"ao":1,"ml":1267,"mf":1369.486,"br":2,"rs":4,"pr":8.3,"no":0,"s":51.7,"sp":8.83,"r_oo":0.709,"r_mf":0.197,"r_rs":0.48,"r_n":0.86,"r_sol":0.268}},{"type":"Feature","geometry":{"type":"Polygon","coordinates":[[[-70.30929,41.65427],[-70.3115,41.65339],[-70.31157,41.65162],[-70.30943,41.65072],[-70.30722,41.65159],[-70.30715,41.65337],[-70.30929,41.65427]]]},"properties":{"h":"892a31728a3ffff","t":"Barnstable","v":"Hyannis","n":53,"oo":34,"po":64.2,"ao":6,"ml":1144,"mf":1352.764,"br":0,"rs":4,"pr":7.5,"no":0,"s":43.8,"sp":8.83,"r_oo":0.529,"r_mf":0.185,"r_rs":0.431,"r_n":0.891,"r_sol":0.268}},{"type":"Feature","geometry":{"type":"Polygon","coordinates":[[[-70.30722,41.65159],[-70.30943,41.65072],[-70.3095,41.64894],[-70.30736,41.64804],[-70.30516,41.64892],[-70.30509,41.65069],[-70.30722,41.65159]]]},"properties":{"h":"892a31728a7ffff","t":"Barnstable","v":"Hyannis","n":43,"oo":29,"po":67.4,"ao":0,"ml":1260,"mf":1230.396,"br":2,"rs":4,"pr":9.3,"no":0,"s":45,"sp":8.83,"r_oo":0.583,"r_mf":0.108,"r_rs":0.538,"r_n":0.821,"r_sol":0.268}},{"type":"Feature","geometry":{"type":"Polygon","coordinates":[[[-70.31363,41.65429],[-70.31584,41.65342],[-70.31591,41.65164],[-70.31377,41.65074],[-70.31157,41.65162],[-70.3115,41.65339],[-70.31363,41.65429]]]},"properties":{"h":"892a31728abffff","t":"Barnstable","v":"Hyannis","n":63,"oo":41,"po":65.1,"ao":0,"ml":1080,"mf":1224.537,"br":0,"rs":4,"pr":6.3,"no":0,"s":41.8,"sp":8.83,"r_oo":0.54,"r_mf":0.101,"r_rs":0.374,"r_n":0.939,"r_sol":0.268}},{"type":"Feature","geometry":{"type":"Polygon","coordinates":[[[-70.31157,41.65162],[-70.31377,41.65074],[-70.31384,41.64896],[-70.31171,41.64806],[-70.3095,41.64894],[-70.30943,41.65072],[-70.31157,41.65162]]]},"properties":{"h":"892a31728afffff","t":"Barnstable","v":"Hyannis","n":16,"oo":11,"po":68.8,"ao":0,"ml":1133,"mf":936.495,"br":0,"rs":2,"pr":12.5,"no":0,"s":41.4,"sp":8.83,"r_oo":0.6,"r_mf":0.007,"r_rs":0.702,"r_n":0.401,"r_sol":0.268}},{"type":"Feature","geometry":{"type":"Polygon","coordinates":[[[-70.30701,41.65692],[-70.30922,41.65605],[-70.30929,41.65427],[-70.30715,41.65337],[-70.30495,41.65425],[-70.30488,41.65602],[-70.30701,41.65692]]]},"properties":{"h":"892a31728b3ffff","t":"Barnstable","v":"Hyannis","n":40,"oo":36,"po":90,"ao":1,"ml":1278,"mf":1405.704,"br":2,"rs":4,"pr":10,"no":0,"s":62.3,"sp":8.83,"r_oo":0.937,"r_mf":0.222,"r_rs":0.575,"r_n":0.796,"r_sol":0.268}},{"type":"Feature","geometry":{"type":"Polygon","coordinates":[[[-70.30495,41.65425],[-70.30715,41.65337],[-70.30722,41.65159],[-70.30509,41.65069],[-70.30288,41.65157],[-70.30281,41.65335],[-70.30495,41.65425]]]},"properties":{"h":"892a31728b7ffff","t":"Barnstable","v":"Hyannis","n":42,"oo":24,"po":57.1,"ao":4,"ml":1170,"mf":1001.172,"br":0,"rs":3,"pr":7.1,"no":0,"s":34.5,"sp":8.83,"r_oo":0.425,"r_mf":0.02,"r_rs":0.413,"r_n":0.813,"r_sol":0.268}},{"type":"Feature","geometry":{"type":"Polygon","coordinates":[[[-70.31136,41.65695],[-70.31356,41.65607],[-70.31363,41.65429],[-70.3115,41.65339],[-70.30929,41.65427],[-70.30922,41.65605],[-70.31136,41.65695]]]},"properties":{"h":"892a31728bbffff","t":"Barnstable","v":"Hyannis","n":72,"oo":57,"po":79.2,"ao":2,"ml":1107,"mf":1398.236,"br":1,"rs":4,"pr":5.6,"no":0,"s":53.9,"sp":8.83,"r_oo":0.779,"r_mf":0.217,"r_rs":0.332,"r_n":0.966,"r_sol":0.268}},{"type":"Feature","geometry":{"type":"Polygon","coordinates":[[[-70.3219,41.665],[-70.32411,41.66412],[-70.32418,41.66234],[-70.32204,41.66145],[-70.31984,41.66232],[-70.31977,41.6641],[-70.3219,41.665]]]},"properties":{"h":"892a31728c3ffff","t":"Barnstable","v":"Hyannis","n":47,"oo":39,"po":83,"ao":0,"ml":1397,"mf":1486.968,"br":3,"rs":3,"pr":6.4,"no":0,"s":57.6,"sp":8.83,"r_oo":0.845,"r_mf":0.278,"r_rs":0.375,"r_n":0.854,"r_sol":0.268}},{"type":"Feature","geometry":{"type":"Polygon","coordinates":[[[-70.31984,41.66232],[-70.32204,41.66145],[-70.32211,41.65967],[-70.31998,41.65877],[-70.31777,41.65965],[-70.3177,41.66142],[-70.31984,41.66232]]]},"properties":{"h":"892a31728c7ffff","t":"Barnstable","v":"Hyannis","n":21,"oo":18,"po":85.7,"ao":1,"ml":1152,"mf":1167.189,"br":1,"rs":2,"pr":9.5,"no":0,"s":53.4,"sp":8.83,"r_oo":0.887,"r_mf":0.078,"r_rs":0.547,"r_n":0.513,"r_sol":0.268}},{"type":"Feature","geometry":{"type":"Polygon","coordinates":[[[-70.32625,41.66502],[-70.32846,41.66414],[-70.32853,41.66237],[-70.32639,41.66147],[-70.32418,41.66234],[-70.32411,41.66412],[-70.32625,41.66502]]]},"properties":{"h":"892a31728cbffff","t":"Barnstable","v":"Centerville","n":42,"oo":33,"po":78.6,"ao":1,"ml":1367,"mf":1545.367,"br":5,"rs":3,"pr":7.1,"no":0,"s":56,"sp":8.83,"r_oo":0.771,"r_mf":0.325,"r_rs":0.413,"r_n":0.813,"r_sol":0.268}},{"type":"Feature","geometry":{"type":"Polygon","coordinates":[[[-70.32418,41.66234],[-70.32639,41.66147],[-70.32646,41.65969],[-70.32432,41.65879],[-70.32211,41.65967],[-70.32204,41.66145],[-70.32418,41.66234]]]},"properties":{"h":"892a31728cfffff","t":"Barnstable","v":"Hyannis","n":26,"oo":18,"po":69.2,"ao":0,"ml":1430,"mf":1398.439,"br":0,"rs":2,"pr":7.7,"no":0,"s":45.3,"sp":8.83,"r_oo":0.609,"r_mf":0.218,"r_rs":0.442,"r_n":0.615,"r_sol":0.268}},{"type":"Feature","geometry":{"type":"Polygon","coordinates":[[[-70.31963,41.66765],[-70.32183,41.66677],[-70.3219,41.665],[-70.31977,41.6641],[-70.31756,41.66498],[-70.31749,41.66675],[-70.31963,41.66765]]]},"properties":{"h":"892a31728d3ffff","t":"Barnstable","v":"Hyannis","n":55,"oo":46,"po":83.6,"ao":2,"ml":1478,"mf":1559.831,"br":4,"rs":5,"pr":9.1,"no":0,"s":62.6,"sp":8.83,"r_oo":0.866,"r_mf":0.334,"r_rs":0.524,"r_n":0.904,"r_sol":0.268}},{"type":"Feature","geometry":{"type":"Polygon","coordinates":[[[-70.31756,41.66498],[-70.31977,41.6641],[-70.31984,41.66232],[-70.3177,41.66142],[-70.31549,41.6623],[-70.31542,41.66408],[-70.31756,41.66498]]]},"properties":{"h":"892a31728d7ffff","t":"Barnstable","v":"Hyannis","n":47,"oo":38,"po":80.9,"ao":2,"ml":1267,"mf":1597.517,"br":1,"rs":4,"pr":8.5,"no":0,"s":60.4,"sp":8.83,"r_oo":0.818,"r_mf":0.364,"r_rs":0.49,"r_n":0.854,"r_sol":0.268}},{"type":"Feature","geometry":{"type":"Polygon","coordinates":[[[-70.32397,41.66767],[-70.32618,41.6668],[-70.32625,41.66502],[-70.32411,41.66412],[-70.3219,41.665],[-70.32183,41.66677],[-70.32397,41.66767]]]},"properties":{"h":"892a31728dbffff","t":"Barnstable","v":"Centerville","n":45,"oo":31,"po":68.9,"ao":1,"ml":1538,"mf":1743.515,"br":3,"rs":4,"pr":8.9,"no":0,"s":54.9,"sp":8.83,"r_oo":0.602,"r_mf":0.483,"r_rs":0.509,"r_n":0.837,"r_sol":0.268}},{"type":"Feature","geometry":{"type":"Polygon","coordinates":[[[-70.30558,41.63826],[-70.30779,41.63738],[-70.30786,41.63561],[-70.30572,41.63471],[-70.30351,41.63559],[-70.30344,41.63736],[-70.30558,41.63826]]]},"properties":{"h":"892a3172903ffff","t":"Barnstable","v":"Hyannis","n":32,"oo":2,"po":6.2,"ao":4,"ml":1892,"mf":1483.656,"br":3,"rs":2,"pr":6.2,"no":0,"s":23.3,"sp":8.83,"r_oo":0.031,"r_mf":0.274,"r_rs":0.362,"r_n":0.71,"r_sol":0.268}},{"type":"Feature","geometry":{"type":"Polygon","coordinates":[[[-70.30351,41.63559],[-70.30572,41.63471],[-70.30579,41.63293],[-70.30366,41.63203],[-70.30145,41.63291],[-70.30138,41.63469],[-70.30351,41.63559]]]},"properties":{"h":"892a3172907ffff","t":"Barnstable","v":"Hyannis","n":39,"oo":3,"po":7.7,"ao":12,"ml":3447,"mf":2170.402,"br":16,"rs":1,"pr":2.6,"no":0,"s":34.3,"sp":8.83,"r_oo":0.035,"r_mf":0.758,"r_rs":0.226,"r_n":0.787,"r_sol":0.268}},{"type":"Feature","geometry":{"type":"Polygon","coordinates":[[[-70.30786,41.63561],[-70.31006,41.63473],[-70.31013,41.63296],[-70.308,41.63206],[-70.30579,41.63293],[-70.30572,41.63471],[-70.30786,41.63561]]]},"properties":{"h":"892a317290fffff","t":"Barnstable","v":"Hyannis","n":11,"oo":0,"po":0,"ao":5,"ml":3136,"mf":2583.206,"br":6,"rs":0,"pr":0,"no":0,"s":29.8,"sp":8.83,"r_oo":0.014,"r_mf":0.892,"r_rs":0.109,"r_n":0.266,"r_sol":0.268}},{"type":"Feature","geometry":{"type":"Polygon","coordinates":[[[-70.3033,41.64091],[-70.30551,41.64004],[-70.30558,41.63826],[-70.30344,41.63736],[-70.30124,41.63824],[-70.30117,41.64001],[-70.3033,41.64091]]]},"properties":{"h":"892a3172913ffff","t":"Barnstable","v":"Hyannis","n":53,"oo":17,"po":32.1,"ao":7,"ml":1440,"mf":1482.308,"br":4,"rs":4,"pr":7.5,"no":0,"s":31.7,"sp":8.83,"r_oo":0.17,"r_mf":0.274,"r_rs":0.431,"r_n":0.891,"r_sol":0.268}},{"type":"Feature","geometry":{"type":"Polygon","coordinates":[[[-70.30124,41.63824],[-70.30344,41.63736],[-70.30351,41.63559],[-70.30138,41.63469],[-70.29917,41.63556],[-70.2991,41.63734],[-70.30124,41.63824]]]},"properties":{"h":"892a3172917ffff","t":"Barnstable","v":"Hyannis","n":24,"oo":3,"po":12.5,"ao":5,"ml":2827,"mf":2415.666,"br":12,"rs":2,"pr":8.3,"no":0,"s":39,"sp":8.83,"r_oo":0.055,"r_mf":0.849,"r_rs":0.48,"r_n":0.573,"r_sol":0.268}},{"type":"Feature","geometry":{"type":"Polygon","coordinates":[[[-70.30765,41.64094],[-70.30985,41.64006],[-70.30992,41.63828],[-70.30779,41.63738],[-70.30558,41.63826],[-70.30551,41.64004],[-70.30765,41.64094]]]},"properties":{"h":"892a317291bffff","t":"Barnstable","v":"Hyannis","n":25,"oo":9,"po":36,"ao":4,"ml":1210,"mf":1467.377,"br":1,"rs":4,"pr":16,"no":0,"s":36.1,"sp":8.83,"r_oo":0.208,"r_mf":0.266,"r_rs":0.836,"r_n":0.593,"r_sol":0.268}},{"type":"Feature","geometry":{"type":"Polygon","coordinates":[[[-70.30373,41.63026],[-70.30593,41.62938],[-70.306,41.62761],[-70.30387,41.62671],[-70.30166,41.62758],[-70.30159,41.62936],[-70.30373,41.63026]]]},"properties":{"h":"892a3172923ffff","t":"Barnstable","v":"Hyannis","n":7,"oo":0,"po":0,"ao":3,"ml":4377,"mf":2791.912,"br":5,"rs":0,"pr":0,"no":0,"s":29.1,"sp":8.83,"r_oo":0.014,"r_mf":0.921,"r_rs":0.109,"r_n":0.115,"r_sol":0.268}},{"type":"Feature","geometry":{"type":"Polygon","coordinates":[[[-70.30145,41.63291],[-70.30366,41.63203],[-70.30373,41.63026],[-70.30159,41.62936],[-70.29938,41.63023],[-70.29931,41.63201],[-70.30145,41.63291]]]},"properties":{"h":"892a3172933ffff","t":"Barnstable","v":"Hyannis","n":24,"oo":0,"po":0,"ao":14,"ml":3350,"mf":2752.45,"br":15,"rs":1,"pr":4.2,"no":0,"s":35.9,"sp":8.83,"r_oo":0.014,"r_mf":0.914,"r_rs":0.271,"r_n":0.573,"r_sol":0.268}},{"type":"Feature","geometry":{"type":"Polygon","coordinates":[[[-70.30579,41.63293],[-70.308,41.63206],[-70.30807,41.63028],[-70.30593,41.62938],[-70.30373,41.63026],[-70.30366,41.63203],[-70.30579,41.63293]]]},"properties":{"h":"892a317293bffff","t":"Barnstable","v":"Hyannis","n":39,"oo":2,"po":5.1,"ao":12,"ml":3129,"mf":2432.159,"br":18,"rs":5,"pr":12.8,"no":0,"s":44,"sp":8.83,"r_oo":0.03,"r_mf":0.856,"r_rs":0.724,"r_n":0.787,"r_sol":0.268}},{"type":"Feature","geometry":{"type":"Polygon","coordinates":[[[-70.31633,41.64098],[-70.31854,41.64011],[-70.31861,41.63833],[-70.31647,41.63743],[-70.31426,41.63831],[-70.31419,41.64008],[-70.31633,41.64098]]]},"properties":{"h":"892a3172943ffff","t":"Barnstable","v":"Hyannis","n":44,"oo":8,"po":18.2,"ao":7,"ml":1333,"mf":1577.836,"br":5,"rs":3,"pr":6.8,"no":0,"s":29,"sp":8.83,"r_oo":0.087,"r_mf":0.345,"r_rs":0.397,"r_n":0.829,"r_sol":0.268}},{"type":"Feature","geometry":{"type":"Polygon","coordinates":[[[-70.32067,41.64101],[-70.32288,41.64013],[-70.32295,41.63835],[-70.32081,41.63745],[-70.31861,41.63833],[-70.31854,41.64011],[-70.32067,41.64101]]]},"properties":{"h":"892a317294bffff","t":"Barnstable","v":"Hyannis","n":47,"oo":2,"po":4.3,"ao":10,"ml":1330,"mf":1387.865,"br":4,"rs":4,"pr":8.5,"no":0,"s":25,"sp":8.83,"r_oo":0.029,"r_mf":0.212,"r_rs":0.49,"r_n":0.854,"r_sol":0.268}},{"type":"Feature","geometry":{"type":"Polygon","coordinates":[[[-70.31861,41.63833],[-70.32081,41.63745],[-70.32088,41.63568],[-70.31875,41.63478],[-70.31654,41.63566],[-70.31647,41.63743],[-70.31861,41.63833]]]},"properties":{"h":"892a317294fffff","t":"Barnstable","v":"Hyannis","n":79,"oo":7,"po":8.9,"ao":17,"ml":1328,"mf":1375.792,"br":6,"rs":7,"pr":8.9,"no":0,"s":26.7,"sp":8.83,"r_oo":0.038,"r_mf":0.203,"r_rs":0.509,"r_n":0.98,"r_sol":0.268}},{"type":"Feature","geometry":{"type":"Polygon","coordinates":[[[-70.31405,41.64364],[-70.31626,41.64276],[-70.31633,41.64098],[-70.31419,41.64008],[-70.31199,41.64096],[-70.31192,41.64274],[-70.31405,41.64364]]]},"properties":{"h":"892a3172953ffff","t":"Barnstable","v":"Hyannis","n":62,"oo":35,"po":56.5,"ao":11,"ml":1234.5,"mf":1341.65,"br":2,"rs":6,"pr":9.7,"no":0,"s":41.6,"sp":8.83,"r_oo":0.419,"r_mf":0.179,"r_rs":0.554,"r_n":0.935,"r_sol":0.268}},{"type":"Feature","geometry":{"type":"Polygon","coordinates":[[[-70.31199,41.64096],[-70.31419,41.64008],[-70.31426,41.63831],[-70.31213,41.63741],[-70.30992,41.63828],[-70.30985,41.64006],[-70.31199,41.64096]]]},"properties":{"h":"892a3172957ffff","t":"Barnstable","v":"Hyannis","n":20,"oo":12,"po":60,"ao":0,"ml":1232.5,"mf":1321.759,"br":1,"rs":2,"pr":10,"no":0,"s":39.1,"sp":8.83,"r_oo":0.466,"r_mf":0.167,"r_rs":0.575,"r_n":0.495,"r_sol":0.268}},{"type":"Feature","geometry":{"type":"Polygon","coordinates":[[[-70.3184,41.64366],[-70.3206,41.64278],[-70.32067,41.64101],[-70.31854,41.64011],[-70.31633,41.64098],[-70.31626,41.64276],[-70.3184,41.64366]]]},"properties":{"h":"892a317295bffff","t":"Barnstable","v":"Hyannis","n":38,"oo":12,"po":31.6,"ao":6,"ml":1516,"mf":1701.475,"br":7,"rs":2,"pr":5.3,"no":0,"s":32.9,"sp":8.83,"r_oo":0.165,"r_mf":0.446,"r_rs":0.318,"r_n":0.773,"r_sol":0.268}},{"type":"Feature","geometry":{"type":"Polygon","coordinates":[[[-70.31241,41.6303],[-70.31461,41.62943],[-70.31468,41.62765],[-70.31255,41.62675],[-70.31034,41.62763],[-70.31027,41.6294],[-70.31241,41.6303]]]},"properties":{"h":"892a3172967ffff","t":"Barnstable","v":"Hyannis","n":6,"oo":1,"po":16.7,"ao":4,"ml":3874.5,"mf":2524.283,"br":4,"rs":1,"pr":16.7,"no":0,"s":41.3,"sp":8.83,"r_oo":0.075,"r_mf":0.882,"r_rs":0.858,"r_n":0.072,"r_sol":0.268}},{"type":"Feature","geometry":{"type":"Polygon","coordinates":[[[-70.31882,41.633],[-70.32102,41.63213],[-70.32109,41.63035],[-70.31896,41.62945],[-70.31675,41.63033],[-70.31668,41.6321],[-70.31882,41.633]]]},"properties":{"h":"892a317296bffff","t":"Barnstable","v":"Hyannis","n":8,"oo":0,"po":0,"ao":3,"ml":1769.5,"mf":1727.755,"br":2,"rs":0,"pr":0,"no":0,"s":18.1,"sp":8.83,"r_oo":0.014,"r_mf":0.466,"r_rs":0.109,"r_n":0.154,"r_sol":0.268}},{"type":"Feature","geometry":{"type":"Polygon","coordinates":[[[-70.31654,41.63566],[-70.31875,41.63478],[-70.31882,41.633],[-70.31668,41.6321],[-70.31447,41.63298],[-70.3144,41.63476],[-70.31654,41.63566]]]},"properties":{"h":"892a317297bffff","t":"Barnstable","v":"Hyannis","n":11,"oo":1,"po":9.1,"ao":3,"ml":2188,"mf":2038.884,"br":2,"rs":0,"pr":0,"no":0,"s":25.9,"sp":8.83,"r_oo":0.039,"r_mf":0.696,"r_rs":0.109,"r_n":0.266,"r_sol":0.268}},{"type":"Feature","geometry":{"type":"Polygon","coordinates":[[[-70.29668,41.64354],[-70.29889,41.64267],[-70.29896,41.64089],[-70.29682,41.63999],[-70.29462,41.64087],[-70.29455,41.64264],[-70.29668,41.64354]]]},"properties":{"h":"892a3172983ffff","t":"Barnstable","v":"Hyannis","n":24,"oo":11,"po":45.8,"ao":3,"ml":1247,"mf":1432.863,"br":1,"rs":1,"pr":4.2,"no":0,"s":30.4,"sp":8.83,"r_oo":0.297,"r_mf":0.244,"r_rs":0.271,"r_n":0.573,"r_sol":0.268}},{"type":"Feature","geometry":{"type":"Polygon","coordinates":[[[-70.29462,41.64087],[-70.29682,41.63999],[-70.2969,41.63821],[-70.29476,41.63731],[-70.29255,41.63819],[-70.29248,41.63997],[-70.29462,41.64087]]]},"properties":{"h":"892a3172987ffff","t":"Barnstable","v":"Hyannis","n":37,"oo":17,"po":45.9,"ao":5,"ml":1520,"mf":1604.551,"br":1,"rs":2,"pr":5.4,"no":0,"s":36.3,"sp":8.83,"r_oo":0.297,"r_mf":0.369,"r_rs":0.324,"r_n":0.76,"r_sol":0.268}},{"type":"Feature","geometry":{"type":"Polygon","coordinates":[[[-70.30103,41.64357],[-70.30323,41.64269],[-70.3033,41.64091],[-70.30117,41.64001],[-70.29896,41.64089],[-70.29889,41.64267],[-70.30103,41.64357]]]},"properties":{"h":"892a317298bffff","t":"Barnstable","v":"Hyannis","n":61,"oo":23,"po":37.7,"ao":4,"ml":1511,"mf":1423.415,"br":6,"rs":7,"pr":11.5,"no":0,"s":36.5,"sp":8.83,"r_oo":0.22,"r_mf":0.232,"r_rs":0.659,"r_n":0.932,"r_sol":0.268}},{"type":"Feature","geometry":{"type":"Polygon","coordinates":[[[-70.29896,41.64089],[-70.30117,41.64001],[-70.30124,41.63824],[-70.2991,41.63734],[-70.2969,41.63821],[-70.29682,41.63999],[-70.29896,41.64089]]]},"properties":{"h":"892a317298fffff","t":"Barnstable","v":"Hyannis","n":58,"oo":19,"po":32.8,"ao":6,"ml":1329,"mf":1627.905,"br":4,"rs":3,"pr":5.2,"no":0,"s":33.1,"sp":8.83,"r_oo":0.174,"r_mf":0.385,"r_rs":0.311,"r_n":0.92,"r_sol":0.268}},{"type":"Feature","geometry":{"type":"Polygon","coordinates":[[[-70.29441,41.64619],[-70.29661,41.64532],[-70.29668,41.64354],[-70.29455,41.64264],[-70.29234,41.64352],[-70.29227,41.64529],[-70.29441,41.64619]]]},"properties":{"h":"892a3172993ffff","t":"Barnstable","v":"Hyannis","n":15,"oo":8,"po":53.3,"ao":0,"ml":1426,"mf":1075.016,"br":0,"rs":1,"pr":6.7,"no":0,"s":28.3,"sp":8.83,"r_oo":0.378,"r_mf":0.039,"r_rs":0.389,"r_n":0.369,"r_sol":0.268}},{"type":"Feature","geometry":{"type":"Polygon","coordinates":[[[-70.29234,41.64352],[-70.29455,41.64264],[-70.29462,41.64087],[-70.29248,41.63997],[-70.29028,41.64084],[-70.2902,41.64262],[-70.29234,41.64352]]]},"properties":{"h":"892a3172997ffff","t":"Barnstable","v":"Hyannis","n":38,"oo":15,"po":39.5,"ao":7,"ml":1320,"mf":1497.153,"br":0,"rs":4,"pr":10.5,"no":0,"s":35.9,"sp":8.83,"r_oo":0.23,"r_mf":0.285,"r_rs":0.607,"r_n":0.773,"r_sol":0.268}},{"type":"Feature","geometry":{"type":"Polygon","coordinates":[[[-70.29875,41.64622],[-70.30096,41.64534],[-70.30103,41.64357],[-70.29889,41.64267],[-70.29668,41.64354],[-70.29661,41.64532],[-70.29875,41.64622]]]},"properties":{"h":"892a317299bffff","t":"Barnstable","v":"Hyannis","n":16,"oo":9,"po":56.2,"ao":1,"ml":1192,"mf":1317.689,"br":0,"rs":1,"pr":6.2,"no":0,"s":32.9,"sp":8.83,"r_oo":0.415,"r_mf":0.167,"r_rs":0.362,"r_n":0.401,"r_sol":0.268}},{"type":"Feature","geometry":{"type":"Polygon","coordinates":[[[-70.29917,41.63556],[-70.30138,41.63469],[-70.30145,41.63291],[-70.29931,41.63201],[-70.29711,41.63289],[-70.29704,41.63466],[-70.29917,41.63556]]]},"properties":{"h":"892a31729abffff","t":"Barnstable","v":"Hyannis","n":17,"oo":0,"po":0,"ao":8,"ml":3347,"mf":2570.511,"br":9,"rs":4,"pr":23.5,"no":0,"s":44.1,"sp":8.83,"r_oo":0.014,"r_mf":0.889,"r_rs":0.957,"r_n":0.426,"r_sol":0.268}},{"type":"Feature","geometry":{"type":"Polygon","coordinates":[[[-70.29255,41.63819],[-70.29476,41.63731],[-70.29483,41.63554],[-70.29269,41.63464],[-70.29049,41.63551],[-70.29042,41.63729],[-70.29255,41.63819]]]},"properties":{"h":"892a31729b3ffff","t":"Barnstable","v":"Hyannis","n":23,"oo":9,"po":39.1,"ao":6,"ml":2078,"mf":1963.165,"br":6,"rs":5,"pr":21.7,"no":0,"s":47.5,"sp":8.83,"r_oo":0.227,"r_mf":0.644,"r_rs":0.941,"r_n":0.554,"r_sol":0.268}},{"type":"Feature","geometry":{"type":"Polygon","coordinates":[[[-70.2969,41.63821],[-70.2991,41.63734],[-70.29917,41.63556],[-70.29704,41.63466],[-70.29483,41.63554],[-70.29476,41.63731],[-70.2969,41.63821]]]},"properties":{"h":"892a31729bbffff","t":"Barnstable","v":"Hyannis","n":10,"oo":0,"po":0,"ao":1,"ml":2816,"mf":2400.49,"br":5,"rs":0,"pr":0,"no":0,"s":28.3,"sp":8.83,"r_oo":0.014,"r_mf":0.844,"r_rs":0.109,"r_n":0.234,"r_sol":0.268}},{"type":"Feature","geometry":{"type":"Polygon","coordinates":[[[-70.30744,41.64626],[-70.30964,41.64539],[-70.30971,41.64361],[-70.30758,41.64271],[-70.30537,41.64359],[-70.3053,41.64537],[-70.30744,41.64626]]]},"properties":{"h":"892a31729c3ffff","t":"Barnstable","v":"Hyannis","n":15,"oo":12,"po":80,"ao":0,"ml":1430,"mf":1749.152,"br":2,"rs":2,"pr":13.3,"no":0,"s":61.7,"sp":8.83,"r_oo":0.799,"r_mf":0.487,"r_rs":0.748,"r_n":0.369,"r_sol":0.268}},{"type":"Feature","geometry":{"type":"Polygon","coordinates":[[[-70.30537,41.64359],[-70.30758,41.64271],[-70.30765,41.64094],[-70.30551,41.64004],[-70.3033,41.64091],[-70.30323,41.64269],[-70.30537,41.64359]]]},"properties":{"h":"892a31729c7ffff","t":"Barnstable","v":"Hyannis","n":17,"oo":9,"po":52.9,"ao":1,"ml":1637,"mf":1613.74,"br":1,"rs":0,"pr":0,"no":0,"s":32.9,"sp":8.83,"r_oo":0.375,"r_mf":0.373,"r_rs":0.109,"r_n":0.426,"r_sol":0.268}},{"type":"Feature","geometry":{"type":"Polygon","coordinates":[[[-70.31178,41.64629],[-70.31398,41.64541],[-70.31405,41.64364],[-70.31192,41.64274],[-70.30971,41.64361],[-70.30964,41.64539],[-70.31178,41.64629]]]},"properties":{"h":"892a31729cbffff","t":"Barnstable","v":"Hyannis","n":53,"oo":29,"po":54.7,"ao":5,"ml":1106,"mf":1197.554,"br":1,"rs":6,"pr":11.3,"no":0,"s":39.5,"sp":8.83,"r_oo":0.399,"r_mf":0.089,"r_rs":0.653,"r_n":0.891,"r_sol":0.268}},{"type":"Feature","geometry":{"type":"Polygon","coordinates":[[[-70.30971,41.64361],[-70.31192,41.64274],[-70.31199,41.64096],[-70.30985,41.64006],[-70.30765,41.64094],[-70.30758,41.64271],[-70.30971,41.64361]]]},"properties":{"h":"892a31729cfffff","t":"Barnstable","v":"Hyannis","n":64,"oo":36,"po":56.2,"ao":5,"ml":1080,"mf":1246.621,"br":0,"rs":5,"pr":7.8,"no":0,"s":38.5,"sp":8.83,"r_oo":0.415,"r_mf":0.118,"r_rs":0.452,"r_n":0.944,"r_sol":0.268}},{"type":"Feature","geometry":{"type":"Polygon","coordinates":[[[-70.30516,41.64892],[-70.30736,41.64804],[-70.30744,41.64626],[-70.3053,41.64537],[-70.30309,41.64624],[-70.30302,41.64802],[-70.30516,41.64892]]]},"properties":{"h":"892a31729d3ffff","t":"Barnstable","v":"Hyannis","n":25,"oo":19,"po":76,"ao":2,"ml":1439,"mf":1822.694,"br":2,"rs":4,"pr":16,"no":0,"s":63.6,"sp":8.83,"r_oo":0.725,"r_mf":0.535,"r_rs":0.836,"r_n":0.593,"r_sol":0.268}},{"type":"Feature","geometry":{"type":"Polygon","coordinates":[[[-70.30309,41.64624],[-70.3053,41.64537],[-70.30537,41.64359],[-70.30323,41.64269],[-70.30103,41.64357],[-70.30096,41.64534],[-70.30309,41.64624]]]},"properties":{"h":"892a31729d7ffff","t":"Barnstable","v":"Hyannis","n":56,"oo":41,"po":73.2,"ao":2,"ml":1502,"mf":1713.031,"br":8,"rs":5,"pr":8.9,"no":0,"s":58.1,"sp":8.83,"r_oo":0.681,"r_mf":0.458,"r_rs":0.509,"r_n":0.91,"r_sol":0.268}},{"type":"Feature","geometry":{"type":"Polygon","coordinates":[[[-70.3095,41.64894],[-70.31171,41.64806],[-70.31178,41.64629],[-70.30964,41.64539],[-70.30744,41.64626],[-70.30736,41.64804],[-70.3095,41.64894]]]},"properties":{"h":"892a31729dbffff","t":"Barnstable","v":"Hyannis","n":33,"oo":18,"po":54.5,"ao":2,"ml":1215,"mf":1803.144,"br":1,"rs":4,"pr":12.1,"no":0,"s":49,"sp":8.83,"r_oo":0.395,"r_mf":0.524,"r_rs":0.68,"r_n":0.723,"r_sol":0.268}},{"type":"Feature","geometry":{"type":"Polygon","coordinates":[[[-70.35046,41.65715],[-70.35266,41.65627],[-70.35273,41.6545],[-70.35059,41.6536],[-70.34839,41.65447],[-70.34832,41.65625],[-70.35046,41.65715]]]},"properties":{"h":"892a3172a03ffff","t":"Barnstable","v":"Centerville","n":23,"oo":11,"po":47.8,"ao":2,"ml":1712,"mf":1589.954,"br":1,"rs":3,"pr":13,"no":0,"s":40.8,"sp":8.83,"r_oo":0.317,"r_mf":0.358,"r_rs":0.734,"r_n":0.554,"r_sol":0.268}},{"type":"Feature","geometry":{"type":"Polygon","coordinates":[[[-70.34839,41.65447],[-70.35059,41.6536],[-70.35066,41.65182],[-70.34852,41.65092],[-70.34632,41.6518],[-70.34625,41.65358],[-70.34839,41.65447]]]},"properties":{"h":"892a3172a07ffff","t":"Barnstable","v":"Centerville","n":31,"oo":23,"po":74.2,"ao":2,"ml":1819,"mf":1862.274,"br":6,"rs":4,"pr":12.9,"no":0,"s":62.6,"sp":8.83,"r_oo":0.692,"r_mf":0.574,"r_rs":0.727,"r_n":0.696,"r_sol":0.268}},{"type":"Feature","geometry":{"type":"Polygon","coordinates":[[[-70.3548,41.65717],[-70.35701,41.65629],[-70.35708,41.65452],[-70.35494,41.65362],[-70.35273,41.6545],[-70.35266,41.65627],[-70.3548,41.65717]]]},"properties":{"h":"892a3172a0bffff","t":"Barnstable","v":"Centerville","n":29,"oo":25,"po":86.2,"ao":0,"ml":1621,"mf":1788.442,"br":4,"rs":3,"pr":10.3,"no":0,"s":67,"sp":8.83,"r_oo":0.896,"r_mf":0.514,"r_rs":0.597,"r_n":0.668,"r_sol":0.268}},{"type":"Feature","geometry":{"type":"Polygon","coordinates":[[[-70.35273,41.6545],[-70.35494,41.65362],[-70.35501,41.65184],[-70.35287,41.65094],[-70.35066,41.65182],[-70.35059,41.6536],[-70.35273,41.6545]]]},"properties":{"h":"892a3172a0fffff","t":"Barnstable","v":"Centerville","n":23,"oo":18,"po":78.3,"ao":3,"ml":1989,"mf":1903.014,"br":8,"rs":1,"pr":4.3,"no":0,"s":58.2,"sp":8.83,"r_oo":0.765,"r_mf":0.608,"r_rs":0.278,"r_n":0.554,"r_sol":0.268}},{"type":"Feature","geometry":{"type":"Polygon","coordinates":[[[-70.34818,41.6598],[-70.35039,41.65893],[-70.35046,41.65715],[-70.34832,41.65625],[-70.34611,41.65713],[-70.34604,41.6589],[-70.34818,41.6598]]]},"properties":{"h":"892a3172a13ffff","t":"Barnstable","v":"Centerville","n":16,"oo":12,"po":75,"ao":0,"ml":1018,"mf":1045.612,"br":0,"rs":1,"pr":6.2,"no":0,"s":41.2,"sp":8.83,"r_oo":0.709,"r_mf":0.031,"r_rs":0.362,"r_n":0.401,"r_sol":0.268}},{"type":"Feature","geometry":{"type":"Polygon","coordinates":[[[-70.34611,41.65713],[-70.34832,41.65625],[-70.34839,41.65447],[-70.34625,41.65358],[-70.34404,41.65445],[-70.34397,41.65623],[-70.34611,41.65713]]]},"properties":{"h":"892a3172a17ffff","t":"Barnstable","v":"Centerville","n":29,"oo":20,"po":69,"ao":2,"ml":1855,"mf":1893.376,"br":5,"rs":5,"pr":17.2,"no":0,"s":61.6,"sp":8.83,"r_oo":0.604,"r_mf":0.598,"r_rs":0.875,"r_n":0.668,"r_sol":0.268}},{"type":"Feature","geometry":{"type":"Polygon","coordinates":[[[-70.35253,41.65983],[-70.35473,41.65895],[-70.3548,41.65717],[-70.35266,41.65627],[-70.35046,41.65715],[-70.35039,41.65893],[-70.35253,41.65983]]]},"properties":{"h":"892a3172a1bffff","t":"Barnstable","v":"Centerville","n":34,"oo":24,"po":70.6,"ao":1,"ml":1410.5,"mf":1671.648,"br":4,"rs":4,"pr":11.8,"no":0,"s":56,"sp":8.83,"r_oo":0.637,"r_mf":0.419,"r_rs":0.67,"r_n":0.732,"r_sol":0.268}},{"type":"Feature","geometry":{"type":"Polygon","coordinates":[[[-70.34859,41.64915],[-70.3508,41.64827],[-70.35087,41.64649],[-70.34873,41.64559],[-70.34652,41.64647],[-70.34646,41.64825],[-70.34859,41.64915]]]},"properties":{"h":"892a3172a23ffff","t":"Barnstable","v":"Centerville","n":41,"oo":23,"po":56.1,"ao":5,"ml":2095,"mf":1951.598,"br":8,"rs":0,"pr":0,"no":0,"s":44.8,"sp":8.83,"r_oo":0.412,"r_mf":0.638,"r_rs":0.109,"r_n":0.805,"r_sol":0.268}},{"type":"Feature","geometry":{"type":"Polygon","coordinates":[[[-70.34652,41.64647],[-70.34873,41.64559],[-70.3488,41.64382],[-70.34666,41.64292],[-70.34446,41.64379],[-70.34439,41.64557],[-70.34652,41.64647]]]},"properties":{"h":"892a3172a27ffff","t":"Barnstable","v":"Centerville","n":16,"oo":10,"po":62.5,"ao":2,"ml":1450.5,"mf":1618.971,"br":2,"rs":1,"pr":6.2,"no":0,"s":41.7,"sp":8.83,"r_oo":0.504,"r_mf":0.378,"r_rs":0.362,"r_n":0.401,"r_sol":0.268}},{"type":"Feature","geometry":{"type":"Polygon","coordinates":[[[-70.35294,41.64917],[-70.35514,41.64829],[-70.35521,41.64651],[-70.35307,41.64561],[-70.35087,41.64649],[-70.3508,41.64827],[-70.35294,41.64917]]]},"properties":{"h":"892a3172a2bffff","t":"Barnstable","v":"Centerville","n":17,"oo":6,"po":35.3,"ao":3,"ml":2028,"mf":2018.134,"br":6,"rs":5,"pr":29.4,"no":0,"s":46.8,"sp":8.83,"r_oo":0.203,"r_mf":0.681,"r_rs":0.98,"r_n":0.426,"r_sol":0.268}},{"type":"Feature","geometry":{"type":"Polygon","coordinates":[[[-70.35087,41.64649],[-70.35307,41.64561],[-70.35314,41.64384],[-70.351,41.64294],[-70.3488,41.64382],[-70.34873,41.64559],[-70.35087,41.64649]]]},"properties":{"h":"892a3172a2fffff","t":"Barnstable","v":"Centerville","n":24,"oo":15,"po":62.5,"ao":1,"ml":2630.5,"mf":2107.727,"br":9,"rs":1,"pr":4.2,"no":0,"s":51,"sp":8.83,"r_oo":0.504,"r_mf":0.733,"r_rs":0.271,"r_n":0.573,"r_sol":0.268}},{"type":"Feature","geometry":{"type":"Polygon","coordinates":[[[-70.34632,41.6518],[-70.34852,41.65092],[-70.34859,41.64915],[-70.34646,41.64825],[-70.34425,41.64912],[-70.34418,41.6509],[-70.34632,41.6518]]]},"properties":{"h":"892a3172a33ffff","t":"Barnstable","v":"Centerville","n":20,"oo":12,"po":60,"ao":4,"ml":2626.5,"mf":2237.946,"br":5,"rs":0,"pr":0,"no":0,"s":47.5,"sp":8.83,"r_oo":0.466,"r_mf":0.785,"r_rs":0.109,"r_n":0.495,"r_sol":0.268}},{"type":"Feature","geometry":{"type":"Polygon","coordinates":[[[-70.34425,41.64912],[-70.34646,41.64825],[-70.34652,41.64647],[-70.34439,41.64557],[-70.34218,41.64645],[-70.34211,41.64822],[-70.34425,41.64912]]]},"properties":{"h":"892a3172a37ffff","t":"Barnstable","v":"Centerville","n":18,"oo":9,"po":50,"ao":3,"ml":1698,"mf":1422.579,"br":1,"rs":2,"pr":11.1,"no":0,"s":36.1,"sp":8.83,"r_oo":0.341,"r_mf":0.231,"r_rs":0.639,"r_n":0.448,"r_sol":0.268}},{"type":"Feature","geometry":{"type":"Polygon","coordinates":[[[-70.35066,41.65182],[-70.35287,41.65094],[-70.35294,41.64917],[-70.3508,41.64827],[-70.34859,41.64915],[-70.34852,41.65092],[-70.35066,41.65182]]]},"properties":{"h":"892a3172a3bffff","t":"Barnstable","v":"Centerville","n":36,"oo":28,"po":77.8,"ao":2,"ml":1995,"mf":1937.653,"br":11,"rs":3,"pr":8.3,"no":0,"s":63.3,"sp":8.83,"r_oo":0.755,"r_mf":0.629,"r_rs":0.48,"r_n":0.75,"r_sol":0.268}},{"type":"Feature","geometry":{"type":"Polygon","coordinates":[[[-70.36121,41.65987],[-70.36342,41.65899],[-70.36349,41.65721],[-70.36135,41.65632],[-70.35914,41.65719],[-70.35908,41.65897],[-70.36121,41.65987]]]},"properties":{"h":"892a3172a43ffff","t":"Barnstable","v":"Centerville","n":39,"oo":30,"po":76.9,"ao":1,"ml":1701,"mf":1752.543,"br":4,"rs":4,"pr":10.3,"no":0,"s":61.3,"sp":8.83,"r_oo":0.738,"r_mf":0.49,"r_rs":0.597,"r_n":0.787,"r_sol":0.268}},{"type":"Feature","geometry":{"type":"Polygon","coordinates":[[[-70.35914,41.65719],[-70.36135,41.65632],[-70.36142,41.65454],[-70.35928,41.65364],[-70.35708,41.65452],[-70.35701,41.65629],[-70.35914,41.65719]]]},"properties":{"h":"892a3172a47ffff","t":"Barnstable","v":"Centerville","n":28,"oo":22,"po":78.6,"ao":1,"ml":1305,"mf":1452.16,"br":3,"rs":1,"pr":3.6,"no":0,"s":50.1,"sp":8.83,"r_oo":0.771,"r_mf":0.255,"r_rs":0.25,"r_n":0.65,"r_sol":0.268}},{"type":"Feature","geometry":{"type":"Polygon","coordinates":[[[-70.36556,41.65989],[-70.36777,41.65901],[-70.36783,41.65724],[-70.3657,41.65634],[-70.36349,41.65721],[-70.36342,41.65899],[-70.36556,41.65989]]]},"properties":{"h":"892a3172a4bffff","t":"Barnstable","v":"Centerville","n":43,"oo":34,"po":79.1,"ao":4,"ml":1346,"mf":1280.297,"br":1,"rs":3,"pr":7,"no":1,"s":51.6,"sp":8.83,"r_oo":0.778,"r_mf":0.144,"r_rs":0.403,"r_n":0.821,"r_sol":0.268}},{"type":"Feature","geometry":{"type":"Polygon","coordinates":[[[-70.36349,41.65721],[-70.3657,41.65634],[-70.36576,41.65456],[-70.36363,41.65366],[-70.36142,41.65454],[-70.36135,41.65632],[-70.36349,41.65721]]]},"properties":{"h":"892a3172a4fffff","t":"Barnstable","v":"Centerville","n":12,"oo":12,"po":100,"ao":0,"ml":1346,"mf":1307.436,"br":0,"rs":0,"pr":0,"no":0,"s":50.8,"sp":8.83,"r_oo":0.988,"r_mf":0.161,"r_rs":0.109,"r_n":0.292,"r_sol":0.268}},{"type":"Feature","geometry":{"type":"Polygon","coordinates":[[[-70.35894,41.66252],[-70.36115,41.66165],[-70.36121,41.65987],[-70.35908,41.65897],[-70.35687,41.65985],[-70.3568,41.66162],[-70.35894,41.66252]]]},"properties":{"h":"892a3172a53ffff","t":"Barnstable","v":"Centerville","n":39,"oo":29,"po":74.4,"ao":2,"ml":1630,"mf":1827.413,"br":5,"rs":6,"pr":15.4,"no":0,"s":64.1,"sp":8.83,"r_oo":0.695,"r_mf":0.539,"r_rs":0.818,"r_n":0.787,"r_sol":0.268}},{"type":"Feature","geometry":{"type":"Polygon","coordinates":[[[-70.35687,41.65985],[-70.35908,41.65897],[-70.35914,41.65719],[-70.35701,41.65629],[-70.3548,41.65717],[-70.35473,41.65895],[-70.35687,41.65985]]]},"properties":{"h":"892a3172a57ffff","t":"Barnstable","v":"Centerville","n":46,"oo":41,"po":89.1,"ao":1,"ml":1367,"mf":1863.462,"br":1,"rs":1,"pr":2.2,"no":0,"s":65.9,"sp":8.83,"r_oo":0.927,"r_mf":0.575,"r_rs":0.221,"r_n":0.846,"r_sol":0.268}},{"type":"Feature","geometry":{"type":"Polygon","coordinates":[[[-70.36328,41.66254],[-70.36549,41.66167],[-70.36556,41.65989],[-70.36342,41.65899],[-70.36121,41.65987],[-70.36115,41.66165],[-70.36328,41.66254]]]},"properties":{"h":"892a3172a5bffff","t":"Barnstable","v":"Centerville","n":57,"oo":49,"po":86,"ao":2,"ml":1480,"mf":1666.109,"br":5,"rs":0,"pr":0,"no":0,"s":59.6,"sp":8.83,"r_oo":0.894,"r_mf":0.414,"r_rs":0.109,"r_n":0.916,"r_sol":0.268}},{"type":"Feature","geometry":{"type":"Polygon","coordinates":[[[-70.35935,41.65186],[-70.36156,41.65099],[-70.36162,41.64921],[-70.35949,41.64831],[-70.35728,41.64919],[-70.35721,41.65097],[-70.35935,41.65186]]]},"properties":{"h":"892a3172a63ffff","t":"Barnstable","v":"Centerville","n":40,"oo":28,"po":70,"ao":2,"ml":1972,"mf":2152.019,"br":11,"rs":4,"pr":10,"no":0,"s":63.1,"sp":8.83,"r_oo":0.626,"r_mf":0.754,"r_rs":0.575,"r_n":0.796,"r_sol":0.268}},{"type":"Feature","geometry":{"type":"Polygon","coordinates":[[[-70.35728,41.64919],[-70.35949,41.64831],[-70.35955,41.64654],[-70.35742,41.64564],[-70.35521,41.64651],[-70.35514,41.64829],[-70.35728,41.64919]]]},"properties":{"h":"892a3172a67ffff","t":"Barnstable","v":"Centerville","n":22,"oo":13,"po":59.1,"ao":3,"ml":2263.5,"mf":2255.077,"br":6,"rs":3,"pr":13.6,"no":0,"s":57.2,"sp":8.83,"r_oo":0.448,"r_mf":0.795,"r_rs":0.759,"r_n":0.533,"r_sol":0.268}},{"type":"Feature","geometry":{"type":"Polygon","coordinates":[[[-70.36369,41.65189],[-70.3659,41.65101],[-70.36597,41.64923],[-70.36383,41.64833],[-70.36162,41.64921],[-70.36156,41.65099],[-70.36369,41.65189]]]},"properties":{"h":"892a3172a6bffff","t":"Barnstable","v":"Centerville","n":16,"oo":12,"po":75,"ao":2,"ml":1525,"mf":1716.986,"br":1,"rs":0,"pr":0,"no":0,"s":48.2,"sp":8.83,"r_oo":0.709,"r_mf":0.461,"r_rs":0.109,"r_n":0.401,"r_sol":0.268}},{"type":"Feature","geometry":{"type":"Polygon","coordinates":[[[-70.36162,41.64921],[-70.36383,41.64833],[-70.3639,41.64656],[-70.36176,41.64566],[-70.35955,41.64654],[-70.35949,41.64831],[-70.36162,41.64921]]]},"properties":{"h":"892a3172a6fffff","t":"Barnstable","v":"Centerville","n":18,"oo":11,"po":61.1,"ao":1,"ml":2214,"mf":2269.148,"br":8,"rs":1,"pr":5.6,"no":0,"s":51.6,"sp":8.83,"r_oo":0.487,"r_mf":0.8,"r_rs":0.332,"r_n":0.448,"r_sol":0.268}},{"type":"Feature","geometry":{"type":"Polygon","coordinates":[[[-70.35708,41.65452],[-70.35928,41.65364],[-70.35935,41.65186],[-70.35721,41.65097],[-70.35501,41.65184],[-70.35494,41.65362],[-70.35708,41.65452]]]},"properties":{"h":"892a3172a73ffff","t":"Barnstable","v":"Centerville","n":60,"oo":36,"po":60,"ao":6,"ml":1308,"mf":1600.018,"br":3,"rs":13,"pr":21.7,"no":0,"s":53.9,"sp":8.83,"r_oo":0.466,"r_mf":0.366,"r_rs":0.941,"r_n":0.927,"r_sol":0.268}},{"type":"Feature","geometry":{"type":"Polygon","coordinates":[[[-70.35501,41.65184],[-70.35721,41.65097],[-70.35728,41.64919],[-70.35514,41.64829],[-70.35294,41.64917],[-70.35287,41.65094],[-70.35501,41.65184]]]},"properties":{"h":"892a3172a77ffff","t":"Barnstable","v":"Centerville","n":17,"oo":13,"po":76.5,"ao":0,"ml":1531,"mf":1848.644,"br":3,"rs":0,"pr":0,"no":0,"s":51.8,"sp":8.83,"r_oo":0.731,"r_mf":0.561,"r_rs":0.109,"r_n":0.426,"r_sol":0.268}},{"type":"Feature","geometry":{"type":"Polygon","coordinates":[[[-70.36142,41.65454],[-70.36363,41.65366],[-70.36369,41.65189],[-70.36156,41.65099],[-70.35935,41.65186],[-70.35928,41.65364],[-70.36142,41.65454]]]},"properties":{"h":"892a3172a7bffff","t":"Barnstable","v":"Centerville","n":16,"oo":11,"po":68.8,"ao":1,"ml":1352,"mf":1855.293,"br":2,"rs":1,"pr":6.2,"no":0,"s":50.2,"sp":8.83,"r_oo":0.6,"r_mf":0.565,"r_rs":0.362,"r_n":0.401,"r_sol":0.268}},{"type":"Feature","geometry":{"type":"Polygon","coordinates":[[[-70.34156,41.66244],[-70.34377,41.66156],[-70.34384,41.65978],[-70.3417,41.65888],[-70.33949,41.65976],[-70.33942,41.66154],[-70.34156,41.66244]]]},"properties":{"h":"892a3172a83ffff","t":"Barnstable","v":"Centerville","n":32,"oo":23,"po":71.9,"ao":4,"ml":1468,"mf":1830.058,"br":5,"rs":1,"pr":3.1,"no":0,"s":53.4,"sp":8.83,"r_oo":0.662,"r_mf":0.543,"r_rs":0.237,"r_n":0.71,"r_sol":0.268}},{"type":"Feature","geometry":{"type":"Polygon","coordinates":[[[-70.33949,41.65976],[-70.3417,41.65888],[-70.34177,41.65711],[-70.33963,41.65621],[-70.33742,41.65708],[-70.33735,41.65886],[-70.33949,41.65976]]]},"properties":{"h":"892a3172a87ffff","t":"Barnstable","v":"Centerville","n":32,"oo":15,"po":46.9,"ao":3,"ml":1378,"mf":1911.938,"br":7,"rs":5,"pr":15.6,"no":0,"s":49.9,"sp":8.83,"r_oo":0.311,"r_mf":0.611,"r_rs":0.826,"r_n":0.71,"r_sol":0.268}},{"type":"Feature","geometry":{"type":"Polygon","coordinates":[[[-70.34591,41.66246],[-70.34811,41.66158],[-70.34818,41.6598],[-70.34604,41.6589],[-70.34384,41.65978],[-70.34377,41.66156],[-70.34591,41.66246]]]},"properties":{"h":"892a3172a8bffff","t":"Barnstable","v":"Centerville","n":40,"oo":30,"po":75,"ao":5,"ml":1564,"mf":1611.165,"br":4,"rs":5,"pr":12.5,"no":0,"s":58.8,"sp":8.83,"r_oo":0.709,"r_mf":0.372,"r_rs":0.702,"r_n":0.796,"r_sol":0.268}},{"type":"Feature","geometry":{"type":"Polygon","coordinates":[[[-70.34384,41.65978],[-70.34604,41.6589],[-70.34611,41.65713],[-70.34397,41.65623],[-70.34177,41.65711],[-70.3417,41.65888],[-70.34384,41.65978]]]},"properties":{"h":"892a3172a8fffff","t":"Barnstable","v":"Centerville","n":15,"oo":12,"po":80,"ao":1,"ml":1366,"mf":1755.191,"br":0,"rs":1,"pr":6.7,"no":0,"s":56.5,"sp":8.83,"r_oo":0.799,"r_mf":0.492,"r_rs":0.389,"r_n":0.369,"r_sol":0.268}},{"type":"Feature","geometry":{"type":"Polygon","coordinates":[[[-70.33928,41.66509],[-70.34149,41.66421],[-70.34156,41.66244],[-70.33942,41.66154],[-70.33722,41.66241],[-70.33715,41.66419],[-70.33928,41.66509]]]},"properties":{"h":"892a3172a93ffff","t":"Barnstable","v":"Centerville","n":22,"oo":12,"po":54.5,"ao":2,"ml":1782,"mf":1766.411,"br":4,"rs":1,"pr":4.5,"no":0,"s":40.6,"sp":8.83,"r_oo":0.395,"r_mf":0.498,"r_rs":0.289,"r_n":0.533,"r_sol":0.268}},{"type":"Feature","geometry":{"type":"Polygon","coordinates":[[[-70.33722,41.66241],[-70.33942,41.66154],[-70.33949,41.65976],[-70.33735,41.65886],[-70.33515,41.65974],[-70.33508,41.66151],[-70.33722,41.66241]]]},"properties":{"h":"892a3172a97ffff","t":"Barnstable","v":"Centerville","n":57,"oo":27,"po":47.4,"ao":5,"ml":1424,"mf":1844.437,"br":8,"rs":3,"pr":5.3,"no":0,"s":43.1,"sp":8.83,"r_oo":0.314,"r_mf":0.557,"r_rs":0.318,"r_n":0.916,"r_sol":0.268}},{"type":"Feature","geometry":{"type":"Polygon","coordinates":[[[-70.34363,41.66511],[-70.34584,41.66423],[-70.34591,41.66246],[-70.34377,41.66156],[-70.34156,41.66244],[-70.34149,41.66421],[-70.34363,41.66511]]]},"properties":{"h":"892a3172a9bffff","t":"Barnstable","v":"Centerville","n":9,"oo":3,"po":33.3,"ao":2,"ml":2396,"mf":1899.435,"br":4,"rs":2,"pr":22.2,"no":0,"s":41.3,"sp":8.83,"r_oo":0.184,"r_mf":0.603,"r_rs":0.948,"r_n":0.194,"r_sol":0.268}},{"type":"Feature","geometry":{"type":"Polygon","coordinates":[[[-70.3397,41.65443],[-70.3419,41.65355],[-70.34197,41.65178],[-70.33984,41.65088],[-70.33763,41.65175],[-70.33756,41.65353],[-70.3397,41.65443]]]},"properties":{"h":"892a3172aa3ffff","t":"Barnstable","v":"Centerville","n":25,"oo":10,"po":40,"ao":7,"ml":1533,"mf":2006.193,"br":4,"rs":2,"pr":8,"no":0,"s":42,"sp":8.83,"r_oo":0.239,"r_mf":0.674,"r_rs":0.462,"r_n":0.593,"r_sol":0.268}},{"type":"Feature","geometry":{"type":"Polygon","coordinates":[[[-70.33763,41.65175],[-70.33984,41.65088],[-70.33991,41.6491],[-70.33777,41.6482],[-70.33556,41.64908],[-70.33549,41.65085],[-70.33763,41.65175]]]},"properties":{"h":"892a3172aa7ffff","t":"Barnstable","v":"Centerville","n":35,"oo":28,"po":80,"ao":3,"ml":1787,"mf":2000.604,"br":4,"rs":2,"pr":5.7,"no":0,"s":63.8,"sp":8.83,"r_oo":0.799,"r_mf":0.668,"r_rs":0.34,"r_n":0.741,"r_sol":0.268}},{"type":"Feature","geometry":{"type":"Polygon","coordinates":[[[-70.34404,41.65445],[-70.34625,41.65358],[-70.34632,41.6518],[-70.34418,41.6509],[-70.34197,41.65178],[-70.3419,41.65355],[-70.34404,41.65445]]]},"properties":{"h":"892a3172aabffff","t":"Barnstable","v":"Centerville","n":29,"oo":14,"po":48.3,"ao":6,"ml":1472,"mf":1701.155,"br":3,"rs":1,"pr":3.4,"no":0,"s":37,"sp":8.83,"r_oo":0.322,"r_mf":0.445,"r_rs":0.246,"r_n":0.668,"r_sol":0.268}},{"type":"Feature","geometry":{"type":"Polygon","coordinates":[[[-70.34197,41.65178],[-70.34418,41.6509],[-70.34425,41.64912],[-70.34211,41.64822],[-70.33991,41.6491],[-70.33984,41.65088],[-70.34197,41.65178]]]},"properties":{"h":"892a3172aafffff","t":"Barnstable","v":"Centerville","n":19,"oo":8,"po":42.1,"ao":3,"ml":1936,"mf":1847.586,"br":1,"rs":0,"pr":0,"no":0,"s":33.3,"sp":8.83,"r_oo":0.258,"r_mf":0.559,"r_rs":0.109,"r_n":0.472,"r_sol":0.268}},{"type":"Feature","geometry":{"type":"Polygon","coordinates":[[[-70.33742,41.65708],[-70.33963,41.65621],[-70.3397,41.65443],[-70.33756,41.65353],[-70.33535,41.65441],[-70.33529,41.65618],[-70.33742,41.65708]]]},"properties":{"h":"892a3172ab3ffff","t":"Barnstable","v":"Centerville","n":15,"oo":10,"po":66.7,"ao":1,"ml":2272,"mf":3049.521,"br":10,"rs":1,"pr":6.7,"no":0,"s":58.4,"sp":8.83,"r_oo":0.565,"r_mf":0.945,"r_rs":0.389,"r_n":0.369,"r_sol":0.268}},{"type":"Feature","geometry":{"type":"Polygon","coordinates":[[[-70.33535,41.65441],[-70.33756,41.65353],[-70.33763,41.65175],[-70.33549,41.65085],[-70.33329,41.65173],[-70.33322,41.65351],[-70.33535,41.65441]]]},"properties":{"h":"892a3172ab7ffff","t":"Barnstable","v":"Centerville","n":38,"oo":23,"po":60.5,"ao":6,"ml":1784.5,"mf":2069.257,"br":11,"rs":5,"pr":13.2,"no":0,"s":58.6,"sp":8.83,"r_oo":0.481,"r_mf":0.714,"r_rs":0.742,"r_n":0.773,"r_sol":0.268}},{"type":"Feature","geometry":{"type":"Polygon","coordinates":[[[-70.34177,41.65711],[-70.34397,41.65623],[-70.34404,41.65445],[-70.3419,41.65355],[-70.3397,41.65443],[-70.33963,41.65621],[-70.34177,41.65711]]]},"properties":{"h":"892a3172abbffff","t":"Barnstable","v":"Centerville","n":28,"oo":22,"po":78.6,"ao":3,"ml":1839,"mf":2299.99,"br":14,"rs":4,"pr":14.3,"no":0,"s":72,"sp":8.83,"r_oo":0.771,"r_mf":0.807,"r_rs":0.784,"r_n":0.65,"r_sol":0.268}},{"type":"Feature","geometry":{"type":"Polygon","coordinates":[[[-70.35232,41.66516],[-70.35453,41.66428],[-70.35459,41.6625],[-70.35246,41.6616],[-70.35025,41.66248],[-70.35018,41.66426],[-70.35232,41.66516]]]},"properties":{"h":"892a3172ac3ffff","t":"Barnstable","v":"Centerville","n":49,"oo":42,"po":85.7,"ao":1,"ml":1322,"mf":1519.7,"br":2,"rs":4,"pr":8.2,"no":0,"s":61.4,"sp":8.83,"r_oo":0.887,"r_mf":0.302,"r_rs":0.472,"r_n":0.868,"r_sol":0.268}},{"type":"Feature","geometry":{"type":"Polygon","coordinates":[[[-70.35025,41.66248],[-70.35246,41.6616],[-70.35253,41.65983],[-70.35039,41.65893],[-70.34818,41.6598],[-70.34811,41.66158],[-70.35025,41.66248]]]},"properties":{"h":"892a3172ac7ffff","t":"Barnstable","v":"Centerville","n":43,"oo":24,"po":55.8,"ao":2,"ml":1458,"mf":1596.988,"br":1,"rs":4,"pr":9.3,"no":0,"s":44.4,"sp":8.83,"r_oo":0.41,"r_mf":0.363,"r_rs":0.538,"r_n":0.821,"r_sol":0.268}},{"type":"Feature","geometry":{"type":"Polygon","coordinates":[[[-70.35666,41.66518],[-70.35887,41.6643],[-70.35894,41.66252],[-70.3568,41.66162],[-70.35459,41.6625],[-70.35453,41.66428],[-70.35666,41.66518]]]},"properties":{"h":"892a3172acbffff","t":"Barnstable","v":"Centerville","n":22,"oo":19,"po":86.4,"ao":1,"ml":1347.5,"mf":1834.857,"br":3,"rs":2,"pr":9.1,"no":0,"s":65.4,"sp":8.83,"r_oo":0.898,"r_mf":0.547,"r_rs":0.524,"r_n":0.533,"r_sol":0.268}},{"type":"Feature","geometry":{"type":"Polygon","coordinates":[[[-70.35459,41.6625],[-70.3568,41.66162],[-70.35687,41.65985],[-70.35473,41.65895],[-70.35253,41.65983],[-70.35246,41.6616],[-70.35459,41.6625]]]},"properties":{"h":"892a3172acfffff","t":"Barnstable","v":"Centerville","n":43,"oo":31,"po":72.1,"ao":1,"ml":1314,"mf":1639.78,"br":1,"rs":2,"pr":4.7,"no":0,"s":51.7,"sp":8.83,"r_oo":0.663,"r_mf":0.395,"r_rs":0.295,"r_n":0.821,"r_sol":0.268}},{"type":"Feature","geometry":{"type":"Polygon","coordinates":[[[-70.35004,41.66781],[-70.35225,41.66693],[-70.35232,41.66516],[-70.35018,41.66426],[-70.34797,41.66513],[-70.34791,41.66691],[-70.35004,41.66781]]]},"properties":{"h":"892a3172ad3ffff","t":"Barnstable","v":"Centerville","n":9,"oo":8,"po":88.9,"ao":0,"ml":1955,"mf":1968.284,"br":2,"rs":2,"pr":22.2,"no":0,"s":71.9,"sp":8.83,"r_oo":0.922,"r_mf":0.647,"r_rs":0.948,"r_n":0.194,"r_sol":0.268}},{"type":"Feature","geometry":{"type":"Polygon","coordinates":[[[-70.34797,41.66513],[-70.35018,41.66426],[-70.35025,41.66248],[-70.34811,41.66158],[-70.34591,41.66246],[-70.34584,41.66423],[-70.34797,41.66513]]]},"properties":{"h":"892a3172ad7ffff","t":"Barnstable","v":"Centerville","n":45,"oo":28,"po":62.2,"ao":4,"ml":1680,"mf":1537.584,"br":5,"rs":1,"pr":2.2,"no":0,"s":42.2,"sp":8.83,"r_oo":0.497,"r_mf":0.318,"r_rs":0.221,"r_n":0.837,"r_sol":0.268}},{"type":"Feature","geometry":{"type":"Polygon","coordinates":[[[-70.35439,41.66783],[-70.3566,41.66695],[-70.35666,41.66518],[-70.35453,41.66428],[-70.35232,41.66516],[-70.35225,41.66693],[-70.35439,41.66783]]]},"properties":{"h":"892a3172adbffff","t":"Barnstable","v":"Centerville","n":48,"oo":44,"po":91.7,"ao":1,"ml":1441.5,"mf":1854.054,"br":3,"rs":4,"pr":8.3,"no":0,"s":70.7,"sp":8.83,"r_oo":0.954,"r_mf":0.564,"r_rs":0.48,"r_n":0.86,"r_sol":0.268}},{"type":"Feature","geometry":{"type":"Polygon","coordinates":[[[-70.34032,41.63844],[-70.34253,41.63757],[-70.34259,41.63579],[-70.34046,41.63489],[-70.33825,41.63577],[-70.33818,41.63754],[-70.34032,41.63844]]]},"properties":{"h":"892a3172b0bffff","t":"Barnstable","v":"Centerville","n":6,"oo":0,"po":0,"ao":0,"ml":1828.5,"mf":1309.556,"br":0,"rs":0,"pr":0,"no":0,"s":9.6,"sp":8.83,"r_oo":0.014,"r_mf":0.162,"r_rs":0.109,"r_n":0.072,"r_sol":0.268}},{"type":"Feature","geometry":{"type":"Polygon","coordinates":[[[-70.3337,41.64107],[-70.33591,41.6402],[-70.33598,41.63842],[-70.33384,41.63752],[-70.33163,41.6384],[-70.33157,41.64018],[-70.3337,41.64107]]]},"properties":{"h":"892a3172b13ffff","t":"Barnstable","v":"Centerville","n":50,"oo":15,"po":30,"ao":13,"ml":1761,"mf":1559.777,"br":6,"rs":3,"pr":6,"no":0,"s":31.2,"sp":8.83,"r_oo":0.156,"r_mf":0.334,"r_rs":0.349,"r_n":0.875,"r_sol":0.268}},{"type":"Feature","geometry":{"type":"Polygon","coordinates":[[[-70.33163,41.6384],[-70.33384,41.63752],[-70.33391,41.63575],[-70.33177,41.63485],[-70.32957,41.63572],[-70.3295,41.6375],[-70.33163,41.6384]]]},"properties":{"h":"892a3172b17ffff","t":"Barnstable","v":"Centerville","n":18,"oo":2,"po":11.1,"ao":5,"ml":3050.5,"mf":2646.224,"br":11,"rs":2,"pr":11.1,"no":0,"s":41.3,"sp":8.83,"r_oo":0.047,"r_mf":0.906,"r_rs":0.639,"r_n":0.448,"r_sol":0.268}},{"type":"Feature","geometry":{"type":"Polygon","coordinates":[[[-70.34673,41.64114],[-70.34894,41.64026],[-70.349,41.63849],[-70.34687,41.63759],[-70.34466,41.63847],[-70.34459,41.64024],[-70.34673,41.64114]]]},"properties":{"h":"892a3172b43ffff","t":"Barnstable","v":"Centerville","n":8,"oo":2,"po":25,"ao":3,"ml":2537.5,"mf":2091.342,"br":4,"rs":2,"pr":25,"no":0,"s":42,"sp":8.83,"r_oo":0.128,"r_mf":0.725,"r_rs":0.965,"r_n":0.154,"r_sol":0.268}},{"type":"Feature","geometry":{"type":"Polygon","coordinates":[[[-70.34466,41.63847],[-70.34687,41.63759],[-70.34694,41.63581],[-70.3448,41.63491],[-70.34259,41.63579],[-70.34253,41.63757],[-70.34466,41.63847]]]},"properties":{"h":"892a3172b47ffff","t":"Barnstable","v":"Centerville","n":24,"oo":5,"po":20.8,"ao":7,"ml":2232,"mf":1521.517,"br":3,"rs":2,"pr":8.3,"no":0,"s":27.5,"sp":8.83,"r_oo":0.108,"r_mf":0.303,"r_rs":0.48,"r_n":0.573,"r_sol":0.268}},{"type":"Feature","geometry":{"type":"Polygon","coordinates":[[[-70.35107,41.64116],[-70.35328,41.64029],[-70.35335,41.63851],[-70.35121,41.63761],[-70.349,41.63849],[-70.34894,41.64026],[-70.35107,41.64116]]]},"properties":{"h":"892a3172b4bffff","t":"Barnstable","v":"Centerville","n":15,"oo":6,"po":40,"ao":2,"ml":2293,"mf":2069.449,"br":3,"rs":0,"pr":0,"no":0,"s":35.4,"sp":8.83,"r_oo":0.239,"r_mf":0.714,"r_rs":0.109,"r_n":0.369,"r_sol":0.268}},{"type":"Feature","geometry":{"type":"Polygon","coordinates":[[[-70.349,41.63849],[-70.35121,41.63761],[-70.35128,41.63583],[-70.34914,41.63494],[-70.34694,41.63581],[-70.34687,41.63759],[-70.349,41.63849]]]},"properties":{"h":"892a3172b4fffff","t":"Barnstable","v":"Centerville","n":23,"oo":6,"po":26.1,"ao":4,"ml":2688,"mf":2177.996,"br":8,"rs":3,"pr":13,"no":0,"s":43.6,"sp":8.83,"r_oo":0.133,"r_mf":0.762,"r_rs":0.734,"r_n":0.554,"r_sol":0.268}},{"type":"Feature","geometry":{"type":"Polygon","coordinates":[[[-70.34446,41.64379],[-70.34666,41.64292],[-70.34673,41.64114],[-70.34459,41.64024],[-70.34239,41.64112],[-70.34232,41.6429],[-70.34446,41.64379]]]},"properties":{"h":"892a3172b53ffff","t":"Barnstable","v":"Centerville","n":19,"oo":8,"po":42.1,"ao":6,"ml":1796,"mf":1547.206,"br":2,"rs":0,"pr":0,"no":0,"s":27.5,"sp":8.83,"r_oo":0.258,"r_mf":0.328,"r_rs":0.109,"r_n":0.472,"r_sol":0.268}},{"type":"Feature","geometry":{"type":"Polygon","coordinates":[[[-70.34239,41.64112],[-70.34459,41.64024],[-70.34466,41.63847],[-70.34253,41.63757],[-70.34032,41.63844],[-70.34025,41.64022],[-70.34239,41.64112]]]},"properties":{"h":"892a3172b57ffff","t":"Barnstable","v":"Centerville","n":24,"oo":2,"po":8.3,"ao":9,"ml":1130,"mf":1229.12,"br":4,"rs":2,"pr":8.3,"no":0,"s":19.7,"sp":8.83,"r_oo":0.036,"r_mf":0.106,"r_rs":0.48,"r_n":0.573,"r_sol":0.268}},{"type":"Feature","geometry":{"type":"Polygon","coordinates":[[[-70.3488,41.64382],[-70.351,41.64294],[-70.35107,41.64116],[-70.34894,41.64026],[-70.34673,41.64114],[-70.34666,41.64292],[-70.3488,41.64382]]]},"properties":{"h":"892a3172b5bffff","t":"Barnstable","v":"Centerville","n":16,"oo":6,"po":37.5,"ao":5,"ml":2284,"mf":1582.366,"br":1,"rs":1,"pr":6.2,"no":0,"s":29.5,"sp":8.83,"r_oo":0.216,"r_mf":0.351,"r_rs":0.362,"r_n":0.401,"r_sol":0.268}},{"type":"Feature","geometry":{"type":"Polygon","coordinates":[[[-70.32708,41.6437],[-70.32929,41.64283],[-70.32936,41.64105],[-70.32722,41.64015],[-70.32502,41.64103],[-70.32495,41.64281],[-70.32708,41.6437]]]},"properties":{"h":"892a3172b83ffff","t":"Barnstable","v":"Centerville","n":55,"oo":17,"po":30.9,"ao":4,"ml":1128,"mf":1209.53,"br":2,"rs":8,"pr":14.5,"no":0,"s":32.5,"sp":8.83,"r_oo":0.161,"r_mf":0.094,"r_rs":0.798,"r_n":0.904,"r_sol":0.268}},{"type":"Feature","geometry":{"type":"Polygon","coordinates":[[[-70.32502,41.64103],[-70.32722,41.64015],[-70.32729,41.63838],[-70.32516,41.63748],[-70.32295,41.63835],[-70.32288,41.64013],[-70.32502,41.64103]]]},"properties":{"h":"892a3172b87ffff","t":"Barnstable","v":"Centerville","n":30,"oo":9,"po":30,"ao":3,"ml":2177,"mf":2253.337,"br":13,"rs":2,"pr":6.7,"no":0,"s":41.4,"sp":8.83,"r_oo":0.156,"r_mf":0.793,"r_rs":0.389,"r_n":0.682,"r_sol":0.268}},{"type":"Feature","geometry":{"type":"Polygon","coordinates":[[[-70.33143,41.64373],[-70.33363,41.64285],[-70.3337,41.64107],[-70.33157,41.64018],[-70.32936,41.64105],[-70.32929,41.64283],[-70.33143,41.64373]]]},"properties":{"h":"892a3172b8bffff","t":"Barnstable","v":"Centerville","n":29,"oo":4,"po":13.8,"ao":12,"ml":1234,"mf":1170.519,"br":2,"rs":2,"pr":6.9,"no":0,"s":19.8,"sp":8.83,"r_oo":0.061,"r_mf":0.079,"r_rs":0.4,"r_n":0.668,"r_sol":0.268}},{"type":"Feature","geometry":{"type":"Polygon","coordinates":[[[-70.32936,41.64105],[-70.33157,41.64018],[-70.33163,41.6384],[-70.3295,41.6375],[-70.32729,41.63838],[-70.32722,41.64015],[-70.32936,41.64105]]]},"properties":{"h":"892a3172b8fffff","t":"Barnstable","v":"Centerville","n":49,"oo":5,"po":10.2,"ao":11,"ml":1363,"mf":1636.681,"br":7,"rs":3,"pr":6.1,"no":0,"s":28.1,"sp":8.83,"r_oo":0.043,"r_mf":0.391,"r_rs":0.35,"r_n":0.868,"r_sol":0.268}},{"type":"Feature","geometry":{"type":"Polygon","coordinates":[[[-70.32481,41.64636],[-70.32701,41.64548],[-70.32708,41.6437],[-70.32495,41.64281],[-70.32274,41.64368],[-70.32267,41.64546],[-70.32481,41.64636]]]},"properties":{"h":"892a3172b93ffff","t":"Barnstable","v":"Centerville","n":67,"oo":26,"po":38.8,"ao":10,"ml":1202,"mf":1382.791,"br":2,"rs":5,"pr":7.5,"no":0,"s":32.8,"sp":8.83,"r_oo":0.225,"r_mf":0.208,"r_rs":0.431,"r_n":0.953,"r_sol":0.268}},{"type":"Feature","geometry":{"type":"Polygon","coordinates":[[[-70.32274,41.64368],[-70.32495,41.64281],[-70.32502,41.64103],[-70.32288,41.64013],[-70.32067,41.64101],[-70.3206,41.64278],[-70.32274,41.64368]]]},"properties":{"h":"892a3172b97ffff","t":"Barnstable","v":"Centerville","n":43,"oo":18,"po":41.9,"ao":2,"ml":1267,"mf":1382.54,"br":1,"rs":4,"pr":9.3,"no":0,"s":34.4,"sp":8.83,"r_oo":0.256,"r_mf":0.207,"r_rs":0.538,"r_n":0.821,"r_sol":0.268}},{"type":"Feature","geometry":{"type":"Polygon","coordinates":[[[-70.32915,41.64638],[-70.33136,41.6455],[-70.33143,41.64373],[-70.32929,41.64283],[-70.32708,41.6437],[-70.32701,41.64548],[-70.32915,41.64638]]]},"properties":{"h":"892a3172b9bffff","t":"Barnstable","v":"Centerville","n":71,"oo":24,"po":33.8,"ao":15,"ml":1172.5,"mf":1250.464,"br":1,"rs":6,"pr":8.5,"no":0,"s":30.4,"sp":8.83,"r_oo":0.194,"r_mf":0.121,"r_rs":0.49,"r_n":0.962,"r_sol":0.268}},{"type":"Feature","geometry":{"type":"Polygon","coordinates":[[[-70.32522,41.6357],[-70.32743,41.63482],[-70.3275,41.63305],[-70.32536,41.63215],[-70.32316,41.63303],[-70.32309,41.6348],[-70.32522,41.6357]]]},"properties":{"h":"892a3172ba3ffff","t":"Barnstable","v":"Centerville","n":14,"oo":0,"po":0,"ao":1,"ml":4496.5,"mf":3629.657,"br":13,"rs":1,"pr":7.1,"no":0,"s":37.2,"sp":8.83,"r_oo":0.014,"r_mf":0.974,"r_rs":0.413,"r_n":0.341,"r_sol":0.268}},{"type":"Feature","geometry":{"type":"Polygon","coordinates":[[[-70.32957,41.63572],[-70.33177,41.63485],[-70.33184,41.63307],[-70.32971,41.63217],[-70.3275,41.63305],[-70.32743,41.63482],[-70.32957,41.63572]]]},"properties":{"h":"892a3172babffff","t":"Barnstable","v":"Centerville","n":6,"oo":0,"po":0,"ao":1,"ml":5188.5,"mf":4518.696,"br":6,"rs":0,"pr":0,"no":0,"s":30.4,"sp":8.83,"r_oo":0.014,"r_mf":0.992,"r_rs":0.109,"r_n":0.072,"r_sol":0.268}},{"type":"Feature","geometry":{"type":"Polygon","coordinates":[[[-70.32295,41.63835],[-70.32516,41.63748],[-70.32522,41.6357],[-70.32309,41.6348],[-70.32088,41.63568],[-70.32081,41.63745],[-70.32295,41.63835]]]},"properties":{"h":"892a3172bb3ffff","t":"Barnstable","v":"Hyannis","n":43,"oo":5,"po":11.6,"ao":10,"ml":1990,"mf":1878.442,"br":16,"rs":5,"pr":11.6,"no":0,"s":37.6,"sp":8.83,"r_oo":0.052,"r_mf":0.586,"r_rs":0.663,"r_n":0.821,"r_sol":0.268}},{"type":"Feature","geometry":{"type":"Polygon","coordinates":[[[-70.32088,41.63568],[-70.32309,41.6348],[-70.32316,41.63303],[-70.32102,41.63213],[-70.31882,41.633],[-70.31875,41.63478],[-70.32088,41.63568]]]},"properties":{"h":"892a3172bb7ffff","t":"Barnstable","v":"Hyannis","n":46,"oo":0,"po":0,"ao":14,"ml":1591,"mf":1772.486,"br":6,"rs":3,"pr":6.5,"no":0,"s":29.9,"sp":8.83,"r_oo":0.014,"r_mf":0.502,"r_rs":0.379,"r_n":0.846,"r_sol":0.268}},{"type":"Feature","geometry":{"type":"Polygon","coordinates":[[[-70.32729,41.63838],[-70.3295,41.6375],[-70.32957,41.63572],[-70.32743,41.63482],[-70.32522,41.6357],[-70.32516,41.63748],[-70.32729,41.63838]]]},"properties":{"h":"892a3172bbbffff","t":"Barnstable","v":"Centerville","n":28,"oo":1,"po":3.6,"ao":4,"ml":2870.5,"mf":3120.02,"br":21,"rs":1,"pr":3.6,"no":0,"s":37.8,"sp":8.83,"r_oo":0.028,"r_mf":0.95,"r_rs":0.25,"r_n":0.65,"r_sol":0.268}},{"type":"Feature","geometry":{"type":"Polygon","coordinates":[[[-70.33784,41.64643],[-70.34004,41.64555],[-70.34011,41.64377],[-70.33798,41.64287],[-70.33577,41.64375],[-70.3357,41.64553],[-70.33784,41.64643]]]},"properties":{"h":"892a3172bc3ffff","t":"Barnstable","v":"Centerville","n":19,"oo":17,"po":89.5,"ao":0,"ml":2715,"mf":2644.185,"br":12,"rs":0,"pr":0,"no":0,"s":68.8,"sp":8.83,"r_oo":0.93,"r_mf":0.905,"r_rs":0.109,"r_n":0.472,"r_sol":0.268}},{"type":"Feature","geometry":{"type":"Polygon","coordinates":[[[-70.33577,41.64375],[-70.33798,41.64287],[-70.33804,41.6411],[-70.33591,41.6402],[-70.3337,41.64107],[-70.33363,41.64285],[-70.33577,41.64375]]]},"properties":{"h":"892a3172bc7ffff","t":"Barnstable","v":"Centerville","n":16,"oo":7,"po":43.8,"ao":3,"ml":2490.5,"mf":2266.498,"br":8,"rs":0,"pr":0,"no":0,"s":39.4,"sp":8.83,"r_oo":0.279,"r_mf":0.797,"r_rs":0.109,"r_n":0.401,"r_sol":0.268}},{"type":"Feature","geometry":{"type":"Polygon","coordinates":[[[-70.34218,41.64645],[-70.34439,41.64557],[-70.34446,41.64379],[-70.34232,41.6429],[-70.34011,41.64377],[-70.34004,41.64555],[-70.34218,41.64645]]]},"properties":{"h":"892a3172bcbffff","t":"Barnstable","v":"Centerville","n":37,"oo":19,"po":51.4,"ao":4,"ml":1230,"mf":1336.965,"br":6,"rs":2,"pr":5.4,"no":0,"s":34,"sp":8.83,"r_oo":0.362,"r_mf":0.174,"r_rs":0.324,"r_n":0.76,"r_sol":0.268}},{"type":"Feature","geometry":{"type":"Polygon","coordinates":[[[-70.34011,41.64377],[-70.34232,41.6429],[-70.34239,41.64112],[-70.34025,41.64022],[-70.33804,41.6411],[-70.33798,41.64287],[-70.34011,41.64377]]]},"properties":{"h":"892a3172bcfffff","t":"Barnstable","v":"Centerville","n":9,"oo":2,"po":22.2,"ao":0,"ml":1922,"mf":2236.534,"br":3,"rs":0,"pr":0,"no":0,"s":30.6,"sp":8.83,"r_oo":0.118,"r_mf":0.785,"r_rs":0.109,"r_n":0.194,"r_sol":0.268}},{"type":"Feature","geometry":{"type":"Polygon","coordinates":[[[-70.33556,41.64908],[-70.33777,41.6482],[-70.33784,41.64643],[-70.3357,41.64553],[-70.33349,41.6464],[-70.33342,41.64818],[-70.33556,41.64908]]]},"properties":{"h":"892a3172bd3ffff","t":"Barnstable","v":"Centerville","n":24,"oo":17,"po":70.8,"ao":1,"ml":2245,"mf":2382.614,"br":11,"rs":2,"pr":8.3,"no":0,"s":62,"sp":8.83,"r_oo":0.64,"r_mf":0.834,"r_rs":0.48,"r_n":0.573,"r_sol":0.268}},{"type":"Feature","geometry":{"type":"Polygon","coordinates":[[[-70.33349,41.6464],[-70.3357,41.64553],[-70.33577,41.64375],[-70.33363,41.64285],[-70.33143,41.64373],[-70.33136,41.6455],[-70.33349,41.6464]]]},"properties":{"h":"892a3172bd7ffff","t":"Barnstable","v":"Centerville","n":27,"oo":20,"po":74.1,"ao":3,"ml":2623,"mf":2284.924,"br":10,"rs":3,"pr":11.1,"no":0,"s":66.3,"sp":8.83,"r_oo":0.69,"r_mf":0.803,"r_rs":0.639,"r_n":0.632,"r_sol":0.268}},{"type":"Feature","geometry":{"type":"Polygon","coordinates":[[[-70.33991,41.6491],[-70.34211,41.64822],[-70.34218,41.64645],[-70.34004,41.64555],[-70.33784,41.64643],[-70.33777,41.6482],[-70.33991,41.6491]]]},"properties":{"h":"892a3172bdbffff","t":"Barnstable","v":"Centerville","n":39,"oo":28,"po":71.8,"ao":1,"ml":1768,"mf":1699.893,"br":6,"rs":7,"pr":17.9,"no":0,"s":61.3,"sp":8.83,"r_oo":0.66,"r_mf":0.444,"r_rs":0.88,"r_n":0.787,"r_sol":0.268}},{"type":"Feature","geometry":{"type":"Polygon","coordinates":[[[-70.30204,41.67289],[-70.30424,41.67201],[-70.30431,41.67023],[-70.30218,41.66933],[-70.29997,41.67021],[-70.2999,41.67199],[-70.30204,41.67289]]]},"properties":{"h":"892a3172c07ffff","t":"Barnstable","v":"Hyannis","n":6,"oo":1,"po":16.7,"ao":1,"ml":978,"mf":1157.362,"br":1,"rs":3,"pr":50,"no":0,"s":23.2,"sp":8.83,"r_oo":0.075,"r_mf":0.071,"r_rs":0.999,"r_n":0.072,"r_sol":0.268}},{"type":"Feature","geometry":{"type":"Polygon","coordinates":[[[-70.30845,41.67559],[-70.31066,41.67471],[-70.31073,41.67294],[-70.30859,41.67204],[-70.30638,41.67291],[-70.30631,41.67469],[-70.30845,41.67559]]]},"properties":{"h":"892a3172c0bffff","t":"Barnstable","v":"Hyannis","n":12,"oo":11,"po":91.7,"ao":0,"ml":1458,"mf":1681.697,"br":0,"rs":0,"pr":0,"no":0,"s":56,"sp":8.83,"r_oo":0.954,"r_mf":0.425,"r_rs":0.109,"r_n":0.292,"r_sol":0.268}},{"type":"Feature","geometry":{"type":"Polygon","coordinates":[[[-70.30638,41.67291],[-70.30859,41.67204],[-70.30866,41.67026],[-70.30652,41.66936],[-70.30431,41.67023],[-70.30424,41.67201],[-70.30638,41.67291]]]},"properties":{"h":"892a3172c0fffff","t":"Barnstable","v":"Hyannis","n":22,"oo":19,"po":86.4,"ao":0,"ml":1255.5,"mf":1370.997,"br":0,"rs":1,"pr":4.5,"no":0,"s":53.2,"sp":8.83,"r_oo":0.898,"r_mf":0.2,"r_rs":0.289,"r_n":0.533,"r_sol":0.268}},{"type":"Feature","geometry":{"type":"Polygon","coordinates":[[[-70.30018,41.66488],[-70.30239,41.664],[-70.30246,41.66223],[-70.30032,41.66133],[-70.29811,41.6622],[-70.29804,41.66398],[-70.30018,41.66488]]]},"properties":{"h":"892a3172c27ffff","t":"Barnstable","v":"Hyannis","n":13,"oo":10,"po":76.9,"ao":0,"ml":1248,"mf":1424.549,"br":0,"rs":1,"pr":7.7,"no":0,"s":47.9,"sp":8.83,"r_oo":0.738,"r_mf":0.236,"r_rs":0.442,"r_n":0.318,"r_sol":0.268}},{"type":"Feature","geometry":{"type":"Polygon","coordinates":[[[-70.30659,41.66758],[-70.3088,41.66671],[-70.30887,41.66493],[-70.30673,41.66403],[-70.30452,41.6649],[-70.30445,41.66668],[-70.30659,41.66758]]]},"properties":{"h":"892a3172c2bffff","t":"Barnstable","v":"Hyannis","n":15,"oo":12,"po":80,"ao":0,"ml":1152,"mf":1409.052,"br":1,"rs":0,"pr":0,"no":0,"s":45.5,"sp":8.83,"r_oo":0.799,"r_mf":0.224,"r_rs":0.109,"r_n":0.369,"r_sol":0.268}},{"type":"Feature","geometry":{"type":"Polygon","coordinates":[[[-70.30452,41.6649],[-70.30673,41.66403],[-70.3068,41.66225],[-70.30467,41.66135],[-70.30246,41.66223],[-70.30239,41.664],[-70.30452,41.6649]]]},"properties":{"h":"892a3172c2fffff","t":"Barnstable","v":"Hyannis","n":7,"oo":6,"po":85.7,"ao":0,"ml":1558,"mf":1770.723,"br":0,"rs":0,"pr":0,"no":0,"s":53.4,"sp":8.83,"r_oo":0.887,"r_mf":0.5,"r_rs":0.109,"r_n":0.115,"r_sol":0.268}},{"type":"Feature","geometry":{"type":"Polygon","coordinates":[[[-70.31279,41.67561],[-70.315,41.67474],[-70.31507,41.67296],[-70.31293,41.67206],[-70.31073,41.67294],[-70.31066,41.67471],[-70.31279,41.67561]]]},"properties":{"h":"892a3172c47ffff","t":"Barnstable","v":"Hyannis","n":16,"oo":10,"po":62.5,"ao":3,"ml":1843,"mf":1841.218,"br":3,"rs":1,"pr":6.2,"no":0,"s":46.1,"sp":8.83,"r_oo":0.504,"r_mf":0.554,"r_rs":0.362,"r_n":0.401,"r_sol":0.268}},{"type":"Feature","geometry":{"type":"Polygon","coordinates":[[[-70.31921,41.67831],[-70.32142,41.67744],[-70.32149,41.67566],[-70.31935,41.67476],[-70.31714,41.67564],[-70.31707,41.67741],[-70.31921,41.67831]]]},"properties":{"h":"892a3172c4bffff","t":"Barnstable","v":"Hyannis","n":7,"oo":3,"po":42.9,"ao":2,"ml":1972,"mf":1633.141,"br":1,"rs":0,"pr":0,"no":0,"s":25.9,"sp":8.83,"r_oo":0.267,"r_mf":0.389,"r_rs":0.109,"r_n":0.115,"r_sol":0.268}},{"type":"Feature","geometry":{"type":"Polygon","coordinates":[[[-70.31714,41.67564],[-70.31935,41.67476],[-70.31942,41.67298],[-70.31728,41.67208],[-70.31507,41.67296],[-70.315,41.67474],[-70.31714,41.67564]]]},"properties":{"h":"892a3172c4fffff","t":"Barnstable","v":"Hyannis","n":28,"oo":24,"po":85.7,"ao":1,"ml":1638,"mf":1995.459,"br":7,"rs":5,"pr":17.9,"no":0,"s":74.4,"sp":8.83,"r_oo":0.887,"r_mf":0.664,"r_rs":0.88,"r_n":0.65,"r_sol":0.268}},{"type":"Feature","geometry":{"type":"Polygon","coordinates":[[[-70.313,41.67028],[-70.31521,41.66941],[-70.31528,41.66763],[-70.31314,41.66673],[-70.31094,41.66761],[-70.31087,41.66938],[-70.313,41.67028]]]},"properties":{"h":"892a3172c63ffff","t":"Barnstable","v":"Hyannis","n":67,"oo":51,"po":76.1,"ao":5,"ml":1780,"mf":1889.359,"br":9,"rs":6,"pr":9,"no":0,"s":63.9,"sp":8.83,"r_oo":0.727,"r_mf":0.597,"r_rs":0.512,"r_n":0.953,"r_sol":0.268}},{"type":"Feature","geometry":{"type":"Polygon","coordinates":[[[-70.31094,41.66761],[-70.31314,41.66673],[-70.31321,41.66495],[-70.31108,41.66405],[-70.30887,41.66493],[-70.3088,41.66671],[-70.31094,41.66761]]]},"properties":{"h":"892a3172c67ffff","t":"Barnstable","v":"Hyannis","n":51,"oo":43,"po":84.3,"ao":1,"ml":1270,"mf":1313.392,"br":1,"rs":7,"pr":13.7,"no":0,"s":62,"sp":8.83,"r_oo":0.874,"r_mf":0.164,"r_rs":0.762,"r_n":0.88,"r_sol":0.268}},{"type":"Feature","geometry":{"type":"Polygon","coordinates":[[[-70.31735,41.67031],[-70.31956,41.66943],[-70.31963,41.66765],[-70.31749,41.66675],[-70.31528,41.66763],[-70.31521,41.66941],[-70.31735,41.67031]]]},"properties":{"h":"892a3172c6bffff","t":"Barnstable","v":"Hyannis","n":58,"oo":42,"po":72.4,"ao":3,"ml":1224,"mf":1292.225,"br":3,"rs":6,"pr":10.3,"no":0,"s":51.3,"sp":8.83,"r_oo":0.668,"r_mf":0.152,"r_rs":0.597,"r_n":0.92,"r_sol":0.268}},{"type":"Feature","geometry":{"type":"Polygon","coordinates":[[[-70.31528,41.66763],[-70.31749,41.66675],[-70.31756,41.66498],[-70.31542,41.66408],[-70.31321,41.66495],[-70.31314,41.66673],[-70.31528,41.66763]]]},"properties":{"h":"892a3172c6fffff","t":"Barnstable","v":"Hyannis","n":48,"oo":38,"po":79.2,"ao":6,"ml":1537.5,"mf":1713.901,"br":4,"rs":3,"pr":6.2,"no":0,"s":59.3,"sp":8.83,"r_oo":0.779,"r_mf":0.458,"r_rs":0.362,"r_n":0.86,"r_sol":0.268}},{"type":"Feature","geometry":{"type":"Polygon","coordinates":[[[-70.31073,41.67294],[-70.31293,41.67206],[-70.313,41.67028],[-70.31087,41.66938],[-70.30866,41.67026],[-70.30859,41.67204],[-70.31073,41.67294]]]},"properties":{"h":"892a3172c73ffff","t":"Barnstable","v":"Hyannis","n":71,"oo":62,"po":87.3,"ao":1,"ml":1623,"mf":1884.713,"br":11,"rs":5,"pr":7,"no":0,"s":69.2,"sp":8.83,"r_oo":0.902,"r_mf":0.593,"r_rs":0.403,"r_n":0.962,"r_sol":0.268}},{"type":"Feature","geometry":{"type":"Polygon","coordinates":[[[-70.30866,41.67026],[-70.31087,41.66938],[-70.31094,41.66761],[-70.3088,41.66671],[-70.30659,41.66758],[-70.30652,41.66936],[-70.30866,41.67026]]]},"properties":{"h":"892a3172c77ffff","t":"Barnstable","v":"Hyannis","n":80,"oo":58,"po":72.5,"ao":6,"ml":1152,"mf":1420.377,"br":2,"rs":6,"pr":7.5,"no":0,"s":51.4,"sp":8.83,"r_oo":0.669,"r_mf":0.229,"r_rs":0.431,"r_n":0.981,"r_sol":0.268}},{"type":"Feature","geometry":{"type":"Polygon","coordinates":[[[-70.31507,41.67296],[-70.31728,41.67208],[-70.31735,41.67031],[-70.31521,41.66941],[-70.313,41.67028],[-70.31293,41.67206],[-70.31507,41.67296]]]},"properties":{"h":"892a3172c7bffff","t":"Barnstable","v":"Hyannis","n":60,"oo":42,"po":70,"ao":4,"ml":1513.5,"mf":1645.058,"br":4,"rs":6,"pr":10,"no":0,"s":55.6,"sp":8.83,"r_oo":0.626,"r_mf":0.402,"r_rs":0.575,"r_n":0.927,"r_sol":0.268}},{"type":"Feature","geometry":{"type":"Polygon","coordinates":[[[-70.28964,41.65683],[-70.29184,41.65595],[-70.29192,41.65417],[-70.28978,41.65327],[-70.28757,41.65415],[-70.2875,41.65593],[-70.28964,41.65683]]]},"properties":{"h":"892a3172d03ffff","t":"Barnstable","v":"Hyannis","n":44,"oo":29,"po":65.9,"ao":1,"ml":1230,"mf":1304.072,"br":2,"rs":6,"pr":13.6,"no":0,"s":48.3,"sp":8.83,"r_oo":0.547,"r_mf":0.161,"r_rs":0.759,"r_n":0.829,"r_sol":0.268}},{"type":"Feature","geometry":{"type":"Polygon","coordinates":[[[-70.28736,41.65948],[-70.28957,41.6586],[-70.28964,41.65683],[-70.2875,41.65593],[-70.28529,41.6568],[-70.28522,41.65858],[-70.28736,41.65948]]]},"properties":{"h":"892a3172d13ffff","t":"Barnstable","v":"Hyannis","n":84,"oo":53,"po":63.1,"ao":4,"ml":1222,"mf":1219.681,"br":1,"rs":5,"pr":6,"no":0,"s":40.8,"sp":8.83,"r_oo":0.514,"r_mf":0.1,"r_rs":0.349,"r_n":0.984,"r_sol":0.268}},{"type":"Feature","geometry":{"type":"Polygon","coordinates":[[[-70.28529,41.6568],[-70.2875,41.65593],[-70.28757,41.65415],[-70.28544,41.65325],[-70.28323,41.65413],[-70.28316,41.6559],[-70.28529,41.6568]]]},"properties":{"h":"892a3172d17ffff","t":"Barnstable","v":"Hyannis","n":35,"oo":15,"po":42.9,"ao":2,"ml":1052,"mf":1080.666,"br":1,"rs":3,"pr":8.6,"no":0,"s":29.2,"sp":8.83,"r_oo":0.267,"r_mf":0.042,"r_rs":0.494,"r_n":0.741,"r_sol":0.268}},{"type":"Feature","geometry":{"type":"Polygon","coordinates":[[[-70.2917,41.6595],[-70.29391,41.65863],[-70.29398,41.65685],[-70.29184,41.65595],[-70.28964,41.65683],[-70.28957,41.6586],[-70.2917,41.6595]]]},"properties":{"h":"892a3172d1bffff","t":"Barnstable","v":"Hyannis","n":70,"oo":44,"po":62.9,"ao":6,"ml":1246,"mf":1420.83,"br":1,"rs":3,"pr":4.3,"no":0,"s":42.7,"sp":8.83,"r_oo":0.512,"r_mf":0.23,"r_rs":0.278,"r_n":0.96,"r_sol":0.268}},{"type":"Feature","geometry":{"type":"Polygon","coordinates":[[[-70.28779,41.64882],[-70.28999,41.64795],[-70.29006,41.64617],[-70.28793,41.64527],[-70.28572,41.64615],[-70.28565,41.64792],[-70.28779,41.64882]]]},"properties":{"h":"892a3172d23ffff","t":"Barnstable","v":"Hyannis","n":68,"oo":34,"po":50,"ao":6,"ml":1274,"mf":1209.916,"br":1,"rs":6,"pr":8.8,"no":0,"s":35.8,"sp":8.83,"r_oo":0.341,"r_mf":0.095,"r_rs":0.505,"r_n":0.956,"r_sol":0.268}},{"type":"Feature","geometry":{"type":"Polygon","coordinates":[[[-70.28572,41.64615],[-70.28793,41.64527],[-70.288,41.64349],[-70.28586,41.64259],[-70.28366,41.64347],[-70.28358,41.64525],[-70.28572,41.64615]]]},"properties":{"h":"892a3172d27ffff","t":"Barnstable","v":"Hyannis","n":35,"oo":19,"po":54.3,"ao":4,"ml":1404,"mf":1326.582,"br":1,"rs":3,"pr":8.6,"no":0,"s":37.3,"sp":8.83,"r_oo":0.39,"r_mf":0.17,"r_rs":0.494,"r_n":0.741,"r_sol":0.268}},{"type":"Feature","geometry":{"type":"Polygon","coordinates":[[[-70.29213,41.64885],[-70.29434,41.64797],[-70.29441,41.64619],[-70.29227,41.64529],[-70.29006,41.64617],[-70.28999,41.64795],[-70.29213,41.64885]]]},"properties":{"h":"892a3172d2bffff","t":"Barnstable","v":"Hyannis","n":28,"oo":15,"po":53.6,"ao":3,"ml":1257.5,"mf":1164.866,"br":0,"rs":4,"pr":14.3,"no":0,"s":38,"sp":8.83,"r_oo":0.38,"r_mf":0.076,"r_rs":0.784,"r_n":0.65,"r_sol":0.268}},{"type":"Feature","geometry":{"type":"Polygon","coordinates":[[[-70.29006,41.64617],[-70.29227,41.64529],[-70.29234,41.64352],[-70.2902,41.64262],[-70.288,41.64349],[-70.28793,41.64527],[-70.29006,41.64617]]]},"properties":{"h":"892a3172d2fffff","t":"Barnstable","v":"Hyannis","n":47,"oo":27,"po":57.4,"ao":1,"ml":1210,"mf":1223.035,"br":2,"rs":6,"pr":12.8,"no":0,"s":41.8,"sp":8.83,"r_oo":0.43,"r_mf":0.101,"r_rs":0.724,"r_n":0.854,"r_sol":0.268}},{"type":"Feature","geometry":{"type":"Polygon","coordinates":[[[-70.28551,41.65147],[-70.28771,41.6506],[-70.28779,41.64882],[-70.28565,41.64792],[-70.28344,41.6488],[-70.28337,41.65057],[-70.28551,41.65147]]]},"properties":{"h":"892a3172d33ffff","t":"Barnstable","v":"Hyannis","n":6,"oo":1,"po":16.7,"ao":0,"ml":1780,"mf":1241.595,"br":0,"rs":1,"pr":16.7,"no":0,"s":22.1,"sp":8.83,"r_oo":0.075,"r_mf":0.113,"r_rs":0.858,"r_n":0.072,"r_sol":0.268}},{"type":"Feature","geometry":{"type":"Polygon","coordinates":[[[-70.28985,41.6515],[-70.29206,41.65062],[-70.29213,41.64885],[-70.28999,41.64795],[-70.28779,41.64882],[-70.28771,41.6506],[-70.28985,41.6515]]]},"properties":{"h":"892a3172d3bffff","t":"Barnstable","v":"Hyannis","n":5,"oo":4,"po":80,"ao":0,"ml":2620,"mf":1879.613,"br":1,"rs":1,"pr":20,"no":0,"s":63.3,"sp":8.83,"r_oo":0.799,"r_mf":0.587,"r_rs":0.919,"r_n":0.024,"r_sol":0.268}},{"type":"Feature","geometry":{"type":"Polygon","coordinates":[[[-70.30039,41.65955],[-70.3026,41.65868],[-70.30267,41.6569],[-70.30053,41.656],[-70.29833,41.65688],[-70.29825,41.65865],[-70.30039,41.65955]]]},"properties":{"h":"892a3172d43ffff","t":"Barnstable","v":"Hyannis","n":68,"oo":52,"po":76.5,"ao":0,"ml":1157,"mf":1388.28,"br":2,"rs":7,"pr":10.3,"no":0,"s":55.7,"sp":8.83,"r_oo":0.731,"r_mf":0.213,"r_rs":0.597,"r_n":0.956,"r_sol":0.268}},{"type":"Feature","geometry":{"type":"Polygon","coordinates":[[[-70.29833,41.65688],[-70.30053,41.656],[-70.3006,41.65422],[-70.29847,41.65332],[-70.29626,41.6542],[-70.29619,41.65598],[-70.29833,41.65688]]]},"properties":{"h":"892a3172d47ffff","t":"Barnstable","v":"Hyannis","n":64,"oo":54,"po":84.4,"ao":2,"ml":1390,"mf":1483.904,"br":2,"rs":1,"pr":1.6,"no":0,"s":57.2,"sp":8.83,"r_oo":0.874,"r_mf":0.275,"r_rs":0.217,"r_n":0.944,"r_sol":0.268}},{"type":"Feature","geometry":{"type":"Polygon","coordinates":[[[-70.30474,41.65958],[-70.30694,41.6587],[-70.30701,41.65692],[-70.30488,41.65602],[-70.30267,41.6569],[-70.3026,41.65868],[-70.30474,41.65958]]]},"properties":{"h":"892a3172d4bffff","t":"Barnstable","v":"Hyannis","n":20,"oo":14,"po":70,"ao":0,"ml":1137,"mf":1250.81,"br":0,"rs":1,"pr":5,"no":0,"s":40.3,"sp":8.83,"r_oo":0.626,"r_mf":0.122,"r_rs":0.306,"r_n":0.495,"r_sol":0.268}},{"type":"Feature","geometry":{"type":"Polygon","coordinates":[[[-70.30267,41.6569],[-70.30488,41.65602],[-70.30495,41.65425],[-70.30281,41.65335],[-70.3006,41.65422],[-70.30053,41.656],[-70.30267,41.6569]]]},"properties":{"h":"892a3172d4fffff","t":"Barnstable","v":"Hyannis","n":72,"oo":56,"po":77.8,"ao":2,"ml":1065,"mf":1255.795,"br":1,"rs":5,"pr":6.9,"no":0,"s":51.7,"sp":8.83,"r_oo":0.755,"r_mf":0.125,"r_rs":0.4,"r_n":0.966,"r_sol":0.268}},{"type":"Feature","geometry":{"type":"Polygon","coordinates":[[[-70.29811,41.6622],[-70.30032,41.66133],[-70.30039,41.65955],[-70.29825,41.65865],[-70.29605,41.65953],[-70.29598,41.6613],[-70.29811,41.6622]]]},"properties":{"h":"892a3172d53ffff","t":"Barnstable","v":"Hyannis","n":52,"oo":35,"po":67.3,"ao":3,"ml":1092,"mf":1256.167,"br":0,"rs":5,"pr":9.6,"no":0,"s":46.2,"sp":8.83,"r_oo":0.581,"r_mf":0.126,"r_rs":0.552,"r_n":0.885,"r_sol":0.268}},{"type":"Feature","geometry":{"type":"Polygon","coordinates":[[[-70.29605,41.65953],[-70.29825,41.65865],[-70.29833,41.65688],[-70.29619,41.65598],[-70.29398,41.65685],[-70.29391,41.65863],[-70.29605,41.65953]]]},"properties":{"h":"892a3172d57ffff","t":"Barnstable","v":"Hyannis","n":79,"oo":49,"po":62,"ao":2,"ml":1028,"mf":1194.483,"br":1,"rs":10,"pr":12.7,"no":0,"s":45.3,"sp":8.83,"r_oo":0.495,"r_mf":0.087,"r_rs":0.72,"r_n":0.98,"r_sol":0.268}},{"type":"Feature","geometry":{"type":"Polygon","coordinates":[[[-70.30246,41.66223],[-70.30467,41.66135],[-70.30474,41.65958],[-70.3026,41.65868],[-70.30039,41.65955],[-70.30032,41.66133],[-70.30246,41.66223]]]},"properties":{"h":"892a3172d5bffff","t":"Barnstable","v":"Hyannis","n":54,"oo":38,"po":70.4,"ao":3,"ml":1141,"mf":1384.911,"br":1,"rs":4,"pr":7.4,"no":0,"s":48.7,"sp":8.83,"r_oo":0.635,"r_mf":0.209,"r_rs":0.426,"r_n":0.897,"r_sol":0.268}},{"type":"Feature","geometry":{"type":"Polygon","coordinates":[[[-70.29854,41.65155],[-70.30074,41.65067],[-70.30081,41.64889],[-70.29868,41.64799],[-70.29647,41.64887],[-70.2964,41.65065],[-70.29854,41.65155]]]},"properties":{"h":"892a3172d63ffff","t":"Barnstable","v":"Hyannis","n":29,"oo":20,"po":69,"ao":1,"ml":1152,"mf":1058.766,"br":0,"rs":5,"pr":17.2,"no":0,"s":47.6,"sp":8.83,"r_oo":0.604,"r_mf":0.036,"r_rs":0.875,"r_n":0.668,"r_sol":0.268}},{"type":"Feature","geometry":{"type":"Polygon","coordinates":[[[-70.30288,41.65157],[-70.30509,41.65069],[-70.30516,41.64892],[-70.30302,41.64802],[-70.30081,41.64889],[-70.30074,41.65067],[-70.30288,41.65157]]]},"properties":{"h":"892a3172d6bffff","t":"Barnstable","v":"Hyannis","n":17,"oo":7,"po":41.2,"ao":3,"ml":1276,"mf":1234.101,"br":0,"rs":2,"pr":11.8,"no":0,"s":29.8,"sp":8.83,"r_oo":0.252,"r_mf":0.111,"r_rs":0.67,"r_n":0.426,"r_sol":0.268}},{"type":"Feature","geometry":{"type":"Polygon","coordinates":[[[-70.30081,41.64889],[-70.30302,41.64802],[-70.30309,41.64624],[-70.30096,41.64534],[-70.29875,41.64622],[-70.29868,41.64799],[-70.30081,41.64889]]]},"properties":{"h":"892a3172d6fffff","t":"Barnstable","v":"Hyannis","n":9,"oo":8,"po":88.9,"ao":1,"ml":1080,"mf":963.841,"br":0,"rs":2,"pr":22.2,"no":0,"s":56,"sp":8.83,"r_oo":0.922,"r_mf":0.01,"r_rs":0.948,"r_n":0.194,"r_sol":0.268}},{"type":"Feature","geometry":{"type":"Polygon","coordinates":[[[-70.29626,41.6542],[-70.29847,41.65332],[-70.29854,41.65155],[-70.2964,41.65065],[-70.29419,41.65152],[-70.29412,41.6533],[-70.29626,41.6542]]]},"properties":{"h":"892a3172d73ffff","t":"Barnstable","v":"Hyannis","n":53,"oo":33,"po":62.3,"ao":2,"ml":1080,"mf":1316.586,"br":1,"rs":4,"pr":7.5,"no":0,"s":42.1,"sp":8.83,"r_oo":0.498,"r_mf":0.166,"r_rs":0.431,"r_n":0.891,"r_sol":0.268}},{"type":"Feature","geometry":{"type":"Polygon","coordinates":[[[-70.3006,41.65422],[-70.30281,41.65335],[-70.30288,41.65157],[-70.30074,41.65067],[-70.29854,41.65155],[-70.29847,41.65332],[-70.3006,41.65422]]]},"properties":{"h":"892a3172d7bffff","t":"Barnstable","v":"Hyannis","n":73,"oo":57,"po":78.1,"ao":2,"ml":1080,"mf":1216.615,"br":5,"rs":6,"pr":8.2,"no":0,"s":52.4,"sp":8.83,"r_oo":0.762,"r_mf":0.098,"r_rs":0.472,"r_n":0.97,"r_sol":0.268}},{"type":"Feature","geometry":{"type":"Polygon","coordinates":[[[-70.28074,41.66211],[-70.28294,41.66123],[-70.28302,41.65946],[-70.28088,41.65855],[-70.27867,41.65943],[-70.2786,41.66121],[-70.28074,41.66211]]]},"properties":{"h":"892a3172d83ffff","t":"Barnstable","v":"Hyannis","n":37,"oo":25,"po":67.6,"ao":1,"ml":1044,"mf":974.342,"br":0,"rs":3,"pr":8.1,"no":0,"s":41,"sp":8.83,"r_oo":0.585,"r_mf":0.011,"r_rs":0.469,"r_n":0.76,"r_sol":0.268}},{"type":"Feature","geometry":{"type":"Polygon","coordinates":[[[-70.28508,41.66213],[-70.28729,41.66126],[-70.28736,41.65948],[-70.28522,41.65858],[-70.28302,41.65946],[-70.28294,41.66123],[-70.28508,41.66213]]]},"properties":{"h":"892a3172d8bffff","t":"Barnstable","v":"Hyannis","n":47,"oo":28,"po":59.6,"ao":0,"ml":1157,"mf":1084.855,"br":0,"rs":4,"pr":8.5,"no":0,"s":37.7,"sp":8.83,"r_oo":0.453,"r_mf":0.043,"r_rs":0.49,"r_n":0.854,"r_sol":0.268}},{"type":"Feature","geometry":{"type":"Polygon","coordinates":[[[-70.28302,41.65946],[-70.28522,41.65858],[-70.28529,41.6568],[-70.28316,41.6559],[-70.28095,41.65678],[-70.28088,41.65855],[-70.28302,41.65946]]]},"properties":{"h":"892a3172d8fffff","t":"Barnstable","v":"Hyannis","n":28,"oo":11,"po":39.3,"ao":1,"ml":1094.5,"mf":1012.771,"br":0,"rs":2,"pr":7.1,"no":0,"s":25.1,"sp":8.83,"r_oo":0.229,"r_mf":0.023,"r_rs":0.413,"r_n":0.65,"r_sol":0.268}},{"type":"Feature","geometry":{"type":"Polygon","coordinates":[[[-70.2828,41.66478],[-70.28501,41.66391],[-70.28508,41.66213],[-70.28294,41.66123],[-70.28074,41.66211],[-70.28066,41.66388],[-70.2828,41.66478]]]},"properties":{"h":"892a3172d9bffff","t":"Barnstable","v":"Hyannis","n":10,"oo":6,"po":60,"ao":0,"ml":1173.5,"mf":1038.537,"br":0,"rs":0,"pr":0,"no":0,"s":26,"sp":8.83,"r_oo":0.466,"r_mf":0.028,"r_rs":0.109,"r_n":0.234,"r_sol":0.268}},{"type":"Feature","geometry":{"type":"Polygon","coordinates":[[[-70.27888,41.6541],[-70.28109,41.65323],[-70.28116,41.65145],[-70.27903,41.65055],[-70.27682,41.65142],[-70.27675,41.6532],[-70.27888,41.6541]]]},"properties":{"h":"892a3172da3ffff","t":"Barnstable","v":"Hyannis","n":6,"oo":2,"po":33.3,"ao":1,"ml":1249,"mf":1207.748,"br":0,"rs":0,"pr":0,"no":0,"s":14.7,"sp":8.83,"r_oo":0.184,"r_mf":0.092,"r_rs":0.109,"r_n":0.072,"r_sol":0.268}},{"type":"Feature","geometry":{"type":"Polygon","coordinates":[[[-70.27682,41.65142],[-70.27903,41.65055],[-70.2791,41.64877],[-70.27696,41.64787],[-70.27476,41.64875],[-70.27468,41.65052],[-70.27682,41.65142]]]},"properties":{"h":"892a3172da7ffff","t":"Barnstable","v":"Hyannis","n":9,"oo":3,"po":33.3,"ao":1,"ml":2256,"mf":1535.453,"br":2,"rs":0,"pr":0,"no":0,"s":21.5,"sp":8.83,"r_oo":0.184,"r_mf":0.317,"r_rs":0.109,"r_n":0.194,"r_sol":0.268}},{"type":"Feature","geometry":{"type":"Polygon","coordinates":[[[-70.29149,41.66483],[-70.2937,41.66396],[-70.29377,41.66218],[-70.29163,41.66128],[-70.28942,41.66216],[-70.28935,41.66393],[-70.29149,41.66483]]]},"properties":{"h":"892a3172dc3ffff","t":"Barnstable","v":"Hyannis","n":55,"oo":35,"po":63.6,"ao":3,"ml":1026,"mf":1212.192,"br":1,"rs":7,"pr":12.7,"no":0,"s":45.8,"sp":8.83,"r_oo":0.522,"r_mf":0.095,"r_rs":0.72,"r_n":0.904,"r_sol":0.268}},{"type":"Feature","geometry":{"type":"Polygon","coordinates":[[[-70.28942,41.66216],[-70.29163,41.66128],[-70.2917,41.6595],[-70.28957,41.6586],[-70.28736,41.65948],[-70.28729,41.66126],[-70.28942,41.66216]]]},"properties":{"h":"892a3172dc7ffff","t":"Barnstable","v":"Hyannis","n":87,"oo":62,"po":71.3,"ao":1,"ml":960,"mf":1199.853,"br":1,"rs":10,"pr":11.5,"no":0,"s":50.4,"sp":8.83,"r_oo":0.645,"r_mf":0.089,"r_rs":0.659,"r_n":0.987,"r_sol":0.268}},{"type":"Feature","geometry":{"type":"Polygon","coordinates":[[[-70.29377,41.66218],[-70.29598,41.6613],[-70.29605,41.65953],[-70.29391,41.65863],[-70.2917,41.6595],[-70.29163,41.66128],[-70.29377,41.66218]]]},"properties":{"h":"892a3172dcfffff","t":"Barnstable","v":"Hyannis","n":64,"oo":42,"po":65.6,"ao":0,"ml":1080,"mf":1505.717,"br":2,"rs":5,"pr":7.8,"no":0,"s":47.9,"sp":8.83,"r_oo":0.545,"r_mf":0.29,"r_rs":0.452,"r_n":0.944,"r_sol":0.268}},{"type":"Feature","geometry":{"type":"Polygon","coordinates":[[[-70.28715,41.66481],[-70.28935,41.66393],[-70.28942,41.66216],[-70.28729,41.66126],[-70.28508,41.66213],[-70.28501,41.66391],[-70.28715,41.66481]]]},"properties":{"h":"892a3172dd7ffff","t":"Barnstable","v":"Hyannis","n":28,"oo":10,"po":35.7,"ao":2,"ml":1126,"mf":1105.415,"br":0,"rs":5,"pr":17.9,"no":0,"s":31.8,"sp":8.83,"r_oo":0.206,"r_mf":0.048,"r_rs":0.88,"r_n":0.65,"r_sol":0.268}},{"type":"Feature","geometry":{"type":"Polygon","coordinates":[[[-70.33452,41.67573],[-70.33673,41.67485],[-70.3368,41.67307],[-70.33466,41.67217],[-70.33245,41.67305],[-70.33239,41.67483],[-70.33452,41.67573]]]},"properties":{"h":"892a3172e03ffff","t":"Barnstable","v":"Centerville","n":7,"oo":2,"po":28.6,"ao":0,"ml":1240,"mf":1487.728,"br":0,"rs":0,"pr":0,"no":0,"s":18.3,"sp":8.83,"r_oo":0.146,"r_mf":0.279,"r_rs":0.109,"r_n":0.115,"r_sol":0.268}},{"type":"Feature","geometry":{"type":"Polygon","coordinates":[[[-70.33245,41.67305],[-70.33466,41.67217],[-70.33473,41.6704],[-70.33259,41.6695],[-70.33039,41.67037],[-70.33032,41.67215],[-70.33245,41.67305]]]},"properties":{"h":"892a3172e07ffff","t":"Barnstable","v":"Centerville","n":22,"oo":12,"po":54.5,"ao":2,"ml":2163,"mf":2524.682,"br":13,"rs":6,"pr":27.3,"no":0,"s":60.5,"sp":8.83,"r_oo":0.395,"r_mf":0.883,"r_rs":0.973,"r_n":0.533,"r_sol":0.268}},{"type":"Feature","geometry":{"type":"Polygon","coordinates":[[[-70.33887,41.67575],[-70.34108,41.67487],[-70.34115,41.6731],[-70.33901,41.6722],[-70.3368,41.67307],[-70.33673,41.67485],[-70.33887,41.67575]]]},"properties":{"h":"892a3172e0bffff","t":"Barnstable","v":"Centerville","n":5,"oo":1,"po":20,"ao":0,"ml":2624,"mf":1614.503,"br":1,"rs":1,"pr":20,"no":0,"s":30.1,"sp":8.83,"r_oo":0.1,"r_mf":0.375,"r_rs":0.919,"r_n":0.024,"r_sol":0.268}},{"type":"Feature","geometry":{"type":"Polygon","coordinates":[[[-70.33018,41.6757],[-70.33239,41.67483],[-70.33245,41.67305],[-70.33032,41.67215],[-70.32811,41.67303],[-70.32804,41.6748],[-70.33018,41.6757]]]},"properties":{"h":"892a3172e17ffff","t":"Barnstable","v":"Centerville","n":17,"oo":8,"po":47.1,"ao":4,"ml":2015,"mf":2241.675,"br":5,"rs":3,"pr":17.6,"no":0,"s":52.2,"sp":8.83,"r_oo":0.312,"r_mf":0.786,"r_rs":0.878,"r_n":0.426,"r_sol":0.268}},{"type":"Feature","geometry":{"type":"Polygon","coordinates":[[[-70.33659,41.6784],[-70.3388,41.67753],[-70.33887,41.67575],[-70.33673,41.67485],[-70.33452,41.67573],[-70.33445,41.6775],[-70.33659,41.6784]]]},"properties":{"h":"892a3172e1bffff","t":"Barnstable","v":"Centerville","n":7,"oo":4,"po":57.1,"ao":0,"ml":1902,"mf":1653.705,"br":2,"rs":1,"pr":14.3,"no":0,"s":42.8,"sp":8.83,"r_oo":0.425,"r_mf":0.409,"r_rs":0.784,"r_n":0.115,"r_sol":0.268}},{"type":"Feature","geometry":{"type":"Polygon","coordinates":[[[-70.33059,41.66504],[-70.3328,41.66417],[-70.33287,41.66239],[-70.33073,41.66149],[-70.32853,41.66237],[-70.32846,41.66414],[-70.33059,41.66504]]]},"properties":{"h":"892a3172e27ffff","t":"Barnstable","v":"Centerville","n":31,"oo":19,"po":61.3,"ao":0,"ml":1637,"mf":1691.468,"br":8,"rs":1,"pr":3.2,"no":0,"s":43.7,"sp":8.83,"r_oo":0.488,"r_mf":0.438,"r_rs":0.24,"r_n":0.696,"r_sol":0.268}},{"type":"Feature","geometry":{"type":"Polygon","coordinates":[[[-70.33039,41.67037],[-70.33259,41.6695],[-70.33266,41.66772],[-70.33052,41.66682],[-70.32832,41.6677],[-70.32825,41.66947],[-70.33039,41.67037]]]},"properties":{"h":"892a3172e33ffff","t":"Barnstable","v":"Centerville","n":6,"oo":6,"po":100,"ao":0,"ml":1834,"mf":2485.256,"br":3,"rs":0,"pr":0,"no":0,"s":66.4,"sp":8.83,"r_oo":0.988,"r_mf":0.874,"r_rs":0.109,"r_n":0.072,"r_sol":0.268}},{"type":"Feature","geometry":{"type":"Polygon","coordinates":[[[-70.32832,41.6677],[-70.33052,41.66682],[-70.33059,41.66504],[-70.32846,41.66414],[-70.32625,41.66502],[-70.32618,41.6668],[-70.32832,41.6677]]]},"properties":{"h":"892a3172e37ffff","t":"Barnstable","v":"Centerville","n":16,"oo":9,"po":56.2,"ao":3,"ml":2064,"mf":1832.103,"br":5,"rs":2,"pr":12.5,"no":0,"s":47.4,"sp":8.83,"r_oo":0.415,"r_mf":0.545,"r_rs":0.702,"r_n":0.401,"r_sol":0.268}},{"type":"Feature","geometry":{"type":"Polygon","coordinates":[[[-70.33473,41.6704],[-70.33694,41.66952],[-70.33701,41.66774],[-70.33487,41.66684],[-70.33266,41.66772],[-70.33259,41.6695],[-70.33473,41.6704]]]},"properties":{"h":"892a3172e3bffff","t":"Barnstable","v":"Centerville","n":7,"oo":4,"po":57.1,"ao":0,"ml":2307,"mf":2291.367,"br":3,"rs":2,"pr":28.6,"no":0,"s":55.6,"sp":8.83,"r_oo":0.425,"r_mf":0.805,"r_rs":0.976,"r_n":0.115,"r_sol":0.268}},{"type":"Feature","geometry":{"type":"Polygon","coordinates":[[[-70.34736,41.68112],[-70.34956,41.68025],[-70.34963,41.67847],[-70.34749,41.67757],[-70.34529,41.67845],[-70.34522,41.68023],[-70.34736,41.68112]]]},"properties":{"h":"892a3172e5bffff","t":"Barnstable","v":"Centerville","n":7,"oo":4,"po":57.1,"ao":0,"ml":1648,"mf":2095.971,"br":1,"rs":0,"pr":0,"no":0,"s":40.6,"sp":8.83,"r_oo":0.425,"r_mf":0.728,"r_rs":0.109,"r_n":0.115,"r_sol":0.268}},{"type":"Feature","geometry":{"type":"Polygon","coordinates":[[[-70.3457,41.66779],[-70.34791,41.66691],[-70.34797,41.66513],[-70.34584,41.66423],[-70.34363,41.66511],[-70.34356,41.66689],[-70.3457,41.66779]]]},"properties":{"h":"892a3172e6fffff","t":"Barnstable","v":"Centerville","n":12,"oo":4,"po":33.3,"ao":7,"ml":1619,"mf":1699.718,"br":1,"rs":2,"pr":16.7,"no":0,"s":36.9,"sp":8.83,"r_oo":0.184,"r_mf":0.443,"r_rs":0.858,"r_n":0.292,"r_sol":0.268}},{"type":"Feature","geometry":{"type":"Polygon","coordinates":[[[-70.32562,41.68101],[-70.32783,41.68014],[-70.3279,41.67836],[-70.32576,41.67746],[-70.32355,41.67834],[-70.32348,41.68011],[-70.32562,41.68101]]]},"properties":{"h":"892a3172e83ffff","t":"Barnstable","v":"Centerville","n":9,"oo":7,"po":77.8,"ao":0,"ml":2248,"mf":3028.02,"br":6,"rs":3,"pr":33.3,"no":0,"s":73.2,"sp":8.83,"r_oo":0.755,"r_mf":0.942,"r_rs":0.988,"r_n":0.194,"r_sol":0.268}},{"type":"Feature","geometry":{"type":"Polygon","coordinates":[[[-70.32997,41.68103],[-70.33218,41.68016],[-70.33225,41.67838],[-70.33011,41.67748],[-70.3279,41.67836],[-70.32783,41.68014],[-70.32997,41.68103]]]},"properties":{"h":"892a3172e8bffff","t":"Barnstable","v":"Centerville","n":19,"oo":13,"po":68.4,"ao":0,"ml":2582,"mf":2380.511,"br":7,"rs":3,"pr":15.8,"no":0,"s":64.5,"sp":8.83,"r_oo":0.595,"r_mf":0.833,"r_rs":0.831,"r_n":0.472,"r_sol":0.268}},{"type":"Feature","geometry":{"type":"Polygon","coordinates":[[[-70.3279,41.67836],[-70.33011,41.67748],[-70.33018,41.6757],[-70.32804,41.6748],[-70.32583,41.67568],[-70.32576,41.67746],[-70.3279,41.67836]]]},"properties":{"h":"892a3172e8fffff","t":"Barnstable","v":"Centerville","n":8,"oo":7,"po":87.5,"ao":0,"ml":1702,"mf":1696.344,"br":3,"rs":2,"pr":25,"no":0,"s":66,"sp":8.83,"r_oo":0.907,"r_mf":0.441,"r_rs":0.965,"r_n":0.154,"r_sol":0.268}},{"type":"Feature","geometry":{"type":"Polygon","coordinates":[[[-70.32769,41.68369],[-70.3299,41.68281],[-70.32997,41.68103],[-70.32783,41.68014],[-70.32562,41.68101],[-70.32555,41.68279],[-70.32769,41.68369]]]},"properties":{"h":"892a3172e9bffff","t":"Barnstable","v":"Barnstable Village","n":16,"oo":16,"po":100,"ao":0,"ml":1744.5,"mf":1874.958,"br":4,"rs":1,"pr":6.2,"no":0,"s":66.2,"sp":8.83,"r_oo":0.988,"r_mf":0.584,"r_rs":0.362,"r_n":0.401,"r_sol":0.268}},{"type":"Feature","geometry":{"type":"Polygon","coordinates":[[[-70.32376,41.673],[-70.32597,41.67213],[-70.32604,41.67035],[-70.3239,41.66945],[-70.3217,41.67033],[-70.32163,41.6721],[-70.32376,41.673]]]},"properties":{"h":"892a3172ea3ffff","t":"Barnstable","v":"Centerville","n":31,"oo":19,"po":61.3,"ao":6,"ml":1452,"mf":1720.064,"br":3,"rs":1,"pr":3.2,"no":0,"s":44.3,"sp":8.83,"r_oo":0.488,"r_mf":0.464,"r_rs":0.24,"r_n":0.696,"r_sol":0.268}},{"type":"Feature","geometry":{"type":"Polygon","coordinates":[[[-70.3217,41.67033],[-70.3239,41.66945],[-70.32397,41.66767],[-70.32183,41.66677],[-70.31963,41.66765],[-70.31956,41.66943],[-70.3217,41.67033]]]},"properties":{"h":"892a3172ea7ffff","t":"Barnstable","v":"Centerville","n":52,"oo":39,"po":75,"ao":2,"ml":1396,"mf":1637.966,"br":5,"rs":8,"pr":15.4,"no":0,"s":61.9,"sp":8.83,"r_oo":0.709,"r_mf":0.392,"r_rs":0.818,"r_n":0.885,"r_sol":0.268}},{"type":"Feature","geometry":{"type":"Polygon","coordinates":[[[-70.32811,41.67303],[-70.33032,41.67215],[-70.33039,41.67037],[-70.32825,41.66947],[-70.32604,41.67035],[-70.32597,41.67213],[-70.32811,41.67303]]]},"properties":{"h":"892a3172eabffff","t":"Barnstable","v":"Centerville","n":20,"oo":7,"po":35,"ao":4,"ml":1716.5,"mf":2305.407,"br":8,"rs":0,"pr":0,"no":0,"s":37.5,"sp":8.83,"r_oo":0.2,"r_mf":0.811,"r_rs":0.109,"r_n":0.495,"r_sol":0.268}},{"type":"Feature","geometry":{"type":"Polygon","coordinates":[[[-70.32604,41.67035],[-70.32825,41.66947],[-70.32832,41.6677],[-70.32618,41.6668],[-70.32397,41.66767],[-70.3239,41.66945],[-70.32604,41.67035]]]},"properties":{"h":"892a3172eafffff","t":"Barnstable","v":"Centerville","n":25,"oo":14,"po":56,"ao":5,"ml":1848,"mf":1939.683,"br":5,"rs":4,"pr":16,"no":0,"s":53.4,"sp":8.83,"r_oo":0.411,"r_mf":0.63,"r_rs":0.836,"r_n":0.593,"r_sol":0.268}},{"type":"Feature","geometry":{"type":"Polygon","coordinates":[[[-70.32149,41.67566],[-70.32369,41.67478],[-70.32376,41.673],[-70.32163,41.6721],[-70.31942,41.67298],[-70.31935,41.67476],[-70.32149,41.67566]]]},"properties":{"h":"892a3172eb3ffff","t":"Barnstable","v":"Centerville","n":23,"oo":13,"po":56.5,"ao":3,"ml":1856,"mf":1729.255,"br":6,"rs":3,"pr":13,"no":0,"s":47.7,"sp":8.83,"r_oo":0.419,"r_mf":0.469,"r_rs":0.734,"r_n":0.554,"r_sol":0.268}},{"type":"Feature","geometry":{"type":"Polygon","coordinates":[[[-70.31942,41.67298],[-70.32163,41.6721],[-70.3217,41.67033],[-70.31956,41.66943],[-70.31735,41.67031],[-70.31728,41.67208],[-70.31942,41.67298]]]},"properties":{"h":"892a3172eb7ffff","t":"Barnstable","v":"Hyannis","n":54,"oo":37,"po":68.5,"ao":2,"ml":1343,"mf":1605.315,"br":4,"rs":8,"pr":14.8,"no":0,"s":56.8,"sp":8.83,"r_oo":0.596,"r_mf":0.37,"r_rs":0.804,"r_n":0.897,"r_sol":0.268}},{"type":"Feature","geometry":{"type":"Polygon","coordinates":[[[-70.32583,41.67568],[-70.32804,41.6748],[-70.32811,41.67303],[-70.32597,41.67213],[-70.32376,41.673],[-70.32369,41.67478],[-70.32583,41.67568]]]},"properties":{"h":"892a3172ebbffff","t":"Barnstable","v":"Centerville","n":35,"oo":23,"po":65.7,"ao":3,"ml":1727,"mf":2161.537,"br":8,"rs":3,"pr":8.6,"no":0,"s":58.2,"sp":8.83,"r_oo":0.545,"r_mf":0.755,"r_rs":0.494,"r_n":0.741,"r_sol":0.268}},{"type":"Feature","geometry":{"type":"Polygon","coordinates":[[[-70.33639,41.68373],[-70.33859,41.68286],[-70.33866,41.68108],[-70.33652,41.68018],[-70.33432,41.68106],[-70.33425,41.68283],[-70.33639,41.68373]]]},"properties":{"h":"892a3172ec3ffff","t":"Barnstable","v":"Barnstable Village","n":10,"oo":7,"po":70,"ao":2,"ml":1619,"mf":1572.594,"br":1,"rs":1,"pr":10,"no":0,"s":47.2,"sp":8.83,"r_oo":0.626,"r_mf":0.342,"r_rs":0.575,"r_n":0.234,"r_sol":0.268}},{"type":"Feature","geometry":{"type":"Polygon","coordinates":[[[-70.33432,41.68106],[-70.33652,41.68018],[-70.33659,41.6784],[-70.33445,41.6775],[-70.33225,41.67838],[-70.33218,41.68016],[-70.33432,41.68106]]]},"properties":{"h":"892a3172ec7ffff","t":"Barnstable","v":"Centerville","n":20,"oo":6,"po":30,"ao":3,"ml":1330,"mf":1401.188,"br":5,"rs":0,"pr":0,"no":0,"s":20.9,"sp":8.83,"r_oo":0.156,"r_mf":0.219,"r_rs":0.109,"r_n":0.495,"r_sol":0.268}},{"type":"Feature","geometry":{"type":"Polygon","coordinates":[[[-70.34073,41.68376],[-70.34294,41.68288],[-70.34301,41.6811],[-70.34087,41.6802],[-70.33866,41.68108],[-70.33859,41.68286],[-70.34073,41.68376]]]},"properties":{"h":"892a3172ecbffff","t":"Barnstable","v":"West Barnstable","n":15,"oo":10,"po":66.7,"ao":1,"ml":2970,"mf":2528.808,"br":8,"rs":0,"pr":0,"no":0,"s":52.7,"sp":8.83,"r_oo":0.565,"r_mf":0.884,"r_rs":0.109,"r_n":0.369,"r_sol":0.268}},{"type":"Feature","geometry":{"type":"Polygon","coordinates":[[[-70.33866,41.68108],[-70.34087,41.6802],[-70.34094,41.67843],[-70.3388,41.67753],[-70.33659,41.6784],[-70.33652,41.68018],[-70.33866,41.68108]]]},"properties":{"h":"892a3172ecfffff","t":"Barnstable","v":"Centerville","n":8,"oo":4,"po":50,"ao":1,"ml":1720,"mf":1644.258,"br":2,"rs":1,"pr":12.5,"no":1,"s":38.4,"sp":8.83,"r_oo":0.341,"r_mf":0.401,"r_rs":0.702,"r_n":0.154,"r_sol":0.268}},{"type":"Feature","geometry":{"type":"Polygon","coordinates":[[[-70.33204,41.68371],[-70.33425,41.68283],[-70.33432,41.68106],[-70.33218,41.68016],[-70.32997,41.68103],[-70.3299,41.68281],[-70.33204,41.68371]]]},"properties":{"h":"892a3172ed7ffff","t":"Barnstable","v":"Barnstable Village","n":44,"oo":35,"po":79.5,"ao":0,"ml":1232,"mf":1616.623,"br":2,"rs":3,"pr":6.8,"no":0,"s":57.7,"sp":8.83,"r_oo":0.783,"r_mf":0.376,"r_rs":0.397,"r_n":0.829,"r_sol":0.268}},{"type":"Feature","geometry":{"type":"Polygon","coordinates":[[[-70.33846,41.68641],[-70.34066,41.68553],[-70.34073,41.68376],[-70.33859,41.68286],[-70.33639,41.68373],[-70.33632,41.68551],[-70.33846,41.68641]]]},"properties":{"h":"892a3172edbffff","t":"Barnstable","v":"West Barnstable","n":7,"oo":5,"po":71.4,"ao":0,"ml":1875,"mf":2006.334,"br":1,"rs":1,"pr":14.3,"no":0,"s":58.5,"sp":8.83,"r_oo":0.652,"r_mf":0.675,"r_rs":0.784,"r_n":0.115,"r_sol":0.268}},{"type":"Feature","geometry":{"type":"Polygon","coordinates":[[[-70.39564,41.7267],[-70.39785,41.72582],[-70.39791,41.72404],[-70.39577,41.72314],[-70.39356,41.72402],[-70.3935,41.7258],[-70.39564,41.7267]]]},"properties":{"h":"892a31730a7ffff","t":"Barnstable","v":"West Barnstable","n":10,"oo":6,"po":60,"ao":1,"ml":2052,"mf":1642.14,"br":0,"rs":0,"pr":0,"no":0,"s":35.3,"sp":8.83,"r_oo":0.466,"r_mf":0.399,"r_rs":0.109,"r_n":0.234,"r_sol":0.268}},{"type":"Feature","geometry":{"type":"Polygon","coordinates":[[[-70.39396,41.71335],[-70.39617,41.71247],[-70.39624,41.7107],[-70.3941,41.7098],[-70.39189,41.71067],[-70.39182,41.71245],[-70.39396,41.71335]]]},"properties":{"h":"892a3173103ffff","t":"Barnstable","v":"West Barnstable","n":14,"oo":14,"po":100,"ao":0,"ml":1980,"mf":1949.638,"br":2,"rs":1,"pr":7.1,"no":0,"s":67.7,"sp":8.83,"r_oo":0.988,"r_mf":0.635,"r_rs":0.413,"r_n":0.341,"r_sol":0.268}},{"type":"Feature","geometry":{"type":"Polygon","coordinates":[[[-70.39189,41.71067],[-70.3941,41.7098],[-70.39417,41.70802],[-70.39202,41.70712],[-70.38982,41.708],[-70.38975,41.70978],[-70.39189,41.71067]]]},"properties":{"h":"892a3173107ffff","t":"Barnstable","v":"West Barnstable","n":10,"oo":9,"po":90,"ao":0,"ml":1695.5,"mf":1591.183,"br":1,"rs":3,"pr":30,"no":0,"s":66.2,"sp":8.83,"r_oo":0.937,"r_mf":0.359,"r_rs":0.982,"r_n":0.234,"r_sol":0.268}},{"type":"Feature","geometry":{"type":"Polygon","coordinates":[[[-70.39831,41.71337],[-70.40052,41.71249],[-70.40059,41.71072],[-70.39845,41.70982],[-70.39624,41.7107],[-70.39617,41.71247],[-70.39831,41.71337]]]},"properties":{"h":"892a317310bffff","t":"Barnstable","v":"West Barnstable","n":23,"oo":22,"po":95.7,"ao":0,"ml":1856,"mf":1410.938,"br":3,"rs":3,"pr":13,"no":0,"s":63.8,"sp":8.83,"r_oo":0.974,"r_mf":0.225,"r_rs":0.734,"r_n":0.554,"r_sol":0.268}},{"type":"Feature","geometry":{"type":"Polygon","coordinates":[[[-70.39624,41.7107],[-70.39845,41.70982],[-70.39852,41.70804],[-70.39637,41.70714],[-70.39417,41.70802],[-70.3941,41.7098],[-70.39624,41.7107]]]},"properties":{"h":"892a317310fffff","t":"Barnstable","v":"West Barnstable","n":25,"oo":25,"po":100,"ao":0,"ml":2400,"mf":2031.643,"br":5,"rs":1,"pr":4,"no":0,"s":69.4,"sp":8.83,"r_oo":0.988,"r_mf":0.693,"r_rs":0.263,"r_n":0.593,"r_sol":0.268}},{"type":"Feature","geometry":{"type":"Polygon","coordinates":[[[-70.39169,41.71601],[-70.3939,41.71513],[-70.39396,41.71335],[-70.39182,41.71245],[-70.38961,41.71333],[-70.38955,41.71511],[-70.39169,41.71601]]]},"properties":{"h":"892a3173113ffff","t":"Barnstable","v":"West Barnstable","n":15,"oo":12,"po":80,"ao":0,"ml":3302,"mf":3255.491,"br":12,"rs":1,"pr":6.7,"no":0,"s":68.2,"sp":8.83,"r_oo":0.799,"r_mf":0.962,"r_rs":0.389,"r_n":0.369,"r_sol":0.268}},{"type":"Feature","geometry":{"type":"Polygon","coordinates":[[[-70.38961,41.71333],[-70.39182,41.71245],[-70.39189,41.71067],[-70.38975,41.70978],[-70.38754,41.71065],[-70.38747,41.71243],[-70.38961,41.71333]]]},"properties":{"h":"892a3173117ffff","t":"Barnstable","v":"West Barnstable","n":6,"oo":6,"po":100,"ao":0,"ml":3010,"mf":2391.85,"br":3,"rs":0,"pr":0,"no":0,"s":65.5,"sp":8.83,"r_oo":0.988,"r_mf":0.84,"r_rs":0.109,"r_n":0.072,"r_sol":0.268}},{"type":"Feature","geometry":{"type":"Polygon","coordinates":[[[-70.39604,41.71603],[-70.39825,41.71515],[-70.39831,41.71337],[-70.39617,41.71247],[-70.39396,41.71335],[-70.3939,41.71513],[-70.39604,41.71603]]]},"properties":{"h":"892a317311bffff","t":"Barnstable","v":"West Barnstable","n":15,"oo":13,"po":86.7,"ao":0,"ml":1920,"mf":1417.412,"br":2,"rs":1,"pr":6.7,"no":0,"s":53.9,"sp":8.83,"r_oo":0.9,"r_mf":0.227,"r_rs":0.389,"r_n":0.369,"r_sol":0.268}},{"type":"Feature","geometry":{"type":"Polygon","coordinates":[[[-70.39002,41.70267],[-70.39223,41.70179],[-70.39229,41.70001],[-70.39015,41.69911],[-70.38794,41.69999],[-70.38788,41.70177],[-70.39002,41.70267]]]},"properties":{"h":"892a3173127ffff","t":"Barnstable","v":"West Barnstable","n":8,"oo":7,"po":87.5,"ao":1,"ml":1710,"mf":1614.465,"br":1,"rs":1,"pr":12.5,"no":0,"s":60.4,"sp":8.83,"r_oo":0.907,"r_mf":0.374,"r_rs":0.702,"r_n":0.154,"r_sol":0.268}},{"type":"Feature","geometry":{"type":"Polygon","coordinates":[[[-70.38982,41.708],[-70.39202,41.70712],[-70.39209,41.70534],[-70.38995,41.70444],[-70.38774,41.70532],[-70.38768,41.7071],[-70.38982,41.708]]]},"properties":{"h":"892a3173133ffff","t":"Barnstable","v":"West Barnstable","n":16,"oo":16,"po":100,"ao":0,"ml":1779.5,"mf":1548.22,"br":3,"rs":0,"pr":0,"no":0,"s":56,"sp":8.83,"r_oo":0.988,"r_mf":0.328,"r_rs":0.109,"r_n":0.401,"r_sol":0.268}},{"type":"Feature","geometry":{"type":"Polygon","coordinates":[[[-70.38774,41.70532],[-70.38995,41.70444],[-70.39002,41.70267],[-70.38788,41.70177],[-70.38567,41.70264],[-70.3856,41.70442],[-70.38774,41.70532]]]},"properties":{"h":"892a3173137ffff","t":"Barnstable","v":"West Barnstable","n":15,"oo":12,"po":80,"ao":0,"ml":1912,"mf":1572.7,"br":0,"rs":2,"pr":13.3,"no":0,"s":58.1,"sp":8.83,"r_oo":0.799,"r_mf":0.343,"r_rs":0.748,"r_n":0.369,"r_sol":0.268}},{"type":"Feature","geometry":{"type":"Polygon","coordinates":[[[-70.39417,41.70802],[-70.39637,41.70714],[-70.39644,41.70536],[-70.3943,41.70446],[-70.39209,41.70534],[-70.39202,41.70712],[-70.39417,41.70802]]]},"properties":{"h":"892a317313bffff","t":"Barnstable","v":"West Barnstable","n":9,"oo":8,"po":88.9,"ao":1,"ml":2041,"mf":1982.237,"br":2,"rs":0,"pr":0,"no":0,"s":59.4,"sp":8.83,"r_oo":0.922,"r_mf":0.652,"r_rs":0.109,"r_n":0.194,"r_sol":0.268}},{"type":"Feature","geometry":{"type":"Polygon","coordinates":[[[-70.40474,41.71607],[-70.40695,41.71519],[-70.40701,41.71341],[-70.40487,41.71251],[-70.40266,41.71339],[-70.4026,41.71517],[-70.40474,41.71607]]]},"properties":{"h":"892a3173143ffff","t":"Barnstable","v":"West Barnstable","n":19,"oo":17,"po":89.5,"ao":1,"ml":2614,"mf":2003.801,"br":4,"rs":2,"pr":10.5,"no":0,"s":70.5,"sp":8.83,"r_oo":0.93,"r_mf":0.672,"r_rs":0.607,"r_n":0.472,"r_sol":0.268}},{"type":"Feature","geometry":{"type":"Polygon","coordinates":[[[-70.40266,41.71339],[-70.40487,41.71251],[-70.40494,41.71074],[-70.4028,41.70984],[-70.40059,41.71072],[-70.40052,41.71249],[-70.40266,41.71339]]]},"properties":{"h":"892a3173147ffff","t":"Barnstable","v":"West Barnstable","n":19,"oo":18,"po":94.7,"ao":1,"ml":2104,"mf":1673.917,"br":2,"rs":0,"pr":0,"no":0,"s":58.3,"sp":8.83,"r_oo":0.97,"r_mf":0.42,"r_rs":0.109,"r_n":0.472,"r_sol":0.268}},{"type":"Feature","geometry":{"type":"Polygon","coordinates":[[[-70.40909,41.71609],[-70.4113,41.71521],[-70.41137,41.71343],[-70.40922,41.71253],[-70.40701,41.71341],[-70.40695,41.71519],[-70.40909,41.71609]]]},"properties":{"h":"892a317314bffff","t":"Barnstable","v":"West Barnstable","n":7,"oo":7,"po":100,"ao":0,"ml":2803,"mf":2842.919,"br":5,"rs":0,"pr":0,"no":0,"s":68.2,"sp":8.83,"r_oo":0.988,"r_mf":0.928,"r_rs":0.109,"r_n":0.115,"r_sol":0.268}},{"type":"Feature","geometry":{"type":"Polygon","coordinates":[[[-70.40701,41.71341],[-70.40922,41.71253],[-70.40929,41.71076],[-70.40715,41.70986],[-70.40494,41.71074],[-70.40487,41.71251],[-70.40701,41.71341]]]},"properties":{"h":"892a317314fffff","t":"Barnstable","v":"West Barnstable","n":18,"oo":17,"po":94.4,"ao":0,"ml":2163,"mf":2070.25,"br":6,"rs":0,"pr":0,"no":0,"s":65.4,"sp":8.83,"r_oo":0.969,"r_mf":0.715,"r_rs":0.109,"r_n":0.448,"r_sol":0.268}},{"type":"Feature","geometry":{"type":"Polygon","coordinates":[[[-70.40246,41.71873],[-70.40467,41.71785],[-70.40474,41.71607],[-70.4026,41.71517],[-70.40039,41.71605],[-70.40032,41.71783],[-70.40246,41.71873]]]},"properties":{"h":"892a3173153ffff","t":"Barnstable","v":"West Barnstable","n":12,"oo":10,"po":83.3,"ao":2,"ml":2767,"mf":2131.52,"br":4,"rs":2,"pr":16.7,"no":0,"s":71.2,"sp":8.83,"r_oo":0.856,"r_mf":0.742,"r_rs":0.858,"r_n":0.292,"r_sol":0.268}},{"type":"Feature","geometry":{"type":"Polygon","coordinates":[[[-70.40039,41.71605],[-70.4026,41.71517],[-70.40266,41.71339],[-70.40052,41.71249],[-70.39831,41.71337],[-70.39825,41.71515],[-70.40039,41.71605]]]},"properties":{"h":"892a3173157ffff","t":"Barnstable","v":"West Barnstable","n":20,"oo":16,"po":80,"ao":0,"ml":2688,"mf":2059.65,"br":8,"rs":0,"pr":0,"no":0,"s":58.8,"sp":8.83,"r_oo":0.799,"r_mf":0.705,"r_rs":0.109,"r_n":0.495,"r_sol":0.268}},{"type":"Feature","geometry":{"type":"Polygon","coordinates":[[[-70.40682,41.71875],[-70.40902,41.71787],[-70.40909,41.71609],[-70.40695,41.71519],[-70.40474,41.71607],[-70.40467,41.71785],[-70.40682,41.71875]]]},"properties":{"h":"892a317315bffff","t":"Barnstable","v":"West Barnstable","n":6,"oo":4,"po":66.7,"ao":0,"ml":3124,"mf":3339.682,"br":6,"rs":1,"pr":16.7,"no":0,"s":63,"sp":8.83,"r_oo":0.565,"r_mf":0.965,"r_rs":0.858,"r_n":0.072,"r_sol":0.268}},{"type":"Feature","geometry":{"type":"Polygon","coordinates":[[[-70.40286,41.70806],[-70.40507,41.70718],[-70.40514,41.7054],[-70.403,41.7045],[-70.40079,41.70538],[-70.40072,41.70716],[-70.40286,41.70806]]]},"properties":{"h":"892a3173163ffff","t":"Barnstable","v":"West Barnstable","n":6,"oo":5,"po":83.3,"ao":1,"ml":1493,"mf":1369.859,"br":0,"rs":0,"pr":0,"no":0,"s":44.2,"sp":8.83,"r_oo":0.856,"r_mf":0.197,"r_rs":0.109,"r_n":0.072,"r_sol":0.268}},{"type":"Feature","geometry":{"type":"Polygon","coordinates":[[[-70.40059,41.71072],[-70.4028,41.70984],[-70.40286,41.70806],[-70.40072,41.70716],[-70.39852,41.70804],[-70.39845,41.70982],[-70.40059,41.71072]]]},"properties":{"h":"892a3173173ffff","t":"Barnstable","v":"West Barnstable","n":15,"oo":12,"po":80,"ao":1,"ml":1893,"mf":1741.992,"br":0,"rs":3,"pr":20,"no":0,"s":64.1,"sp":8.83,"r_oo":0.799,"r_mf":0.481,"r_rs":0.919,"r_n":0.369,"r_sol":0.268}},{"type":"Feature","geometry":{"type":"Polygon","coordinates":[[[-70.40494,41.71074],[-70.40715,41.70986],[-70.40721,41.70808],[-70.40507,41.70718],[-70.40286,41.70806],[-70.4028,41.70984],[-70.40494,41.71074]]]},"properties":{"h":"892a317317bffff","t":"Barnstable","v":"West Barnstable","n":22,"oo":20,"po":90.9,"ao":2,"ml":1788.5,"mf":1369.925,"br":0,"rs":0,"pr":0,"no":0,"s":52.5,"sp":8.83,"r_oo":0.947,"r_mf":0.198,"r_rs":0.109,"r_n":0.533,"r_sol":0.268}},{"type":"Feature","geometry":{"type":"Polygon","coordinates":[[[-70.38506,41.71864],[-70.38727,41.71777],[-70.38734,41.71599],[-70.3852,41.71509],[-70.38299,41.71597],[-70.38292,41.71774],[-70.38506,41.71864]]]},"properties":{"h":"892a3173183ffff","t":"Barnstable","v":"West Barnstable","n":12,"oo":11,"po":91.7,"ao":0,"ml":2095,"mf":2017.34,"br":4,"rs":0,"pr":0,"no":0,"s":62.4,"sp":8.83,"r_oo":0.954,"r_mf":0.681,"r_rs":0.109,"r_n":0.292,"r_sol":0.268}},{"type":"Feature","geometry":{"type":"Polygon","coordinates":[[[-70.38299,41.71597],[-70.3852,41.71509],[-70.38526,41.71331],[-70.38312,41.71241],[-70.38092,41.71329],[-70.38085,41.71507],[-70.38299,41.71597]]]},"properties":{"h":"892a3173187ffff","t":"Barnstable","v":"West Barnstable","n":10,"oo":8,"po":80,"ao":0,"ml":1864.5,"mf":1578.217,"br":1,"rs":1,"pr":10,"no":0,"s":54.3,"sp":8.83,"r_oo":0.799,"r_mf":0.347,"r_rs":0.575,"r_n":0.234,"r_sol":0.268}},{"type":"Feature","geometry":{"type":"Polygon","coordinates":[[[-70.38941,41.71866],[-70.39162,41.71779],[-70.39169,41.71601],[-70.38955,41.71511],[-70.38734,41.71599],[-70.38727,41.71777],[-70.38941,41.71866]]]},"properties":{"h":"892a317318bffff","t":"Barnstable","v":"West Barnstable","n":8,"oo":6,"po":75,"ao":0,"ml":2505.5,"mf":2308.554,"br":3,"rs":1,"pr":12.5,"no":0,"s":63.4,"sp":8.83,"r_oo":0.709,"r_mf":0.812,"r_rs":0.702,"r_n":0.154,"r_sol":0.268}},{"type":"Feature","geometry":{"type":"Polygon","coordinates":[[[-70.38734,41.71599],[-70.38955,41.71511],[-70.38961,41.71333],[-70.38747,41.71243],[-70.38526,41.71331],[-70.3852,41.71509],[-70.38734,41.71599]]]},"properties":{"h":"892a317318fffff","t":"Barnstable","v":"West Barnstable","n":9,"oo":8,"po":88.9,"ao":0,"ml":2207,"mf":2129.802,"br":3,"rs":1,"pr":11.1,"no":0,"s":69.6,"sp":8.83,"r_oo":0.922,"r_mf":0.741,"r_rs":0.639,"r_n":0.194,"r_sol":0.268}},{"type":"Feature","geometry":{"type":"Polygon","coordinates":[[[-70.38279,41.7213],[-70.385,41.72042],[-70.38506,41.71864],[-70.38292,41.71774],[-70.38071,41.71862],[-70.38064,41.7204],[-70.38279,41.7213]]]},"properties":{"h":"892a3173193ffff","t":"Barnstable","v":"West Barnstable","n":9,"oo":4,"po":44.4,"ao":1,"ml":2472,"mf":2241.963,"br":4,"rs":1,"pr":11.1,"no":0,"s":45.2,"sp":8.83,"r_oo":0.284,"r_mf":0.787,"r_rs":0.639,"r_n":0.194,"r_sol":0.268}},{"type":"Feature","geometry":{"type":"Polygon","coordinates":[[[-70.38112,41.70796],[-70.38333,41.70708],[-70.38339,41.7053],[-70.38125,41.7044],[-70.37904,41.70528],[-70.37898,41.70706],[-70.38112,41.70796]]]},"properties":{"h":"892a31731a7ffff","t":"Barnstable","v":"West Barnstable","n":10,"oo":9,"po":90,"ao":0,"ml":2100.5,"mf":2043.088,"br":2,"rs":0,"pr":0,"no":0,"s":61.5,"sp":8.83,"r_oo":0.937,"r_mf":0.697,"r_rs":0.109,"r_n":0.234,"r_sol":0.268}},{"type":"Feature","geometry":{"type":"Polygon","coordinates":[[[-70.38754,41.71065],[-70.38975,41.70978],[-70.38982,41.708],[-70.38768,41.7071],[-70.38547,41.70798],[-70.3854,41.70976],[-70.38754,41.71065]]]},"properties":{"h":"892a31731abffff","t":"Barnstable","v":"West Barnstable","n":8,"oo":8,"po":100,"ao":0,"ml":1721.5,"mf":1427.275,"br":2,"rs":1,"pr":12.5,"no":0,"s":60.2,"sp":8.83,"r_oo":0.988,"r_mf":0.237,"r_rs":0.702,"r_n":0.154,"r_sol":0.268}},{"type":"Feature","geometry":{"type":"Polygon","coordinates":[[[-70.38547,41.70798],[-70.38768,41.7071],[-70.38774,41.70532],[-70.3856,41.70442],[-70.38339,41.7053],[-70.38333,41.70708],[-70.38547,41.70798]]]},"properties":{"h":"892a31731afffff","t":"Barnstable","v":"West Barnstable","n":11,"oo":10,"po":90.9,"ao":0,"ml":1976,"mf":1797.053,"br":2,"rs":2,"pr":18.2,"no":0,"s":69.5,"sp":8.83,"r_oo":0.947,"r_mf":0.52,"r_rs":0.887,"r_n":0.266,"r_sol":0.268}},{"type":"Feature","geometry":{"type":"Polygon","coordinates":[[[-70.38092,41.71329],[-70.38312,41.71241],[-70.38319,41.71063],[-70.38105,41.70973],[-70.37884,41.71061],[-70.37877,41.71239],[-70.38092,41.71329]]]},"properties":{"h":"892a31731b3ffff","t":"Barnstable","v":"West Barnstable","n":9,"oo":6,"po":66.7,"ao":0,"ml":1330,"mf":1574.518,"br":0,"rs":2,"pr":22.2,"no":0,"s":50,"sp":8.83,"r_oo":0.565,"r_mf":0.344,"r_rs":0.948,"r_n":0.194,"r_sol":0.268}},{"type":"Feature","geometry":{"type":"Polygon","coordinates":[[[-70.37884,41.71061],[-70.38105,41.70973],[-70.38112,41.70796],[-70.37898,41.70706],[-70.37677,41.70794],[-70.3767,41.70971],[-70.37884,41.71061]]]},"properties":{"h":"892a31731b7ffff","t":"Barnstable","v":"West Barnstable","n":14,"oo":11,"po":78.6,"ao":1,"ml":1975,"mf":1729.771,"br":3,"rs":1,"pr":7.1,"no":0,"s":54.9,"sp":8.83,"r_oo":0.771,"r_mf":0.469,"r_rs":0.413,"r_n":0.341,"r_sol":0.268}},{"type":"Feature","geometry":{"type":"Polygon","coordinates":[[[-70.38526,41.71331],[-70.38747,41.71243],[-70.38754,41.71065],[-70.3854,41.70976],[-70.38319,41.71063],[-70.38312,41.71241],[-70.38526,41.71331]]]},"properties":{"h":"892a31731bbffff","t":"Barnstable","v":"West Barnstable","n":7,"oo":6,"po":85.7,"ao":0,"ml":2352,"mf":2119.36,"br":1,"rs":2,"pr":28.6,"no":0,"s":72.3,"sp":8.83,"r_oo":0.887,"r_mf":0.736,"r_rs":0.976,"r_n":0.115,"r_sol":0.268}},{"type":"Feature","geometry":{"type":"Polygon","coordinates":[[[-70.39584,41.72136],[-70.39805,41.72048],[-70.39811,41.71871],[-70.39597,41.71781],[-70.39376,41.71869],[-70.3937,41.72046],[-70.39584,41.72136]]]},"properties":{"h":"892a31731c3ffff","t":"Barnstable","v":"West Barnstable","n":18,"oo":14,"po":77.8,"ao":2,"ml":1594,"mf":1684.593,"br":3,"rs":1,"pr":5.6,"no":0,"s":53.1,"sp":8.83,"r_oo":0.755,"r_mf":0.428,"r_rs":0.332,"r_n":0.448,"r_sol":0.268}},{"type":"Feature","geometry":{"type":"Polygon","coordinates":[[[-70.39376,41.71869],[-70.39597,41.71781],[-70.39604,41.71603],[-70.3939,41.71513],[-70.39169,41.71601],[-70.39162,41.71779],[-70.39376,41.71869]]]},"properties":{"h":"892a31731c7ffff","t":"Barnstable","v":"West Barnstable","n":18,"oo":15,"po":83.3,"ao":3,"ml":3080.5,"mf":2738.987,"br":13,"rs":2,"pr":11.1,"no":0,"s":73.7,"sp":8.83,"r_oo":0.856,"r_mf":0.911,"r_rs":0.639,"r_n":0.448,"r_sol":0.268}},{"type":"Feature","geometry":{"type":"Polygon","coordinates":[[[-70.40019,41.72138],[-70.4024,41.7205],[-70.40246,41.71873],[-70.40032,41.71783],[-70.39811,41.71871],[-70.39805,41.72048],[-70.40019,41.72138]]]},"properties":{"h":"892a31731cbffff","t":"Barnstable","v":"West Barnstable","n":19,"oo":18,"po":94.7,"ao":0,"ml":2208,"mf":1992.443,"br":4,"rs":1,"pr":5.3,"no":0,"s":67.5,"sp":8.83,"r_oo":0.97,"r_mf":0.662,"r_rs":0.318,"r_n":0.472,"r_sol":0.268}},{"type":"Feature","geometry":{"type":"Polygon","coordinates":[[[-70.39811,41.71871],[-70.40032,41.71783],[-70.40039,41.71605],[-70.39825,41.71515],[-70.39604,41.71603],[-70.39597,41.71781],[-70.39811,41.71871]]]},"properties":{"h":"892a31731cfffff","t":"Barnstable","v":"West Barnstable","n":21,"oo":20,"po":95.2,"ao":0,"ml":2136,"mf":1893.946,"br":3,"rs":3,"pr":14.3,"no":0,"s":73.4,"sp":8.83,"r_oo":0.973,"r_mf":0.599,"r_rs":0.784,"r_n":0.513,"r_sol":0.268}},{"type":"Feature","geometry":{"type":"Polygon","coordinates":[[[-70.39356,41.72402],[-70.39577,41.72314],[-70.39584,41.72136],[-70.3937,41.72046],[-70.39149,41.72134],[-70.39142,41.72312],[-70.39356,41.72402]]]},"properties":{"h":"892a31731d3ffff","t":"Barnstable","v":"West Barnstable","n":14,"oo":10,"po":71.4,"ao":0,"ml":2221.5,"mf":2253.411,"br":4,"rs":2,"pr":14.3,"no":0,"s":63.7,"sp":8.83,"r_oo":0.652,"r_mf":0.793,"r_rs":0.784,"r_n":0.341,"r_sol":0.268}},{"type":"Feature","geometry":{"type":"Polygon","coordinates":[[[-70.39149,41.72134],[-70.3937,41.72046],[-70.39376,41.71869],[-70.39162,41.71779],[-70.38941,41.71866],[-70.38935,41.72044],[-70.39149,41.72134]]]},"properties":{"h":"892a31731d7ffff","t":"Barnstable","v":"West Barnstable","n":11,"oo":9,"po":81.8,"ao":1,"ml":2080,"mf":1887.65,"br":3,"rs":1,"pr":9.1,"no":0,"s":61.4,"sp":8.83,"r_oo":0.833,"r_mf":0.595,"r_rs":0.524,"r_n":0.266,"r_sol":0.268}},{"type":"Feature","geometry":{"type":"Polygon","coordinates":[[[-70.39791,41.72404],[-70.40012,41.72316],[-70.40019,41.72138],[-70.39805,41.72048],[-70.39584,41.72136],[-70.39577,41.72314],[-70.39791,41.72404]]]},"properties":{"h":"892a31731dbffff","t":"Barnstable","v":"West Barnstable","n":16,"oo":15,"po":93.8,"ao":0,"ml":2328.5,"mf":2132.685,"br":7,"rs":3,"pr":18.8,"no":0,"s":77.4,"sp":8.83,"r_oo":0.966,"r_mf":0.743,"r_rs":0.898,"r_n":0.401,"r_sol":0.268}},{"type":"Feature","geometry":{"type":"Polygon","coordinates":[[[-70.40929,41.71076],[-70.4115,41.70988],[-70.41156,41.7081],[-70.40942,41.7072],[-70.40721,41.70808],[-70.40715,41.70986],[-70.40929,41.71076]]]},"properties":{"h":"892a31733b7ffff","t":"Barnstable","v":"West Barnstable","n":5,"oo":4,"po":80,"ao":0,"ml":2131,"mf":1837.164,"br":0,"rs":1,"pr":20,"no":0,"s":62.4,"sp":8.83,"r_oo":0.799,"r_mf":0.549,"r_rs":0.919,"r_n":0.024,"r_sol":0.268}},{"type":"Feature","geometry":{"type":"Polygon","coordinates":[[[-70.38881,41.73467],[-70.39102,41.73379],[-70.39108,41.73201],[-70.38894,41.73111],[-70.38673,41.73199],[-70.38667,41.73377],[-70.38881,41.73467]]]},"properties":{"h":"892a3173543ffff","t":"Barnstable","v":"West Barnstable","n":18,"oo":13,"po":72.2,"ao":0,"ml":2267,"mf":2220.018,"br":6,"rs":4,"pr":22.2,"no":0,"s":67.5,"sp":8.83,"r_oo":0.665,"r_mf":0.781,"r_rs":0.948,"r_n":0.448,"r_sol":0.268}},{"type":"Feature","geometry":{"type":"Polygon","coordinates":[[[-70.38673,41.73199],[-70.38894,41.73111],[-70.38901,41.72933],[-70.38687,41.72843],[-70.38466,41.72931],[-70.38459,41.73109],[-70.38673,41.73199]]]},"properties":{"h":"892a3173547ffff","t":"Barnstable","v":"West Barnstable","n":14,"oo":7,"po":50,"ao":1,"ml":2764,"mf":2744.332,"br":8,"rs":2,"pr":14.3,"no":0,"s":54.3,"sp":8.83,"r_oo":0.341,"r_mf":0.914,"r_rs":0.784,"r_n":0.341,"r_sol":0.268}},{"type":"Feature","geometry":{"type":"Polygon","coordinates":[[[-70.39108,41.73201],[-70.39329,41.73113],[-70.39336,41.72935],[-70.39122,41.72845],[-70.38901,41.72933],[-70.38894,41.73111],[-70.39108,41.73201]]]},"properties":{"h":"892a317354fffff","t":"Barnstable","v":"West Barnstable","n":9,"oo":5,"po":55.6,"ao":2,"ml":2464,"mf":2536.125,"br":5,"rs":1,"pr":11.1,"no":0,"s":52.6,"sp":8.83,"r_oo":0.406,"r_mf":0.885,"r_rs":0.639,"r_n":0.194,"r_sol":0.268}},{"type":"Feature","geometry":{"type":"Polygon","coordinates":[[[-70.38653,41.73732],[-70.38874,41.73645],[-70.38881,41.73467],[-70.38667,41.73377],[-70.38446,41.73465],[-70.38439,41.73642],[-70.38653,41.73732]]]},"properties":{"h":"892a3173553ffff","t":"Barnstable","v":"West Barnstable","n":7,"oo":3,"po":42.9,"ao":2,"ml":3268,"mf":1813.633,"br":3,"rs":1,"pr":14.3,"no":0,"s":39.5,"sp":8.83,"r_oo":0.267,"r_mf":0.528,"r_rs":0.784,"r_n":0.115,"r_sol":0.268}},{"type":"Feature","geometry":{"type":"Polygon","coordinates":[[[-70.38446,41.73465],[-70.38667,41.73377],[-70.38673,41.73199],[-70.38459,41.73109],[-70.38238,41.73197],[-70.38231,41.73375],[-70.38446,41.73465]]]},"properties":{"h":"892a3173557ffff","t":"Barnstable","v":"West Barnstable","n":5,"oo":4,"po":80,"ao":1,"ml":3484,"mf":3426.363,"br":5,"rs":1,"pr":20,"no":0,"s":72.9,"sp":8.83,"r_oo":0.799,"r_mf":0.968,"r_rs":0.919,"r_n":0.024,"r_sol":0.268}},{"type":"Feature","geometry":{"type":"Polygon","coordinates":[[[-70.31468,41.62765],[-70.31689,41.62678],[-70.31696,41.625],[-70.31482,41.6241],[-70.31262,41.62498],[-70.31255,41.62675],[-70.31468,41.62765]]]},"properties":{"h":"892a317769bffff","t":"Barnstable","v":"Hyannis","n":8,"oo":0,"po":0,"ao":4,"ml":4497.5,"mf":3542.337,"br":8,"rs":0,"pr":0,"no":0,"s":30.7,"sp":8.83,"r_oo":0.014,"r_mf":0.971,"r_rs":0.109,"r_n":0.154,"r_sol":0.268}}]}