{"type":"FeatureCollection","features":[{"type":"Feature","geometry":{"type":"Polygon","coordinates":[[[-70.14401,41.75992],[-70.14622,41.75904],[-70.1463,41.75726],[-70.14416,41.75636],[-70.14194,41.75723],[-70.14187,41.75901],[-70.14401,41.75992]]]},"properties":{"h":"892a310186fffff","t":"Dennis","v":"East Dennis","n":9,"oo":3,"po":33.3,"ao":1,"ml":2984,"mf":1828.39,"br":4,"rs":0,"pr":0,"no":0,"s":33.3,"sp":4.43,"r_oo":0.184,"r_mf":0.541,"r_rs":0.109,"r_n":0.194,"r_sol":0.885}},{"type":"Feature","geometry":{"type":"Polygon","coordinates":[[[-70.15935,41.75735],[-70.16157,41.75648],[-70.16164,41.7547],[-70.15951,41.7538],[-70.15729,41.75467],[-70.15722,41.75645],[-70.15935,41.75735]]]},"properties":{"h":"892a3101a27ffff","t":"Dennis","v":"East Dennis","n":26,"oo":3,"po":11.5,"ao":9,"ml":2304,"mf":1840.423,"br":6,"rs":0,"pr":0,"no":0,"s":32.5,"sp":4.43,"r_oo":0.051,"r_mf":0.553,"r_rs":0.109,"r_n":0.615,"r_sol":0.885}},{"type":"Feature","geometry":{"type":"Polygon","coordinates":[[[-70.14882,41.74928],[-70.15103,41.7484],[-70.15111,41.74663],[-70.14897,41.74572],[-70.14676,41.7466],[-70.14668,41.74837],[-70.14882,41.74928]]]},"properties":{"h":"892a3101b03ffff","t":"Dennis","v":"East Dennis","n":14,"oo":7,"po":50,"ao":3,"ml":2477.5,"mf":1780.1,"br":5,"rs":0,"pr":0,"no":0,"s":40.2,"sp":4.43,"r_oo":0.341,"r_mf":0.509,"r_rs":0.109,"r_n":0.341,"r_sol":0.885}},{"type":"Feature","geometry":{"type":"Polygon","coordinates":[[[-70.14676,41.7466],[-70.14897,41.74572],[-70.14905,41.74394],[-70.14691,41.74304],[-70.14469,41.74391],[-70.14462,41.74569],[-70.14676,41.7466]]]},"properties":{"h":"892a3101b07ffff","t":"Dennis","v":"East Dennis","n":10,"oo":7,"po":70,"ao":0,"ml":2460,"mf":1995.525,"br":1,"rs":0,"pr":0,"no":0,"s":54.5,"sp":4.43,"r_oo":0.626,"r_mf":0.665,"r_rs":0.109,"r_n":0.234,"r_sol":0.885}},{"type":"Feature","geometry":{"type":"Polygon","coordinates":[[[-70.15111,41.74663],[-70.15332,41.74575],[-70.1534,41.74397],[-70.15126,41.74307],[-70.14905,41.74394],[-70.14897,41.74572],[-70.15111,41.74663]]]},"properties":{"h":"892a3101b0fffff","t":"Dennis","v":"East Dennis","n":9,"oo":4,"po":44.4,"ao":5,"ml":1811,"mf":1962.197,"br":2,"rs":2,"pr":22.2,"no":0,"s":52.4,"sp":4.43,"r_oo":0.284,"r_mf":0.643,"r_rs":0.948,"r_n":0.194,"r_sol":0.885}},{"type":"Feature","geometry":{"type":"Polygon","coordinates":[[[-70.14653,41.75193],[-70.14874,41.75106],[-70.14882,41.74928],[-70.14668,41.74837],[-70.14447,41.74925],[-70.14439,41.75103],[-70.14653,41.75193]]]},"properties":{"h":"892a3101b13ffff","t":"Dennis","v":"East Dennis","n":21,"oo":10,"po":47.6,"ao":4,"ml":2050,"mf":2099.714,"br":6,"rs":2,"pr":9.5,"no":0,"s":53,"sp":4.43,"r_oo":0.316,"r_mf":0.729,"r_rs":0.547,"r_n":0.513,"r_sol":0.885}},{"type":"Feature","geometry":{"type":"Polygon","coordinates":[[[-70.14447,41.74925],[-70.14668,41.74837],[-70.14676,41.7466],[-70.14462,41.74569],[-70.1424,41.74657],[-70.14233,41.74834],[-70.14447,41.74925]]]},"properties":{"h":"892a3101b17ffff","t":"Dennis","v":"East Dennis","n":16,"oo":6,"po":37.5,"ao":7,"ml":1918,"mf":1648.307,"br":3,"rs":4,"pr":25,"no":0,"s":46.1,"sp":4.43,"r_oo":0.216,"r_mf":0.405,"r_rs":0.965,"r_n":0.401,"r_sol":0.885}},{"type":"Feature","geometry":{"type":"Polygon","coordinates":[[[-70.15088,41.75196],[-70.15309,41.75109],[-70.15317,41.74931],[-70.15103,41.7484],[-70.14882,41.74928],[-70.14874,41.75106],[-70.15088,41.75196]]]},"properties":{"h":"892a3101b1bffff","t":"Dennis","v":"East Dennis","n":9,"oo":2,"po":22.2,"ao":2,"ml":4804,"mf":3642.131,"br":7,"rs":0,"pr":0,"no":0,"s":41.5,"sp":4.43,"r_oo":0.118,"r_mf":0.975,"r_rs":0.109,"r_n":0.194,"r_sol":0.885}},{"type":"Feature","geometry":{"type":"Polygon","coordinates":[[[-70.14699,41.74126],[-70.1492,41.74039],[-70.14928,41.73861],[-70.14714,41.73771],[-70.14492,41.73858],[-70.14485,41.74036],[-70.14699,41.74126]]]},"properties":{"h":"892a3101b23ffff","t":"Dennis","v":"East Dennis","n":34,"oo":17,"po":50,"ao":4,"ml":2226.5,"mf":2061.83,"br":9,"rs":2,"pr":5.9,"no":0,"s":52.7,"sp":4.43,"r_oo":0.341,"r_mf":0.709,"r_rs":0.345,"r_n":0.732,"r_sol":0.885}},{"type":"Feature","geometry":{"type":"Polygon","coordinates":[[[-70.14492,41.73858],[-70.14714,41.73771],[-70.14721,41.73593],[-70.14508,41.73502],[-70.14286,41.7359],[-70.14279,41.73768],[-70.14492,41.73858]]]},"properties":{"h":"892a3101b27ffff","t":"Dennis","v":"East Dennis","n":15,"oo":12,"po":80,"ao":1,"ml":2169,"mf":1885.589,"br":5,"rs":2,"pr":13.3,"no":0,"s":70.6,"sp":4.43,"r_oo":0.799,"r_mf":0.594,"r_rs":0.748,"r_n":0.369,"r_sol":0.885}},{"type":"Feature","geometry":{"type":"Polygon","coordinates":[[[-70.15134,41.74129],[-70.15355,41.74042],[-70.15363,41.73864],[-70.15149,41.73774],[-70.14928,41.73861],[-70.1492,41.74039],[-70.15134,41.74129]]]},"properties":{"h":"892a3101b2bffff","t":"Dennis","v":"East Dennis","n":20,"oo":8,"po":40,"ao":4,"ml":1610,"mf":1828.473,"br":3,"rs":1,"pr":5,"no":0,"s":41.5,"sp":4.43,"r_oo":0.239,"r_mf":0.541,"r_rs":0.306,"r_n":0.495,"r_sol":0.885}},{"type":"Feature","geometry":{"type":"Polygon","coordinates":[[[-70.14928,41.73861],[-70.15149,41.73774],[-70.15156,41.73596],[-70.14943,41.73505],[-70.14721,41.73593],[-70.14714,41.73771],[-70.14928,41.73861]]]},"properties":{"h":"892a3101b2fffff","t":"Dennis","v":"East Dennis","n":31,"oo":11,"po":35.5,"ao":8,"ml":1849,"mf":1735.14,"br":9,"rs":3,"pr":9.7,"no":0,"s":44.2,"sp":4.43,"r_oo":0.205,"r_mf":0.476,"r_rs":0.554,"r_n":0.696,"r_sol":0.885}},{"type":"Feature","geometry":{"type":"Polygon","coordinates":[[[-70.14469,41.74391],[-70.14691,41.74304],[-70.14699,41.74126],[-70.14485,41.74036],[-70.14263,41.74123],[-70.14256,41.74301],[-70.14469,41.74391]]]},"properties":{"h":"892a3101b33ffff","t":"Dennis","v":"East Dennis","n":9,"oo":5,"po":55.6,"ao":0,"ml":2149,"mf":1679.274,"br":0,"rs":1,"pr":11.1,"no":0,"s":47.2,"sp":4.43,"r_oo":0.406,"r_mf":0.423,"r_rs":0.639,"r_n":0.194,"r_sol":0.885}},{"type":"Feature","geometry":{"type":"Polygon","coordinates":[[[-70.14263,41.74123],[-70.14485,41.74036],[-70.14492,41.73858],[-70.14279,41.73768],[-70.14057,41.73855],[-70.1405,41.74033],[-70.14263,41.74123]]]},"properties":{"h":"892a3101b37ffff","t":"Dennis","v":"East Dennis","n":5,"oo":2,"po":40,"ao":0,"ml":1372,"mf":1220.384,"br":0,"rs":0,"pr":0,"no":0,"s":22.8,"sp":4.43,"r_oo":0.239,"r_mf":0.1,"r_rs":0.109,"r_n":0.024,"r_sol":0.885}},{"type":"Feature","geometry":{"type":"Polygon","coordinates":[[[-70.14905,41.74394],[-70.15126,41.74307],[-70.15134,41.74129],[-70.1492,41.74039],[-70.14699,41.74126],[-70.14691,41.74304],[-70.14905,41.74394]]]},"properties":{"h":"892a3101b3bffff","t":"Dennis","v":"East Dennis","n":37,"oo":19,"po":51.4,"ao":6,"ml":1803,"mf":2149.383,"br":15,"rs":4,"pr":10.8,"no":0,"s":59,"sp":4.43,"r_oo":0.362,"r_mf":0.752,"r_rs":0.62,"r_n":0.76,"r_sol":0.885}},{"type":"Feature","geometry":{"type":"Polygon","coordinates":[[[-70.15958,41.75202],[-70.1618,41.75114],[-70.16187,41.74937],[-70.15973,41.74846],[-70.15752,41.74934],[-70.15744,41.75111],[-70.15958,41.75202]]]},"properties":{"h":"892a3101b43ffff","t":"Dennis","v":"East Dennis","n":10,"oo":4,"po":40,"ao":5,"ml":2693,"mf":2104.209,"br":3,"rs":3,"pr":30,"no":0,"s":53.7,"sp":4.43,"r_oo":0.239,"r_mf":0.73,"r_rs":0.982,"r_n":0.234,"r_sol":0.885}},{"type":"Feature","geometry":{"type":"Polygon","coordinates":[[[-70.16393,41.75205],[-70.16615,41.75117],[-70.16622,41.7494],[-70.16408,41.74849],[-70.16187,41.74937],[-70.1618,41.75114],[-70.16393,41.75205]]]},"properties":{"h":"892a3101b4bffff","t":"Dennis","v":"East Dennis","n":33,"oo":19,"po":57.6,"ao":5,"ml":2629,"mf":2461.449,"br":17,"rs":1,"pr":3,"no":0,"s":58.5,"sp":4.43,"r_oo":0.431,"r_mf":0.865,"r_rs":0.235,"r_n":0.723,"r_sol":0.885}},{"type":"Feature","geometry":{"type":"Polygon","coordinates":[[[-70.16187,41.74937],[-70.16408,41.74849],[-70.16416,41.74671],[-70.16202,41.74581],[-70.15981,41.74668],[-70.15973,41.74846],[-70.16187,41.74937]]]},"properties":{"h":"892a3101b4fffff","t":"Dennis","v":"East Dennis","n":13,"oo":2,"po":15.4,"ao":6,"ml":2640,"mf":2265.074,"br":4,"rs":5,"pr":38.5,"no":0,"s":49.6,"sp":4.43,"r_oo":0.069,"r_mf":0.796,"r_rs":0.994,"r_n":0.318,"r_sol":0.885}},{"type":"Feature","geometry":{"type":"Polygon","coordinates":[[[-70.15729,41.75467],[-70.15951,41.7538],[-70.15958,41.75202],[-70.15744,41.75111],[-70.15523,41.75199],[-70.15515,41.75377],[-70.15729,41.75467]]]},"properties":{"h":"892a3101b53ffff","t":"Dennis","v":"East Dennis","n":45,"oo":13,"po":28.9,"ao":12,"ml":2004,"mf":1897.574,"br":8,"rs":2,"pr":4.4,"no":0,"s":42.5,"sp":4.43,"r_oo":0.149,"r_mf":0.601,"r_rs":0.284,"r_n":0.837,"r_sol":0.885}},{"type":"Feature","geometry":{"type":"Polygon","coordinates":[[[-70.15523,41.75199],[-70.15744,41.75111],[-70.15752,41.74934],[-70.15538,41.74843],[-70.15317,41.74931],[-70.15309,41.75109],[-70.15523,41.75199]]]},"properties":{"h":"892a3101b57ffff","t":"Dennis","v":"East Dennis","n":9,"oo":4,"po":44.4,"ao":3,"ml":2889,"mf":2248.43,"br":4,"rs":0,"pr":0,"no":0,"s":43.5,"sp":4.43,"r_oo":0.284,"r_mf":0.789,"r_rs":0.109,"r_n":0.194,"r_sol":0.885}},{"type":"Feature","geometry":{"type":"Polygon","coordinates":[[[-70.16164,41.7547],[-70.16386,41.75383],[-70.16393,41.75205],[-70.1618,41.75114],[-70.15958,41.75202],[-70.15951,41.7538],[-70.16164,41.7547]]]},"properties":{"h":"892a3101b5bffff","t":"Dennis","v":"East Dennis","n":11,"oo":3,"po":27.3,"ao":0,"ml":2745,"mf":2199.213,"br":4,"rs":1,"pr":9.1,"no":0,"s":44.1,"sp":4.43,"r_oo":0.137,"r_mf":0.77,"r_rs":0.524,"r_n":0.266,"r_sol":0.885}},{"type":"Feature","geometry":{"type":"Polygon","coordinates":[[[-70.15775,41.744],[-70.15996,41.74313],[-70.16004,41.74135],[-70.1579,41.74045],[-70.15569,41.74132],[-70.15561,41.7431],[-70.15775,41.744]]]},"properties":{"h":"892a3101b63ffff","t":"Dennis","v":"East Dennis","n":23,"oo":12,"po":52.2,"ao":4,"ml":1963,"mf":2089.113,"br":3,"rs":1,"pr":4.3,"no":0,"s":51.3,"sp":4.43,"r_oo":0.367,"r_mf":0.723,"r_rs":0.278,"r_n":0.554,"r_sol":0.885}},{"type":"Feature","geometry":{"type":"Polygon","coordinates":[[[-70.15569,41.74132],[-70.1579,41.74045],[-70.15798,41.73867],[-70.15584,41.73777],[-70.15363,41.73864],[-70.15355,41.74042],[-70.15569,41.74132]]]},"properties":{"h":"892a3101b67ffff","t":"Dennis","v":"East Dennis","n":40,"oo":25,"po":62.5,"ao":4,"ml":1604,"mf":2345.383,"br":13,"rs":5,"pr":12.5,"no":0,"s":68.1,"sp":4.43,"r_oo":0.504,"r_mf":0.825,"r_rs":0.702,"r_n":0.796,"r_sol":0.885}},{"type":"Feature","geometry":{"type":"Polygon","coordinates":[[[-70.1621,41.74403],[-70.16431,41.74316],[-70.16439,41.74138],[-70.16225,41.74048],[-70.16004,41.74135],[-70.15996,41.74313],[-70.1621,41.74403]]]},"properties":{"h":"892a3101b6bffff","t":"Dennis","v":"East Dennis","n":9,"oo":3,"po":33.3,"ao":4,"ml":1947,"mf":2380.166,"br":4,"rs":0,"pr":0,"no":0,"s":40.6,"sp":4.43,"r_oo":0.184,"r_mf":0.832,"r_rs":0.109,"r_n":0.194,"r_sol":0.885}},{"type":"Feature","geometry":{"type":"Polygon","coordinates":[[[-70.16004,41.74135],[-70.16225,41.74048],[-70.16233,41.7387],[-70.16019,41.7378],[-70.15798,41.73867],[-70.1579,41.74045],[-70.16004,41.74135]]]},"properties":{"h":"892a3101b6fffff","t":"Dennis","v":"East Dennis","n":38,"oo":17,"po":44.7,"ao":7,"ml":1637,"mf":2231.756,"br":8,"rs":3,"pr":7.9,"no":0,"s":54.5,"sp":4.43,"r_oo":0.288,"r_mf":0.783,"r_rs":0.456,"r_n":0.773,"r_sol":0.885}},{"type":"Feature","geometry":{"type":"Polygon","coordinates":[[[-70.15546,41.74665],[-70.15767,41.74578],[-70.15775,41.744],[-70.15561,41.7431],[-70.1534,41.74397],[-70.15332,41.74575],[-70.15546,41.74665]]]},"properties":{"h":"892a3101b73ffff","t":"Dennis","v":"East Dennis","n":15,"oo":10,"po":66.7,"ao":1,"ml":1861,"mf":2125.667,"br":7,"rs":1,"pr":6.7,"no":0,"s":59.4,"sp":4.43,"r_oo":0.565,"r_mf":0.738,"r_rs":0.389,"r_n":0.369,"r_sol":0.885}},{"type":"Feature","geometry":{"type":"Polygon","coordinates":[[[-70.1534,41.74397],[-70.15561,41.7431],[-70.15569,41.74132],[-70.15355,41.74042],[-70.15134,41.74129],[-70.15126,41.74307],[-70.1534,41.74397]]]},"properties":{"h":"892a3101b77ffff","t":"Dennis","v":"East Dennis","n":13,"oo":7,"po":53.8,"ao":2,"ml":1864,"mf":1746.52,"br":4,"rs":1,"pr":7.7,"no":0,"s":46.1,"sp":4.43,"r_oo":0.383,"r_mf":0.486,"r_rs":0.442,"r_n":0.318,"r_sol":0.885}},{"type":"Feature","geometry":{"type":"Polygon","coordinates":[[[-70.13988,41.75455],[-70.1421,41.75368],[-70.14217,41.7519],[-70.14004,41.751],[-70.13782,41.75187],[-70.13775,41.75365],[-70.13988,41.75455]]]},"properties":{"h":"892a3101b83ffff","t":"Dennis","v":"East Dennis","n":18,"oo":8,"po":44.4,"ao":5,"ml":3644.5,"mf":2992.706,"br":14,"rs":4,"pr":22.2,"no":0,"s":62.4,"sp":4.43,"r_oo":0.284,"r_mf":0.939,"r_rs":0.948,"r_n":0.448,"r_sol":0.885}},{"type":"Feature","geometry":{"type":"Polygon","coordinates":[[[-70.14424,41.75458],[-70.14645,41.75371],[-70.14653,41.75193],[-70.14439,41.75103],[-70.14217,41.7519],[-70.1421,41.75368],[-70.14424,41.75458]]]},"properties":{"h":"892a3101b8bffff","t":"Dennis","v":"East Dennis","n":14,"oo":1,"po":7.1,"ao":6,"ml":2030,"mf":1727.693,"br":3,"rs":0,"pr":0,"no":0,"s":26.9,"sp":4.43,"r_oo":0.034,"r_mf":0.466,"r_rs":0.109,"r_n":0.341,"r_sol":0.885}},{"type":"Feature","geometry":{"type":"Polygon","coordinates":[[[-70.14217,41.7519],[-70.14439,41.75103],[-70.14447,41.74925],[-70.14233,41.74834],[-70.14011,41.74922],[-70.14004,41.751],[-70.14217,41.7519]]]},"properties":{"h":"892a3101b8fffff","t":"Dennis","v":"East Dennis","n":23,"oo":8,"po":34.8,"ao":5,"ml":2206,"mf":2463.26,"br":12,"rs":2,"pr":8.7,"no":0,"s":51.5,"sp":4.43,"r_oo":0.2,"r_mf":0.867,"r_rs":0.5,"r_n":0.554,"r_sol":0.885}},{"type":"Feature","geometry":{"type":"Polygon","coordinates":[[[-70.15065,41.75729],[-70.15286,41.75642],[-70.15294,41.75464],[-70.1508,41.75374],[-70.14859,41.75461],[-70.14851,41.75639],[-70.15065,41.75729]]]},"properties":{"h":"892a3101bc3ffff","t":"Dennis","v":"East Dennis","n":10,"oo":1,"po":10,"ao":4,"ml":3227.5,"mf":2108.184,"br":4,"rs":0,"pr":0,"no":0,"s":32.8,"sp":4.43,"r_oo":0.041,"r_mf":0.733,"r_rs":0.109,"r_n":0.234,"r_sol":0.885}},{"type":"Feature","geometry":{"type":"Polygon","coordinates":[[[-70.14859,41.75461],[-70.1508,41.75374],[-70.15088,41.75196],[-70.14874,41.75106],[-70.14653,41.75193],[-70.14645,41.75371],[-70.14859,41.75461]]]},"properties":{"h":"892a3101bc7ffff","t":"Dennis","v":"East Dennis","n":7,"oo":1,"po":14.3,"ao":2,"ml":2526,"mf":2626.779,"br":4,"rs":1,"pr":14.3,"no":0,"s":46.8,"sp":4.43,"r_oo":0.064,"r_mf":0.901,"r_rs":0.784,"r_n":0.115,"r_sol":0.885}},{"type":"Feature","geometry":{"type":"Polygon","coordinates":[[[-70.155,41.75732],[-70.15722,41.75645],[-70.15729,41.75467],[-70.15515,41.75377],[-70.15294,41.75464],[-70.15286,41.75642],[-70.155,41.75732]]]},"properties":{"h":"892a3101bcbffff","t":"Dennis","v":"East Dennis","n":16,"oo":3,"po":18.8,"ao":3,"ml":2815,"mf":2030.391,"br":4,"rs":1,"pr":6.2,"no":0,"s":39.1,"sp":4.43,"r_oo":0.09,"r_mf":0.69,"r_rs":0.362,"r_n":0.401,"r_sol":0.885}},{"type":"Feature","geometry":{"type":"Polygon","coordinates":[[[-70.14836,41.75995],[-70.15057,41.75907],[-70.15065,41.75729],[-70.14851,41.75639],[-70.1463,41.75726],[-70.14622,41.75904],[-70.14836,41.75995]]]},"properties":{"h":"892a3101bd3ffff","t":"Dennis","v":"East Dennis","n":12,"oo":2,"po":16.7,"ao":4,"ml":1714,"mf":1515.749,"br":3,"rs":1,"pr":8.3,"no":0,"s":29.4,"sp":4.43,"r_oo":0.075,"r_mf":0.298,"r_rs":0.48,"r_n":0.292,"r_sol":0.885}},{"type":"Feature","geometry":{"type":"Polygon","coordinates":[[[-70.1463,41.75726],[-70.14851,41.75639],[-70.14859,41.75461],[-70.14645,41.75371],[-70.14424,41.75458],[-70.14416,41.75636],[-70.1463,41.75726]]]},"properties":{"h":"892a3101bd7ffff","t":"Dennis","v":"East Dennis","n":25,"oo":8,"po":32,"ao":6,"ml":1915.5,"mf":1449.574,"br":5,"rs":2,"pr":8,"no":0,"s":34.8,"sp":4.43,"r_oo":0.168,"r_mf":0.252,"r_rs":0.462,"r_n":0.593,"r_sol":0.885}},{"type":"Feature","geometry":{"type":"Polygon","coordinates":[[[-70.1806,41.66683],[-70.18281,41.66595],[-70.18289,41.66418],[-70.18075,41.66328],[-70.17854,41.66415],[-70.17847,41.66593],[-70.1806,41.66683]]]},"properties":{"h":"892a310c023ffff","t":"Dennis","v":"West Dennis","n":19,"oo":9,"po":47.4,"ao":1,"ml":1862,"mf":1507.639,"br":1,"rs":0,"pr":0,"no":0,"s":35.1,"sp":4.43,"r_oo":0.314,"r_mf":0.293,"r_rs":0.109,"r_n":0.472,"r_sol":0.885}},{"type":"Feature","geometry":{"type":"Polygon","coordinates":[[[-70.17854,41.66415],[-70.18075,41.66328],[-70.18083,41.6615],[-70.17869,41.6606],[-70.17648,41.66147],[-70.17641,41.66325],[-70.17854,41.66415]]]},"properties":{"h":"892a310c027ffff","t":"Dennis","v":"West Dennis","n":26,"oo":8,"po":30.8,"ao":5,"ml":1792,"mf":1728.695,"br":6,"rs":4,"pr":15.4,"no":0,"s":45.4,"sp":4.43,"r_oo":0.16,"r_mf":0.468,"r_rs":0.818,"r_n":0.615,"r_sol":0.885}},{"type":"Feature","geometry":{"type":"Polygon","coordinates":[[[-70.18289,41.66418],[-70.18509,41.6633],[-70.18517,41.66153],[-70.18304,41.66063],[-70.18083,41.6615],[-70.18075,41.66328],[-70.18289,41.66418]]]},"properties":{"h":"892a310c02fffff","t":"Dennis","v":"West Dennis","n":20,"oo":12,"po":60,"ao":1,"ml":2069,"mf":2298.692,"br":9,"rs":2,"pr":10,"no":0,"s":61.2,"sp":4.43,"r_oo":0.466,"r_mf":0.806,"r_rs":0.575,"r_n":0.495,"r_sol":0.885}},{"type":"Feature","geometry":{"type":"Polygon","coordinates":[[[-70.17832,41.66948],[-70.18053,41.6686],[-70.1806,41.66683],[-70.17847,41.66593],[-70.17626,41.6668],[-70.17618,41.66858],[-70.17832,41.66948]]]},"properties":{"h":"892a310c033ffff","t":"Dennis","v":"West Dennis","n":10,"oo":5,"po":50,"ao":2,"ml":1751.5,"mf":1822.34,"br":0,"rs":0,"pr":0,"no":0,"s":39.8,"sp":4.43,"r_oo":0.341,"r_mf":0.535,"r_rs":0.109,"r_n":0.234,"r_sol":0.885}},{"type":"Feature","geometry":{"type":"Polygon","coordinates":[[[-70.17626,41.6668],[-70.17847,41.66593],[-70.17854,41.66415],[-70.17641,41.66325],[-70.1742,41.66412],[-70.17412,41.6659],[-70.17626,41.6668]]]},"properties":{"h":"892a310c037ffff","t":"Dennis","v":"West Dennis","n":7,"oo":3,"po":42.9,"ao":1,"ml":1871,"mf":1571.302,"br":1,"rs":0,"pr":0,"no":0,"s":30.8,"sp":4.43,"r_oo":0.267,"r_mf":0.341,"r_rs":0.109,"r_n":0.115,"r_sol":0.885}},{"type":"Feature","geometry":{"type":"Polygon","coordinates":[[[-70.17169,41.6721],[-70.1739,41.67123],[-70.17397,41.66945],[-70.17184,41.66855],[-70.16963,41.66942],[-70.16955,41.6712],[-70.17169,41.6721]]]},"properties":{"h":"892a310c0a3ffff","t":"Dennis","v":"West Dennis","n":8,"oo":2,"po":25,"ao":3,"ml":2459.5,"mf":2700.835,"br":5,"rs":0,"pr":0,"no":0,"s":39.9,"sp":4.43,"r_oo":0.128,"r_mf":0.91,"r_rs":0.109,"r_n":0.154,"r_sol":0.885}},{"type":"Feature","geometry":{"type":"Polygon","coordinates":[[[-70.16963,41.66942],[-70.17184,41.66855],[-70.17191,41.66677],[-70.16978,41.66587],[-70.16757,41.66674],[-70.16749,41.66852],[-70.16963,41.66942]]]},"properties":{"h":"892a310c0a7ffff","t":"Dennis","v":"West Dennis","n":25,"oo":16,"po":64,"ao":4,"ml":1936,"mf":2267.494,"br":11,"rs":2,"pr":8,"no":0,"s":62.7,"sp":4.43,"r_oo":0.527,"r_mf":0.798,"r_rs":0.462,"r_n":0.593,"r_sol":0.885}},{"type":"Feature","geometry":{"type":"Polygon","coordinates":[[[-70.17397,41.66945],[-70.17618,41.66858],[-70.17626,41.6668],[-70.17412,41.6659],[-70.17191,41.66677],[-70.17184,41.66855],[-70.17397,41.66945]]]},"properties":{"h":"892a310c0afffff","t":"Dennis","v":"West Dennis","n":16,"oo":7,"po":43.8,"ao":1,"ml":1902.5,"mf":1852.006,"br":1,"rs":0,"pr":0,"no":0,"s":39.7,"sp":4.43,"r_oo":0.279,"r_mf":0.562,"r_rs":0.109,"r_n":0.401,"r_sol":0.885}},{"type":"Feature","geometry":{"type":"Polygon","coordinates":[[[-70.16734,41.67207],[-70.16955,41.6712],[-70.16963,41.66942],[-70.16749,41.66852],[-70.16528,41.66939],[-70.16521,41.67117],[-70.16734,41.67207]]]},"properties":{"h":"892a310c0b7ffff","t":"Dennis","v":"West Dennis","n":12,"oo":7,"po":58.3,"ao":1,"ml":2144.5,"mf":1995.988,"br":4,"rs":0,"pr":0,"no":0,"s":47.7,"sp":4.43,"r_oo":0.441,"r_mf":0.666,"r_rs":0.109,"r_n":0.292,"r_sol":0.885}},{"type":"Feature","geometry":{"type":"Polygon","coordinates":[[[-70.16802,41.65609],[-70.17023,41.65521],[-70.17031,41.65344],[-70.16817,41.65253],[-70.16596,41.65341],[-70.16589,41.65518],[-70.16802,41.65609]]]},"properties":{"h":"892a310c103ffff","t":"Dennis","v":"West Dennis","n":9,"oo":1,"po":11.1,"ao":3,"ml":3303,"mf":2249.194,"br":4,"rs":0,"pr":0,"no":0,"s":34,"sp":4.43,"r_oo":0.047,"r_mf":0.79,"r_rs":0.109,"r_n":0.194,"r_sol":0.885}},{"type":"Feature","geometry":{"type":"Polygon","coordinates":[[[-70.16596,41.65341],[-70.16817,41.65253],[-70.16825,41.65076],[-70.16612,41.64985],[-70.16391,41.65073],[-70.16383,41.6525],[-70.16596,41.65341]]]},"properties":{"h":"892a310c107ffff","t":"Dennis","v":"West Dennis","n":28,"oo":2,"po":7.1,"ao":5,"ml":1514,"mf":1114.036,"br":2,"rs":1,"pr":3.6,"no":0,"s":21.7,"sp":4.43,"r_oo":0.034,"r_mf":0.052,"r_rs":0.25,"r_n":0.65,"r_sol":0.885}},{"type":"Feature","geometry":{"type":"Polygon","coordinates":[[[-70.17237,41.65611],[-70.17457,41.65524],[-70.17465,41.65346],[-70.17252,41.65256],[-70.17031,41.65344],[-70.17023,41.65521],[-70.17237,41.65611]]]},"properties":{"h":"892a310c10bffff","t":"Dennis","v":"West Dennis","n":8,"oo":0,"po":0,"ao":4,"ml":1398.5,"mf":1243.111,"br":0,"rs":1,"pr":12.5,"no":0,"s":24.4,"sp":4.43,"r_oo":0.014,"r_mf":0.115,"r_rs":0.702,"r_n":0.154,"r_sol":0.885}},{"type":"Feature","geometry":{"type":"Polygon","coordinates":[[[-70.16574,41.65874],[-70.16795,41.65786],[-70.16802,41.65609],[-70.16589,41.65518],[-70.16368,41.65606],[-70.1636,41.65783],[-70.16574,41.65874]]]},"properties":{"h":"892a310c113ffff","t":"Dennis","v":"West Dennis","n":8,"oo":3,"po":37.5,"ao":1,"ml":2207.5,"mf":2028.218,"br":1,"rs":0,"pr":0,"no":0,"s":37.9,"sp":4.43,"r_oo":0.216,"r_mf":0.689,"r_rs":0.109,"r_n":0.154,"r_sol":0.885}},{"type":"Feature","geometry":{"type":"Polygon","coordinates":[[[-70.16368,41.65606],[-70.16589,41.65518],[-70.16596,41.65341],[-70.16383,41.6525],[-70.16162,41.65338],[-70.16155,41.65515],[-70.16368,41.65606]]]},"properties":{"h":"892a310c117ffff","t":"Dennis","v":"West Dennis","n":25,"oo":4,"po":16,"ao":7,"ml":1632,"mf":1161.546,"br":1,"rs":2,"pr":8,"no":0,"s":26.4,"sp":4.43,"r_oo":0.071,"r_mf":0.074,"r_rs":0.462,"r_n":0.593,"r_sol":0.885}},{"type":"Feature","geometry":{"type":"Polygon","coordinates":[[[-70.17008,41.65876],[-70.17229,41.65789],[-70.17237,41.65611],[-70.17023,41.65521],[-70.16802,41.65609],[-70.16795,41.65786],[-70.17008,41.65876]]]},"properties":{"h":"892a310c11bffff","t":"Dennis","v":"West Dennis","n":25,"oo":12,"po":48,"ao":3,"ml":1755,"mf":2006.287,"br":9,"rs":0,"pr":0,"no":0,"s":46,"sp":4.43,"r_oo":0.319,"r_mf":0.675,"r_rs":0.109,"r_n":0.593,"r_sol":0.885}},{"type":"Feature","geometry":{"type":"Polygon","coordinates":[[[-70.17877,41.65882],[-70.18098,41.65795],[-70.18105,41.65617],[-70.17892,41.65527],[-70.17671,41.65614],[-70.17663,41.65792],[-70.17877,41.65882]]]},"properties":{"h":"892a310c143ffff","t":"Dennis","v":"West Dennis","n":110,"oo":24,"po":21.8,"ao":25,"ml":1132.5,"mf":1229.852,"br":1,"rs":18,"pr":16.4,"no":0,"s":38.7,"sp":4.43,"r_oo":0.114,"r_mf":0.108,"r_rs":0.841,"r_n":0.999,"r_sol":0.885}},{"type":"Feature","geometry":{"type":"Polygon","coordinates":[[[-70.17671,41.65614],[-70.17892,41.65527],[-70.17899,41.65349],[-70.17686,41.65259],[-70.17465,41.65346],[-70.17457,41.65524],[-70.17671,41.65614]]]},"properties":{"h":"892a310c147ffff","t":"Dennis","v":"West Dennis","n":63,"oo":20,"po":31.7,"ao":9,"ml":1639,"mf":1525.867,"br":1,"rs":7,"pr":11.1,"no":0,"s":42.1,"sp":4.43,"r_oo":0.166,"r_mf":0.307,"r_rs":0.639,"r_n":0.939,"r_sol":0.885}},{"type":"Feature","geometry":{"type":"Polygon","coordinates":[[[-70.18311,41.65885],[-70.18532,41.65798],[-70.18539,41.6562],[-70.18326,41.6553],[-70.18105,41.65617],[-70.18098,41.65795],[-70.18311,41.65885]]]},"properties":{"h":"892a310c14bffff","t":"Dennis","v":"West Dennis","n":82,"oo":19,"po":23.2,"ao":15,"ml":1856,"mf":1989.113,"br":17,"rs":4,"pr":4.9,"no":0,"s":44.6,"sp":4.43,"r_oo":0.123,"r_mf":0.656,"r_rs":0.302,"r_n":0.983,"r_sol":0.885}},{"type":"Feature","geometry":{"type":"Polygon","coordinates":[[[-70.18105,41.65617],[-70.18326,41.6553],[-70.18334,41.65352],[-70.1812,41.65262],[-70.17899,41.65349],[-70.17892,41.65527],[-70.18105,41.65617]]]},"properties":{"h":"892a310c14fffff","t":"Dennis","v":"West Dennis","n":18,"oo":2,"po":11.1,"ao":2,"ml":2174.5,"mf":1608.863,"br":4,"rs":1,"pr":5.6,"no":0,"s":29.4,"sp":4.43,"r_oo":0.047,"r_mf":0.37,"r_rs":0.332,"r_n":0.448,"r_sol":0.885}},{"type":"Feature","geometry":{"type":"Polygon","coordinates":[[[-70.17648,41.66147],[-70.17869,41.6606],[-70.17877,41.65882],[-70.17663,41.65792],[-70.17442,41.65879],[-70.17435,41.66057],[-70.17648,41.66147]]]},"properties":{"h":"892a310c153ffff","t":"Dennis","v":"West Dennis","n":16,"oo":7,"po":43.8,"ao":2,"ml":1615.5,"mf":1965.07,"br":2,"rs":1,"pr":6.2,"no":0,"s":45.5,"sp":4.43,"r_oo":0.279,"r_mf":0.645,"r_rs":0.362,"r_n":0.401,"r_sol":0.885}},{"type":"Feature","geometry":{"type":"Polygon","coordinates":[[[-70.17442,41.65879],[-70.17663,41.65792],[-70.17671,41.65614],[-70.17457,41.65524],[-70.17237,41.65611],[-70.17229,41.65789],[-70.17442,41.65879]]]},"properties":{"h":"892a310c157ffff","t":"Dennis","v":"West Dennis","n":38,"oo":7,"po":18.4,"ao":8,"ml":1616,"mf":1491.38,"br":6,"rs":4,"pr":10.5,"no":0,"s":36.3,"sp":4.43,"r_oo":0.089,"r_mf":0.282,"r_rs":0.607,"r_n":0.773,"r_sol":0.885}},{"type":"Feature","geometry":{"type":"Polygon","coordinates":[[[-70.18083,41.6615],[-70.18304,41.66063],[-70.18311,41.65885],[-70.18098,41.65795],[-70.17877,41.65882],[-70.17869,41.6606],[-70.18083,41.6615]]]},"properties":{"h":"892a310c15bffff","t":"Dennis","v":"West Dennis","n":60,"oo":17,"po":28.3,"ao":11,"ml":1553.5,"mf":1622.08,"br":10,"rs":3,"pr":5,"no":0,"s":37.9,"sp":4.43,"r_oo":0.142,"r_mf":0.38,"r_rs":0.306,"r_n":0.927,"r_sol":0.885}},{"type":"Feature","geometry":{"type":"Polygon","coordinates":[[[-70.15911,41.66136],[-70.16132,41.66048],[-70.16139,41.65871],[-70.15926,41.6578],[-70.15705,41.65868],[-70.15698,41.66045],[-70.15911,41.66136]]]},"properties":{"h":"892a310c183ffff","t":"Dennis","v":"West Dennis","n":104,"oo":21,"po":20.2,"ao":25,"ml":926.5,"mf":1129.039,"br":0,"rs":3,"pr":2.9,"no":0,"s":27.9,"sp":4.43,"r_oo":0.106,"r_mf":0.057,"r_rs":0.232,"r_n":0.996,"r_sol":0.885}},{"type":"Feature","geometry":{"type":"Polygon","coordinates":[[[-70.15705,41.65868],[-70.15926,41.6578],[-70.15934,41.65603],[-70.1572,41.65512],[-70.15499,41.656],[-70.15492,41.65777],[-70.15705,41.65868]]]},"properties":{"h":"892a310c187ffff","t":"Dennis","v":"West Dennis","n":36,"oo":9,"po":25,"ao":4,"ml":1333,"mf":1411.44,"br":3,"rs":5,"pr":13.9,"no":0,"s":38.6,"sp":4.43,"r_oo":0.128,"r_mf":0.225,"r_rs":0.768,"r_n":0.75,"r_sol":0.885}},{"type":"Feature","geometry":{"type":"Polygon","coordinates":[[[-70.16345,41.66138],[-70.16566,41.66051],[-70.16574,41.65874],[-70.1636,41.65783],[-70.16139,41.65871],[-70.16132,41.66048],[-70.16345,41.66138]]]},"properties":{"h":"892a310c18bffff","t":"Dennis","v":"West Dennis","n":57,"oo":16,"po":28.1,"ao":11,"ml":1036,"mf":1224.908,"br":0,"rs":3,"pr":5.3,"no":0,"s":30.9,"sp":4.43,"r_oo":0.14,"r_mf":0.102,"r_rs":0.318,"r_n":0.916,"r_sol":0.885}},{"type":"Feature","geometry":{"type":"Polygon","coordinates":[[[-70.16139,41.65871],[-70.1636,41.65783],[-70.16368,41.65606],[-70.16155,41.65515],[-70.15934,41.65603],[-70.15926,41.6578],[-70.16139,41.65871]]]},"properties":{"h":"892a310c18fffff","t":"Dennis","v":"West Dennis","n":28,"oo":10,"po":35.7,"ao":4,"ml":1404,"mf":1663.617,"br":2,"rs":2,"pr":7.1,"no":0,"s":40.1,"sp":4.43,"r_oo":0.206,"r_mf":0.413,"r_rs":0.413,"r_n":0.65,"r_sol":0.885}},{"type":"Feature","geometry":{"type":"Polygon","coordinates":[[[-70.15682,41.66401],[-70.15903,41.66313],[-70.15911,41.66136],[-70.15698,41.66045],[-70.15477,41.66133],[-70.15469,41.6631],[-70.15682,41.66401]]]},"properties":{"h":"892a310c193ffff","t":"Dennis","v":"West Dennis","n":90,"oo":18,"po":20,"ao":15,"ml":1064,"mf":1284.789,"br":1,"rs":8,"pr":8.9,"no":0,"s":34,"sp":4.43,"r_oo":0.1,"r_mf":0.147,"r_rs":0.509,"r_n":0.988,"r_sol":0.885}},{"type":"Feature","geometry":{"type":"Polygon","coordinates":[[[-70.15477,41.66133],[-70.15698,41.66045],[-70.15705,41.65868],[-70.15492,41.65777],[-70.15271,41.65865],[-70.15263,41.66042],[-70.15477,41.66133]]]},"properties":{"h":"892a310c197ffff","t":"Dennis","v":"West Dennis","n":60,"oo":24,"po":40,"ao":10,"ml":999.5,"mf":1178.087,"br":2,"rs":8,"pr":13.3,"no":0,"s":40.9,"sp":4.43,"r_oo":0.239,"r_mf":0.082,"r_rs":0.748,"r_n":0.927,"r_sol":0.885}},{"type":"Feature","geometry":{"type":"Polygon","coordinates":[[[-70.16117,41.66403],[-70.16338,41.66316],[-70.16345,41.66138],[-70.16132,41.66048],[-70.15911,41.66136],[-70.15903,41.66313],[-70.16117,41.66403]]]},"properties":{"h":"892a310c19bffff","t":"Dennis","v":"West Dennis","n":92,"oo":26,"po":28.3,"ao":15,"ml":1145,"mf":1380.444,"br":1,"rs":8,"pr":8.7,"no":0,"s":37.1,"sp":4.43,"r_oo":0.142,"r_mf":0.206,"r_rs":0.5,"r_n":0.991,"r_sol":0.885}},{"type":"Feature","geometry":{"type":"Polygon","coordinates":[[[-70.15499,41.656],[-70.1572,41.65512],[-70.15728,41.65335],[-70.15515,41.65245],[-70.15294,41.65332],[-70.15286,41.6551],[-70.15499,41.656]]]},"properties":{"h":"892a310c1b3ffff","t":"Dennis","v":"Dennis Port","n":11,"oo":5,"po":45.5,"ao":2,"ml":2114,"mf":1516.751,"br":0,"rs":0,"pr":0,"no":0,"s":32.4,"sp":4.43,"r_oo":0.293,"r_mf":0.3,"r_rs":0.109,"r_n":0.266,"r_sol":0.885}},{"type":"Feature","geometry":{"type":"Polygon","coordinates":[[[-70.15294,41.65332],[-70.15515,41.65245],[-70.15522,41.65067],[-70.15309,41.64977],[-70.15088,41.65064],[-70.1508,41.65242],[-70.15294,41.65332]]]},"properties":{"h":"892a310c1b7ffff","t":"Dennis","v":"Dennis Port","n":26,"oo":5,"po":19.2,"ao":9,"ml":1843,"mf":1413.981,"br":2,"rs":4,"pr":15.4,"no":0,"s":36.6,"sp":4.43,"r_oo":0.093,"r_mf":0.226,"r_rs":0.818,"r_n":0.615,"r_sol":0.885}},{"type":"Feature","geometry":{"type":"Polygon","coordinates":[[[-70.15934,41.65603],[-70.16155,41.65515],[-70.16162,41.65338],[-70.15949,41.65248],[-70.15728,41.65335],[-70.1572,41.65512],[-70.15934,41.65603]]]},"properties":{"h":"892a310c1bbffff","t":"Dennis","v":"West Dennis","n":55,"oo":6,"po":10.9,"ao":17,"ml":1414,"mf":1049.943,"br":0,"rs":7,"pr":12.7,"no":0,"s":31.3,"sp":4.43,"r_oo":0.043,"r_mf":0.033,"r_rs":0.72,"r_n":0.904,"r_sol":0.885}},{"type":"Feature","geometry":{"type":"Polygon","coordinates":[[[-70.16985,41.66409],[-70.17206,41.66322],[-70.17214,41.66144],[-70.17,41.66054],[-70.1678,41.66141],[-70.16772,41.66319],[-70.16985,41.66409]]]},"properties":{"h":"892a310c1c3ffff","t":"Dennis","v":"West Dennis","n":32,"oo":13,"po":40.6,"ao":9,"ml":1381,"mf":1372.97,"br":0,"rs":2,"pr":6.2,"no":0,"s":36.4,"sp":4.43,"r_oo":0.249,"r_mf":0.201,"r_rs":0.362,"r_n":0.71,"r_sol":0.885}},{"type":"Feature","geometry":{"type":"Polygon","coordinates":[[[-70.1678,41.66141],[-70.17,41.66054],[-70.17008,41.65876],[-70.16795,41.65786],[-70.16574,41.65874],[-70.16566,41.66051],[-70.1678,41.66141]]]},"properties":{"h":"892a310c1c7ffff","t":"Dennis","v":"West Dennis","n":22,"oo":8,"po":36.4,"ao":1,"ml":1607,"mf":1564.111,"br":4,"rs":1,"pr":4.5,"no":0,"s":35.3,"sp":4.43,"r_oo":0.209,"r_mf":0.337,"r_rs":0.289,"r_n":0.533,"r_sol":0.885}},{"type":"Feature","geometry":{"type":"Polygon","coordinates":[[[-70.1742,41.66412],[-70.17641,41.66325],[-70.17648,41.66147],[-70.17435,41.66057],[-70.17214,41.66144],[-70.17206,41.66322],[-70.1742,41.66412]]]},"properties":{"h":"892a310c1cbffff","t":"Dennis","v":"West Dennis","n":38,"oo":14,"po":36.8,"ao":12,"ml":1563.5,"mf":2014.149,"br":6,"rs":5,"pr":13.2,"no":0,"s":53.2,"sp":4.43,"r_oo":0.212,"r_mf":0.679,"r_rs":0.742,"r_n":0.773,"r_sol":0.885}},{"type":"Feature","geometry":{"type":"Polygon","coordinates":[[[-70.17214,41.66144],[-70.17435,41.66057],[-70.17442,41.65879],[-70.17229,41.65789],[-70.17008,41.65876],[-70.17,41.66054],[-70.17214,41.66144]]]},"properties":{"h":"892a310c1cfffff","t":"Dennis","v":"West Dennis","n":29,"oo":17,"po":58.6,"ao":7,"ml":1876,"mf":1734.274,"br":5,"rs":2,"pr":6.9,"no":0,"s":51.1,"sp":4.43,"r_oo":0.444,"r_mf":0.473,"r_rs":0.4,"r_n":0.668,"r_sol":0.885}},{"type":"Feature","geometry":{"type":"Polygon","coordinates":[[[-70.16757,41.66674],[-70.16978,41.66587],[-70.16985,41.66409],[-70.16772,41.66319],[-70.16551,41.66406],[-70.16543,41.66584],[-70.16757,41.66674]]]},"properties":{"h":"892a310c1d3ffff","t":"Dennis","v":"West Dennis","n":18,"oo":14,"po":77.8,"ao":0,"ml":1659.5,"mf":1833.555,"br":4,"rs":2,"pr":11.1,"no":0,"s":66.8,"sp":4.43,"r_oo":0.755,"r_mf":0.546,"r_rs":0.639,"r_n":0.448,"r_sol":0.885}},{"type":"Feature","geometry":{"type":"Polygon","coordinates":[[[-70.17191,41.66677],[-70.17412,41.6659],[-70.1742,41.66412],[-70.17206,41.66322],[-70.16985,41.66409],[-70.16978,41.66587],[-70.17191,41.66677]]]},"properties":{"h":"892a310c1dbffff","t":"Dennis","v":"West Dennis","n":28,"oo":12,"po":42.9,"ao":7,"ml":1671,"mf":1488.858,"br":4,"rs":2,"pr":7.1,"no":0,"s":39.2,"sp":4.43,"r_oo":0.267,"r_mf":0.28,"r_rs":0.413,"r_n":0.65,"r_sol":0.885}},{"type":"Feature","geometry":{"type":"Polygon","coordinates":[[[-70.18745,41.65888],[-70.18966,41.658],[-70.18974,41.65623],[-70.1876,41.65533],[-70.18539,41.6562],[-70.18532,41.65798],[-70.18745,41.65888]]]},"properties":{"h":"892a310c387ffff","t":"Dennis","v":"West Dennis","n":41,"oo":12,"po":29.3,"ao":4,"ml":2179,"mf":2134.7,"br":11,"rs":1,"pr":2.4,"no":0,"s":44.9,"sp":4.43,"r_oo":0.151,"r_mf":0.744,"r_rs":0.223,"r_n":0.805,"r_sol":0.885}},{"type":"Feature","geometry":{"type":"Polygon","coordinates":[[[-70.18517,41.66153],[-70.18738,41.66065],[-70.18745,41.65888],[-70.18532,41.65798],[-70.18311,41.65885],[-70.18304,41.66063],[-70.18517,41.66153]]]},"properties":{"h":"892a310c397ffff","t":"Dennis","v":"West Dennis","n":28,"oo":10,"po":35.7,"ao":3,"ml":2043.5,"mf":2115.674,"br":11,"rs":1,"pr":3.6,"no":0,"s":45.7,"sp":4.43,"r_oo":0.206,"r_mf":0.736,"r_rs":0.25,"r_n":0.65,"r_sol":0.885}},{"type":"Feature","geometry":{"type":"Polygon","coordinates":[[[-70.18539,41.6562],[-70.1876,41.65533],[-70.18768,41.65355],[-70.18554,41.65265],[-70.18334,41.65352],[-70.18326,41.6553],[-70.18539,41.6562]]]},"properties":{"h":"892a310c3b3ffff","t":"Dennis","v":"West Dennis","n":49,"oo":6,"po":12.2,"ao":5,"ml":1993,"mf":1957.251,"br":6,"rs":0,"pr":0,"no":0,"s":37.3,"sp":4.43,"r_oo":0.053,"r_mf":0.641,"r_rs":0.109,"r_n":0.868,"r_sol":0.885}},{"type":"Feature","geometry":{"type":"Polygon","coordinates":[[[-70.16415,41.69604],[-70.16636,41.69517],[-70.16643,41.69339],[-70.1643,41.69249],[-70.16209,41.69336],[-70.16201,41.69514],[-70.16415,41.69604]]]},"properties":{"h":"892a310c413ffff","t":"Dennis","v":"South Dennis","n":25,"oo":20,"po":80,"ao":2,"ml":1688,"mf":2263.603,"br":8,"rs":2,"pr":8,"no":0,"s":73.6,"sp":4.43,"r_oo":0.799,"r_mf":0.796,"r_rs":0.462,"r_n":0.593,"r_sol":0.885}},{"type":"Feature","geometry":{"type":"Polygon","coordinates":[[[-70.16209,41.69336],[-70.1643,41.69249],[-70.16437,41.69071],[-70.16224,41.68981],[-70.16003,41.69068],[-70.15995,41.69246],[-70.16209,41.69336]]]},"properties":{"h":"892a310c417ffff","t":"Dennis","v":"South Dennis","n":23,"oo":19,"po":82.6,"ao":2,"ml":1548,"mf":2079.481,"br":5,"rs":3,"pr":13,"no":0,"s":77.1,"sp":4.43,"r_oo":0.843,"r_mf":0.719,"r_rs":0.734,"r_n":0.554,"r_sol":0.885}},{"type":"Feature","geometry":{"type":"Polygon","coordinates":[[[-70.16026,41.68535],[-70.16247,41.68448],[-70.16254,41.6827],[-70.16041,41.6818],[-70.1582,41.68267],[-70.15812,41.68445],[-70.16026,41.68535]]]},"properties":{"h":"892a310c437ffff","t":"Dennis","v":"South Dennis","n":15,"oo":7,"po":46.7,"ao":3,"ml":2227,"mf":1993.464,"br":3,"rs":1,"pr":6.7,"no":0,"s":47.3,"sp":4.43,"r_oo":0.309,"r_mf":0.663,"r_rs":0.389,"r_n":0.369,"r_sol":0.885}},{"type":"Feature","geometry":{"type":"Polygon","coordinates":[[[-70.15751,41.69866],[-70.15972,41.69779],[-70.1598,41.69601],[-70.15767,41.69511],[-70.15545,41.69598],[-70.15538,41.69776],[-70.15751,41.69866]]]},"properties":{"h":"892a310c483ffff","t":"Dennis","v":"South Dennis","n":13,"oo":10,"po":76.9,"ao":1,"ml":1034,"mf":1771.391,"br":1,"rs":0,"pr":0,"no":0,"s":55.7,"sp":4.43,"r_oo":0.738,"r_mf":0.501,"r_rs":0.109,"r_n":0.318,"r_sol":0.885}},{"type":"Feature","geometry":{"type":"Polygon","coordinates":[[[-70.15545,41.69598],[-70.15767,41.69511],[-70.15774,41.69333],[-70.15561,41.69243],[-70.1534,41.6933],[-70.15332,41.69508],[-70.15545,41.69598]]]},"properties":{"h":"892a310c487ffff","t":"Dennis","v":"South Dennis","n":30,"oo":19,"po":63.3,"ao":1,"ml":640,"mf":1054.994,"br":8,"rs":1,"pr":3.3,"no":0,"s":40.8,"sp":4.43,"r_oo":0.516,"r_mf":0.034,"r_rs":0.243,"r_n":0.682,"r_sol":0.885}},{"type":"Feature","geometry":{"type":"Polygon","coordinates":[[[-70.16186,41.69869],[-70.16407,41.69782],[-70.16415,41.69604],[-70.16201,41.69514],[-70.1598,41.69601],[-70.15972,41.69779],[-70.16186,41.69869]]]},"properties":{"h":"892a310c48bffff","t":"Dennis","v":"South Dennis","n":40,"oo":24,"po":60,"ao":4,"ml":989,"mf":1398.814,"br":2,"rs":4,"pr":10,"no":0,"s":49.5,"sp":4.43,"r_oo":0.466,"r_mf":0.218,"r_rs":0.575,"r_n":0.796,"r_sol":0.885}},{"type":"Feature","geometry":{"type":"Polygon","coordinates":[[[-70.1598,41.69601],[-70.16201,41.69514],[-70.16209,41.69336],[-70.15995,41.69246],[-70.15774,41.69333],[-70.15767,41.69511],[-70.1598,41.69601]]]},"properties":{"h":"892a310c48fffff","t":"Dennis","v":"South Dennis","n":38,"oo":25,"po":65.8,"ao":5,"ml":1378,"mf":2093.733,"br":5,"rs":4,"pr":10.5,"no":0,"s":65.7,"sp":4.43,"r_oo":0.546,"r_mf":0.727,"r_rs":0.607,"r_n":0.773,"r_sol":0.885}},{"type":"Feature","geometry":{"type":"Polygon","coordinates":[[[-70.15957,41.70134],[-70.16178,41.70047],[-70.16186,41.69869],[-70.15972,41.69779],[-70.15751,41.69866],[-70.15744,41.70044],[-70.15957,41.70134]]]},"properties":{"h":"892a310c49bffff","t":"Dennis","v":"South Dennis","n":10,"oo":7,"po":70,"ao":1,"ml":1310,"mf":1295.732,"br":1,"rs":0,"pr":0,"no":0,"s":41.7,"sp":4.43,"r_oo":0.626,"r_mf":0.156,"r_rs":0.109,"r_n":0.234,"r_sol":0.885}},{"type":"Feature","geometry":{"type":"Polygon","coordinates":[[[-70.15568,41.69065],[-70.15789,41.68978],[-70.15797,41.688],[-70.15583,41.6871],[-70.15362,41.68797],[-70.15355,41.68975],[-70.15568,41.69065]]]},"properties":{"h":"892a310c4a3ffff","t":"Dennis","v":"South Dennis","n":11,"oo":6,"po":54.5,"ao":1,"ml":2245,"mf":1733.055,"br":3,"rs":1,"pr":9.1,"no":0,"s":46.9,"sp":4.43,"r_oo":0.395,"r_mf":0.471,"r_rs":0.524,"r_n":0.266,"r_sol":0.885}},{"type":"Feature","geometry":{"type":"Polygon","coordinates":[[[-70.15362,41.68797],[-70.15583,41.6871],[-70.15591,41.68532],[-70.15378,41.68442],[-70.15157,41.68529],[-70.15149,41.68707],[-70.15362,41.68797]]]},"properties":{"h":"892a310c4a7ffff","t":"Dennis","v":"South Dennis","n":21,"oo":15,"po":71.4,"ao":3,"ml":1875,"mf":1710.279,"br":2,"rs":1,"pr":4.8,"no":0,"s":55.9,"sp":4.43,"r_oo":0.652,"r_mf":0.454,"r_rs":0.299,"r_n":0.513,"r_sol":0.885}},{"type":"Feature","geometry":{"type":"Polygon","coordinates":[[[-70.15797,41.688],[-70.16018,41.68713],[-70.16026,41.68535],[-70.15812,41.68445],[-70.15591,41.68532],[-70.15583,41.6871],[-70.15797,41.688]]]},"properties":{"h":"892a310c4afffff","t":"Dennis","v":"South Dennis","n":14,"oo":7,"po":50,"ao":1,"ml":2276,"mf":1724.256,"br":3,"rs":2,"pr":14.3,"no":0,"s":49.2,"sp":4.43,"r_oo":0.341,"r_mf":0.464,"r_rs":0.784,"r_n":0.341,"r_sol":0.885}},{"type":"Feature","geometry":{"type":"Polygon","coordinates":[[[-70.15134,41.69062],[-70.15355,41.68975],[-70.15362,41.68797],[-70.15149,41.68707],[-70.14928,41.68794],[-70.1492,41.68972],[-70.15134,41.69062]]]},"properties":{"h":"892a310c4b7ffff","t":"Dennis","v":"South Dennis","n":15,"oo":2,"po":13.3,"ao":0,"ml":1040,"mf":1274.476,"br":0,"rs":0,"pr":0,"no":0,"s":20,"sp":4.43,"r_oo":0.058,"r_mf":0.138,"r_rs":0.109,"r_n":0.369,"r_sol":0.885}},{"type":"Feature","geometry":{"type":"Polygon","coordinates":[[[-70.15774,41.69333],[-70.15995,41.69246],[-70.16003,41.69068],[-70.15789,41.68978],[-70.15568,41.69065],[-70.15561,41.69243],[-70.15774,41.69333]]]},"properties":{"h":"892a310c4bbffff","t":"Dennis","v":"South Dennis","n":14,"oo":9,"po":64.3,"ao":3,"ml":2386,"mf":2092.133,"br":5,"rs":0,"pr":0,"no":0,"s":53.3,"sp":4.43,"r_oo":0.531,"r_mf":0.726,"r_rs":0.109,"r_n":0.341,"r_sol":0.885}},{"type":"Feature","geometry":{"type":"Polygon","coordinates":[[[-70.16827,41.7014],[-70.17048,41.70053],[-70.17055,41.69875],[-70.16842,41.69785],[-70.16621,41.69872],[-70.16613,41.7005],[-70.16827,41.7014]]]},"properties":{"h":"892a310c4c3ffff","t":"Dennis","v":"South Dennis","n":8,"oo":3,"po":37.5,"ao":3,"ml":1666,"mf":1555.681,"br":0,"rs":0,"pr":0,"no":0,"s":29,"sp":4.43,"r_oo":0.216,"r_mf":0.332,"r_rs":0.109,"r_n":0.154,"r_sol":0.885}},{"type":"Feature","geometry":{"type":"Polygon","coordinates":[[[-70.16621,41.69872],[-70.16842,41.69785],[-70.16849,41.69607],[-70.16636,41.69517],[-70.16415,41.69604],[-70.16407,41.69782],[-70.16621,41.69872]]]},"properties":{"h":"892a310c4c7ffff","t":"Dennis","v":"South Dennis","n":33,"oo":15,"po":45.5,"ao":4,"ml":1192,"mf":1493.589,"br":2,"rs":3,"pr":9.1,"no":0,"s":42.8,"sp":4.43,"r_oo":0.293,"r_mf":0.284,"r_rs":0.524,"r_n":0.723,"r_sol":0.885}},{"type":"Feature","geometry":{"type":"Polygon","coordinates":[[[-70.17261,41.70143],[-70.17483,41.70056],[-70.1749,41.69878],[-70.17277,41.69788],[-70.17055,41.69875],[-70.17048,41.70053],[-70.17261,41.70143]]]},"properties":{"h":"892a310c4cbffff","t":"Dennis","v":"South Dennis","n":11,"oo":8,"po":72.7,"ao":1,"ml":1440,"mf":1508.187,"br":3,"rs":2,"pr":18.2,"no":0,"s":59.1,"sp":4.43,"r_oo":0.674,"r_mf":0.293,"r_rs":0.887,"r_n":0.266,"r_sol":0.885}},{"type":"Feature","geometry":{"type":"Polygon","coordinates":[[[-70.16598,41.70405],[-70.16819,41.70318],[-70.16827,41.7014],[-70.16613,41.7005],[-70.16392,41.70137],[-70.16384,41.70315],[-70.16598,41.70405]]]},"properties":{"h":"892a310c4d3ffff","t":"Dennis","v":"South Dennis","n":79,"oo":44,"po":55.7,"ao":8,"ml":1200,"mf":1345.549,"br":1,"rs":6,"pr":7.6,"no":0,"s":46,"sp":4.43,"r_oo":0.409,"r_mf":0.181,"r_rs":0.434,"r_n":0.98,"r_sol":0.885}},{"type":"Feature","geometry":{"type":"Polygon","coordinates":[[[-70.16392,41.70137],[-70.16613,41.7005],[-70.16621,41.69872],[-70.16407,41.69782],[-70.16186,41.69869],[-70.16178,41.70047],[-70.16392,41.70137]]]},"properties":{"h":"892a310c4d7ffff","t":"Dennis","v":"South Dennis","n":96,"oo":39,"po":40.6,"ao":15,"ml":1048,"mf":1233.345,"br":0,"rs":13,"pr":13.5,"no":0,"s":42.8,"sp":4.43,"r_oo":0.249,"r_mf":0.109,"r_rs":0.754,"r_n":0.993,"r_sol":0.885}},{"type":"Feature","geometry":{"type":"Polygon","coordinates":[[[-70.17033,41.70408],[-70.17254,41.70321],[-70.17261,41.70143],[-70.17048,41.70053],[-70.16827,41.7014],[-70.16819,41.70318],[-70.17033,41.70408]]]},"properties":{"h":"892a310c4dbffff","t":"Dennis","v":"South Dennis","n":31,"oo":14,"po":45.2,"ao":5,"ml":1306,"mf":1247.791,"br":0,"rs":2,"pr":6.5,"no":0,"s":36.1,"sp":4.43,"r_oo":0.291,"r_mf":0.119,"r_rs":0.379,"r_n":0.696,"r_sol":0.885}},{"type":"Feature","geometry":{"type":"Polygon","coordinates":[[[-70.15202,41.67463],[-70.15423,41.67376],[-70.15431,41.67198],[-70.15217,41.67108],[-70.14996,41.67195],[-70.14989,41.67373],[-70.15202,41.67463]]]},"properties":{"h":"892a310c503ffff","t":"Dennis","v":"South Dennis","n":8,"oo":7,"po":87.5,"ao":0,"ml":1359.5,"mf":1457.933,"br":0,"rs":0,"pr":0,"no":0,"s":54.8,"sp":4.43,"r_oo":0.907,"r_mf":0.26,"r_rs":0.109,"r_n":0.154,"r_sol":0.885}},{"type":"Feature","geometry":{"type":"Polygon","coordinates":[[[-70.14996,41.67195],[-70.15217,41.67108],[-70.15225,41.6693],[-70.15012,41.6684],[-70.14791,41.66928],[-70.14783,41.67105],[-70.14996,41.67195]]]},"properties":{"h":"892a310c507ffff","t":"Dennis","v":"South Dennis","n":21,"oo":12,"po":57.1,"ao":3,"ml":992,"mf":1151.952,"br":0,"rs":1,"pr":4.8,"no":0,"s":37.1,"sp":4.43,"r_oo":0.425,"r_mf":0.068,"r_rs":0.299,"r_n":0.513,"r_sol":0.885}},{"type":"Feature","geometry":{"type":"Polygon","coordinates":[[[-70.15637,41.67466],[-70.15858,41.67379],[-70.15865,41.67201],[-70.15652,41.67111],[-70.15431,41.67198],[-70.15423,41.67376],[-70.15637,41.67466]]]},"properties":{"h":"892a310c50bffff","t":"Dennis","v":"South Dennis","n":32,"oo":18,"po":56.2,"ao":5,"ml":1786,"mf":2210.517,"br":9,"rs":2,"pr":6.2,"no":0,"s":57.3,"sp":4.43,"r_oo":0.415,"r_mf":0.774,"r_rs":0.362,"r_n":0.71,"r_sol":0.885}},{"type":"Feature","geometry":{"type":"Polygon","coordinates":[[[-70.15431,41.67198],[-70.15652,41.67111],[-70.1566,41.66933],[-70.15446,41.66843],[-70.15225,41.6693],[-70.15217,41.67108],[-70.15431,41.67198]]]},"properties":{"h":"892a310c50fffff","t":"Dennis","v":"South Dennis","n":17,"oo":10,"po":58.8,"ao":2,"ml":1748,"mf":1872.482,"br":4,"rs":9,"pr":52.9,"no":0,"s":60.5,"sp":4.43,"r_oo":0.446,"r_mf":0.582,"r_rs":0.999,"r_n":0.426,"r_sol":0.885}},{"type":"Feature","geometry":{"type":"Polygon","coordinates":[[[-70.14768,41.6746],[-70.14989,41.67373],[-70.14996,41.67195],[-70.14783,41.67105],[-70.14562,41.67193],[-70.14554,41.6737],[-70.14768,41.6746]]]},"properties":{"h":"892a310c517ffff","t":"Dennis","v":"South Dennis","n":18,"oo":10,"po":55.6,"ao":2,"ml":1232,"mf":1391.386,"br":1,"rs":0,"pr":0,"no":0,"s":36.6,"sp":4.43,"r_oo":0.406,"r_mf":0.215,"r_rs":0.109,"r_n":0.448,"r_sol":0.885}},{"type":"Feature","geometry":{"type":"Polygon","coordinates":[[[-70.15408,41.67731],[-70.15629,41.67644],[-70.15637,41.67466],[-70.15423,41.67376],[-70.15202,41.67463],[-70.15195,41.67641],[-70.15408,41.67731]]]},"properties":{"h":"892a310c51bffff","t":"Dennis","v":"South Dennis","n":6,"oo":5,"po":83.3,"ao":0,"ml":1728,"mf":2268.492,"br":1,"rs":3,"pr":50,"no":0,"s":78.8,"sp":4.43,"r_oo":0.856,"r_mf":0.799,"r_rs":0.999,"r_n":0.072,"r_sol":0.885}},{"type":"Feature","geometry":{"type":"Polygon","coordinates":[[[-70.15019,41.66663],[-70.1524,41.66575],[-70.15248,41.66398],[-70.15035,41.66307],[-70.14814,41.66395],[-70.14806,41.66572],[-70.15019,41.66663]]]},"properties":{"h":"892a310c523ffff","t":"Dennis","v":"West Dennis","n":70,"oo":16,"po":22.9,"ao":12,"ml":1008,"mf":1279.719,"br":0,"rs":10,"pr":14.3,"no":0,"s":38.7,"sp":4.43,"r_oo":0.122,"r_mf":0.143,"r_rs":0.784,"r_n":0.96,"r_sol":0.885}},{"type":"Feature","geometry":{"type":"Polygon","coordinates":[[[-70.14814,41.66395],[-70.15035,41.66307],[-70.15042,41.6613],[-70.14829,41.66039],[-70.14608,41.66127],[-70.146,41.66304],[-70.14814,41.66395]]]},"properties":{"h":"892a310c527ffff","t":"Dennis","v":"Dennis Port","n":42,"oo":8,"po":19,"ao":11,"ml":1032,"mf":1361.4,"br":2,"rs":4,"pr":9.5,"no":0,"s":33.7,"sp":4.43,"r_oo":0.092,"r_mf":0.192,"r_rs":0.547,"r_n":0.813,"r_sol":0.885}},{"type":"Feature","geometry":{"type":"Polygon","coordinates":[[[-70.15454,41.66666],[-70.15675,41.66578],[-70.15682,41.66401],[-70.15469,41.6631],[-70.15248,41.66398],[-70.1524,41.66575],[-70.15454,41.66666]]]},"properties":{"h":"892a310c52bffff","t":"Dennis","v":"West Dennis","n":83,"oo":26,"po":31.3,"ao":14,"ml":1136,"mf":1594.947,"br":0,"rs":8,"pr":9.6,"no":0,"s":42.5,"sp":4.43,"r_oo":0.164,"r_mf":0.361,"r_rs":0.552,"r_n":0.984,"r_sol":0.885}},{"type":"Feature","geometry":{"type":"Polygon","coordinates":[[[-70.15248,41.66398],[-70.15469,41.6631],[-70.15477,41.66133],[-70.15263,41.66042],[-70.15042,41.6613],[-70.15035,41.66307],[-70.15248,41.66398]]]},"properties":{"h":"892a310c52fffff","t":"Dennis","v":"West Dennis","n":72,"oo":13,"po":18.1,"ao":15,"ml":1102.5,"mf":1300.939,"br":0,"rs":4,"pr":5.6,"no":0,"s":30.8,"sp":4.43,"r_oo":0.084,"r_mf":0.159,"r_rs":0.332,"r_n":0.966,"r_sol":0.885}},{"type":"Feature","geometry":{"type":"Polygon","coordinates":[[[-70.14791,41.66928],[-70.15012,41.6684],[-70.15019,41.66663],[-70.14806,41.66572],[-70.14585,41.6666],[-70.14577,41.66837],[-70.14791,41.66928]]]},"properties":{"h":"892a310c533ffff","t":"Dennis","v":"West Dennis","n":13,"oo":3,"po":23.1,"ao":2,"ml":1056,"mf":1202.779,"br":0,"rs":2,"pr":15.4,"no":0,"s":31.5,"sp":4.43,"r_oo":0.123,"r_mf":0.09,"r_rs":0.818,"r_n":0.318,"r_sol":0.885}},{"type":"Feature","geometry":{"type":"Polygon","coordinates":[[[-70.14585,41.6666],[-70.14806,41.66572],[-70.14814,41.66395],[-70.146,41.66304],[-70.14379,41.66392],[-70.14372,41.66569],[-70.14585,41.6666]]]},"properties":{"h":"892a310c537ffff","t":"Dennis","v":"Dennis Port","n":48,"oo":11,"po":22.9,"ao":10,"ml":992,"mf":1186.793,"br":0,"rs":3,"pr":6.2,"no":0,"s":29.9,"sp":4.43,"r_oo":0.122,"r_mf":0.085,"r_rs":0.362,"r_n":0.86,"r_sol":0.885}},{"type":"Feature","geometry":{"type":"Polygon","coordinates":[[[-70.15225,41.6693],[-70.15446,41.66843],[-70.15454,41.66666],[-70.1524,41.66575],[-70.15019,41.66663],[-70.15012,41.6684],[-70.15225,41.6693]]]},"properties":{"h":"892a310c53bffff","t":"Dennis","v":"West Dennis","n":21,"oo":11,"po":52.4,"ao":1,"ml":1082,"mf":1419.359,"br":1,"rs":3,"pr":14.3,"no":0,"s":46.2,"sp":4.43,"r_oo":0.369,"r_mf":0.228,"r_rs":0.784,"r_n":0.513,"r_sol":0.885}},{"type":"Feature","geometry":{"type":"Polygon","coordinates":[[[-70.16277,41.67737],[-70.16498,41.6765],[-70.16506,41.67472],[-70.16292,41.67382],[-70.16071,41.67469],[-70.16064,41.67647],[-70.16277,41.67737]]]},"properties":{"h":"892a310c543ffff","t":"Dennis","v":"South Dennis","n":8,"oo":6,"po":75,"ao":1,"ml":4037.5,"mf":2705.585,"br":6,"rs":1,"pr":12.5,"no":0,"s":72,"sp":4.43,"r_oo":0.709,"r_mf":0.91,"r_rs":0.702,"r_n":0.154,"r_sol":0.885}},{"type":"Feature","geometry":{"type":"Polygon","coordinates":[[[-70.16071,41.67469],[-70.16292,41.67382],[-70.163,41.67204],[-70.16086,41.67114],[-70.15865,41.67201],[-70.15858,41.67379],[-70.16071,41.67469]]]},"properties":{"h":"892a310c547ffff","t":"Dennis","v":"South Dennis","n":7,"oo":4,"po":57.1,"ao":2,"ml":2720,"mf":2864.858,"br":5,"rs":1,"pr":14.3,"no":0,"s":62,"sp":4.43,"r_oo":0.425,"r_mf":0.931,"r_rs":0.784,"r_n":0.115,"r_sol":0.885}},{"type":"Feature","geometry":{"type":"Polygon","coordinates":[[[-70.16506,41.67472],[-70.16727,41.67385],[-70.16734,41.67207],[-70.16521,41.67117],[-70.163,41.67204],[-70.16292,41.67382],[-70.16506,41.67472]]]},"properties":{"h":"892a310c54fffff","t":"Dennis","v":"South Dennis","n":6,"oo":0,"po":0,"ao":1,"ml":3601.5,"mf":2520.436,"br":3,"rs":0,"pr":0,"no":0,"s":33.8,"sp":4.43,"r_oo":0.014,"r_mf":0.881,"r_rs":0.109,"r_n":0.072,"r_sol":0.885}},{"type":"Feature","geometry":{"type":"Polygon","coordinates":[[[-70.16048,41.68002],[-70.16269,41.67915],[-70.16277,41.67737],[-70.16064,41.67647],[-70.15843,41.67734],[-70.15835,41.67912],[-70.16048,41.68002]]]},"properties":{"h":"892a310c553ffff","t":"Dennis","v":"South Dennis","n":20,"oo":15,"po":75,"ao":0,"ml":2520.5,"mf":2661.183,"br":12,"rs":3,"pr":15,"no":0,"s":76.9,"sp":4.43,"r_oo":0.709,"r_mf":0.907,"r_rs":0.806,"r_n":0.495,"r_sol":0.885}},{"type":"Feature","geometry":{"type":"Polygon","coordinates":[[[-70.15843,41.67734],[-70.16064,41.67647],[-70.16071,41.67469],[-70.15858,41.67379],[-70.15637,41.67466],[-70.15629,41.67644],[-70.15843,41.67734]]]},"properties":{"h":"892a310c557ffff","t":"Dennis","v":"South Dennis","n":15,"oo":5,"po":33.3,"ao":4,"ml":2060,"mf":2446.097,"br":7,"rs":2,"pr":13.3,"no":0,"s":52.6,"sp":4.43,"r_oo":0.184,"r_mf":0.861,"r_rs":0.748,"r_n":0.369,"r_sol":0.885}},{"type":"Feature","geometry":{"type":"Polygon","coordinates":[[[-70.16094,41.66936],[-70.16315,41.66849],[-70.16322,41.66671],[-70.16109,41.66581],[-70.15888,41.66668],[-70.15881,41.66846],[-70.16094,41.66936]]]},"properties":{"h":"892a310c563ffff","t":"Dennis","v":"West Dennis","n":17,"oo":7,"po":41.2,"ao":3,"ml":1516,"mf":1484.724,"br":1,"rs":0,"pr":0,"no":0,"s":31.7,"sp":4.43,"r_oo":0.252,"r_mf":0.275,"r_rs":0.109,"r_n":0.426,"r_sol":0.885}},{"type":"Feature","geometry":{"type":"Polygon","coordinates":[[[-70.15888,41.66668],[-70.16109,41.66581],[-70.16117,41.66403],[-70.15903,41.66313],[-70.15682,41.66401],[-70.15675,41.66578],[-70.15888,41.66668]]]},"properties":{"h":"892a310c567ffff","t":"Dennis","v":"West Dennis","n":50,"oo":13,"po":26,"ao":9,"ml":1115,"mf":1636.214,"br":2,"rs":4,"pr":8,"no":0,"s":39.6,"sp":4.43,"r_oo":0.133,"r_mf":0.39,"r_rs":0.462,"r_n":0.875,"r_sol":0.885}},{"type":"Feature","geometry":{"type":"Polygon","coordinates":[[[-70.16528,41.66939],[-70.16749,41.66852],[-70.16757,41.66674],[-70.16543,41.66584],[-70.16322,41.66671],[-70.16315,41.66849],[-70.16528,41.66939]]]},"properties":{"h":"892a310c56bffff","t":"Dennis","v":"West Dennis","n":32,"oo":16,"po":50,"ao":5,"ml":1777.5,"mf":1514.167,"br":4,"rs":2,"pr":6.2,"no":0,"s":42.4,"sp":4.43,"r_oo":0.341,"r_mf":0.297,"r_rs":0.362,"r_n":0.71,"r_sol":0.885}},{"type":"Feature","geometry":{"type":"Polygon","coordinates":[[[-70.15865,41.67201],[-70.16086,41.67114],[-70.16094,41.66936],[-70.15881,41.66846],[-70.1566,41.66933],[-70.15652,41.67111],[-70.15865,41.67201]]]},"properties":{"h":"892a310c573ffff","t":"Dennis","v":"West Dennis","n":13,"oo":6,"po":46.2,"ao":4,"ml":2374,"mf":2198.26,"br":4,"rs":0,"pr":0,"no":0,"s":44.9,"sp":4.43,"r_oo":0.301,"r_mf":0.769,"r_rs":0.109,"r_n":0.318,"r_sol":0.885}},{"type":"Feature","geometry":{"type":"Polygon","coordinates":[[[-70.1566,41.66933],[-70.15881,41.66846],[-70.15888,41.66668],[-70.15675,41.66578],[-70.15454,41.66666],[-70.15446,41.66843],[-70.1566,41.66933]]]},"properties":{"h":"892a310c577ffff","t":"Dennis","v":"West Dennis","n":20,"oo":9,"po":45,"ao":2,"ml":955,"mf":1378.152,"br":1,"rs":1,"pr":5,"no":0,"s":35.1,"sp":4.43,"r_oo":0.289,"r_mf":0.205,"r_rs":0.306,"r_n":0.495,"r_sol":0.885}},{"type":"Feature","geometry":{"type":"Polygon","coordinates":[[[-70.1431,41.6799],[-70.14531,41.67903],[-70.14539,41.67725],[-70.14326,41.67635],[-70.14105,41.67722],[-70.14097,41.679],[-70.1431,41.6799]]]},"properties":{"h":"892a310c583ffff","t":"Dennis","v":"South Dennis","n":34,"oo":18,"po":52.9,"ao":2,"ml":1092,"mf":1259.766,"br":2,"rs":1,"pr":2.9,"no":0,"s":37.9,"sp":4.43,"r_oo":0.375,"r_mf":0.129,"r_rs":0.232,"r_n":0.732,"r_sol":0.885}},{"type":"Feature","geometry":{"type":"Polygon","coordinates":[[[-70.14105,41.67722],[-70.14326,41.67635],[-70.14333,41.67457],[-70.1412,41.67367],[-70.13899,41.67454],[-70.13891,41.67632],[-70.14105,41.67722]]]},"properties":{"h":"892a310c587ffff","t":"Dennis","v":"South Dennis","n":27,"oo":20,"po":74.1,"ao":4,"ml":1382,"mf":1839.014,"br":3,"rs":2,"pr":7.4,"no":0,"s":62.9,"sp":4.43,"r_oo":0.69,"r_mf":0.551,"r_rs":0.426,"r_n":0.632,"r_sol":0.885}},{"type":"Feature","geometry":{"type":"Polygon","coordinates":[[[-70.14539,41.67725],[-70.1476,41.67638],[-70.14768,41.6746],[-70.14554,41.6737],[-70.14333,41.67457],[-70.14326,41.67635],[-70.14539,41.67725]]]},"properties":{"h":"892a310c58fffff","t":"Dennis","v":"South Dennis","n":30,"oo":18,"po":60,"ao":3,"ml":1572,"mf":1445.814,"br":2,"rs":3,"pr":10,"no":0,"s":49.2,"sp":4.43,"r_oo":0.466,"r_mf":0.251,"r_rs":0.575,"r_n":0.682,"r_sol":0.885}},{"type":"Feature","geometry":{"type":"Polygon","coordinates":[[[-70.14082,41.68255],[-70.14303,41.68168],[-70.1431,41.6799],[-70.14097,41.679],[-70.13876,41.67987],[-70.13868,41.68165],[-70.14082,41.68255]]]},"properties":{"h":"892a310c593ffff","t":"Dennis","v":"South Dennis","n":8,"oo":6,"po":75,"ao":2,"ml":1776,"mf":1570.019,"br":2,"rs":0,"pr":0,"no":0,"s":48.9,"sp":4.43,"r_oo":0.709,"r_mf":0.34,"r_rs":0.109,"r_n":0.154,"r_sol":0.885}},{"type":"Feature","geometry":{"type":"Polygon","coordinates":[[[-70.13876,41.67987],[-70.14097,41.679],[-70.14105,41.67722],[-70.13891,41.67632],[-70.1367,41.67719],[-70.13662,41.67897],[-70.13876,41.67987]]]},"properties":{"h":"892a310c597ffff","t":"Dennis","v":"South Dennis","n":12,"oo":5,"po":41.7,"ao":3,"ml":1148,"mf":1292.501,"br":1,"rs":0,"pr":0,"no":0,"s":27.4,"sp":4.43,"r_oo":0.254,"r_mf":0.152,"r_rs":0.109,"r_n":0.292,"r_sol":0.885}},{"type":"Feature","geometry":{"type":"Polygon","coordinates":[[[-70.13922,41.66922],[-70.14143,41.66834],[-70.14151,41.66657],[-70.13937,41.66566],[-70.13716,41.66654],[-70.13709,41.66831],[-70.13922,41.66922]]]},"properties":{"h":"892a310c5a7ffff","t":"Dennis","v":"Dennis Port","n":5,"oo":4,"po":80,"ao":0,"ml":2092,"mf":1276.903,"br":0,"rs":1,"pr":20,"no":0,"s":58.4,"sp":4.43,"r_oo":0.799,"r_mf":0.142,"r_rs":0.919,"r_n":0.024,"r_sol":0.885}},{"type":"Feature","geometry":{"type":"Polygon","coordinates":[[[-70.14562,41.67193],[-70.14783,41.67105],[-70.14791,41.66928],[-70.14577,41.66837],[-70.14356,41.66925],[-70.14349,41.67102],[-70.14562,41.67193]]]},"properties":{"h":"892a310c5abffff","t":"Dennis","v":"South Dennis","n":19,"oo":5,"po":26.3,"ao":6,"ml":1268,"mf":1312.676,"br":1,"rs":2,"pr":10.5,"no":0,"s":32.1,"sp":4.43,"r_oo":0.134,"r_mf":0.163,"r_rs":0.607,"r_n":0.472,"r_sol":0.885}},{"type":"Feature","geometry":{"type":"Polygon","coordinates":[[[-70.14356,41.66925],[-70.14577,41.66837],[-70.14585,41.6666],[-70.14372,41.66569],[-70.14151,41.66657],[-70.14143,41.66834],[-70.14356,41.66925]]]},"properties":{"h":"892a310c5afffff","t":"Dennis","v":"Dennis Port","n":9,"oo":3,"po":33.3,"ao":0,"ml":1032,"mf":1107.6,"br":0,"rs":1,"pr":11.1,"no":0,"s":29,"sp":4.43,"r_oo":0.184,"r_mf":0.05,"r_rs":0.639,"r_n":0.194,"r_sol":0.885}},{"type":"Feature","geometry":{"type":"Polygon","coordinates":[[[-70.15385,41.68264],[-70.15606,41.68177],[-70.15614,41.67999],[-70.154,41.67909],[-70.15179,41.67996],[-70.15172,41.68174],[-70.15385,41.68264]]]},"properties":{"h":"892a310c5c3ffff","t":"Dennis","v":"South Dennis","n":7,"oo":2,"po":28.6,"ao":3,"ml":2368,"mf":1856.167,"br":1,"rs":4,"pr":57.1,"no":0,"s":45,"sp":4.43,"r_oo":0.146,"r_mf":0.568,"r_rs":1,"r_n":0.115,"r_sol":0.885}},{"type":"Feature","geometry":{"type":"Polygon","coordinates":[[[-70.15179,41.67996],[-70.154,41.67909],[-70.15408,41.67731],[-70.15195,41.67641],[-70.14974,41.67728],[-70.14966,41.67906],[-70.15179,41.67996]]]},"properties":{"h":"892a310c5c7ffff","t":"Dennis","v":"South Dennis","n":6,"oo":4,"po":66.7,"ao":1,"ml":2162,"mf":2466.202,"br":3,"rs":1,"pr":16.7,"no":0,"s":66.7,"sp":4.43,"r_oo":0.565,"r_mf":0.869,"r_rs":0.858,"r_n":0.072,"r_sol":0.885}},{"type":"Feature","geometry":{"type":"Polygon","coordinates":[[[-70.1582,41.68267],[-70.16041,41.6818],[-70.16048,41.68002],[-70.15835,41.67912],[-70.15614,41.67999],[-70.15606,41.68177],[-70.1582,41.68267]]]},"properties":{"h":"892a310c5cbffff","t":"Dennis","v":"South Dennis","n":10,"oo":5,"po":50,"ao":1,"ml":2238,"mf":2388.236,"br":5,"rs":1,"pr":10,"no":0,"s":54.4,"sp":4.43,"r_oo":0.341,"r_mf":0.838,"r_rs":0.575,"r_n":0.234,"r_sol":0.885}},{"type":"Feature","geometry":{"type":"Polygon","coordinates":[[[-70.15614,41.67999],[-70.15835,41.67912],[-70.15843,41.67734],[-70.15629,41.67644],[-70.15408,41.67731],[-70.154,41.67909],[-70.15614,41.67999]]]},"properties":{"h":"892a310c5cfffff","t":"Dennis","v":"South Dennis","n":33,"oo":21,"po":63.6,"ao":3,"ml":1930,"mf":2326.339,"br":13,"rs":5,"pr":15.2,"no":0,"s":69.5,"sp":4.43,"r_oo":0.522,"r_mf":0.817,"r_rs":0.809,"r_n":0.723,"r_sol":0.885}},{"type":"Feature","geometry":{"type":"Polygon","coordinates":[[[-70.15157,41.68529],[-70.15378,41.68442],[-70.15385,41.68264],[-70.15172,41.68174],[-70.14951,41.68261],[-70.14943,41.68439],[-70.15157,41.68529]]]},"properties":{"h":"892a310c5d3ffff","t":"Dennis","v":"South Dennis","n":6,"oo":6,"po":100,"ao":0,"ml":2348,"mf":2363.538,"br":0,"rs":2,"pr":33.3,"no":0,"s":84.7,"sp":4.43,"r_oo":0.988,"r_mf":0.83,"r_rs":0.988,"r_n":0.072,"r_sol":0.885}},{"type":"Feature","geometry":{"type":"Polygon","coordinates":[[[-70.15591,41.68532],[-70.15812,41.68445],[-70.1582,41.68267],[-70.15606,41.68177],[-70.15385,41.68264],[-70.15378,41.68442],[-70.15591,41.68532]]]},"properties":{"h":"892a310c5dbffff","t":"Dennis","v":"South Dennis","n":24,"oo":15,"po":62.5,"ao":3,"ml":2168.5,"mf":1788.988,"br":5,"rs":2,"pr":8.3,"no":0,"s":54.8,"sp":4.43,"r_oo":0.504,"r_mf":0.514,"r_rs":0.48,"r_n":0.573,"r_sol":0.885}},{"type":"Feature","geometry":{"type":"Polygon","coordinates":[[[-70.15042,41.71195],[-70.15263,41.71107],[-70.15271,41.7093],[-70.15057,41.70839],[-70.14836,41.70927],[-70.14829,41.71104],[-70.15042,41.71195]]]},"properties":{"h":"892a310e203ffff","t":"Dennis","v":"East Dennis","n":16,"oo":10,"po":62.5,"ao":2,"ml":1400,"mf":1570.881,"br":0,"rs":2,"pr":12.5,"no":0,"s":52.1,"sp":4.43,"r_oo":0.504,"r_mf":0.34,"r_rs":0.702,"r_n":0.401,"r_sol":0.885}},{"type":"Feature","geometry":{"type":"Polygon","coordinates":[[[-70.14836,41.70927],[-70.15057,41.70839],[-70.15065,41.70662],[-70.14851,41.70571],[-70.1463,41.70659],[-70.14623,41.70836],[-70.14836,41.70927]]]},"properties":{"h":"892a310e207ffff","t":"Dennis","v":"South Dennis","n":15,"oo":9,"po":60,"ao":0,"ml":1152,"mf":1614.365,"br":0,"rs":0,"pr":0,"no":0,"s":42.2,"sp":4.43,"r_oo":0.466,"r_mf":0.374,"r_rs":0.109,"r_n":0.369,"r_sol":0.885}},{"type":"Feature","geometry":{"type":"Polygon","coordinates":[[[-70.15477,41.71198],[-70.15698,41.7111],[-70.15706,41.70933],[-70.15492,41.70842],[-70.15271,41.7093],[-70.15263,41.71107],[-70.15477,41.71198]]]},"properties":{"h":"892a310e20bffff","t":"Dennis","v":"South Dennis","n":21,"oo":16,"po":76.2,"ao":1,"ml":1184,"mf":1349.505,"br":0,"rs":1,"pr":4.8,"no":0,"s":52.2,"sp":4.43,"r_oo":0.728,"r_mf":0.183,"r_rs":0.299,"r_n":0.513,"r_sol":0.885}},{"type":"Feature","geometry":{"type":"Polygon","coordinates":[[[-70.15271,41.7093],[-70.15492,41.70842],[-70.155,41.70665],[-70.15286,41.70574],[-70.15065,41.70662],[-70.15057,41.70839],[-70.15271,41.7093]]]},"properties":{"h":"892a310e20fffff","t":"Dennis","v":"South Dennis","n":44,"oo":25,"po":56.8,"ao":7,"ml":1326.5,"mf":1504.235,"br":1,"rs":3,"pr":6.8,"no":0,"s":47.1,"sp":4.43,"r_oo":0.42,"r_mf":0.289,"r_rs":0.397,"r_n":0.829,"r_sol":0.885}},{"type":"Feature","geometry":{"type":"Polygon","coordinates":[[[-70.14813,41.7146],[-70.15034,41.71372],[-70.15042,41.71195],[-70.14829,41.71104],[-70.14607,41.71192],[-70.146,41.71369],[-70.14813,41.7146]]]},"properties":{"h":"892a310e213ffff","t":"Dennis","v":"East Dennis","n":33,"oo":18,"po":54.5,"ao":8,"ml":1280,"mf":1800.175,"br":1,"rs":5,"pr":15.2,"no":0,"s":57,"sp":4.43,"r_oo":0.395,"r_mf":0.52,"r_rs":0.809,"r_n":0.723,"r_sol":0.885}},{"type":"Feature","geometry":{"type":"Polygon","coordinates":[[[-70.15248,41.71463],[-70.15469,41.71375],[-70.15477,41.71198],[-70.15263,41.71107],[-70.15042,41.71195],[-70.15034,41.71372],[-70.15248,41.71463]]]},"properties":{"h":"892a310e21bffff","t":"Dennis","v":"East Dennis","n":9,"oo":6,"po":66.7,"ao":0,"ml":1390,"mf":2048.533,"br":2,"rs":1,"pr":11.1,"no":0,"s":60.5,"sp":4.43,"r_oo":0.565,"r_mf":0.7,"r_rs":0.639,"r_n":0.194,"r_sol":0.885}},{"type":"Feature","geometry":{"type":"Polygon","coordinates":[[[-70.14859,41.70394],[-70.1508,41.70306],[-70.15088,41.70128],[-70.14874,41.70038],[-70.14653,41.70126],[-70.14646,41.70303],[-70.14859,41.70394]]]},"properties":{"h":"892a310e223ffff","t":"Dennis","v":"South Dennis","n":65,"oo":30,"po":46.2,"ao":7,"ml":1008,"mf":1179.438,"br":1,"rs":9,"pr":13.8,"no":0,"s":43.9,"sp":4.43,"r_oo":0.301,"r_mf":0.083,"r_rs":0.765,"r_n":0.948,"r_sol":0.885}},{"type":"Feature","geometry":{"type":"Polygon","coordinates":[[[-70.14653,41.70126],[-70.14874,41.70038],[-70.14882,41.6986],[-70.14668,41.6977],[-70.14447,41.69857],[-70.1444,41.70035],[-70.14653,41.70126]]]},"properties":{"h":"892a310e227ffff","t":"Dennis","v":"South Dennis","n":9,"oo":6,"po":66.7,"ao":1,"ml":2522,"mf":2415.467,"br":3,"rs":1,"pr":11.1,"no":0,"s":64.2,"sp":4.43,"r_oo":0.565,"r_mf":0.848,"r_rs":0.639,"r_n":0.194,"r_sol":0.885}},{"type":"Feature","geometry":{"type":"Polygon","coordinates":[[[-70.15294,41.70397],[-70.15515,41.70309],[-70.15523,41.70131],[-70.15309,41.70041],[-70.15088,41.70128],[-70.1508,41.70306],[-70.15294,41.70397]]]},"properties":{"h":"892a310e22bffff","t":"Dennis","v":"South Dennis","n":15,"oo":7,"po":46.7,"ao":1,"ml":1080,"mf":1214.726,"br":0,"rs":1,"pr":6.7,"no":0,"s":33.2,"sp":4.43,"r_oo":0.309,"r_mf":0.098,"r_rs":0.389,"r_n":0.369,"r_sol":0.885}},{"type":"Feature","geometry":{"type":"Polygon","coordinates":[[[-70.15088,41.70128],[-70.15309,41.70041],[-70.15317,41.69863],[-70.15103,41.69773],[-70.14882,41.6986],[-70.14874,41.70038],[-70.15088,41.70128]]]},"properties":{"h":"892a310e22fffff","t":"Dennis","v":"South Dennis","n":26,"oo":14,"po":53.8,"ao":4,"ml":1152,"mf":1420.858,"br":5,"rs":1,"pr":3.8,"no":0,"s":40,"sp":4.43,"r_oo":0.383,"r_mf":0.23,"r_rs":0.258,"r_n":0.615,"r_sol":0.885}},{"type":"Feature","geometry":{"type":"Polygon","coordinates":[[[-70.14424,41.70391],[-70.14646,41.70303],[-70.14653,41.70126],[-70.1444,41.70035],[-70.14218,41.70123],[-70.14211,41.703],[-70.14424,41.70391]]]},"properties":{"h":"892a310e237ffff","t":"Dennis","v":"South Dennis","n":45,"oo":26,"po":57.8,"ao":7,"ml":1008,"mf":1134.192,"br":1,"rs":2,"pr":4.4,"no":0,"s":40.3,"sp":4.43,"r_oo":0.433,"r_mf":0.059,"r_rs":0.284,"r_n":0.837,"r_sol":0.885}},{"type":"Feature","geometry":{"type":"Polygon","coordinates":[[[-70.15065,41.70662],[-70.15286,41.70574],[-70.15294,41.70397],[-70.1508,41.70306],[-70.14859,41.70394],[-70.14851,41.70571],[-70.15065,41.70662]]]},"properties":{"h":"892a310e23bffff","t":"Dennis","v":"South Dennis","n":7,"oo":5,"po":71.4,"ao":0,"ml":1152,"mf":1324.14,"br":0,"rs":1,"pr":14.3,"no":0,"s":52,"sp":4.43,"r_oo":0.652,"r_mf":0.168,"r_rs":0.784,"r_n":0.115,"r_sol":0.885}},{"type":"Feature","geometry":{"type":"Polygon","coordinates":[[[-70.16118,41.71469],[-70.16339,41.71381],[-70.16346,41.71204],[-70.16133,41.71113],[-70.15912,41.71201],[-70.15904,41.71378],[-70.16118,41.71469]]]},"properties":{"h":"892a310e243ffff","t":"Dennis","v":"South Dennis","n":31,"oo":12,"po":38.7,"ao":4,"ml":1144,"mf":1625.956,"br":0,"rs":5,"pr":16.1,"no":0,"s":47,"sp":4.43,"r_oo":0.224,"r_mf":0.384,"r_rs":0.84,"r_n":0.696,"r_sol":0.885}},{"type":"Feature","geometry":{"type":"Polygon","coordinates":[[[-70.15912,41.71201],[-70.16133,41.71113],[-70.1614,41.70936],[-70.15927,41.70845],[-70.15706,41.70933],[-70.15698,41.7111],[-70.15912,41.71201]]]},"properties":{"h":"892a310e247ffff","t":"Dennis","v":"South Dennis","n":9,"oo":7,"po":77.8,"ao":0,"ml":1596,"mf":1265.495,"br":1,"rs":1,"pr":11.1,"no":0,"s":53.9,"sp":4.43,"r_oo":0.755,"r_mf":0.134,"r_rs":0.639,"r_n":0.194,"r_sol":0.885}},{"type":"Feature","geometry":{"type":"Polygon","coordinates":[[[-70.16553,41.71472],[-70.16774,41.71384],[-70.16781,41.71206],[-70.16568,41.71116],[-70.16346,41.71204],[-70.16339,41.71381],[-70.16553,41.71472]]]},"properties":{"h":"892a310e24bffff","t":"Dennis","v":"South Dennis","n":53,"oo":26,"po":49.1,"ao":8,"ml":1144,"mf":1429.279,"br":3,"rs":3,"pr":5.7,"no":0,"s":41.8,"sp":4.43,"r_oo":0.324,"r_mf":0.239,"r_rs":0.34,"r_n":0.891,"r_sol":0.885}},{"type":"Feature","geometry":{"type":"Polygon","coordinates":[[[-70.16346,41.71204],[-70.16568,41.71116],[-70.16575,41.70938],[-70.16362,41.70848],[-70.1614,41.70936],[-70.16133,41.71113],[-70.16346,41.71204]]]},"properties":{"h":"892a310e24fffff","t":"Dennis","v":"South Dennis","n":49,"oo":33,"po":67.3,"ao":3,"ml":1478,"mf":1804.749,"br":7,"rs":2,"pr":4.1,"no":0,"s":57.9,"sp":4.43,"r_oo":0.581,"r_mf":0.525,"r_rs":0.266,"r_n":0.868,"r_sol":0.885}},{"type":"Feature","geometry":{"type":"Polygon","coordinates":[[[-70.15934,41.70667],[-70.16156,41.7058],[-70.16163,41.70402],[-70.1595,41.70312],[-70.15729,41.70399],[-70.15721,41.70577],[-70.15934,41.70667]]]},"properties":{"h":"892a310e263ffff","t":"Dennis","v":"South Dennis","n":16,"oo":9,"po":56.2,"ao":0,"ml":1254.5,"mf":1431.859,"br":0,"rs":1,"pr":6.2,"no":0,"s":41,"sp":4.43,"r_oo":0.415,"r_mf":0.242,"r_rs":0.362,"r_n":0.401,"r_sol":0.885}},{"type":"Feature","geometry":{"type":"Polygon","coordinates":[[[-70.15729,41.70399],[-70.1595,41.70312],[-70.15957,41.70134],[-70.15744,41.70044],[-70.15523,41.70131],[-70.15515,41.70309],[-70.15729,41.70399]]]},"properties":{"h":"892a310e267ffff","t":"Dennis","v":"South Dennis","n":6,"oo":4,"po":66.7,"ao":0,"ml":1076,"mf":1040.754,"br":0,"rs":0,"pr":0,"no":0,"s":34.5,"sp":4.43,"r_oo":0.565,"r_mf":0.03,"r_rs":0.109,"r_n":0.072,"r_sol":0.885}},{"type":"Feature","geometry":{"type":"Polygon","coordinates":[[[-70.16369,41.7067],[-70.1659,41.70583],[-70.16598,41.70405],[-70.16384,41.70315],[-70.16163,41.70402],[-70.16156,41.7058],[-70.16369,41.7067]]]},"properties":{"h":"892a310e26bffff","t":"Dennis","v":"South Dennis","n":63,"oo":40,"po":63.5,"ao":8,"ml":1120,"mf":1332.607,"br":1,"rs":8,"pr":12.7,"no":0,"s":54,"sp":4.43,"r_oo":0.517,"r_mf":0.172,"r_rs":0.72,"r_n":0.939,"r_sol":0.885}},{"type":"Feature","geometry":{"type":"Polygon","coordinates":[[[-70.16163,41.70402],[-70.16384,41.70315],[-70.16392,41.70137],[-70.16178,41.70047],[-70.15957,41.70134],[-70.1595,41.70312],[-70.16163,41.70402]]]},"properties":{"h":"892a310e26fffff","t":"Dennis","v":"South Dennis","n":42,"oo":19,"po":45.2,"ao":6,"ml":1074,"mf":1201.988,"br":0,"rs":2,"pr":4.8,"no":0,"s":35.3,"sp":4.43,"r_oo":0.291,"r_mf":0.09,"r_rs":0.299,"r_n":0.813,"r_sol":0.885}},{"type":"Feature","geometry":{"type":"Polygon","coordinates":[[[-70.15706,41.70933],[-70.15927,41.70845],[-70.15934,41.70667],[-70.15721,41.70577],[-70.155,41.70665],[-70.15492,41.70842],[-70.15706,41.70933]]]},"properties":{"h":"892a310e273ffff","t":"Dennis","v":"South Dennis","n":53,"oo":36,"po":67.9,"ao":4,"ml":1469,"mf":1047.359,"br":0,"rs":5,"pr":9.4,"no":0,"s":50.3,"sp":4.43,"r_oo":0.589,"r_mf":0.032,"r_rs":0.542,"r_n":0.891,"r_sol":0.885}},{"type":"Feature","geometry":{"type":"Polygon","coordinates":[[[-70.155,41.70665],[-70.15721,41.70577],[-70.15729,41.70399],[-70.15515,41.70309],[-70.15294,41.70397],[-70.15286,41.70574],[-70.155,41.70665]]]},"properties":{"h":"892a310e277ffff","t":"Dennis","v":"South Dennis","n":6,"oo":4,"po":66.7,"ao":2,"ml":1234,"mf":1226.508,"br":0,"rs":0,"pr":0,"no":0,"s":36.4,"sp":4.43,"r_oo":0.565,"r_mf":0.104,"r_rs":0.109,"r_n":0.072,"r_sol":0.885}},{"type":"Feature","geometry":{"type":"Polygon","coordinates":[[[-70.1614,41.70936],[-70.16362,41.70848],[-70.16369,41.7067],[-70.16156,41.7058],[-70.15934,41.70667],[-70.15927,41.70845],[-70.1614,41.70936]]]},"properties":{"h":"892a310e27bffff","t":"Dennis","v":"South Dennis","n":42,"oo":30,"po":71.4,"ao":2,"ml":1801.5,"mf":2064.285,"br":9,"rs":4,"pr":9.5,"no":0,"s":69,"sp":4.43,"r_oo":0.652,"r_mf":0.711,"r_rs":0.547,"r_n":0.813,"r_sol":0.885}},{"type":"Feature","geometry":{"type":"Polygon","coordinates":[[[-70.14584,41.71725],[-70.14806,41.71638],[-70.14813,41.7146],[-70.146,41.71369],[-70.14378,41.71457],[-70.14371,41.71635],[-70.14584,41.71725]]]},"properties":{"h":"892a310e28bffff","t":"Dennis","v":"East Dennis","n":19,"oo":7,"po":36.8,"ao":4,"ml":1469,"mf":1698.374,"br":2,"rs":0,"pr":0,"no":0,"s":34.7,"sp":4.43,"r_oo":0.212,"r_mf":0.443,"r_rs":0.109,"r_n":0.472,"r_sol":0.885}},{"type":"Feature","geometry":{"type":"Polygon","coordinates":[[[-70.14355,41.7199],[-70.14577,41.71903],[-70.14584,41.71725],[-70.14371,41.71635],[-70.14149,41.71722],[-70.14142,41.719],[-70.14355,41.7199]]]},"properties":{"h":"892a310e29bffff","t":"Dennis","v":"East Dennis","n":7,"oo":2,"po":28.6,"ao":3,"ml":1184,"mf":1584.497,"br":0,"rs":2,"pr":28.6,"no":0,"s":39.3,"sp":4.43,"r_oo":0.146,"r_mf":0.352,"r_rs":0.976,"r_n":0.115,"r_sol":0.885}},{"type":"Feature","geometry":{"type":"Polygon","coordinates":[[[-70.1566,41.71999],[-70.15881,41.71912],[-70.15889,41.71734],[-70.15675,41.71643],[-70.15454,41.71731],[-70.15446,41.71909],[-70.1566,41.71999]]]},"properties":{"h":"892a310e2cbffff","t":"Dennis","v":"East Dennis","n":10,"oo":7,"po":70,"ao":0,"ml":1192,"mf":1538.46,"br":0,"rs":0,"pr":0,"no":0,"s":45.8,"sp":4.43,"r_oo":0.626,"r_mf":0.319,"r_rs":0.109,"r_n":0.234,"r_sol":0.885}},{"type":"Feature","geometry":{"type":"Polygon","coordinates":[[[-70.15454,41.71731],[-70.15675,41.71643],[-70.15683,41.71466],[-70.15469,41.71375],[-70.15248,41.71463],[-70.1524,41.71641],[-70.15454,41.71731]]]},"properties":{"h":"892a310e2cfffff","t":"Dennis","v":"East Dennis","n":9,"oo":4,"po":44.4,"ao":1,"ml":1580,"mf":2338.368,"br":3,"rs":0,"pr":0,"no":0,"s":44.4,"sp":4.43,"r_oo":0.284,"r_mf":0.823,"r_rs":0.109,"r_n":0.194,"r_sol":0.885}},{"type":"Feature","geometry":{"type":"Polygon","coordinates":[[[-70.1479,41.71993],[-70.15012,41.71906],[-70.15019,41.71728],[-70.14806,41.71638],[-70.14584,41.71725],[-70.14577,41.71903],[-70.1479,41.71993]]]},"properties":{"h":"892a310e2d7ffff","t":"Dennis","v":"East Dennis","n":11,"oo":7,"po":63.6,"ao":1,"ml":1354,"mf":1882.284,"br":2,"rs":0,"pr":0,"no":0,"s":48.8,"sp":4.43,"r_oo":0.522,"r_mf":0.59,"r_rs":0.109,"r_n":0.266,"r_sol":0.885}},{"type":"Feature","geometry":{"type":"Polygon","coordinates":[[[-70.15431,41.72264],[-70.15652,41.72177],[-70.1566,41.71999],[-70.15446,41.71909],[-70.15225,41.71996],[-70.15218,41.72174],[-70.15431,41.72264]]]},"properties":{"h":"892a310e2dbffff","t":"Dennis","v":"East Dennis","n":6,"oo":6,"po":100,"ao":0,"ml":1382.5,"mf":1979.374,"br":0,"rs":0,"pr":0,"no":0,"s":67,"sp":4.43,"r_oo":0.988,"r_mf":0.652,"r_rs":0.109,"r_n":0.072,"r_sol":0.885}},{"type":"Feature","geometry":{"type":"Polygon","coordinates":[[[-70.13395,41.6905],[-70.13616,41.68963],[-70.13624,41.68785],[-70.13411,41.68695],[-70.1319,41.68782],[-70.13182,41.6896],[-70.13395,41.6905]]]},"properties":{"h":"892a310e307ffff","t":"Dennis","v":"South Dennis","n":8,"oo":2,"po":25,"ao":0,"ml":1219,"mf":1538.97,"br":0,"rs":2,"pr":25,"no":0,"s":38,"sp":4.43,"r_oo":0.128,"r_mf":0.32,"r_rs":0.965,"r_n":0.154,"r_sol":0.885}},{"type":"Feature","geometry":{"type":"Polygon","coordinates":[[[-70.13418,41.68517],[-70.13639,41.6843],[-70.13647,41.68252],[-70.13434,41.68162],[-70.13213,41.68249],[-70.13205,41.68427],[-70.13418,41.68517]]]},"properties":{"h":"892a310e323ffff","t":"Dennis","v":"South Dennis","n":11,"oo":1,"po":9.1,"ao":6,"ml":1540,"mf":1167.785,"br":0,"rs":0,"pr":0,"no":0,"s":16.7,"sp":4.43,"r_oo":0.039,"r_mf":0.079,"r_rs":0.109,"r_n":0.266,"r_sol":0.885}},{"type":"Feature","geometry":{"type":"Polygon","coordinates":[[[-70.13853,41.6852],[-70.14074,41.68433],[-70.14082,41.68255],[-70.13868,41.68165],[-70.13647,41.68252],[-70.13639,41.6843],[-70.13853,41.6852]]]},"properties":{"h":"892a310e32bffff","t":"Dennis","v":"South Dennis","n":19,"oo":10,"po":52.6,"ao":1,"ml":1540,"mf":1148.042,"br":0,"rs":0,"pr":0,"no":0,"s":31.7,"sp":4.43,"r_oo":0.371,"r_mf":0.065,"r_rs":0.109,"r_n":0.472,"r_sol":0.885}},{"type":"Feature","geometry":{"type":"Polygon","coordinates":[[[-70.13647,41.68252],[-70.13868,41.68165],[-70.13876,41.67987],[-70.13662,41.67897],[-70.13441,41.67984],[-70.13434,41.68162],[-70.13647,41.68252]]]},"properties":{"h":"892a310e32fffff","t":"Dennis","v":"South Dennis","n":10,"oo":6,"po":60,"ao":2,"ml":1404.5,"mf":1260.621,"br":1,"rs":1,"pr":10,"no":0,"s":41.7,"sp":4.43,"r_oo":0.466,"r_mf":0.13,"r_rs":0.575,"r_n":0.234,"r_sol":0.885}},{"type":"Feature","geometry":{"type":"Polygon","coordinates":[[[-70.1319,41.68782],[-70.13411,41.68695],[-70.13418,41.68517],[-70.13205,41.68427],[-70.12984,41.68514],[-70.12976,41.68692],[-70.1319,41.68782]]]},"properties":{"h":"892a310e333ffff","t":"Dennis","v":"South Dennis","n":24,"oo":16,"po":66.7,"ao":1,"ml":1499,"mf":1243.134,"br":0,"rs":1,"pr":4.2,"no":0,"s":44.1,"sp":4.43,"r_oo":0.565,"r_mf":0.116,"r_rs":0.271,"r_n":0.573,"r_sol":0.885}},{"type":"Feature","geometry":{"type":"Polygon","coordinates":[[[-70.12984,41.68514],[-70.13205,41.68427],[-70.13213,41.68249],[-70.12999,41.68159],[-70.12778,41.68246],[-70.1277,41.68424],[-70.12984,41.68514]]]},"properties":{"h":"892a310e337ffff","t":"Dennis","v":"Dennis Port","n":5,"oo":2,"po":40,"ao":1,"ml":1988,"mf":1993.911,"br":2,"rs":0,"pr":0,"no":0,"s":36.9,"sp":4.43,"r_oo":0.239,"r_mf":0.663,"r_rs":0.109,"r_n":0.024,"r_sol":0.885}},{"type":"Feature","geometry":{"type":"Polygon","coordinates":[[[-70.13624,41.68785],[-70.13845,41.68698],[-70.13853,41.6852],[-70.13639,41.6843],[-70.13418,41.68517],[-70.13411,41.68695],[-70.13624,41.68785]]]},"properties":{"h":"892a310e33bffff","t":"Dennis","v":"South Dennis","n":9,"oo":0,"po":0,"ao":0,"ml":1040,"mf":1159.72,"br":0,"rs":0,"pr":0,"no":0,"s":14.8,"sp":4.43,"r_oo":0.014,"r_mf":0.072,"r_rs":0.109,"r_n":0.194,"r_sol":0.885}},{"type":"Feature","geometry":{"type":"Polygon","coordinates":[[[-70.14493,41.68791],[-70.14714,41.68704],[-70.14722,41.68526],[-70.14509,41.68436],[-70.14287,41.68523],[-70.1428,41.68701],[-70.14493,41.68791]]]},"properties":{"h":"892a310e363ffff","t":"Dennis","v":"South Dennis","n":40,"oo":21,"po":52.5,"ao":4,"ml":1148,"mf":1312.613,"br":1,"rs":3,"pr":7.5,"no":0,"s":42.1,"sp":4.43,"r_oo":0.37,"r_mf":0.163,"r_rs":0.431,"r_n":0.796,"r_sol":0.885}},{"type":"Feature","geometry":{"type":"Polygon","coordinates":[[[-70.14287,41.68523],[-70.14509,41.68436],[-70.14516,41.68258],[-70.14303,41.68168],[-70.14082,41.68255],[-70.14074,41.68433],[-70.14287,41.68523]]]},"properties":{"h":"892a310e367ffff","t":"Dennis","v":"South Dennis","n":15,"oo":12,"po":80,"ao":0,"ml":1232,"mf":1274.789,"br":1,"rs":2,"pr":13.3,"no":0,"s":59.2,"sp":4.43,"r_oo":0.799,"r_mf":0.139,"r_rs":0.748,"r_n":0.369,"r_sol":0.885}},{"type":"Feature","geometry":{"type":"Polygon","coordinates":[[[-70.14928,41.68794],[-70.15149,41.68707],[-70.15157,41.68529],[-70.14943,41.68439],[-70.14722,41.68526],[-70.14714,41.68704],[-70.14928,41.68794]]]},"properties":{"h":"892a310e36bffff","t":"Dennis","v":"South Dennis","n":31,"oo":14,"po":45.2,"ao":3,"ml":1144,"mf":1328.344,"br":2,"rs":4,"pr":12.9,"no":0,"s":42.6,"sp":4.43,"r_oo":0.291,"r_mf":0.17,"r_rs":0.727,"r_n":0.696,"r_sol":0.885}},{"type":"Feature","geometry":{"type":"Polygon","coordinates":[[[-70.14722,41.68526],[-70.14943,41.68439],[-70.14951,41.68261],[-70.14737,41.68171],[-70.14516,41.68258],[-70.14509,41.68436],[-70.14722,41.68526]]]},"properties":{"h":"892a310e36fffff","t":"Dennis","v":"South Dennis","n":15,"oo":12,"po":80,"ao":0,"ml":1488,"mf":1281.191,"br":2,"rs":2,"pr":13.3,"no":0,"s":59.3,"sp":4.43,"r_oo":0.799,"r_mf":0.145,"r_rs":0.748,"r_n":0.369,"r_sol":0.885}},{"type":"Feature","geometry":{"type":"Polygon","coordinates":[[[-70.14264,41.69056],[-70.14486,41.68969],[-70.14493,41.68791],[-70.1428,41.68701],[-70.14059,41.68788],[-70.14051,41.68966],[-70.14264,41.69056]]]},"properties":{"h":"892a310e373ffff","t":"Dennis","v":"South Dennis","n":15,"oo":5,"po":33.3,"ao":3,"ml":1103,"mf":1301.704,"br":1,"rs":2,"pr":13.3,"no":0,"s":35.1,"sp":4.43,"r_oo":0.184,"r_mf":0.159,"r_rs":0.748,"r_n":0.369,"r_sol":0.885}},{"type":"Feature","geometry":{"type":"Polygon","coordinates":[[[-70.14699,41.69059],[-70.1492,41.68972],[-70.14928,41.68794],[-70.14714,41.68704],[-70.14493,41.68791],[-70.14486,41.68969],[-70.14699,41.69059]]]},"properties":{"h":"892a310e37bffff","t":"Dennis","v":"South Dennis","n":46,"oo":29,"po":63,"ao":3,"ml":1144,"mf":1377.247,"br":0,"rs":2,"pr":4.3,"no":0,"s":47.1,"sp":4.43,"r_oo":0.513,"r_mf":0.204,"r_rs":0.278,"r_n":0.846,"r_sol":0.885}},{"type":"Feature","geometry":{"type":"Polygon","coordinates":[[[-70.12755,41.68779],[-70.12976,41.68692],[-70.12984,41.68514],[-70.1277,41.68424],[-70.12549,41.68511],[-70.12542,41.68689],[-70.12755,41.68779]]]},"properties":{"h":"892a310e3afffff","t":"Dennis","v":"Dennis Port","n":23,"oo":9,"po":39.1,"ao":5,"ml":936,"mf":1130.48,"br":0,"rs":0,"pr":0,"no":0,"s":26.5,"sp":4.43,"r_oo":0.227,"r_mf":0.057,"r_rs":0.109,"r_n":0.554,"r_sol":0.885}},{"type":"Feature","geometry":{"type":"Polygon","coordinates":[[[-70.13555,41.70385],[-70.13776,41.70297],[-70.13784,41.7012],[-70.1357,41.70029],[-70.13349,41.70117],[-70.13341,41.70294],[-70.13555,41.70385]]]},"properties":{"h":"892a310e3d3ffff","t":"Dennis","v":"East Dennis","n":10,"oo":5,"po":50,"ao":2,"ml":2212,"mf":1900.795,"br":2,"rs":0,"pr":0,"no":0,"s":41.6,"sp":4.43,"r_oo":0.341,"r_mf":0.605,"r_rs":0.109,"r_n":0.234,"r_sol":0.885}},{"type":"Feature","geometry":{"type":"Polygon","coordinates":[[[-70.13349,41.70117],[-70.1357,41.70029],[-70.13578,41.69851],[-70.13364,41.69761],[-70.13143,41.69848],[-70.13136,41.70026],[-70.13349,41.70117]]]},"properties":{"h":"892a310e3d7ffff","t":"Dennis","v":"South Dennis","n":5,"oo":2,"po":40,"ao":0,"ml":2401,"mf":2789.0,"br":4,"rs":1,"pr":20,"no":0,"s":55.4,"sp":4.43,"r_oo":0.239,"r_mf":0.92,"r_rs":0.919,"r_n":0.024,"r_sol":0.885}},{"type":"Feature","geometry":{"type":"Polygon","coordinates":[[[-70.1399,41.70388],[-70.14211,41.703],[-70.14218,41.70123],[-70.14005,41.70032],[-70.13784,41.7012],[-70.13776,41.70297],[-70.1399,41.70388]]]},"properties":{"h":"892a310e3dbffff","t":"Dennis","v":"South Dennis","n":22,"oo":15,"po":68.2,"ao":0,"ml":1080,"mf":1424.169,"br":0,"rs":1,"pr":4.5,"no":0,"s":48.1,"sp":4.43,"r_oo":0.592,"r_mf":0.235,"r_rs":0.289,"r_n":0.533,"r_sol":0.885}},{"type":"Feature","geometry":{"type":"Polygon","coordinates":[[[-70.14515,41.73325],[-70.14737,41.73237],[-70.14744,41.7306],[-70.14531,41.72969],[-70.14309,41.73057],[-70.14302,41.73234],[-70.14515,41.73325]]]},"properties":{"h":"892a310e643ffff","t":"Dennis","v":"East Dennis","n":64,"oo":33,"po":51.6,"ao":7,"ml":1397,"mf":1872.978,"br":11,"rs":5,"pr":7.8,"no":0,"s":54.2,"sp":4.43,"r_oo":0.364,"r_mf":0.583,"r_rs":0.452,"r_n":0.944,"r_sol":0.885}},{"type":"Feature","geometry":{"type":"Polygon","coordinates":[[[-70.14309,41.73057],[-70.14531,41.72969],[-70.14538,41.72791],[-70.14325,41.72701],[-70.14103,41.72788],[-70.14096,41.72966],[-70.14309,41.73057]]]},"properties":{"h":"892a310e647ffff","t":"Dennis","v":"East Dennis","n":25,"oo":17,"po":68,"ao":2,"ml":1638,"mf":1657.265,"br":1,"rs":2,"pr":8,"no":0,"s":55.6,"sp":4.43,"r_oo":0.591,"r_mf":0.41,"r_rs":0.462,"r_n":0.593,"r_sol":0.885}},{"type":"Feature","geometry":{"type":"Polygon","coordinates":[[[-70.1495,41.73328],[-70.15172,41.7324],[-70.15179,41.73063],[-70.14966,41.72972],[-70.14744,41.7306],[-70.14737,41.73237],[-70.1495,41.73328]]]},"properties":{"h":"892a310e64bffff","t":"Dennis","v":"East Dennis","n":25,"oo":21,"po":84,"ao":1,"ml":1884,"mf":2515.936,"br":14,"rs":2,"pr":8,"no":0,"s":78.5,"sp":4.43,"r_oo":0.868,"r_mf":0.88,"r_rs":0.462,"r_n":0.593,"r_sol":0.885}},{"type":"Feature","geometry":{"type":"Polygon","coordinates":[[[-70.14744,41.7306],[-70.14966,41.72972],[-70.14973,41.72794],[-70.1476,41.72704],[-70.14538,41.72791],[-70.14531,41.72969],[-70.14744,41.7306]]]},"properties":{"h":"892a310e64fffff","t":"Dennis","v":"East Dennis","n":24,"oo":9,"po":37.5,"ao":3,"ml":1596,"mf":1951.176,"br":5,"rs":1,"pr":4.2,"no":0,"s":43.2,"sp":4.43,"r_oo":0.216,"r_mf":0.637,"r_rs":0.271,"r_n":0.573,"r_sol":0.885}},{"type":"Feature","geometry":{"type":"Polygon","coordinates":[[[-70.14286,41.7359],[-70.14508,41.73502],[-70.14515,41.73325],[-70.14302,41.73234],[-70.1408,41.73322],[-70.14073,41.73499],[-70.14286,41.7359]]]},"properties":{"h":"892a310e653ffff","t":"Dennis","v":"East Dennis","n":15,"oo":9,"po":60,"ao":1,"ml":2179,"mf":2380.372,"br":7,"rs":3,"pr":20,"no":0,"s":65.8,"sp":4.43,"r_oo":0.466,"r_mf":0.833,"r_rs":0.919,"r_n":0.369,"r_sol":0.885}},{"type":"Feature","geometry":{"type":"Polygon","coordinates":[[[-70.1408,41.73322],[-70.14302,41.73234],[-70.14309,41.73057],[-70.14096,41.72966],[-70.13874,41.73054],[-70.13867,41.73231],[-70.1408,41.73322]]]},"properties":{"h":"892a310e657ffff","t":"Dennis","v":"East Dennis","n":9,"oo":6,"po":66.7,"ao":0,"ml":1886,"mf":1394.26,"br":1,"rs":0,"pr":0,"no":0,"s":40.4,"sp":4.43,"r_oo":0.565,"r_mf":0.216,"r_rs":0.109,"r_n":0.194,"r_sol":0.885}},{"type":"Feature","geometry":{"type":"Polygon","coordinates":[[[-70.14721,41.73593],[-70.14943,41.73505],[-70.1495,41.73328],[-70.14737,41.73237],[-70.14515,41.73325],[-70.14508,41.73502],[-70.14721,41.73593]]]},"properties":{"h":"892a310e65bffff","t":"Dennis","v":"East Dennis","n":30,"oo":21,"po":70,"ao":3,"ml":2188,"mf":2478.643,"br":16,"rs":3,"pr":10,"no":0,"s":71.1,"sp":4.43,"r_oo":0.626,"r_mf":0.873,"r_rs":0.575,"r_n":0.682,"r_sol":0.885}},{"type":"Feature","geometry":{"type":"Polygon","coordinates":[[[-70.14332,41.72523],[-70.14554,41.72436],[-70.14561,41.72258],[-70.14348,41.72168],[-70.14126,41.72255],[-70.14119,41.72433],[-70.14332,41.72523]]]},"properties":{"h":"892a310e663ffff","t":"Dennis","v":"East Dennis","n":40,"oo":20,"po":50,"ao":3,"ml":1909.5,"mf":1855.529,"br":12,"rs":5,"pr":12.5,"no":0,"s":55.1,"sp":4.43,"r_oo":0.341,"r_mf":0.567,"r_rs":0.702,"r_n":0.796,"r_sol":0.885}},{"type":"Feature","geometry":{"type":"Polygon","coordinates":[[[-70.14126,41.72255],[-70.14348,41.72168],[-70.14355,41.7199],[-70.14142,41.719],[-70.13921,41.71987],[-70.13913,41.72165],[-70.14126,41.72255]]]},"properties":{"h":"892a310e667ffff","t":"Dennis","v":"East Dennis","n":25,"oo":16,"po":64,"ao":3,"ml":1196,"mf":1436.153,"br":0,"rs":0,"pr":0,"no":0,"s":43.6,"sp":4.43,"r_oo":0.527,"r_mf":0.245,"r_rs":0.109,"r_n":0.593,"r_sol":0.885}},{"type":"Feature","geometry":{"type":"Polygon","coordinates":[[[-70.14767,41.72526],[-70.14989,41.72439],[-70.14996,41.72261],[-70.14783,41.72171],[-70.14561,41.72258],[-70.14554,41.72436],[-70.14767,41.72526]]]},"properties":{"h":"892a310e66bffff","t":"Dennis","v":"East Dennis","n":30,"oo":21,"po":70,"ao":1,"ml":2733.5,"mf":2908.224,"br":26,"rs":1,"pr":3.3,"no":0,"s":67.7,"sp":4.43,"r_oo":0.626,"r_mf":0.933,"r_rs":0.243,"r_n":0.682,"r_sol":0.885}},{"type":"Feature","geometry":{"type":"Polygon","coordinates":[[[-70.14561,41.72258],[-70.14783,41.72171],[-70.1479,41.71993],[-70.14577,41.71903],[-70.14355,41.7199],[-70.14348,41.72168],[-70.14561,41.72258]]]},"properties":{"h":"892a310e66fffff","t":"Dennis","v":"East Dennis","n":15,"oo":10,"po":66.7,"ao":0,"ml":2666,"mf":2769.524,"br":9,"rs":0,"pr":0,"no":0,"s":59.7,"sp":4.43,"r_oo":0.565,"r_mf":0.917,"r_rs":0.109,"r_n":0.369,"r_sol":0.885}},{"type":"Feature","geometry":{"type":"Polygon","coordinates":[[[-70.14103,41.72788],[-70.14325,41.72701],[-70.14332,41.72523],[-70.14119,41.72433],[-70.13898,41.7252],[-70.1389,41.72698],[-70.14103,41.72788]]]},"properties":{"h":"892a310e673ffff","t":"Dennis","v":"East Dennis","n":12,"oo":9,"po":75,"ao":2,"ml":1541.5,"mf":1808.996,"br":1,"rs":0,"pr":0,"no":0,"s":54.9,"sp":4.43,"r_oo":0.709,"r_mf":0.526,"r_rs":0.109,"r_n":0.292,"r_sol":0.885}},{"type":"Feature","geometry":{"type":"Polygon","coordinates":[[[-70.13898,41.7252],[-70.14119,41.72433],[-70.14126,41.72255],[-70.13913,41.72165],[-70.13692,41.72252],[-70.13684,41.7243],[-70.13898,41.7252]]]},"properties":{"h":"892a310e677ffff","t":"Dennis","v":"East Dennis","n":8,"oo":7,"po":87.5,"ao":0,"ml":1556,"mf":1706.025,"br":0,"rs":0,"pr":0,"no":0,"s":59.5,"sp":4.43,"r_oo":0.907,"r_mf":0.45,"r_rs":0.109,"r_n":0.154,"r_sol":0.885}},{"type":"Feature","geometry":{"type":"Polygon","coordinates":[[[-70.14538,41.72791],[-70.1476,41.72704],[-70.14767,41.72526],[-70.14554,41.72436],[-70.14332,41.72523],[-70.14325,41.72701],[-70.14538,41.72791]]]},"properties":{"h":"892a310e67bffff","t":"Dennis","v":"East Dennis","n":12,"oo":5,"po":41.7,"ao":2,"ml":1953.5,"mf":2581.46,"br":6,"rs":0,"pr":0,"no":0,"s":45.9,"sp":4.43,"r_oo":0.254,"r_mf":0.892,"r_rs":0.109,"r_n":0.292,"r_sol":0.885}},{"type":"Feature","geometry":{"type":"Polygon","coordinates":[[[-70.12231,41.65844],[-70.12452,41.65757],[-70.1246,41.65579],[-70.12246,41.65489],[-70.12025,41.65576],[-70.12018,41.65753],[-70.12231,41.65844]]]},"properties":{"h":"892a310e84bffff","t":"Dennis","v":"Dennis Port","n":37,"oo":5,"po":13.5,"ao":6,"ml":1248,"mf":1260.806,"br":1,"rs":3,"pr":8.1,"no":0,"s":29.1,"sp":4.43,"r_oo":0.059,"r_mf":0.131,"r_rs":0.469,"r_n":0.76,"r_sol":0.885}},{"type":"Feature","geometry":{"type":"Polygon","coordinates":[[[-70.12002,41.66109],[-70.12223,41.66021],[-70.12231,41.65844],[-70.12018,41.65753],[-70.11797,41.65841],[-70.11789,41.66018],[-70.12002,41.66109]]]},"properties":{"h":"892a310e85bffff","t":"Dennis","v":"Dennis Port","n":19,"oo":3,"po":15.8,"ao":3,"ml":1190,"mf":1158.325,"br":2,"rs":0,"pr":0,"no":0,"s":19.8,"sp":4.43,"r_oo":0.071,"r_mf":0.072,"r_rs":0.109,"r_n":0.472,"r_sol":0.885}},{"type":"Feature","geometry":{"type":"Polygon","coordinates":[[[-70.13762,41.65588],[-70.13983,41.65501],[-70.13991,41.65323],[-70.13778,41.65233],[-70.13557,41.6532],[-70.13549,41.65498],[-70.13762,41.65588]]]},"properties":{"h":"892a310ea03ffff","t":"Dennis","v":"Dennis Port","n":16,"oo":5,"po":31.2,"ao":3,"ml":1005,"mf":1118.557,"br":0,"rs":2,"pr":12.5,"no":0,"s":31.2,"sp":4.43,"r_oo":0.163,"r_mf":0.054,"r_rs":0.702,"r_n":0.401,"r_sol":0.885}},{"type":"Feature","geometry":{"type":"Polygon","coordinates":[[[-70.13557,41.6532],[-70.13778,41.65233],[-70.13785,41.65055],[-70.13572,41.64965],[-70.13351,41.65052],[-70.13343,41.6523],[-70.13557,41.6532]]]},"properties":{"h":"892a310ea07ffff","t":"Dennis","v":"Dennis Port","n":16,"oo":3,"po":18.8,"ao":2,"ml":1289,"mf":878.376,"br":1,"rs":0,"pr":0,"no":0,"s":18.1,"sp":4.43,"r_oo":0.09,"r_mf":0.002,"r_rs":0.109,"r_n":0.401,"r_sol":0.885}},{"type":"Feature","geometry":{"type":"Polygon","coordinates":[[[-70.14197,41.65591],[-70.14418,41.65504],[-70.14425,41.65326],[-70.14212,41.65236],[-70.13991,41.65323],[-70.13983,41.65501],[-70.14197,41.65591]]]},"properties":{"h":"892a310ea0bffff","t":"Dennis","v":"Dennis Port","n":52,"oo":5,"po":9.6,"ao":4,"ml":848,"mf":994.821,"br":1,"rs":3,"pr":5.8,"no":0,"s":24.9,"sp":4.43,"r_oo":0.04,"r_mf":0.019,"r_rs":0.341,"r_n":0.885,"r_sol":0.885}},{"type":"Feature","geometry":{"type":"Polygon","coordinates":[[[-70.13534,41.65853],[-70.13755,41.65766],[-70.13762,41.65588],[-70.13549,41.65498],[-70.13328,41.65585],[-70.1332,41.65763],[-70.13534,41.65853]]]},"properties":{"h":"892a310ea13ffff","t":"Dennis","v":"Dennis Port","n":72,"oo":14,"po":19.4,"ao":9,"ml":821,"mf":881.863,"br":0,"rs":7,"pr":9.7,"no":0,"s":30.6,"sp":4.43,"r_oo":0.093,"r_mf":0.003,"r_rs":0.554,"r_n":0.966,"r_sol":0.885}},{"type":"Feature","geometry":{"type":"Polygon","coordinates":[[[-70.13328,41.65585],[-70.13549,41.65498],[-70.13557,41.6532],[-70.13343,41.6523],[-70.13122,41.65317],[-70.13115,41.65495],[-70.13328,41.65585]]]},"properties":{"h":"892a310ea17ffff","t":"Dennis","v":"Dennis Port","n":69,"oo":12,"po":17.4,"ao":17,"ml":1031,"mf":994.086,"br":0,"rs":6,"pr":8.7,"no":0,"s":29.6,"sp":4.43,"r_oo":0.08,"r_mf":0.018,"r_rs":0.5,"r_n":0.958,"r_sol":0.885}},{"type":"Feature","geometry":{"type":"Polygon","coordinates":[[[-70.13968,41.65856],[-70.14189,41.65769],[-70.14197,41.65591],[-70.13983,41.65501],[-70.13762,41.65588],[-70.13755,41.65766],[-70.13968,41.65856]]]},"properties":{"h":"892a310ea1bffff","t":"Dennis","v":"Dennis Port","n":25,"oo":3,"po":12,"ao":6,"ml":756,"mf":966.047,"br":0,"rs":1,"pr":4,"no":0,"s":21.1,"sp":4.43,"r_oo":0.053,"r_mf":0.01,"r_rs":0.263,"r_n":0.593,"r_sol":0.885}},{"type":"Feature","geometry":{"type":"Polygon","coordinates":[[[-70.14837,41.65862],[-70.15057,41.65774],[-70.15065,41.65597],[-70.14852,41.65507],[-70.14631,41.65594],[-70.14623,41.65772],[-70.14837,41.65862]]]},"properties":{"h":"892a310ea43ffff","t":"Dennis","v":"Dennis Port","n":86,"oo":19,"po":22.1,"ao":15,"ml":987,"mf":1151.466,"br":1,"rs":10,"pr":11.6,"no":0,"s":35,"sp":4.43,"r_oo":0.116,"r_mf":0.067,"r_rs":0.663,"r_n":0.986,"r_sol":0.885}},{"type":"Feature","geometry":{"type":"Polygon","coordinates":[[[-70.14631,41.65594],[-70.14852,41.65507],[-70.14859,41.65329],[-70.14646,41.65239],[-70.14425,41.65326],[-70.14418,41.65504],[-70.14631,41.65594]]]},"properties":{"h":"892a310ea47ffff","t":"Dennis","v":"Dennis Port","n":118,"oo":15,"po":12.7,"ao":31,"ml":876,"mf":983.139,"br":0,"rs":7,"pr":5.9,"no":0,"s":26.7,"sp":4.43,"r_oo":0.057,"r_mf":0.015,"r_rs":0.345,"r_n":1,"r_sol":0.885}},{"type":"Feature","geometry":{"type":"Polygon","coordinates":[[[-70.15271,41.65865],[-70.15492,41.65777],[-70.15499,41.656],[-70.15286,41.6551],[-70.15065,41.65597],[-70.15057,41.65774],[-70.15271,41.65865]]]},"properties":{"h":"892a310ea4bffff","t":"Dennis","v":"Dennis Port","n":45,"oo":7,"po":15.6,"ao":13,"ml":960,"mf":913.963,"br":0,"rs":5,"pr":11.1,"no":0,"s":29.7,"sp":4.43,"r_oo":0.07,"r_mf":0.004,"r_rs":0.639,"r_n":0.837,"r_sol":0.885}},{"type":"Feature","geometry":{"type":"Polygon","coordinates":[[[-70.15065,41.65597],[-70.15286,41.6551],[-70.15294,41.65332],[-70.1508,41.65242],[-70.14859,41.65329],[-70.14852,41.65507],[-70.15065,41.65597]]]},"properties":{"h":"892a310ea4fffff","t":"Dennis","v":"Dennis Port","n":95,"oo":18,"po":18.9,"ao":17,"ml":970,"mf":1060.117,"br":5,"rs":10,"pr":10.5,"no":0,"s":32.5,"sp":4.43,"r_oo":0.091,"r_mf":0.036,"r_rs":0.607,"r_n":0.992,"r_sol":0.885}},{"type":"Feature","geometry":{"type":"Polygon","coordinates":[[[-70.14608,41.66127],[-70.14829,41.66039],[-70.14837,41.65862],[-70.14623,41.65772],[-70.14402,41.65859],[-70.14395,41.66036],[-70.14608,41.66127]]]},"properties":{"h":"892a310ea53ffff","t":"Dennis","v":"Dennis Port","n":105,"oo":19,"po":18.1,"ao":17,"ml":1002,"mf":1256.855,"br":0,"rs":9,"pr":8.6,"no":0,"s":32.7,"sp":4.43,"r_oo":0.084,"r_mf":0.126,"r_rs":0.494,"r_n":0.997,"r_sol":0.885}},{"type":"Feature","geometry":{"type":"Polygon","coordinates":[[[-70.14402,41.65859],[-70.14623,41.65772],[-70.14631,41.65594],[-70.14418,41.65504],[-70.14197,41.65591],[-70.14189,41.65769],[-70.14402,41.65859]]]},"properties":{"h":"892a310ea57ffff","t":"Dennis","v":"Dennis Port","n":102,"oo":14,"po":13.7,"ao":18,"ml":938,"mf":1062.755,"br":0,"rs":8,"pr":7.8,"no":0,"s":28.9,"sp":4.43,"r_oo":0.06,"r_mf":0.037,"r_rs":0.452,"r_n":0.995,"r_sol":0.885}},{"type":"Feature","geometry":{"type":"Polygon","coordinates":[[[-70.15042,41.6613],[-70.15263,41.66042],[-70.15271,41.65865],[-70.15057,41.65774],[-70.14837,41.65862],[-70.14829,41.66039],[-70.15042,41.6613]]]},"properties":{"h":"892a310ea5bffff","t":"Dennis","v":"Dennis Port","n":57,"oo":16,"po":28.1,"ao":10,"ml":1056,"mf":1273.417,"br":0,"rs":10,"pr":17.5,"no":0,"s":40.2,"sp":4.43,"r_oo":0.14,"r_mf":0.137,"r_rs":0.876,"r_n":0.916,"r_sol":0.885}},{"type":"Feature","geometry":{"type":"Polygon","coordinates":[[[-70.14425,41.65326],[-70.14646,41.65239],[-70.14654,41.65061],[-70.1444,41.64971],[-70.1422,41.65058],[-70.14212,41.65236],[-70.14425,41.65326]]]},"properties":{"h":"892a310ea73ffff","t":"Dennis","v":"Dennis Port","n":44,"oo":5,"po":11.4,"ao":15,"ml":912,"mf":980.093,"br":0,"rs":2,"pr":4.5,"no":0,"s":23.8,"sp":4.43,"r_oo":0.05,"r_mf":0.014,"r_rs":0.289,"r_n":0.829,"r_sol":0.885}},{"type":"Feature","geometry":{"type":"Polygon","coordinates":[[[-70.14859,41.65329],[-70.1508,41.65242],[-70.15088,41.65064],[-70.14875,41.64974],[-70.14654,41.65061],[-70.14646,41.65239],[-70.14859,41.65329]]]},"properties":{"h":"892a310ea7bffff","t":"Dennis","v":"Dennis Port","n":35,"oo":7,"po":20,"ao":10,"ml":1054,"mf":1038.601,"br":0,"rs":0,"pr":0,"no":0,"s":22.6,"sp":4.43,"r_oo":0.1,"r_mf":0.029,"r_rs":0.109,"r_n":0.741,"r_sol":0.885}},{"type":"Feature","geometry":{"type":"Polygon","coordinates":[[[-70.12871,41.66115],[-70.13092,41.66027],[-70.13099,41.6585],[-70.12886,41.6576],[-70.12665,41.65847],[-70.12657,41.66024],[-70.12871,41.66115]]]},"properties":{"h":"892a310ea83ffff","t":"Dennis","v":"Dennis Port","n":40,"oo":12,"po":30,"ao":6,"ml":1265,"mf":1122.965,"br":1,"rs":4,"pr":10,"no":0,"s":33,"sp":4.43,"r_oo":0.156,"r_mf":0.056,"r_rs":0.575,"r_n":0.796,"r_sol":0.885}},{"type":"Feature","geometry":{"type":"Polygon","coordinates":[[[-70.12665,41.65847],[-70.12886,41.6576],[-70.12894,41.65582],[-70.1268,41.65492],[-70.1246,41.65579],[-70.12452,41.65757],[-70.12665,41.65847]]]},"properties":{"h":"892a310ea87ffff","t":"Dennis","v":"Dennis Port","n":99,"oo":15,"po":15.2,"ao":25,"ml":1192,"mf":1131.785,"br":2,"rs":5,"pr":5.1,"no":0,"s":27.6,"sp":4.43,"r_oo":0.068,"r_mf":0.058,"r_rs":0.31,"r_n":0.994,"r_sol":0.885}},{"type":"Feature","geometry":{"type":"Polygon","coordinates":[[[-70.13305,41.66118],[-70.13526,41.66031],[-70.13534,41.65853],[-70.1332,41.65763],[-70.13099,41.6585],[-70.13092,41.66027],[-70.13305,41.66118]]]},"properties":{"h":"892a310ea8bffff","t":"Dennis","v":"Dennis Port","n":36,"oo":4,"po":11.1,"ao":11,"ml":1024,"mf":1249.687,"br":0,"rs":3,"pr":8.3,"no":0,"s":28.4,"sp":4.43,"r_oo":0.047,"r_mf":0.12,"r_rs":0.48,"r_n":0.75,"r_sol":0.885}},{"type":"Feature","geometry":{"type":"Polygon","coordinates":[[[-70.13099,41.6585],[-70.1332,41.65763],[-70.13328,41.65585],[-70.13115,41.65495],[-70.12894,41.65582],[-70.12886,41.6576],[-70.13099,41.6585]]]},"properties":{"h":"892a310ea8fffff","t":"Dennis","v":"Dennis Port","n":82,"oo":18,"po":22,"ao":14,"ml":1160,"mf":1181.449,"br":0,"rs":6,"pr":7.3,"no":0,"s":31.7,"sp":4.43,"r_oo":0.115,"r_mf":0.084,"r_rs":0.422,"r_n":0.983,"r_sol":0.885}},{"type":"Feature","geometry":{"type":"Polygon","coordinates":[[[-70.12642,41.6638],[-70.12863,41.66292],[-70.12871,41.66115],[-70.12657,41.66024],[-70.12436,41.66112],[-70.12429,41.66289],[-70.12642,41.6638]]]},"properties":{"h":"892a310ea93ffff","t":"Dennis","v":"Dennis Port","n":47,"oo":18,"po":38.3,"ao":9,"ml":1324,"mf":1243.074,"br":1,"rs":7,"pr":14.9,"no":0,"s":41.2,"sp":4.43,"r_oo":0.222,"r_mf":0.115,"r_rs":0.805,"r_n":0.854,"r_sol":0.885}},{"type":"Feature","geometry":{"type":"Polygon","coordinates":[[[-70.12436,41.66112],[-70.12657,41.66024],[-70.12665,41.65847],[-70.12452,41.65757],[-70.12231,41.65844],[-70.12223,41.66021],[-70.12436,41.66112]]]},"properties":{"h":"892a310ea97ffff","t":"Dennis","v":"Dennis Port","n":56,"oo":18,"po":32.1,"ao":7,"ml":1224.5,"mf":1262.463,"br":1,"rs":5,"pr":8.9,"no":0,"s":35.7,"sp":4.43,"r_oo":0.17,"r_mf":0.131,"r_rs":0.509,"r_n":0.91,"r_sol":0.885}},{"type":"Feature","geometry":{"type":"Polygon","coordinates":[[[-70.13076,41.66383],[-70.13297,41.66295],[-70.13305,41.66118],[-70.13092,41.66027],[-70.12871,41.66115],[-70.12863,41.66292],[-70.13076,41.66383]]]},"properties":{"h":"892a310ea9bffff","t":"Dennis","v":"Dennis Port","n":34,"oo":11,"po":32.4,"ao":3,"ml":1032,"mf":1108.065,"br":0,"rs":1,"pr":2.9,"no":0,"s":27.8,"sp":4.43,"r_oo":0.172,"r_mf":0.05,"r_rs":0.232,"r_n":0.732,"r_sol":0.885}},{"type":"Feature","geometry":{"type":"Polygon","coordinates":[[[-70.1246,41.65579],[-70.1268,41.65492],[-70.12688,41.65314],[-70.12475,41.65224],[-70.12254,41.65311],[-70.12246,41.65489],[-70.1246,41.65579]]]},"properties":{"h":"892a310eab3ffff","t":"Dennis","v":"Dennis Port","n":6,"oo":1,"po":16.7,"ao":2,"ml":1569.5,"mf":1065.022,"br":0,"rs":1,"pr":16.7,"no":0,"s":26.4,"sp":4.43,"r_oo":0.075,"r_mf":0.038,"r_rs":0.858,"r_n":0.072,"r_sol":0.885}},{"type":"Feature","geometry":{"type":"Polygon","coordinates":[[[-70.12894,41.65582],[-70.13115,41.65495],[-70.13122,41.65317],[-70.12909,41.65227],[-70.12688,41.65314],[-70.1268,41.65492],[-70.12894,41.65582]]]},"properties":{"h":"892a310eabbffff","t":"Dennis","v":"Dennis Port","n":46,"oo":7,"po":15.2,"ao":7,"ml":1809,"mf":1445.927,"br":3,"rs":4,"pr":8.7,"no":0,"s":33.8,"sp":4.43,"r_oo":0.068,"r_mf":0.251,"r_rs":0.5,"r_n":0.846,"r_sol":0.885}},{"type":"Feature","geometry":{"type":"Polygon","coordinates":[[[-70.13945,41.66389],[-70.14166,41.66301],[-70.14174,41.66124],[-70.1396,41.66033],[-70.13739,41.66121],[-70.13732,41.66298],[-70.13945,41.66389]]]},"properties":{"h":"892a310eac3ffff","t":"Dennis","v":"Dennis Port","n":101,"oo":19,"po":18.8,"ao":18,"ml":920,"mf":1032.464,"br":0,"rs":16,"pr":15.8,"no":0,"s":35.5,"sp":4.43,"r_oo":0.09,"r_mf":0.027,"r_rs":0.831,"r_n":0.995,"r_sol":0.885}},{"type":"Feature","geometry":{"type":"Polygon","coordinates":[[[-70.13739,41.66121],[-70.1396,41.66033],[-70.13968,41.65856],[-70.13755,41.65766],[-70.13534,41.65853],[-70.13526,41.66031],[-70.13739,41.66121]]]},"properties":{"h":"892a310eac7ffff","t":"Dennis","v":"Dennis Port","n":85,"oo":13,"po":15.3,"ao":12,"ml":828,"mf":1015.255,"br":0,"rs":9,"pr":10.6,"no":0,"s":31.3,"sp":4.43,"r_oo":0.069,"r_mf":0.024,"r_rs":0.613,"r_n":0.985,"r_sol":0.885}},{"type":"Feature","geometry":{"type":"Polygon","coordinates":[[[-70.14379,41.66392],[-70.146,41.66304],[-70.14608,41.66127],[-70.14395,41.66036],[-70.14174,41.66124],[-70.14166,41.66301],[-70.14379,41.66392]]]},"properties":{"h":"892a310eacbffff","t":"Dennis","v":"Dennis Port","n":107,"oo":15,"po":14,"ao":15,"ml":1016,"mf":1225.381,"br":0,"rs":10,"pr":9.3,"no":0,"s":31.9,"sp":4.43,"r_oo":0.061,"r_mf":0.103,"r_rs":0.538,"r_n":0.998,"r_sol":0.885}},{"type":"Feature","geometry":{"type":"Polygon","coordinates":[[[-70.14174,41.66124],[-70.14395,41.66036],[-70.14402,41.65859],[-70.14189,41.65769],[-70.13968,41.65856],[-70.1396,41.66033],[-70.14174,41.66124]]]},"properties":{"h":"892a310eacfffff","t":"Dennis","v":"Dennis Port","n":117,"oo":24,"po":20.5,"ao":18,"ml":952,"mf":1138.197,"br":0,"rs":3,"pr":2.6,"no":0,"s":28,"sp":4.43,"r_oo":0.106,"r_mf":0.062,"r_rs":0.226,"r_n":0.999,"r_sol":0.885}},{"type":"Feature","geometry":{"type":"Polygon","coordinates":[[[-70.13716,41.66654],[-70.13937,41.66566],[-70.13945,41.66389],[-70.13732,41.66298],[-70.13511,41.66386],[-70.13503,41.66563],[-70.13716,41.66654]]]},"properties":{"h":"892a310ead3ffff","t":"Dennis","v":"Dennis Port","n":30,"oo":4,"po":13.3,"ao":5,"ml":992,"mf":1224.986,"br":1,"rs":1,"pr":3.3,"no":0,"s":24.2,"sp":4.43,"r_oo":0.058,"r_mf":0.102,"r_rs":0.243,"r_n":0.682,"r_sol":0.885}},{"type":"Feature","geometry":{"type":"Polygon","coordinates":[[[-70.13511,41.66386],[-70.13732,41.66298],[-70.13739,41.66121],[-70.13526,41.66031],[-70.13305,41.66118],[-70.13297,41.66295],[-70.13511,41.66386]]]},"properties":{"h":"892a310ead7ffff","t":"Dennis","v":"Dennis Port","n":17,"oo":1,"po":5.9,"ao":1,"ml":888,"mf":1034.781,"br":0,"rs":5,"pr":29.4,"no":0,"s":29.7,"sp":4.43,"r_oo":0.031,"r_mf":0.028,"r_rs":0.98,"r_n":0.426,"r_sol":0.885}},{"type":"Feature","geometry":{"type":"Polygon","coordinates":[[[-70.14151,41.66657],[-70.14372,41.66569],[-70.14379,41.66392],[-70.14166,41.66301],[-70.13945,41.66389],[-70.13937,41.66566],[-70.14151,41.66657]]]},"properties":{"h":"892a310eadbffff","t":"Dennis","v":"Dennis Port","n":90,"oo":23,"po":25.6,"ao":19,"ml":960,"mf":1124.117,"br":1,"rs":9,"pr":10,"no":0,"s":34,"sp":4.43,"r_oo":0.131,"r_mf":0.056,"r_rs":0.575,"r_n":0.988,"r_sol":0.885}},{"type":"Feature","geometry":{"type":"Polygon","coordinates":[[[-70.12161,41.67442],[-70.12382,41.67355],[-70.1239,41.67177],[-70.12177,41.67087],[-70.11956,41.67174],[-70.11948,41.67352],[-70.12161,41.67442]]]},"properties":{"h":"892a310ee03ffff","t":"Dennis","v":"Dennis Port","n":6,"oo":3,"po":50,"ao":0,"ml":1485.5,"mf":1691.196,"br":1,"rs":0,"pr":0,"no":0,"s":35.7,"sp":4.43,"r_oo":0.341,"r_mf":0.436,"r_rs":0.109,"r_n":0.072,"r_sol":0.885}},{"type":"Feature","geometry":{"type":"Polygon","coordinates":[[[-70.12596,41.67445],[-70.12817,41.67358],[-70.12824,41.67181],[-70.12611,41.6709],[-70.1239,41.67177],[-70.12382,41.67355],[-70.12596,41.67445]]]},"properties":{"h":"892a310ee0bffff","t":"Dennis","v":"Dennis Port","n":38,"oo":16,"po":42.1,"ao":6,"ml":1354,"mf":1459.209,"br":5,"rs":7,"pr":18.4,"no":0,"s":46.8,"sp":4.43,"r_oo":0.258,"r_mf":0.261,"r_rs":0.892,"r_n":0.773,"r_sol":0.885}},{"type":"Feature","geometry":{"type":"Polygon","coordinates":[[[-70.1239,41.67177],[-70.12611,41.6709],[-70.12619,41.66913],[-70.12405,41.66822],[-70.12184,41.66909],[-70.12177,41.67087],[-70.1239,41.67177]]]},"properties":{"h":"892a310ee0fffff","t":"Dennis","v":"Dennis Port","n":20,"oo":11,"po":55,"ao":3,"ml":1137,"mf":1315.193,"br":0,"rs":5,"pr":25,"no":0,"s":48.5,"sp":4.43,"r_oo":0.402,"r_mf":0.165,"r_rs":0.965,"r_n":0.495,"r_sol":0.885}},{"type":"Feature","geometry":{"type":"Polygon","coordinates":[[[-70.12367,41.6771],[-70.12588,41.67623],[-70.12596,41.67445],[-70.12382,41.67355],[-70.12161,41.67442],[-70.12153,41.6762],[-70.12367,41.6771]]]},"properties":{"h":"892a310ee1bffff","t":"Dennis","v":"Dennis Port","n":24,"oo":13,"po":54.2,"ao":3,"ml":1019,"mf":1106.66,"br":0,"rs":3,"pr":12.5,"no":0,"s":41.9,"sp":4.43,"r_oo":0.388,"r_mf":0.049,"r_rs":0.702,"r_n":0.573,"r_sol":0.885}},{"type":"Feature","geometry":{"type":"Polygon","coordinates":[[[-70.11979,41.66642],[-70.122,41.66554],[-70.12208,41.66377],[-70.11994,41.66286],[-70.11773,41.66374],[-70.11766,41.66551],[-70.11979,41.66642]]]},"properties":{"h":"892a310ee23ffff","t":"Dennis","v":"Dennis Port","n":21,"oo":11,"po":52.4,"ao":2,"ml":1167,"mf":1086.427,"br":2,"rs":3,"pr":14.3,"no":0,"s":41.6,"sp":4.43,"r_oo":0.369,"r_mf":0.043,"r_rs":0.784,"r_n":0.513,"r_sol":0.885}},{"type":"Feature","geometry":{"type":"Polygon","coordinates":[[[-70.12413,41.66645],[-70.12634,41.66557],[-70.12642,41.6638],[-70.12429,41.66289],[-70.12208,41.66377],[-70.122,41.66554],[-70.12413,41.66645]]]},"properties":{"h":"892a310ee2bffff","t":"Dennis","v":"Dennis Port","n":50,"oo":14,"po":28,"ao":14,"ml":1312,"mf":1178.453,"br":0,"rs":5,"pr":10,"no":0,"s":33.9,"sp":4.43,"r_oo":0.139,"r_mf":0.082,"r_rs":0.575,"r_n":0.875,"r_sol":0.885}},{"type":"Feature","geometry":{"type":"Polygon","coordinates":[[[-70.12208,41.66377],[-70.12429,41.66289],[-70.12436,41.66112],[-70.12223,41.66021],[-70.12002,41.66109],[-70.11994,41.66286],[-70.12208,41.66377]]]},"properties":{"h":"892a310ee2fffff","t":"Dennis","v":"Dennis Port","n":59,"oo":8,"po":13.6,"ao":14,"ml":994,"mf":1116.172,"br":0,"rs":9,"pr":15.3,"no":0,"s":34,"sp":4.43,"r_oo":0.06,"r_mf":0.053,"r_rs":0.81,"r_n":0.923,"r_sol":0.885}},{"type":"Feature","geometry":{"type":"Polygon","coordinates":[[[-70.12184,41.66909],[-70.12405,41.66822],[-70.12413,41.66645],[-70.122,41.66554],[-70.11979,41.66642],[-70.11971,41.66819],[-70.12184,41.66909]]]},"properties":{"h":"892a310ee3bffff","t":"Dennis","v":"Dennis Port","n":9,"oo":4,"po":44.4,"ao":3,"ml":1593,"mf":1353.768,"br":0,"rs":1,"pr":11.1,"no":0,"s":36.4,"sp":4.43,"r_oo":0.284,"r_mf":0.187,"r_rs":0.639,"r_n":0.194,"r_sol":0.885}},{"type":"Feature","geometry":{"type":"Polygon","coordinates":[[[-70.13236,41.67716],[-70.13457,41.67629],[-70.13464,41.67451],[-70.13251,41.67361],[-70.1303,41.67448],[-70.13022,41.67626],[-70.13236,41.67716]]]},"properties":{"h":"892a310ee43ffff","t":"Dennis","v":"Dennis Port","n":18,"oo":6,"po":33.3,"ao":3,"ml":845,"mf":943.929,"br":1,"rs":0,"pr":0,"no":0,"s":22.5,"sp":4.43,"r_oo":0.184,"r_mf":0.008,"r_rs":0.109,"r_n":0.448,"r_sol":0.885}},{"type":"Feature","geometry":{"type":"Polygon","coordinates":[[[-70.1303,41.67448],[-70.13251,41.67361],[-70.13259,41.67184],[-70.13045,41.67093],[-70.12824,41.67181],[-70.12817,41.67358],[-70.1303,41.67448]]]},"properties":{"h":"892a310ee47ffff","t":"Dennis","v":"Dennis Port","n":41,"oo":21,"po":51.2,"ao":7,"ml":1323,"mf":1619.78,"br":1,"rs":3,"pr":7.3,"no":0,"s":47.1,"sp":4.43,"r_oo":0.359,"r_mf":0.378,"r_rs":0.422,"r_n":0.805,"r_sol":0.885}},{"type":"Feature","geometry":{"type":"Polygon","coordinates":[[[-70.1367,41.67719],[-70.13891,41.67632],[-70.13899,41.67454],[-70.13686,41.67364],[-70.13464,41.67451],[-70.13457,41.67629],[-70.1367,41.67719]]]},"properties":{"h":"892a310ee4bffff","t":"Dennis","v":"Dennis Port","n":34,"oo":11,"po":32.4,"ao":7,"ml":996,"mf":1138.175,"br":1,"rs":3,"pr":8.8,"no":0,"s":32.2,"sp":4.43,"r_oo":0.172,"r_mf":0.061,"r_rs":0.505,"r_n":0.732,"r_sol":0.885}},{"type":"Feature","geometry":{"type":"Polygon","coordinates":[[[-70.13464,41.67451],[-70.13686,41.67364],[-70.13693,41.67187],[-70.1348,41.67096],[-70.13259,41.67184],[-70.13251,41.67361],[-70.13464,41.67451]]]},"properties":{"h":"892a310ee4fffff","t":"Dennis","v":"Dennis Port","n":18,"oo":5,"po":27.8,"ao":2,"ml":849,"mf":933.415,"br":0,"rs":4,"pr":22.2,"no":0,"s":33.2,"sp":4.43,"r_oo":0.138,"r_mf":0.006,"r_rs":0.948,"r_n":0.448,"r_sol":0.885}},{"type":"Feature","geometry":{"type":"Polygon","coordinates":[[[-70.13007,41.67981],[-70.13228,41.67894],[-70.13236,41.67716],[-70.13022,41.67626],[-70.12801,41.67713],[-70.12794,41.67891],[-70.13007,41.67981]]]},"properties":{"h":"892a310ee53ffff","t":"Dennis","v":"Dennis Port","n":9,"oo":2,"po":22.2,"ao":0,"ml":1892,"mf":1866.239,"br":2,"rs":1,"pr":11.1,"no":0,"s":39.5,"sp":4.43,"r_oo":0.118,"r_mf":0.576,"r_rs":0.639,"r_n":0.194,"r_sol":0.885}},{"type":"Feature","geometry":{"type":"Polygon","coordinates":[[[-70.12801,41.67713],[-70.13022,41.67626],[-70.1303,41.67448],[-70.12817,41.67358],[-70.12596,41.67445],[-70.12588,41.67623],[-70.12801,41.67713]]]},"properties":{"h":"892a310ee57ffff","t":"Dennis","v":"Dennis Port","n":67,"oo":36,"po":53.7,"ao":9,"ml":1373,"mf":1636.512,"br":5,"rs":8,"pr":11.9,"no":0,"s":53.5,"sp":4.43,"r_oo":0.38,"r_mf":0.391,"r_rs":0.675,"r_n":0.953,"r_sol":0.885}},{"type":"Feature","geometry":{"type":"Polygon","coordinates":[[[-70.13053,41.66916],[-70.13274,41.66828],[-70.13282,41.66651],[-70.13069,41.6656],[-70.12848,41.66648],[-70.1284,41.66825],[-70.13053,41.66916]]]},"properties":{"h":"892a310ee63ffff","t":"Dennis","v":"Dennis Port","n":8,"oo":4,"po":50,"ao":2,"ml":1152,"mf":1020.621,"br":0,"rs":0,"pr":0,"no":0,"s":26.3,"sp":4.43,"r_oo":0.341,"r_mf":0.025,"r_rs":0.109,"r_n":0.154,"r_sol":0.885}},{"type":"Feature","geometry":{"type":"Polygon","coordinates":[[[-70.12848,41.66648],[-70.13069,41.6656],[-70.13076,41.66383],[-70.12863,41.66292],[-70.12642,41.6638],[-70.12634,41.66557],[-70.12848,41.66648]]]},"properties":{"h":"892a310ee67ffff","t":"Dennis","v":"Dennis Port","n":31,"oo":15,"po":48.4,"ao":4,"ml":1470,"mf":1425.176,"br":3,"rs":1,"pr":3.2,"no":0,"s":38.2,"sp":4.43,"r_oo":0.323,"r_mf":0.236,"r_rs":0.24,"r_n":0.696,"r_sol":0.885}},{"type":"Feature","geometry":{"type":"Polygon","coordinates":[[[-70.13282,41.66651],[-70.13503,41.66563],[-70.13511,41.66386],[-70.13297,41.66295],[-70.13076,41.66383],[-70.13069,41.6656],[-70.13282,41.66651]]]},"properties":{"h":"892a310ee6fffff","t":"Dennis","v":"Dennis Port","n":16,"oo":7,"po":43.8,"ao":0,"ml":1417.5,"mf":1457.875,"br":0,"rs":0,"pr":0,"no":0,"s":32.1,"sp":4.43,"r_oo":0.279,"r_mf":0.259,"r_rs":0.109,"r_n":0.401,"r_sol":0.885}},{"type":"Feature","geometry":{"type":"Polygon","coordinates":[[[-70.12824,41.67181],[-70.13045,41.67093],[-70.13053,41.66916],[-70.1284,41.66825],[-70.12619,41.66913],[-70.12611,41.6709],[-70.12824,41.67181]]]},"properties":{"h":"892a310ee73ffff","t":"Dennis","v":"Dennis Port","n":36,"oo":19,"po":52.8,"ao":3,"ml":1428,"mf":1678.365,"br":0,"rs":0,"pr":0,"no":0,"s":43.4,"sp":4.43,"r_oo":0.373,"r_mf":0.422,"r_rs":0.109,"r_n":0.75,"r_sol":0.885}},{"type":"Feature","geometry":{"type":"Polygon","coordinates":[[[-70.12619,41.66913],[-70.1284,41.66825],[-70.12848,41.66648],[-70.12634,41.66557],[-70.12413,41.66645],[-70.12405,41.66822],[-70.12619,41.66913]]]},"properties":{"h":"892a310ee77ffff","t":"Dennis","v":"Dennis Port","n":10,"oo":2,"po":20,"ao":1,"ml":1024,"mf":1010.479,"br":0,"rs":0,"pr":0,"no":0,"s":17.3,"sp":4.43,"r_oo":0.1,"r_mf":0.022,"r_rs":0.109,"r_n":0.234,"r_sol":0.885}},{"type":"Feature","geometry":{"type":"Polygon","coordinates":[[[-70.13259,41.67184],[-70.1348,41.67096],[-70.13488,41.66919],[-70.13274,41.66828],[-70.13053,41.66916],[-70.13045,41.67093],[-70.13259,41.67184]]]},"properties":{"h":"892a310ee7bffff","t":"Dennis","v":"Dennis Port","n":8,"oo":5,"po":62.5,"ao":0,"ml":1183.5,"mf":1531.257,"br":0,"rs":0,"pr":0,"no":0,"s":40,"sp":4.43,"r_oo":0.504,"r_mf":0.312,"r_rs":0.109,"r_n":0.154,"r_sol":0.885}},{"type":"Feature","geometry":{"type":"Polygon","coordinates":[[[-70.12778,41.68246],[-70.12999,41.68159],[-70.13007,41.67981],[-70.12794,41.67891],[-70.12572,41.67978],[-70.12565,41.68156],[-70.12778,41.68246]]]},"properties":{"h":"892a310eecbffff","t":"Dennis","v":"Dennis Port","n":17,"oo":5,"po":29.4,"ao":5,"ml":1610,"mf":1412.385,"br":1,"rs":2,"pr":11.8,"no":0,"s":34.9,"sp":4.43,"r_oo":0.152,"r_mf":0.226,"r_rs":0.67,"r_n":0.426,"r_sol":0.885}},{"type":"Feature","geometry":{"type":"Polygon","coordinates":[[[-70.12572,41.67978],[-70.12794,41.67891],[-70.12801,41.67713],[-70.12588,41.67623],[-70.12367,41.6771],[-70.12359,41.67888],[-70.12572,41.67978]]]},"properties":{"h":"892a310eecfffff","t":"Dennis","v":"Dennis Port","n":24,"oo":13,"po":54.2,"ao":0,"ml":1259,"mf":1262.849,"br":0,"rs":3,"pr":12.5,"no":0,"s":43.9,"sp":4.43,"r_oo":0.388,"r_mf":0.132,"r_rs":0.702,"r_n":0.573,"r_sol":0.885}},{"type":"Feature","geometry":{"type":"Polygon","coordinates":[[[-70.19529,41.73091],[-70.19751,41.73004],[-70.19758,41.72826],[-70.19544,41.72736],[-70.19323,41.72823],[-70.19316,41.73001],[-70.19529,41.73091]]]},"properties":{"h":"892a310f003ffff","t":"Dennis","v":"Dennis","n":11,"oo":7,"po":63.6,"ao":0,"ml":1551,"mf":1630.692,"br":2,"rs":2,"pr":18.2,"no":0,"s":55.4,"sp":4.43,"r_oo":0.522,"r_mf":0.387,"r_rs":0.887,"r_n":0.266,"r_sol":0.885}},{"type":"Feature","geometry":{"type":"Polygon","coordinates":[[[-70.19323,41.72823],[-70.19544,41.72736],[-70.19552,41.72558],[-70.19338,41.72468],[-70.19117,41.72555],[-70.19109,41.72733],[-70.19323,41.72823]]]},"properties":{"h":"892a310f007ffff","t":"Dennis","v":"Dennis","n":26,"oo":17,"po":65.4,"ao":1,"ml":2491,"mf":2486.397,"br":13,"rs":1,"pr":3.8,"no":0,"s":62.5,"sp":4.43,"r_oo":0.543,"r_mf":0.874,"r_rs":0.258,"r_n":0.615,"r_sol":0.885}},{"type":"Feature","geometry":{"type":"Polygon","coordinates":[[[-70.19301,41.73357],[-70.19522,41.73269],[-70.19529,41.73091],[-70.19316,41.73001],[-70.19094,41.73089],[-70.19087,41.73266],[-70.19301,41.73357]]]},"properties":{"h":"892a310f013ffff","t":"Dennis","v":"Dennis","n":38,"oo":22,"po":57.9,"ao":4,"ml":2141.5,"mf":2061.925,"br":11,"rs":1,"pr":2.6,"no":0,"s":55.1,"sp":4.43,"r_oo":0.435,"r_mf":0.709,"r_rs":0.226,"r_n":0.773,"r_sol":0.885}},{"type":"Feature","geometry":{"type":"Polygon","coordinates":[[[-70.19094,41.73089],[-70.19316,41.73001],[-70.19323,41.72823],[-70.19109,41.72733],[-70.18888,41.72821],[-70.18881,41.72998],[-70.19094,41.73089]]]},"properties":{"h":"892a310f017ffff","t":"Dennis","v":"Dennis","n":35,"oo":21,"po":60,"ao":4,"ml":2216,"mf":2306.797,"br":14,"rs":3,"pr":8.6,"no":0,"s":62.6,"sp":4.43,"r_oo":0.466,"r_mf":0.811,"r_rs":0.494,"r_n":0.741,"r_sol":0.885}},{"type":"Feature","geometry":{"type":"Polygon","coordinates":[[[-70.19736,41.73359],[-70.19957,41.73272],[-70.19964,41.73094],[-70.19751,41.73004],[-70.19529,41.73091],[-70.19522,41.73269],[-70.19736,41.73359]]]},"properties":{"h":"892a310f01bffff","t":"Dennis","v":"Dennis","n":12,"oo":7,"po":58.3,"ao":3,"ml":2862,"mf":2639.389,"br":8,"rs":2,"pr":16.7,"no":0,"s":64.9,"sp":4.43,"r_oo":0.441,"r_mf":0.903,"r_rs":0.858,"r_n":0.292,"r_sol":0.885}},{"type":"Feature","geometry":{"type":"Polygon","coordinates":[[[-70.19345,41.7229],[-70.19567,41.72203],[-70.19574,41.72025],[-70.1936,41.71935],[-70.19139,41.72022],[-70.19132,41.722],[-70.19345,41.7229]]]},"properties":{"h":"892a310f023ffff","t":"Dennis","v":"Dennis","n":22,"oo":14,"po":63.6,"ao":1,"ml":1447,"mf":1379.994,"br":1,"rs":2,"pr":9.1,"no":0,"s":48,"sp":4.43,"r_oo":0.522,"r_mf":0.205,"r_rs":0.524,"r_n":0.533,"r_sol":0.885}},{"type":"Feature","geometry":{"type":"Polygon","coordinates":[[[-70.19139,41.72022],[-70.1936,41.71935],[-70.19368,41.71757],[-70.19154,41.71667],[-70.18933,41.71754],[-70.18925,41.71932],[-70.19139,41.72022]]]},"properties":{"h":"892a310f027ffff","t":"Dennis","v":"Dennis","n":76,"oo":40,"po":52.6,"ao":1,"ml":1008,"mf":979.753,"br":1,"rs":10,"pr":13.2,"no":0,"s":44.9,"sp":4.43,"r_oo":0.371,"r_mf":0.013,"r_rs":0.742,"r_n":0.975,"r_sol":0.885}},{"type":"Feature","geometry":{"type":"Polygon","coordinates":[[[-70.19574,41.72025],[-70.19795,41.71937],[-70.19803,41.7176],[-70.19589,41.71669],[-70.19368,41.71757],[-70.1936,41.71935],[-70.19574,41.72025]]]},"properties":{"h":"892a310f02fffff","t":"Dennis","v":"Dennis","n":14,"oo":8,"po":57.1,"ao":5,"ml":2299.5,"mf":2422.784,"br":7,"rs":3,"pr":21.4,"no":0,"s":64.7,"sp":4.43,"r_oo":0.425,"r_mf":0.854,"r_rs":0.939,"r_n":0.341,"r_sol":0.885}},{"type":"Feature","geometry":{"type":"Polygon","coordinates":[[[-70.19117,41.72555],[-70.19338,41.72468],[-70.19345,41.7229],[-70.19132,41.722],[-70.18911,41.72287],[-70.18903,41.72465],[-70.19117,41.72555]]]},"properties":{"h":"892a310f033ffff","t":"Dennis","v":"Dennis","n":49,"oo":31,"po":63.3,"ao":3,"ml":1605,"mf":1706.899,"br":5,"rs":5,"pr":10.2,"no":0,"s":58.3,"sp":4.43,"r_oo":0.516,"r_mf":0.451,"r_rs":0.592,"r_n":0.868,"r_sol":0.885}},{"type":"Feature","geometry":{"type":"Polygon","coordinates":[[[-70.18911,41.72287],[-70.19132,41.722],[-70.19139,41.72022],[-70.18925,41.71932],[-70.18704,41.72019],[-70.18697,41.72197],[-70.18911,41.72287]]]},"properties":{"h":"892a310f037ffff","t":"Dennis","v":"Dennis","n":37,"oo":22,"po":59.5,"ao":4,"ml":1498,"mf":1496.418,"br":7,"rs":4,"pr":10.8,"no":0,"s":50.9,"sp":4.43,"r_oo":0.452,"r_mf":0.284,"r_rs":0.62,"r_n":0.76,"r_sol":0.885}},{"type":"Feature","geometry":{"type":"Polygon","coordinates":[[[-70.19552,41.72558],[-70.19773,41.72471],[-70.1978,41.72293],[-70.19567,41.72203],[-70.19345,41.7229],[-70.19338,41.72468],[-70.19552,41.72558]]]},"properties":{"h":"892a310f03bffff","t":"Dennis","v":"Dennis","n":5,"oo":3,"po":60,"ao":0,"ml":2823,"mf":2742.827,"br":2,"rs":1,"pr":20,"no":0,"s":64.4,"sp":4.43,"r_oo":0.466,"r_mf":0.913,"r_rs":0.919,"r_n":0.024,"r_sol":0.885}},{"type":"Feature","geometry":{"type":"Polygon","coordinates":[[[-70.20606,41.73365],[-70.20827,41.73278],[-70.20834,41.731],[-70.20621,41.73009],[-70.20399,41.73097],[-70.20392,41.73275],[-70.20606,41.73365]]]},"properties":{"h":"892a310f043ffff","t":"Dennis","v":"Dennis","n":32,"oo":10,"po":31.2,"ao":6,"ml":1174,"mf":1422.439,"br":1,"rs":1,"pr":3.1,"no":0,"s":31.8,"sp":4.43,"r_oo":0.163,"r_mf":0.231,"r_rs":0.237,"r_n":0.71,"r_sol":0.885}},{"type":"Feature","geometry":{"type":"Polygon","coordinates":[[[-70.20399,41.73097],[-70.20621,41.73009],[-70.20628,41.72832],[-70.20414,41.72741],[-70.20193,41.72829],[-70.20186,41.73007],[-70.20399,41.73097]]]},"properties":{"h":"892a310f047ffff","t":"Dennis","v":"Dennis","n":10,"oo":7,"po":70,"ao":0,"ml":2323,"mf":2172.134,"br":3,"rs":1,"pr":10,"no":0,"s":63.8,"sp":4.43,"r_oo":0.626,"r_mf":0.759,"r_rs":0.575,"r_n":0.234,"r_sol":0.885}},{"type":"Feature","geometry":{"type":"Polygon","coordinates":[[[-70.21041,41.73368],[-70.21262,41.7328],[-70.21269,41.73102],[-70.21056,41.73012],[-70.20834,41.731],[-70.20827,41.73278],[-70.21041,41.73368]]]},"properties":{"h":"892a310f04bffff","t":"Dennis","v":"Dennis","n":52,"oo":20,"po":38.5,"ao":5,"ml":1152,"mf":1516.622,"br":0,"rs":4,"pr":7.7,"no":0,"s":40.7,"sp":4.43,"r_oo":0.223,"r_mf":0.299,"r_rs":0.442,"r_n":0.885,"r_sol":0.885}},{"type":"Feature","geometry":{"type":"Polygon","coordinates":[[[-70.20834,41.731],[-70.21056,41.73012],[-70.21063,41.72834],[-70.20849,41.72744],[-70.20628,41.72832],[-70.20621,41.73009],[-70.20834,41.731]]]},"properties":{"h":"892a310f04fffff","t":"Dennis","v":"Dennis","n":6,"oo":1,"po":16.7,"ao":0,"ml":1152,"mf":1639.727,"br":0,"rs":0,"pr":0,"no":0,"s":24.1,"sp":4.43,"r_oo":0.075,"r_mf":0.395,"r_rs":0.109,"r_n":0.072,"r_sol":0.885}},{"type":"Feature","geometry":{"type":"Polygon","coordinates":[[[-70.20377,41.7363],[-70.20598,41.73543],[-70.20606,41.73365],[-70.20392,41.73275],[-70.20171,41.73362],[-70.20163,41.7354],[-70.20377,41.7363]]]},"properties":{"h":"892a310f053ffff","t":"Dennis","v":"Dennis","n":20,"oo":13,"po":65,"ao":1,"ml":1977.5,"mf":2327.896,"br":5,"rs":2,"pr":10,"no":0,"s":64.4,"sp":4.43,"r_oo":0.538,"r_mf":0.818,"r_rs":0.575,"r_n":0.495,"r_sol":0.885}},{"type":"Feature","geometry":{"type":"Polygon","coordinates":[[[-70.20171,41.73362],[-70.20392,41.73275],[-70.20399,41.73097],[-70.20186,41.73007],[-70.19964,41.73094],[-70.19957,41.73272],[-70.20171,41.73362]]]},"properties":{"h":"892a310f057ffff","t":"Dennis","v":"Dennis","n":14,"oo":8,"po":57.1,"ao":1,"ml":2101,"mf":1994.127,"br":3,"rs":0,"pr":0,"no":0,"s":47.5,"sp":4.43,"r_oo":0.425,"r_mf":0.664,"r_rs":0.109,"r_n":0.341,"r_sol":0.885}},{"type":"Feature","geometry":{"type":"Polygon","coordinates":[[[-70.20812,41.73633],[-70.21033,41.73546],[-70.21041,41.73368],[-70.20827,41.73278],[-70.20606,41.73365],[-70.20598,41.73543],[-70.20812,41.73633]]]},"properties":{"h":"892a310f05bffff","t":"Dennis","v":"Dennis","n":19,"oo":5,"po":26.3,"ao":4,"ml":1632,"mf":1866.364,"br":2,"rs":3,"pr":15.8,"no":0,"s":45.8,"sp":4.43,"r_oo":0.134,"r_mf":0.577,"r_rs":0.831,"r_n":0.472,"r_sol":0.885}},{"type":"Feature","geometry":{"type":"Polygon","coordinates":[[[-70.19987,41.72561],[-70.20208,41.72473],[-70.20215,41.72296],[-70.20002,41.72205],[-70.1978,41.72293],[-70.19773,41.72471],[-70.19987,41.72561]]]},"properties":{"h":"892a310f077ffff","t":"Dennis","v":"Dennis","n":8,"oo":7,"po":87.5,"ao":1,"ml":2889,"mf":2667.242,"br":7,"rs":1,"pr":12.5,"no":0,"s":79.9,"sp":4.43,"r_oo":0.907,"r_mf":0.907,"r_rs":0.702,"r_n":0.154,"r_sol":0.885}},{"type":"Feature","geometry":{"type":"Polygon","coordinates":[[[-70.18637,41.73619],[-70.18858,41.73532],[-70.18866,41.73354],[-70.18652,41.73264],[-70.18431,41.73351],[-70.18423,41.73529],[-70.18637,41.73619]]]},"properties":{"h":"892a310f083ffff","t":"Dennis","v":"Dennis","n":33,"oo":21,"po":63.6,"ao":3,"ml":2000,"mf":2068.914,"br":10,"rs":3,"pr":9.1,"no":0,"s":62.6,"sp":4.43,"r_oo":0.522,"r_mf":0.713,"r_rs":0.524,"r_n":0.723,"r_sol":0.885}},{"type":"Feature","geometry":{"type":"Polygon","coordinates":[[[-70.18431,41.73351],[-70.18652,41.73264],[-70.18659,41.73086],[-70.18446,41.72995],[-70.18224,41.73083],[-70.18217,41.73261],[-70.18431,41.73351]]]},"properties":{"h":"892a310f087ffff","t":"Dennis","v":"Dennis","n":26,"oo":16,"po":61.5,"ao":2,"ml":2006,"mf":2405.235,"br":9,"rs":1,"pr":3.8,"no":0,"s":59.7,"sp":4.43,"r_oo":0.491,"r_mf":0.847,"r_rs":0.258,"r_n":0.615,"r_sol":0.885}},{"type":"Feature","geometry":{"type":"Polygon","coordinates":[[[-70.19072,41.73622],[-70.19293,41.73534],[-70.19301,41.73357],[-70.19087,41.73266],[-70.18866,41.73354],[-70.18858,41.73532],[-70.19072,41.73622]]]},"properties":{"h":"892a310f08bffff","t":"Dennis","v":"Dennis","n":28,"oo":17,"po":60.7,"ao":5,"ml":2011.5,"mf":2059.626,"br":10,"rs":3,"pr":10.7,"no":0,"s":61.5,"sp":4.43,"r_oo":0.484,"r_mf":0.705,"r_rs":0.616,"r_n":0.65,"r_sol":0.885}},{"type":"Feature","geometry":{"type":"Polygon","coordinates":[[[-70.18866,41.73354],[-70.19087,41.73266],[-70.19094,41.73089],[-70.18881,41.72998],[-70.18659,41.73086],[-70.18652,41.73264],[-70.18866,41.73354]]]},"properties":{"h":"892a310f08fffff","t":"Dennis","v":"Dennis","n":37,"oo":25,"po":67.6,"ao":3,"ml":2291,"mf":2465.08,"br":19,"rs":5,"pr":13.5,"no":0,"s":72.9,"sp":4.43,"r_oo":0.585,"r_mf":0.868,"r_rs":0.754,"r_n":0.76,"r_sol":0.885}},{"type":"Feature","geometry":{"type":"Polygon","coordinates":[[[-70.18408,41.73884],[-70.18629,41.73797],[-70.18637,41.73619],[-70.18423,41.73529],[-70.18202,41.73616],[-70.18194,41.73794],[-70.18408,41.73884]]]},"properties":{"h":"892a310f093ffff","t":"Dennis","v":"Dennis","n":19,"oo":16,"po":84.2,"ao":1,"ml":2550,"mf":2325.691,"br":6,"rs":3,"pr":15.8,"no":0,"s":81.3,"sp":4.43,"r_oo":0.872,"r_mf":0.817,"r_rs":0.831,"r_n":0.472,"r_sol":0.885}},{"type":"Feature","geometry":{"type":"Polygon","coordinates":[[[-70.18202,41.73616],[-70.18423,41.73529],[-70.18431,41.73351],[-70.18217,41.73261],[-70.17996,41.73348],[-70.17988,41.73526],[-70.18202,41.73616]]]},"properties":{"h":"892a310f097ffff","t":"Dennis","v":"Dennis","n":9,"oo":7,"po":77.8,"ao":0,"ml":1982,"mf":2068.201,"br":2,"rs":2,"pr":22.2,"no":0,"s":73,"sp":4.43,"r_oo":0.755,"r_mf":0.712,"r_rs":0.948,"r_n":0.194,"r_sol":0.885}},{"type":"Feature","geometry":{"type":"Polygon","coordinates":[[[-70.18843,41.73887],[-70.19064,41.738],[-70.19072,41.73622],[-70.18858,41.73532],[-70.18637,41.73619],[-70.18629,41.73797],[-70.18843,41.73887]]]},"properties":{"h":"892a310f09bffff","t":"Dennis","v":"Dennis","n":28,"oo":17,"po":60.7,"ao":2,"ml":1765.5,"mf":1744.653,"br":4,"rs":4,"pr":14.3,"no":0,"s":58.6,"sp":4.43,"r_oo":0.484,"r_mf":0.484,"r_rs":0.784,"r_n":0.65,"r_sol":0.885}},{"type":"Feature","geometry":{"type":"Polygon","coordinates":[[[-70.18453,41.72818],[-70.18674,41.7273],[-70.18682,41.72552],[-70.18468,41.72462],[-70.18247,41.7255],[-70.18239,41.72727],[-70.18453,41.72818]]]},"properties":{"h":"892a310f0a3ffff","t":"Dennis","v":"Dennis","n":10,"oo":7,"po":70,"ao":1,"ml":3122.5,"mf":2888.712,"br":8,"rs":3,"pr":30,"no":0,"s":74.2,"sp":4.43,"r_oo":0.626,"r_mf":0.932,"r_rs":0.982,"r_n":0.234,"r_sol":0.885}},{"type":"Feature","geometry":{"type":"Polygon","coordinates":[[[-70.18888,41.72821],[-70.19109,41.72733],[-70.19117,41.72555],[-70.18903,41.72465],[-70.18682,41.72552],[-70.18674,41.7273],[-70.18888,41.72821]]]},"properties":{"h":"892a310f0abffff","t":"Dennis","v":"Dennis","n":40,"oo":30,"po":75,"ao":1,"ml":1845,"mf":1883.84,"br":6,"rs":3,"pr":7.5,"no":0,"s":66.4,"sp":4.43,"r_oo":0.709,"r_mf":0.593,"r_rs":0.431,"r_n":0.796,"r_sol":0.885}},{"type":"Feature","geometry":{"type":"Polygon","coordinates":[[[-70.18682,41.72552],[-70.18903,41.72465],[-70.18911,41.72287],[-70.18697,41.72197],[-70.18476,41.72284],[-70.18468,41.72462],[-70.18682,41.72552]]]},"properties":{"h":"892a310f0afffff","t":"Dennis","v":"Dennis","n":22,"oo":16,"po":72.7,"ao":0,"ml":2730,"mf":2335.145,"br":10,"rs":3,"pr":13.6,"no":0,"s":73,"sp":4.43,"r_oo":0.674,"r_mf":0.822,"r_rs":0.759,"r_n":0.533,"r_sol":0.885}},{"type":"Feature","geometry":{"type":"Polygon","coordinates":[[[-70.18659,41.73086],[-70.18881,41.72998],[-70.18888,41.72821],[-70.18674,41.7273],[-70.18453,41.72818],[-70.18446,41.72995],[-70.18659,41.73086]]]},"properties":{"h":"892a310f0bbffff","t":"Dennis","v":"Dennis","n":44,"oo":28,"po":63.6,"ao":3,"ml":1879.5,"mf":2299.499,"br":19,"rs":3,"pr":6.8,"no":0,"s":64.1,"sp":4.43,"r_oo":0.522,"r_mf":0.807,"r_rs":0.397,"r_n":0.829,"r_sol":0.885}},{"type":"Feature","geometry":{"type":"Polygon","coordinates":[[[-70.19713,41.73893],[-70.19935,41.73805],[-70.19942,41.73628],[-70.19728,41.73537],[-70.19507,41.73625],[-70.19499,41.73803],[-70.19713,41.73893]]]},"properties":{"h":"892a310f0c3ffff","t":"Dennis","v":"Dennis","n":24,"oo":8,"po":33.3,"ao":0,"ml":1828.5,"mf":1829.386,"br":4,"rs":1,"pr":4.2,"no":0,"s":39.5,"sp":4.43,"r_oo":0.184,"r_mf":0.542,"r_rs":0.271,"r_n":0.573,"r_sol":0.885}},{"type":"Feature","geometry":{"type":"Polygon","coordinates":[[[-70.20148,41.73896],[-70.2037,41.73808],[-70.20377,41.7363],[-70.20163,41.7354],[-70.19942,41.73628],[-70.19935,41.73805],[-70.20148,41.73896]]]},"properties":{"h":"892a310f0cbffff","t":"Dennis","v":"Dennis","n":23,"oo":9,"po":39.1,"ao":8,"ml":1814,"mf":1752.476,"br":3,"rs":5,"pr":21.7,"no":0,"s":49.8,"sp":4.43,"r_oo":0.227,"r_mf":0.489,"r_rs":0.941,"r_n":0.554,"r_sol":0.885}},{"type":"Feature","geometry":{"type":"Polygon","coordinates":[[[-70.19942,41.73628],[-70.20163,41.7354],[-70.20171,41.73362],[-70.19957,41.73272],[-70.19736,41.73359],[-70.19728,41.73537],[-70.19942,41.73628]]]},"properties":{"h":"892a310f0cfffff","t":"Dennis","v":"Dennis","n":18,"oo":10,"po":55.6,"ao":3,"ml":1502.5,"mf":1950.913,"br":3,"rs":1,"pr":5.6,"no":0,"s":50.5,"sp":4.43,"r_oo":0.406,"r_mf":0.637,"r_rs":0.332,"r_n":0.448,"r_sol":0.885}},{"type":"Feature","geometry":{"type":"Polygon","coordinates":[[[-70.19485,41.74158],[-70.19706,41.74071],[-70.19713,41.73893],[-70.19499,41.73803],[-70.19278,41.7389],[-70.19271,41.74068],[-70.19485,41.74158]]]},"properties":{"h":"892a310f0d3ffff","t":"Dennis","v":"Dennis","n":15,"oo":6,"po":40,"ao":4,"ml":2163,"mf":2387.254,"br":7,"rs":0,"pr":0,"no":0,"s":44.7,"sp":4.43,"r_oo":0.239,"r_mf":0.837,"r_rs":0.109,"r_n":0.369,"r_sol":0.885}},{"type":"Feature","geometry":{"type":"Polygon","coordinates":[[[-70.1992,41.74161],[-70.20141,41.74073],[-70.20148,41.73896],[-70.19935,41.73805],[-70.19713,41.73893],[-70.19706,41.74071],[-70.1992,41.74161]]]},"properties":{"h":"892a310f0dbffff","t":"Dennis","v":"Dennis","n":13,"oo":6,"po":46.2,"ao":2,"ml":2413,"mf":2467.18,"br":7,"rs":2,"pr":15.4,"no":0,"s":58.1,"sp":4.43,"r_oo":0.301,"r_mf":0.87,"r_rs":0.818,"r_n":0.318,"r_sol":0.885}},{"type":"Feature","geometry":{"type":"Polygon","coordinates":[[[-70.18086,41.71215],[-70.18307,41.71128],[-70.18314,41.7095],[-70.18101,41.7086],[-70.1788,41.70947],[-70.17872,41.71125],[-70.18086,41.71215]]]},"properties":{"h":"892a310f103ffff","t":"Dennis","v":"South Dennis","n":85,"oo":32,"po":37.6,"ao":16,"ml":1016,"mf":1157.361,"br":1,"rs":13,"pr":15.3,"no":0,"s":41.4,"sp":4.43,"r_oo":0.219,"r_mf":0.071,"r_rs":0.81,"r_n":0.985,"r_sol":0.885}},{"type":"Feature","geometry":{"type":"Polygon","coordinates":[[[-70.1788,41.70947],[-70.18101,41.7086],[-70.18108,41.70682],[-70.17895,41.70592],[-70.17674,41.70679],[-70.17666,41.70857],[-70.1788,41.70947]]]},"properties":{"h":"892a310f107ffff","t":"Dennis","v":"South Dennis","n":70,"oo":28,"po":40,"ao":11,"ml":946,"mf":995.462,"br":1,"rs":6,"pr":8.6,"no":0,"s":35.9,"sp":4.43,"r_oo":0.239,"r_mf":0.019,"r_rs":0.494,"r_n":0.96,"r_sol":0.885}},{"type":"Feature","geometry":{"type":"Polygon","coordinates":[[[-70.17857,41.7148],[-70.18078,41.71393],[-70.18086,41.71215],[-70.17872,41.71125],[-70.17651,41.71212],[-70.17643,41.7139],[-70.17857,41.7148]]]},"properties":{"h":"892a310f113ffff","t":"Dennis","v":"South Dennis","n":78,"oo":41,"po":52.6,"ao":7,"ml":924,"mf":1088.584,"br":0,"rs":10,"pr":12.8,"no":0,"s":45.4,"sp":4.43,"r_oo":0.371,"r_mf":0.044,"r_rs":0.724,"r_n":0.978,"r_sol":0.885}},{"type":"Feature","geometry":{"type":"Polygon","coordinates":[[[-70.17651,41.71212],[-70.17872,41.71125],[-70.1788,41.70947],[-70.17666,41.70857],[-70.17445,41.70944],[-70.17437,41.71122],[-70.17651,41.71212]]]},"properties":{"h":"892a310f117ffff","t":"Dennis","v":"South Dennis","n":104,"oo":58,"po":55.8,"ao":8,"ml":1056,"mf":1252.243,"br":0,"rs":8,"pr":7.7,"no":0,"s":44.9,"sp":4.43,"r_oo":0.41,"r_mf":0.123,"r_rs":0.442,"r_n":0.996,"r_sol":0.885}},{"type":"Feature","geometry":{"type":"Polygon","coordinates":[[[-70.18292,41.71483],[-70.18513,41.71396],[-70.18521,41.71218],[-70.18307,41.71128],[-70.18086,41.71215],[-70.18078,41.71393],[-70.18292,41.71483]]]},"properties":{"h":"892a310f11bffff","t":"Dennis","v":"South Dennis","n":28,"oo":13,"po":46.4,"ao":5,"ml":1074,"mf":1137.959,"br":1,"rs":3,"pr":10.7,"no":0,"s":38.4,"sp":4.43,"r_oo":0.306,"r_mf":0.061,"r_rs":0.616,"r_n":0.65,"r_sol":0.885}},{"type":"Feature","geometry":{"type":"Polygon","coordinates":[[[-70.17674,41.70679],[-70.17895,41.70592],[-70.17902,41.70414],[-70.17689,41.70324],[-70.17467,41.70411],[-70.1746,41.70589],[-70.17674,41.70679]]]},"properties":{"h":"892a310f133ffff","t":"Dennis","v":"South Dennis","n":5,"oo":3,"po":60,"ao":1,"ml":2189,"mf":1300.761,"br":1,"rs":1,"pr":20,"no":0,"s":45.5,"sp":4.43,"r_oo":0.466,"r_mf":0.157,"r_rs":0.919,"r_n":0.024,"r_sol":0.885}},{"type":"Feature","geometry":{"type":"Polygon","coordinates":[[[-70.17467,41.70411],[-70.17689,41.70324],[-70.17696,41.70146],[-70.17483,41.70056],[-70.17261,41.70143],[-70.17254,41.70321],[-70.17467,41.70411]]]},"properties":{"h":"892a310f137ffff","t":"Dennis","v":"South Dennis","n":32,"oo":17,"po":53.1,"ao":3,"ml":1180,"mf":1280.501,"br":0,"rs":4,"pr":12.5,"no":0,"s":45.2,"sp":4.43,"r_oo":0.377,"r_mf":0.144,"r_rs":0.702,"r_n":0.71,"r_sol":0.885}},{"type":"Feature","geometry":{"type":"Polygon","coordinates":[[[-70.18933,41.71754],[-70.19154,41.71667],[-70.19162,41.71489],[-70.18948,41.71399],[-70.18727,41.71486],[-70.18719,41.71664],[-70.18933,41.71754]]]},"properties":{"h":"892a310f153ffff","t":"Dennis","v":"Dennis","n":23,"oo":9,"po":39.1,"ao":4,"ml":948,"mf":1046.352,"br":0,"rs":3,"pr":13,"no":0,"s":35.3,"sp":4.43,"r_oo":0.227,"r_mf":0.031,"r_rs":0.734,"r_n":0.554,"r_sol":0.885}},{"type":"Feature","geometry":{"type":"Polygon","coordinates":[[[-70.17193,41.71743],[-70.17415,41.71655],[-70.17422,41.71477],[-70.17209,41.71387],[-70.16987,41.71475],[-70.1698,41.71652],[-70.17193,41.71743]]]},"properties":{"h":"892a310f183ffff","t":"Dennis","v":"South Dennis","n":11,"oo":5,"po":45.5,"ao":0,"ml":1144,"mf":1275.934,"br":0,"rs":0,"pr":0,"no":0,"s":28.4,"sp":4.43,"r_oo":0.293,"r_mf":0.141,"r_rs":0.109,"r_n":0.266,"r_sol":0.885}},{"type":"Feature","geometry":{"type":"Polygon","coordinates":[[[-70.16987,41.71475],[-70.17209,41.71387],[-70.17216,41.71209],[-70.17002,41.71119],[-70.16781,41.71206],[-70.16774,41.71384],[-70.16987,41.71475]]]},"properties":{"h":"892a310f187ffff","t":"Dennis","v":"South Dennis","n":37,"oo":19,"po":51.4,"ao":2,"ml":1306,"mf":1428.595,"br":5,"rs":4,"pr":10.8,"no":0,"s":46.2,"sp":4.43,"r_oo":0.362,"r_mf":0.238,"r_rs":0.62,"r_n":0.76,"r_sol":0.885}},{"type":"Feature","geometry":{"type":"Polygon","coordinates":[[[-70.17628,41.71745],[-70.1785,41.71658],[-70.17857,41.7148],[-70.17643,41.7139],[-70.17422,41.71477],[-70.17415,41.71655],[-70.17628,41.71745]]]},"properties":{"h":"892a310f18bffff","t":"Dennis","v":"South Dennis","n":10,"oo":6,"po":60,"ao":2,"ml":1032,"mf":1165.931,"br":0,"rs":0,"pr":0,"no":0,"s":33.4,"sp":4.43,"r_oo":0.466,"r_mf":0.078,"r_rs":0.109,"r_n":0.234,"r_sol":0.885}},{"type":"Feature","geometry":{"type":"Polygon","coordinates":[[[-70.17422,41.71477],[-70.17643,41.7139],[-70.17651,41.71212],[-70.17437,41.71122],[-70.17216,41.71209],[-70.17209,41.71387],[-70.17422,41.71477]]]},"properties":{"h":"892a310f18fffff","t":"Dennis","v":"South Dennis","n":78,"oo":43,"po":55.1,"ao":7,"ml":1056,"mf":1140.938,"br":1,"rs":7,"pr":9,"no":0,"s":44,"sp":4.43,"r_oo":0.403,"r_mf":0.063,"r_rs":0.512,"r_n":0.978,"r_sol":0.885}},{"type":"Feature","geometry":{"type":"Polygon","coordinates":[[[-70.174,41.72011],[-70.17621,41.71923],[-70.17628,41.71745],[-70.17415,41.71655],[-70.17193,41.71743],[-70.17186,41.7192],[-70.174,41.72011]]]},"properties":{"h":"892a310f19bffff","t":"Dennis","v":"South Dennis","n":27,"oo":19,"po":70.4,"ao":0,"ml":1224,"mf":1347.8,"br":3,"rs":1,"pr":3.7,"no":0,"s":48.9,"sp":4.43,"r_oo":0.635,"r_mf":0.182,"r_rs":0.254,"r_n":0.632,"r_sol":0.885}},{"type":"Feature","geometry":{"type":"Polygon","coordinates":[[[-70.1701,41.70941],[-70.17231,41.70854],[-70.17239,41.70676],[-70.17025,41.70586],[-70.16804,41.70673],[-70.16796,41.70851],[-70.1701,41.70941]]]},"properties":{"h":"892a310f1a3ffff","t":"Dennis","v":"South Dennis","n":46,"oo":28,"po":60.9,"ao":2,"ml":1881.5,"mf":1506.449,"br":8,"rs":7,"pr":15.2,"no":0,"s":56.1,"sp":4.43,"r_oo":0.485,"r_mf":0.291,"r_rs":0.809,"r_n":0.846,"r_sol":0.885}},{"type":"Feature","geometry":{"type":"Polygon","coordinates":[[[-70.16804,41.70673],[-70.17025,41.70586],[-70.17033,41.70408],[-70.16819,41.70318],[-70.16598,41.70405],[-70.1659,41.70583],[-70.16804,41.70673]]]},"properties":{"h":"892a310f1a7ffff","t":"Dennis","v":"South Dennis","n":55,"oo":27,"po":49.1,"ao":7,"ml":1320,"mf":1438.483,"br":0,"rs":7,"pr":12.7,"no":0,"s":47.8,"sp":4.43,"r_oo":0.324,"r_mf":0.247,"r_rs":0.72,"r_n":0.904,"r_sol":0.885}},{"type":"Feature","geometry":{"type":"Polygon","coordinates":[[[-70.17445,41.70944],[-70.17666,41.70857],[-70.17674,41.70679],[-70.1746,41.70589],[-70.17239,41.70676],[-70.17231,41.70854],[-70.17445,41.70944]]]},"properties":{"h":"892a310f1abffff","t":"Dennis","v":"South Dennis","n":60,"oo":35,"po":58.3,"ao":5,"ml":1224,"mf":1460.379,"br":3,"rs":2,"pr":3.3,"no":0,"s":46,"sp":4.43,"r_oo":0.441,"r_mf":0.263,"r_rs":0.243,"r_n":0.927,"r_sol":0.885}},{"type":"Feature","geometry":{"type":"Polygon","coordinates":[[[-70.17239,41.70676],[-70.1746,41.70589],[-70.17467,41.70411],[-70.17254,41.70321],[-70.17033,41.70408],[-70.17025,41.70586],[-70.17239,41.70676]]]},"properties":{"h":"892a310f1afffff","t":"Dennis","v":"South Dennis","n":41,"oo":19,"po":46.3,"ao":8,"ml":1106,"mf":1288.868,"br":1,"rs":3,"pr":7.3,"no":0,"s":39.2,"sp":4.43,"r_oo":0.305,"r_mf":0.149,"r_rs":0.422,"r_n":0.805,"r_sol":0.885}},{"type":"Feature","geometry":{"type":"Polygon","coordinates":[[[-70.16781,41.71206],[-70.17002,41.71119],[-70.1701,41.70941],[-70.16796,41.70851],[-70.16575,41.70938],[-70.16568,41.71116],[-70.16781,41.71206]]]},"properties":{"h":"892a310f1b3ffff","t":"Dennis","v":"South Dennis","n":58,"oo":35,"po":60.3,"ao":5,"ml":1292,"mf":1509.321,"br":1,"rs":3,"pr":5.2,"no":0,"s":49.3,"sp":4.43,"r_oo":0.48,"r_mf":0.295,"r_rs":0.311,"r_n":0.92,"r_sol":0.885}},{"type":"Feature","geometry":{"type":"Polygon","coordinates":[[[-70.16575,41.70938],[-70.16796,41.70851],[-70.16804,41.70673],[-70.1659,41.70583],[-70.16369,41.7067],[-70.16362,41.70848],[-70.16575,41.70938]]]},"properties":{"h":"892a310f1b7ffff","t":"Dennis","v":"South Dennis","n":70,"oo":48,"po":68.6,"ao":3,"ml":1427,"mf":1640.181,"br":2,"rs":3,"pr":4.3,"no":0,"s":56.4,"sp":4.43,"r_oo":0.598,"r_mf":0.396,"r_rs":0.278,"r_n":0.96,"r_sol":0.885}},{"type":"Feature","geometry":{"type":"Polygon","coordinates":[[[-70.17216,41.71209],[-70.17437,41.71122],[-70.17445,41.70944],[-70.17231,41.70854],[-70.1701,41.70941],[-70.17002,41.71119],[-70.17216,41.71209]]]},"properties":{"h":"892a310f1bbffff","t":"Dennis","v":"South Dennis","n":77,"oo":39,"po":50.6,"ao":13,"ml":1100,"mf":1371.918,"br":1,"rs":9,"pr":11.7,"no":0,"s":47.9,"sp":4.43,"r_oo":0.357,"r_mf":0.2,"r_rs":0.665,"r_n":0.976,"r_sol":0.885}},{"type":"Feature","geometry":{"type":"Polygon","coordinates":[[[-70.18063,41.71748],[-70.18284,41.71661],[-70.18292,41.71483],[-70.18078,41.71393],[-70.17857,41.7148],[-70.1785,41.71658],[-70.18063,41.71748]]]},"properties":{"h":"892a310f1c7ffff","t":"Dennis","v":"South Dennis","n":17,"oo":6,"po":35.3,"ao":1,"ml":900,"mf":1046.916,"br":0,"rs":1,"pr":5.9,"no":0,"s":27.2,"sp":4.43,"r_oo":0.203,"r_mf":0.032,"r_rs":0.345,"r_n":0.426,"r_sol":0.885}},{"type":"Feature","geometry":{"type":"Polygon","coordinates":[[[-70.18704,41.72019],[-70.18925,41.71932],[-70.18933,41.71754],[-70.18719,41.71664],[-70.18498,41.71751],[-70.18491,41.71929],[-70.18704,41.72019]]]},"properties":{"h":"892a310f1cbffff","t":"Dennis","v":"Dennis","n":15,"oo":5,"po":33.3,"ao":4,"ml":952,"mf":976.252,"br":0,"rs":1,"pr":6.7,"no":0,"s":26,"sp":4.43,"r_oo":0.184,"r_mf":0.012,"r_rs":0.389,"r_n":0.369,"r_sol":0.885}},{"type":"Feature","geometry":{"type":"Polygon","coordinates":[[[-70.21682,41.73639],[-70.21904,41.73551],[-70.21911,41.73373],[-70.21697,41.73283],[-70.21476,41.73371],[-70.21468,41.73548],[-70.21682,41.73639]]]},"properties":{"h":"892a310f283ffff","t":"Dennis","v":"Dennis","n":13,"oo":5,"po":38.5,"ao":2,"ml":1638,"mf":1294.583,"br":2,"rs":1,"pr":7.7,"no":0,"s":31.5,"sp":4.43,"r_oo":0.223,"r_mf":0.155,"r_rs":0.442,"r_n":0.318,"r_sol":0.885}},{"type":"Feature","geometry":{"type":"Polygon","coordinates":[[[-70.21454,41.73904],[-70.21675,41.73816],[-70.21682,41.73639],[-70.21468,41.73548],[-70.21247,41.73636],[-70.2124,41.73814],[-70.21454,41.73904]]]},"properties":{"h":"892a310f293ffff","t":"Dennis","v":"Dennis","n":44,"oo":5,"po":11.4,"ao":5,"ml":1522,"mf":1274.572,"br":5,"rs":4,"pr":9.1,"no":0,"s":30.5,"sp":4.43,"r_oo":0.05,"r_mf":0.139,"r_rs":0.524,"r_n":0.829,"r_sol":0.885}},{"type":"Feature","geometry":{"type":"Polygon","coordinates":[[[-70.21889,41.73907],[-70.2211,41.73819],[-70.22117,41.73641],[-70.21904,41.73551],[-70.21682,41.73639],[-70.21675,41.73816],[-70.21889,41.73907]]]},"properties":{"h":"892a310f29bffff","t":"Dennis","v":"Dennis","n":39,"oo":7,"po":17.9,"ao":1,"ml":1290,"mf":1282.74,"br":1,"rs":4,"pr":10.3,"no":0,"s":32.6,"sp":4.43,"r_oo":0.083,"r_mf":0.145,"r_rs":0.597,"r_n":0.787,"r_sol":0.885}},{"type":"Feature","geometry":{"type":"Polygon","coordinates":[[[-70.22759,41.73912],[-70.2298,41.73824],[-70.22988,41.73647],[-70.22774,41.73556],[-70.22552,41.73644],[-70.22545,41.73822],[-70.22759,41.73912]]]},"properties":{"h":"892a310f2c3ffff","t":"Dennis","v":"Dennis","n":5,"oo":0,"po":0,"ao":2,"ml":1344,"mf":1097.955,"br":1,"rs":0,"pr":0,"no":0,"s":12.5,"sp":4.43,"r_oo":0.014,"r_mf":0.047,"r_rs":0.109,"r_n":0.024,"r_sol":0.885}},{"type":"Feature","geometry":{"type":"Polygon","coordinates":[[[-70.22324,41.73909],[-70.22545,41.73822],[-70.22552,41.73644],[-70.22339,41.73554],[-70.22117,41.73641],[-70.2211,41.73819],[-70.22324,41.73909]]]},"properties":{"h":"892a310f2d7ffff","t":"Dennis","v":"Dennis","n":41,"oo":7,"po":17.1,"ao":4,"ml":1299,"mf":1076.018,"br":0,"rs":5,"pr":12.2,"no":0,"s":31.3,"sp":4.43,"r_oo":0.079,"r_mf":0.04,"r_rs":0.683,"r_n":0.805,"r_sol":0.885}},{"type":"Feature","geometry":{"type":"Polygon","coordinates":[[[-70.17928,41.74948],[-70.18149,41.74861],[-70.18157,41.74683],[-70.17943,41.74593],[-70.17722,41.7468],[-70.17714,41.74858],[-70.17928,41.74948]]]},"properties":{"h":"892a310f403ffff","t":"Dennis","v":"Dennis","n":36,"oo":12,"po":33.3,"ao":6,"ml":1851.5,"mf":1419.18,"br":4,"rs":6,"pr":16.7,"no":0,"s":42.3,"sp":4.43,"r_oo":0.184,"r_mf":0.227,"r_rs":0.858,"r_n":0.75,"r_sol":0.885}},{"type":"Feature","geometry":{"type":"Polygon","coordinates":[[[-70.17722,41.7468],[-70.17943,41.74593],[-70.1795,41.74415],[-70.17737,41.74325],[-70.17515,41.74412],[-70.17508,41.7459],[-70.17722,41.7468]]]},"properties":{"h":"892a310f407ffff","t":"Dennis","v":"Dennis","n":10,"oo":9,"po":90,"ao":1,"ml":2363.5,"mf":2623.326,"br":7,"rs":1,"pr":10,"no":0,"s":79.8,"sp":4.43,"r_oo":0.937,"r_mf":0.9,"r_rs":0.575,"r_n":0.234,"r_sol":0.885}},{"type":"Feature","geometry":{"type":"Polygon","coordinates":[[[-70.18363,41.74951],[-70.18584,41.74864],[-70.18592,41.74686],[-70.18378,41.74595],[-70.18157,41.74683],[-70.18149,41.74861],[-70.18363,41.74951]]]},"properties":{"h":"892a310f40bffff","t":"Dennis","v":"Dennis","n":41,"oo":12,"po":29.3,"ao":8,"ml":2471,"mf":2576.076,"br":24,"rs":2,"pr":4.9,"no":0,"s":49.7,"sp":4.43,"r_oo":0.151,"r_mf":0.89,"r_rs":0.302,"r_n":0.805,"r_sol":0.885}},{"type":"Feature","geometry":{"type":"Polygon","coordinates":[[[-70.18157,41.74683],[-70.18378,41.74595],[-70.18385,41.74418],[-70.18172,41.74327],[-70.1795,41.74415],[-70.17943,41.74593],[-70.18157,41.74683]]]},"properties":{"h":"892a310f40fffff","t":"Dennis","v":"Dennis","n":7,"oo":2,"po":28.6,"ao":2,"ml":2395,"mf":2137.692,"br":3,"rs":0,"pr":0,"no":0,"s":36.1,"sp":4.43,"r_oo":0.146,"r_mf":0.747,"r_rs":0.109,"r_n":0.115,"r_sol":0.885}},{"type":"Feature","geometry":{"type":"Polygon","coordinates":[[[-70.17699,41.75214],[-70.1792,41.75126],[-70.17928,41.74948],[-70.17714,41.74858],[-70.17493,41.74945],[-70.17485,41.75123],[-70.17699,41.75214]]]},"properties":{"h":"892a310f413ffff","t":"Dennis","v":"East Dennis","n":14,"oo":3,"po":21.4,"ao":3,"ml":2736,"mf":1825.259,"br":3,"rs":1,"pr":7.1,"no":0,"s":36.3,"sp":4.43,"r_oo":0.111,"r_mf":0.538,"r_rs":0.413,"r_n":0.341,"r_sol":0.885}},{"type":"Feature","geometry":{"type":"Polygon","coordinates":[[[-70.17493,41.74945],[-70.17714,41.74858],[-70.17722,41.7468],[-70.17508,41.7459],[-70.17286,41.74677],[-70.17279,41.74855],[-70.17493,41.74945]]]},"properties":{"h":"892a310f417ffff","t":"Dennis","v":"East Dennis","n":12,"oo":8,"po":66.7,"ao":1,"ml":2537.5,"mf":2452.372,"br":6,"rs":2,"pr":16.7,"no":0,"s":68.8,"sp":4.43,"r_oo":0.565,"r_mf":0.864,"r_rs":0.858,"r_n":0.292,"r_sol":0.885}},{"type":"Feature","geometry":{"type":"Polygon","coordinates":[[[-70.18134,41.75216],[-70.18355,41.75129],[-70.18363,41.74951],[-70.18149,41.74861],[-70.17928,41.74948],[-70.1792,41.75126],[-70.18134,41.75216]]]},"properties":{"h":"892a310f41bffff","t":"Dennis","v":"Dennis","n":28,"oo":8,"po":28.6,"ao":8,"ml":2432.5,"mf":1789.194,"br":4,"rs":0,"pr":0,"no":0,"s":35.7,"sp":4.43,"r_oo":0.146,"r_mf":0.515,"r_rs":0.109,"r_n":0.65,"r_sol":0.885}},{"type":"Feature","geometry":{"type":"Polygon","coordinates":[[[-70.17744,41.74147],[-70.17965,41.74059],[-70.17973,41.73881],[-70.17759,41.73791],[-70.17538,41.73879],[-70.1753,41.74056],[-70.17744,41.74147]]]},"properties":{"h":"892a310f423ffff","t":"Dennis","v":"Dennis","n":35,"oo":15,"po":42.9,"ao":5,"ml":1296,"mf":1445.366,"br":2,"rs":2,"pr":5.7,"no":0,"s":38.3,"sp":4.43,"r_oo":0.267,"r_mf":0.25,"r_rs":0.34,"r_n":0.741,"r_sol":0.885}},{"type":"Feature","geometry":{"type":"Polygon","coordinates":[[[-70.17538,41.73879],[-70.17759,41.73791],[-70.17767,41.73613],[-70.17553,41.73523],[-70.17332,41.7361],[-70.17324,41.73788],[-70.17538,41.73879]]]},"properties":{"h":"892a310f427ffff","t":"Dennis","v":"Dennis","n":52,"oo":18,"po":34.6,"ao":12,"ml":1080,"mf":1394.461,"br":1,"rs":8,"pr":15.4,"no":0,"s":43.3,"sp":4.43,"r_oo":0.198,"r_mf":0.216,"r_rs":0.818,"r_n":0.885,"r_sol":0.885}},{"type":"Feature","geometry":{"type":"Polygon","coordinates":[[[-70.18179,41.7415],[-70.18401,41.74062],[-70.18408,41.73884],[-70.18194,41.73794],[-70.17973,41.73881],[-70.17965,41.74059],[-70.18179,41.7415]]]},"properties":{"h":"892a310f42bffff","t":"Dennis","v":"Dennis","n":15,"oo":6,"po":40,"ao":3,"ml":3227,"mf":2508.974,"br":8,"rs":2,"pr":13.3,"no":0,"s":55.3,"sp":4.43,"r_oo":0.239,"r_mf":0.879,"r_rs":0.748,"r_n":0.369,"r_sol":0.885}},{"type":"Feature","geometry":{"type":"Polygon","coordinates":[[[-70.17973,41.73881],[-70.18194,41.73794],[-70.18202,41.73616],[-70.17988,41.73526],[-70.17767,41.73613],[-70.17759,41.73791],[-70.17973,41.73881]]]},"properties":{"h":"892a310f42fffff","t":"Dennis","v":"Dennis","n":50,"oo":23,"po":46,"ao":5,"ml":1698,"mf":1987.489,"br":20,"rs":4,"pr":8,"no":0,"s":52.8,"sp":4.43,"r_oo":0.298,"r_mf":0.655,"r_rs":0.462,"r_n":0.875,"r_sol":0.885}},{"type":"Feature","geometry":{"type":"Polygon","coordinates":[[[-70.17515,41.74412],[-70.17737,41.74325],[-70.17744,41.74147],[-70.1753,41.74056],[-70.17309,41.74144],[-70.17301,41.74322],[-70.17515,41.74412]]]},"properties":{"h":"892a310f433ffff","t":"Dennis","v":"East Dennis","n":7,"oo":2,"po":28.6,"ao":1,"ml":1404,"mf":1601.59,"br":0,"rs":0,"pr":0,"no":0,"s":26.6,"sp":4.43,"r_oo":0.146,"r_mf":0.367,"r_rs":0.109,"r_n":0.115,"r_sol":0.885}},{"type":"Feature","geometry":{"type":"Polygon","coordinates":[[[-70.17309,41.74144],[-70.1753,41.74056],[-70.17538,41.73879],[-70.17324,41.73788],[-70.17103,41.73876],[-70.17095,41.74053],[-70.17309,41.74144]]]},"properties":{"h":"892a310f437ffff","t":"Dennis","v":"East Dennis","n":24,"oo":11,"po":45.8,"ao":5,"ml":2357,"mf":2396.379,"br":11,"rs":1,"pr":4.2,"no":0,"s":51.5,"sp":4.43,"r_oo":0.297,"r_mf":0.841,"r_rs":0.271,"r_n":0.573,"r_sol":0.885}},{"type":"Feature","geometry":{"type":"Polygon","coordinates":[[[-70.19004,41.75222],[-70.19226,41.75135],[-70.19233,41.74957],[-70.19019,41.74866],[-70.18798,41.74954],[-70.18791,41.75132],[-70.19004,41.75222]]]},"properties":{"h":"892a310f443ffff","t":"Dennis","v":"Dennis","n":16,"oo":9,"po":56.2,"ao":3,"ml":3049.5,"mf":2435.446,"br":8,"rs":1,"pr":6.2,"no":0,"s":56.3,"sp":4.43,"r_oo":0.415,"r_mf":0.857,"r_rs":0.362,"r_n":0.401,"r_sol":0.885}},{"type":"Feature","geometry":{"type":"Polygon","coordinates":[[[-70.18798,41.74954],[-70.19019,41.74866],[-70.19027,41.74689],[-70.18813,41.74598],[-70.18592,41.74686],[-70.18584,41.74864],[-70.18798,41.74954]]]},"properties":{"h":"892a310f447ffff","t":"Dennis","v":"Dennis","n":25,"oo":5,"po":20,"ao":4,"ml":2428,"mf":2216.853,"br":11,"rs":2,"pr":8,"no":0,"s":45.1,"sp":4.43,"r_oo":0.1,"r_mf":0.778,"r_rs":0.462,"r_n":0.593,"r_sol":0.885}},{"type":"Feature","geometry":{"type":"Polygon","coordinates":[[[-70.1944,41.75225],[-70.19661,41.75137],[-70.19669,41.7496],[-70.19455,41.74869],[-70.19233,41.74957],[-70.19226,41.75135],[-70.1944,41.75225]]]},"properties":{"h":"892a310f44bffff","t":"Dennis","v":"Dennis","n":9,"oo":1,"po":11.1,"ao":3,"ml":3555,"mf":2490.599,"br":5,"rs":2,"pr":22.2,"no":0,"s":48.8,"sp":4.43,"r_oo":0.047,"r_mf":0.876,"r_rs":0.948,"r_n":0.194,"r_sol":0.885}},{"type":"Feature","geometry":{"type":"Polygon","coordinates":[[[-70.19233,41.74957],[-70.19455,41.74869],[-70.19462,41.74691],[-70.19248,41.74601],[-70.19027,41.74689],[-70.19019,41.74866],[-70.19233,41.74957]]]},"properties":{"h":"892a310f44fffff","t":"Dennis","v":"Dennis","n":22,"oo":4,"po":18.2,"ao":9,"ml":2379,"mf":2031.221,"br":8,"rs":2,"pr":9.1,"no":0,"s":42.8,"sp":4.43,"r_oo":0.087,"r_mf":0.692,"r_rs":0.524,"r_n":0.533,"r_sol":0.885}},{"type":"Feature","geometry":{"type":"Polygon","coordinates":[[[-70.18569,41.75219],[-70.18791,41.75132],[-70.18798,41.74954],[-70.18584,41.74864],[-70.18363,41.74951],[-70.18355,41.75129],[-70.18569,41.75219]]]},"properties":{"h":"892a310f457ffff","t":"Dennis","v":"Dennis","n":7,"oo":1,"po":14.3,"ao":1,"ml":1350,"mf":1339.68,"br":0,"rs":1,"pr":14.3,"no":0,"s":28.7,"sp":4.43,"r_oo":0.064,"r_mf":0.177,"r_rs":0.784,"r_n":0.115,"r_sol":0.885}},{"type":"Feature","geometry":{"type":"Polygon","coordinates":[[[-70.18821,41.74421],[-70.19042,41.74333],[-70.19049,41.74155],[-70.18836,41.74065],[-70.18614,41.74152],[-70.18607,41.7433],[-70.18821,41.74421]]]},"properties":{"h":"892a310f463ffff","t":"Dennis","v":"Dennis","n":18,"oo":10,"po":55.6,"ao":0,"ml":1797.5,"mf":1643.642,"br":5,"rs":1,"pr":5.6,"no":0,"s":44.6,"sp":4.43,"r_oo":0.406,"r_mf":0.4,"r_rs":0.332,"r_n":0.448,"r_sol":0.885}},{"type":"Feature","geometry":{"type":"Polygon","coordinates":[[[-70.18614,41.74152],[-70.18836,41.74065],[-70.18843,41.73887],[-70.18629,41.73797],[-70.18408,41.73884],[-70.18401,41.74062],[-70.18614,41.74152]]]},"properties":{"h":"892a310f467ffff","t":"Dennis","v":"Dennis","n":7,"oo":3,"po":42.9,"ao":2,"ml":3502,"mf":3222.254,"br":5,"rs":0,"pr":0,"no":0,"s":46.3,"sp":4.43,"r_oo":0.267,"r_mf":0.959,"r_rs":0.109,"r_n":0.115,"r_sol":0.885}},{"type":"Feature","geometry":{"type":"Polygon","coordinates":[[[-70.19256,41.74423],[-70.19477,41.74336],[-70.19485,41.74158],[-70.19271,41.74068],[-70.19049,41.74155],[-70.19042,41.74333],[-70.19256,41.74423]]]},"properties":{"h":"892a310f46bffff","t":"Dennis","v":"Dennis","n":22,"oo":12,"po":54.5,"ao":5,"ml":1499.5,"mf":1491.171,"br":1,"rs":2,"pr":9.1,"no":0,"s":44.9,"sp":4.43,"r_oo":0.395,"r_mf":0.282,"r_rs":0.524,"r_n":0.533,"r_sol":0.885}},{"type":"Feature","geometry":{"type":"Polygon","coordinates":[[[-70.19049,41.74155],[-70.19271,41.74068],[-70.19278,41.7389],[-70.19064,41.738],[-70.18843,41.73887],[-70.18836,41.74065],[-70.19049,41.74155]]]},"properties":{"h":"892a310f46fffff","t":"Dennis","v":"Dennis","n":14,"oo":7,"po":50,"ao":2,"ml":1960.5,"mf":1864.738,"br":4,"rs":2,"pr":14.3,"no":0,"s":52,"sp":4.43,"r_oo":0.341,"r_mf":0.576,"r_rs":0.784,"r_n":0.341,"r_sol":0.885}},{"type":"Feature","geometry":{"type":"Polygon","coordinates":[[[-70.18592,41.74686],[-70.18813,41.74598],[-70.18821,41.74421],[-70.18607,41.7433],[-70.18385,41.74418],[-70.18378,41.74595],[-70.18592,41.74686]]]},"properties":{"h":"892a310f473ffff","t":"Dennis","v":"Dennis","n":17,"oo":6,"po":35.3,"ao":5,"ml":1912,"mf":2149.47,"br":7,"rs":3,"pr":17.6,"no":0,"s":53.2,"sp":4.43,"r_oo":0.203,"r_mf":0.753,"r_rs":0.878,"r_n":0.426,"r_sol":0.885}},{"type":"Feature","geometry":{"type":"Polygon","coordinates":[[[-70.19027,41.74689],[-70.19248,41.74601],[-70.19256,41.74423],[-70.19042,41.74333],[-70.18821,41.74421],[-70.18813,41.74598],[-70.19027,41.74689]]]},"properties":{"h":"892a310f47bffff","t":"Dennis","v":"Dennis","n":30,"oo":11,"po":36.7,"ao":13,"ml":1907,"mf":1744.542,"br":7,"rs":1,"pr":3.3,"no":0,"s":39.8,"sp":4.43,"r_oo":0.211,"r_mf":0.484,"r_rs":0.243,"r_n":0.682,"r_sol":0.885}},{"type":"Feature","geometry":{"type":"Polygon","coordinates":[[[-70.17035,41.75476],[-70.17256,41.75388],[-70.17264,41.75211],[-70.1705,41.7512],[-70.16829,41.75208],[-70.16821,41.75386],[-70.17035,41.75476]]]},"properties":{"h":"892a310f483ffff","t":"Dennis","v":"East Dennis","n":5,"oo":0,"po":0,"ao":2,"ml":2534,"mf":2335.283,"br":2,"rs":0,"pr":0,"no":0,"s":31.8,"sp":4.43,"r_oo":0.014,"r_mf":0.822,"r_rs":0.109,"r_n":0.024,"r_sol":0.885}},{"type":"Feature","geometry":{"type":"Polygon","coordinates":[[[-70.166,41.75473],[-70.16821,41.75386],[-70.16829,41.75208],[-70.16615,41.75117],[-70.16393,41.75205],[-70.16386,41.75383],[-70.166,41.75473]]]},"properties":{"h":"892a310f497ffff","t":"Dennis","v":"East Dennis","n":10,"oo":3,"po":30,"ao":2,"ml":2746,"mf":2547.244,"br":5,"rs":1,"pr":10,"no":0,"s":48.2,"sp":4.43,"r_oo":0.156,"r_mf":0.887,"r_rs":0.575,"r_n":0.234,"r_sol":0.885}},{"type":"Feature","geometry":{"type":"Polygon","coordinates":[[[-70.16645,41.74406],[-70.16866,41.74319],[-70.16874,41.74141],[-70.1666,41.74051],[-70.16439,41.74138],[-70.16431,41.74316],[-70.16645,41.74406]]]},"properties":{"h":"892a310f4a7ffff","t":"Dennis","v":"East Dennis","n":22,"oo":13,"po":59.1,"ao":3,"ml":1826,"mf":2090.103,"br":6,"rs":2,"pr":9.1,"no":0,"s":58.1,"sp":4.43,"r_oo":0.448,"r_mf":0.724,"r_rs":0.524,"r_n":0.533,"r_sol":0.885}},{"type":"Feature","geometry":{"type":"Polygon","coordinates":[[[-70.17286,41.74677],[-70.17508,41.7459],[-70.17515,41.74412],[-70.17301,41.74322],[-70.1708,41.74409],[-70.17073,41.74587],[-70.17286,41.74677]]]},"properties":{"h":"892a310f4abffff","t":"Dennis","v":"East Dennis","n":5,"oo":2,"po":40,"ao":0,"ml":1680,"mf":1300.825,"br":1,"rs":0,"pr":0,"no":0,"s":24.2,"sp":4.43,"r_oo":0.239,"r_mf":0.158,"r_rs":0.109,"r_n":0.024,"r_sol":0.885}},{"type":"Feature","geometry":{"type":"Polygon","coordinates":[[[-70.1708,41.74409],[-70.17301,41.74322],[-70.17309,41.74144],[-70.17095,41.74053],[-70.16874,41.74141],[-70.16866,41.74319],[-70.1708,41.74409]]]},"properties":{"h":"892a310f4afffff","t":"Dennis","v":"East Dennis","n":33,"oo":14,"po":42.4,"ao":4,"ml":1534,"mf":1879.906,"br":7,"rs":2,"pr":6.1,"no":0,"s":46.5,"sp":4.43,"r_oo":0.261,"r_mf":0.588,"r_rs":0.35,"r_n":0.723,"r_sol":0.885}},{"type":"Feature","geometry":{"type":"Polygon","coordinates":[[[-70.16622,41.7494],[-70.16844,41.74852],[-70.16851,41.74674],[-70.16637,41.74584],[-70.16416,41.74671],[-70.16408,41.74849],[-70.16622,41.7494]]]},"properties":{"h":"892a310f4b3ffff","t":"Dennis","v":"East Dennis","n":9,"oo":3,"po":33.3,"ao":3,"ml":2522,"mf":2774.154,"br":6,"rs":3,"pr":33.3,"no":0,"s":55.9,"sp":4.43,"r_oo":0.184,"r_mf":0.918,"r_rs":0.988,"r_n":0.194,"r_sol":0.885}},{"type":"Feature","geometry":{"type":"Polygon","coordinates":[[[-70.16278,41.72803],[-70.16499,41.72716],[-70.16507,41.72538],[-70.16293,41.72448],[-70.16072,41.72535],[-70.16065,41.72713],[-70.16278,41.72803]]]},"properties":{"h":"892a310f507ffff","t":"Dennis","v":"East Dennis","n":8,"oo":6,"po":75,"ao":0,"ml":1056,"mf":1485.098,"br":0,"rs":0,"pr":0,"no":0,"s":47.3,"sp":4.43,"r_oo":0.709,"r_mf":0.276,"r_rs":0.109,"r_n":0.154,"r_sol":0.885}},{"type":"Feature","geometry":{"type":"Polygon","coordinates":[[[-70.16919,41.73074],[-70.17141,41.72987],[-70.17148,41.72809],[-70.16934,41.72719],[-70.16713,41.72806],[-70.16706,41.72984],[-70.16919,41.73074]]]},"properties":{"h":"892a310f50bffff","t":"Dennis","v":"East Dennis","n":5,"oo":2,"po":40,"ao":1,"ml":1732,"mf":1813.119,"br":0,"rs":0,"pr":0,"no":0,"s":33.5,"sp":4.43,"r_oo":0.239,"r_mf":0.528,"r_rs":0.109,"r_n":0.024,"r_sol":0.885}},{"type":"Feature","geometry":{"type":"Polygon","coordinates":[[[-70.16713,41.72806],[-70.16934,41.72719],[-70.16942,41.72541],[-70.16728,41.72451],[-70.16507,41.72538],[-70.16499,41.72716],[-70.16713,41.72806]]]},"properties":{"h":"892a310f50fffff","t":"Dennis","v":"East Dennis","n":11,"oo":8,"po":72.7,"ao":1,"ml":1416,"mf":2003.104,"br":2,"rs":0,"pr":0,"no":0,"s":56.9,"sp":4.43,"r_oo":0.674,"r_mf":0.671,"r_rs":0.109,"r_n":0.266,"r_sol":0.885}},{"type":"Feature","geometry":{"type":"Polygon","coordinates":[[[-70.16049,41.73068],[-70.16271,41.72981],[-70.16278,41.72803],[-70.16065,41.72713],[-70.15843,41.728],[-70.15836,41.72978],[-70.16049,41.73068]]]},"properties":{"h":"892a310f517ffff","t":"Dennis","v":"East Dennis","n":23,"oo":10,"po":43.5,"ao":3,"ml":1396,"mf":2120.366,"br":5,"rs":1,"pr":4.3,"no":0,"s":48,"sp":4.43,"r_oo":0.275,"r_mf":0.737,"r_rs":0.278,"r_n":0.554,"r_sol":0.885}},{"type":"Feature","geometry":{"type":"Polygon","coordinates":[[[-70.1669,41.73339],[-70.16912,41.73252],[-70.16919,41.73074],[-70.16706,41.72984],[-70.16484,41.73071],[-70.16477,41.73249],[-70.1669,41.73339]]]},"properties":{"h":"892a310f51bffff","t":"Dennis","v":"East Dennis","n":33,"oo":18,"po":54.5,"ao":5,"ml":1544,"mf":1932.132,"br":2,"rs":5,"pr":15.2,"no":0,"s":59.6,"sp":4.43,"r_oo":0.395,"r_mf":0.626,"r_rs":0.809,"r_n":0.723,"r_sol":0.885}},{"type":"Feature","geometry":{"type":"Polygon","coordinates":[[[-70.16301,41.7227],[-70.16522,41.72183],[-70.1653,41.72005],[-70.16316,41.71915],[-70.16095,41.72002],[-70.16087,41.7218],[-70.16301,41.7227]]]},"properties":{"h":"892a310f523ffff","t":"Dennis","v":"East Dennis","n":20,"oo":13,"po":65,"ao":2,"ml":1508,"mf":1401.369,"br":4,"rs":2,"pr":10,"no":0,"s":49.4,"sp":4.43,"r_oo":0.538,"r_mf":0.219,"r_rs":0.575,"r_n":0.495,"r_sol":0.885}},{"type":"Feature","geometry":{"type":"Polygon","coordinates":[[[-70.16095,41.72002],[-70.16316,41.71915],[-70.16324,41.71737],[-70.1611,41.71646],[-70.15889,41.71734],[-70.15881,41.71912],[-70.16095,41.72002]]]},"properties":{"h":"892a310f527ffff","t":"Dennis","v":"East Dennis","n":27,"oo":11,"po":40.7,"ao":4,"ml":1330,"mf":1449.289,"br":1,"rs":1,"pr":3.7,"no":0,"s":35.3,"sp":4.43,"r_oo":0.25,"r_mf":0.252,"r_rs":0.254,"r_n":0.632,"r_sol":0.885}},{"type":"Feature","geometry":{"type":"Polygon","coordinates":[[[-70.16736,41.72273],[-70.16957,41.72185],[-70.16965,41.72008],[-70.16751,41.71917],[-70.1653,41.72005],[-70.16522,41.72183],[-70.16736,41.72273]]]},"properties":{"h":"892a310f52bffff","t":"Dennis","v":"East Dennis","n":22,"oo":12,"po":54.5,"ao":1,"ml":1574,"mf":1967.867,"br":7,"rs":0,"pr":0,"no":0,"s":47.8,"sp":4.43,"r_oo":0.395,"r_mf":0.646,"r_rs":0.109,"r_n":0.533,"r_sol":0.885}},{"type":"Feature","geometry":{"type":"Polygon","coordinates":[[[-70.16072,41.72535],[-70.16293,41.72448],[-70.16301,41.7227],[-70.16087,41.7218],[-70.15866,41.72267],[-70.15858,41.72445],[-70.16072,41.72535]]]},"properties":{"h":"892a310f533ffff","t":"Dennis","v":"East Dennis","n":25,"oo":15,"po":60,"ao":2,"ml":1144,"mf":1535.202,"br":1,"rs":3,"pr":12,"no":0,"s":51.5,"sp":4.43,"r_oo":0.466,"r_mf":0.315,"r_rs":0.678,"r_n":0.593,"r_sol":0.885}},{"type":"Feature","geometry":{"type":"Polygon","coordinates":[[[-70.15866,41.72267],[-70.16087,41.7218],[-70.16095,41.72002],[-70.15881,41.71912],[-70.1566,41.71999],[-70.15652,41.72177],[-70.15866,41.72267]]]},"properties":{"h":"892a310f537ffff","t":"Dennis","v":"East Dennis","n":29,"oo":17,"po":58.6,"ao":4,"ml":1196,"mf":1712.455,"br":0,"rs":4,"pr":13.8,"no":0,"s":56.2,"sp":4.43,"r_oo":0.444,"r_mf":0.456,"r_rs":0.765,"r_n":0.668,"r_sol":0.885}},{"type":"Feature","geometry":{"type":"Polygon","coordinates":[[[-70.16507,41.72538],[-70.16728,41.72451],[-70.16736,41.72273],[-70.16522,41.72183],[-70.16301,41.7227],[-70.16293,41.72448],[-70.16507,41.72538]]]},"properties":{"h":"892a310f53bffff","t":"Dennis","v":"East Dennis","n":5,"oo":2,"po":40,"ao":1,"ml":1868,"mf":2836.769,"br":3,"rs":0,"pr":0,"no":0,"s":43.5,"sp":4.43,"r_oo":0.239,"r_mf":0.928,"r_rs":0.109,"r_n":0.024,"r_sol":0.885}},{"type":"Feature","geometry":{"type":"Polygon","coordinates":[[[-70.17354,41.73077],[-70.17576,41.7299],[-70.17583,41.72812],[-70.17369,41.72722],[-70.17148,41.72809],[-70.17141,41.72987],[-70.17354,41.73077]]]},"properties":{"h":"892a310f547ffff","t":"Dennis","v":"East Dennis","n":7,"oo":1,"po":14.3,"ao":3,"ml":1372,"mf":1584.529,"br":0,"rs":1,"pr":14.3,"no":0,"s":33.1,"sp":4.43,"r_oo":0.064,"r_mf":0.353,"r_rs":0.784,"r_n":0.115,"r_sol":0.885}},{"type":"Feature","geometry":{"type":"Polygon","coordinates":[[[-70.17996,41.73348],[-70.18217,41.73261],[-70.18224,41.73083],[-70.18011,41.72993],[-70.17789,41.7308],[-70.17782,41.73258],[-70.17996,41.73348]]]},"properties":{"h":"892a310f54bffff","t":"Dennis","v":"Dennis","n":30,"oo":15,"po":50,"ao":5,"ml":1576,"mf":1545.885,"br":2,"rs":4,"pr":13.3,"no":0,"s":48.7,"sp":4.43,"r_oo":0.341,"r_mf":0.326,"r_rs":0.748,"r_n":0.682,"r_sol":0.885}},{"type":"Feature","geometry":{"type":"Polygon","coordinates":[[[-70.17789,41.7308],[-70.18011,41.72993],[-70.18018,41.72815],[-70.17804,41.72725],[-70.17583,41.72812],[-70.17576,41.7299],[-70.17789,41.7308]]]},"properties":{"h":"892a310f54fffff","t":"Dennis","v":"Dennis","n":31,"oo":17,"po":54.8,"ao":4,"ml":1608,"mf":1927.12,"br":6,"rs":4,"pr":12.9,"no":0,"s":58.3,"sp":4.43,"r_oo":0.4,"r_mf":0.623,"r_rs":0.727,"r_n":0.696,"r_sol":0.885}},{"type":"Feature","geometry":{"type":"Polygon","coordinates":[[[-70.17332,41.7361],[-70.17553,41.73523],[-70.1756,41.73345],[-70.17347,41.73255],[-70.17125,41.73342],[-70.17118,41.7352],[-70.17332,41.7361]]]},"properties":{"h":"892a310f553ffff","t":"Dennis","v":"East Dennis","n":45,"oo":23,"po":51.1,"ao":5,"ml":1470,"mf":1800.226,"br":1,"rs":4,"pr":8.9,"no":0,"s":52.2,"sp":4.43,"r_oo":0.359,"r_mf":0.521,"r_rs":0.509,"r_n":0.837,"r_sol":0.885}},{"type":"Feature","geometry":{"type":"Polygon","coordinates":[[[-70.17125,41.73342],[-70.17347,41.73255],[-70.17354,41.73077],[-70.17141,41.72987],[-70.16919,41.73074],[-70.16912,41.73252],[-70.17125,41.73342]]]},"properties":{"h":"892a310f557ffff","t":"Dennis","v":"East Dennis","n":24,"oo":12,"po":50,"ao":3,"ml":1537.5,"mf":1882.368,"br":1,"rs":5,"pr":20.8,"no":0,"s":57,"sp":4.43,"r_oo":0.341,"r_mf":0.591,"r_rs":0.935,"r_n":0.573,"r_sol":0.885}},{"type":"Feature","geometry":{"type":"Polygon","coordinates":[[[-70.17767,41.73613],[-70.17988,41.73526],[-70.17996,41.73348],[-70.17782,41.73258],[-70.1756,41.73345],[-70.17553,41.73523],[-70.17767,41.73613]]]},"properties":{"h":"892a310f55bffff","t":"Dennis","v":"Dennis","n":49,"oo":17,"po":34.7,"ao":4,"ml":1248,"mf":1664.67,"br":8,"rs":6,"pr":12.2,"no":0,"s":46.1,"sp":4.43,"r_oo":0.199,"r_mf":0.414,"r_rs":0.683,"r_n":0.868,"r_sol":0.885}},{"type":"Feature","geometry":{"type":"Polygon","coordinates":[[[-70.17377,41.72544],[-70.17598,41.72456],[-70.17606,41.72279],[-70.17392,41.72188],[-70.17171,41.72276],[-70.17163,41.72454],[-70.17377,41.72544]]]},"properties":{"h":"892a310f563ffff","t":"Dennis","v":"Dennis","n":14,"oo":7,"po":50,"ao":3,"ml":1214.5,"mf":1163.593,"br":1,"rs":3,"pr":21.4,"no":0,"s":41.9,"sp":4.43,"r_oo":0.341,"r_mf":0.076,"r_rs":0.939,"r_n":0.341,"r_sol":0.885}},{"type":"Feature","geometry":{"type":"Polygon","coordinates":[[[-70.17171,41.72276],[-70.17392,41.72188],[-70.174,41.72011],[-70.17186,41.7192],[-70.16965,41.72008],[-70.16957,41.72185],[-70.17171,41.72276]]]},"properties":{"h":"892a310f567ffff","t":"Dennis","v":"Dennis","n":9,"oo":7,"po":77.8,"ao":0,"ml":1360,"mf":1082.515,"br":0,"rs":3,"pr":33.3,"no":0,"s":56.9,"sp":4.43,"r_oo":0.755,"r_mf":0.042,"r_rs":0.988,"r_n":0.194,"r_sol":0.885}},{"type":"Feature","geometry":{"type":"Polygon","coordinates":[[[-70.17148,41.72809],[-70.17369,41.72722],[-70.17377,41.72544],[-70.17163,41.72454],[-70.16942,41.72541],[-70.16934,41.72719],[-70.17148,41.72809]]]},"properties":{"h":"892a310f573ffff","t":"Dennis","v":"East Dennis","n":24,"oo":14,"po":58.3,"ao":1,"ml":1366,"mf":1595.106,"br":1,"rs":1,"pr":4.2,"no":0,"s":45.3,"sp":4.43,"r_oo":0.441,"r_mf":0.361,"r_rs":0.271,"r_n":0.573,"r_sol":0.885}},{"type":"Feature","geometry":{"type":"Polygon","coordinates":[[[-70.16942,41.72541],[-70.17163,41.72454],[-70.17171,41.72276],[-70.16957,41.72185],[-70.16736,41.72273],[-70.16728,41.72451],[-70.16942,41.72541]]]},"properties":{"h":"892a310f577ffff","t":"Dennis","v":"East Dennis","n":35,"oo":16,"po":45.7,"ao":3,"ml":1506,"mf":1778.993,"br":5,"rs":7,"pr":20,"no":0,"s":54.6,"sp":4.43,"r_oo":0.296,"r_mf":0.508,"r_rs":0.919,"r_n":0.741,"r_sol":0.885}},{"type":"Feature","geometry":{"type":"Polygon","coordinates":[[[-70.17583,41.72812],[-70.17804,41.72725],[-70.17812,41.72547],[-70.17598,41.72456],[-70.17377,41.72544],[-70.17369,41.72722],[-70.17583,41.72812]]]},"properties":{"h":"892a310f57bffff","t":"Dennis","v":"Dennis","n":33,"oo":18,"po":54.5,"ao":3,"ml":1616,"mf":1852.1,"br":2,"rs":4,"pr":12.1,"no":0,"s":56.1,"sp":4.43,"r_oo":0.395,"r_mf":0.562,"r_rs":0.68,"r_n":0.723,"r_sol":0.885}},{"type":"Feature","geometry":{"type":"Polygon","coordinates":[[[-70.15592,41.73599],[-70.15813,41.73511],[-70.1582,41.73334],[-70.15607,41.73243],[-70.15385,41.73331],[-70.15378,41.73508],[-70.15592,41.73599]]]},"properties":{"h":"892a310f583ffff","t":"Dennis","v":"East Dennis","n":8,"oo":6,"po":75,"ao":0,"ml":2114,"mf":2645.882,"br":5,"rs":0,"pr":0,"no":0,"s":63,"sp":4.43,"r_oo":0.709,"r_mf":0.906,"r_rs":0.109,"r_n":0.154,"r_sol":0.885}},{"type":"Feature","geometry":{"type":"Polygon","coordinates":[[[-70.15385,41.73331],[-70.15607,41.73243],[-70.15614,41.73065],[-70.15401,41.72975],[-70.15179,41.73063],[-70.15172,41.7324],[-70.15385,41.73331]]]},"properties":{"h":"892a310f587ffff","t":"Dennis","v":"East Dennis","n":6,"oo":5,"po":83.3,"ao":0,"ml":2090.5,"mf":2377.391,"br":2,"rs":0,"pr":0,"no":0,"s":66.2,"sp":4.43,"r_oo":0.856,"r_mf":0.832,"r_rs":0.109,"r_n":0.072,"r_sol":0.885}},{"type":"Feature","geometry":{"type":"Polygon","coordinates":[[[-70.16027,41.73602],[-70.16248,41.73514],[-70.16255,41.73337],[-70.16042,41.73246],[-70.1582,41.73334],[-70.15813,41.73511],[-70.16027,41.73602]]]},"properties":{"h":"892a310f58bffff","t":"Dennis","v":"East Dennis","n":24,"oo":14,"po":58.3,"ao":2,"ml":1851,"mf":2134.146,"br":7,"rs":4,"pr":16.7,"no":0,"s":63.7,"sp":4.43,"r_oo":0.441,"r_mf":0.744,"r_rs":0.858,"r_n":0.573,"r_sol":0.885}},{"type":"Feature","geometry":{"type":"Polygon","coordinates":[[[-70.1582,41.73334],[-70.16042,41.73246],[-70.16049,41.73068],[-70.15836,41.72978],[-70.15614,41.73065],[-70.15607,41.73243],[-70.1582,41.73334]]]},"properties":{"h":"892a310f58fffff","t":"Dennis","v":"East Dennis","n":26,"oo":15,"po":57.7,"ao":1,"ml":1681,"mf":2030.986,"br":6,"rs":1,"pr":3.8,"no":0,"s":53.5,"sp":4.43,"r_oo":0.433,"r_mf":0.692,"r_rs":0.258,"r_n":0.615,"r_sol":0.885}},{"type":"Feature","geometry":{"type":"Polygon","coordinates":[[[-70.15363,41.73864],[-70.15584,41.73777],[-70.15592,41.73599],[-70.15378,41.73508],[-70.15156,41.73596],[-70.15149,41.73774],[-70.15363,41.73864]]]},"properties":{"h":"892a310f593ffff","t":"Dennis","v":"East Dennis","n":7,"oo":4,"po":57.1,"ao":3,"ml":2010,"mf":2434.971,"br":3,"rs":0,"pr":0,"no":0,"s":50,"sp":4.43,"r_oo":0.425,"r_mf":0.856,"r_rs":0.109,"r_n":0.115,"r_sol":0.885}},{"type":"Feature","geometry":{"type":"Polygon","coordinates":[[[-70.15156,41.73596],[-70.15378,41.73508],[-70.15385,41.73331],[-70.15172,41.7324],[-70.1495,41.73328],[-70.14943,41.73505],[-70.15156,41.73596]]]},"properties":{"h":"892a310f597ffff","t":"Dennis","v":"East Dennis","n":5,"oo":3,"po":60,"ao":1,"ml":2335,"mf":2642.325,"br":3,"rs":0,"pr":0,"no":0,"s":52,"sp":4.43,"r_oo":0.466,"r_mf":0.904,"r_rs":0.109,"r_n":0.024,"r_sol":0.885}},{"type":"Feature","geometry":{"type":"Polygon","coordinates":[[[-70.15798,41.73867],[-70.16019,41.7378],[-70.16027,41.73602],[-70.15813,41.73511],[-70.15592,41.73599],[-70.15584,41.73777],[-70.15798,41.73867]]]},"properties":{"h":"892a310f59bffff","t":"Dennis","v":"East Dennis","n":38,"oo":25,"po":65.8,"ao":3,"ml":1651,"mf":2076.174,"br":7,"rs":5,"pr":13.2,"no":0,"s":67.5,"sp":4.43,"r_oo":0.546,"r_mf":0.718,"r_rs":0.742,"r_n":0.773,"r_sol":0.885}},{"type":"Feature","geometry":{"type":"Polygon","coordinates":[[[-70.15202,41.72529],[-70.15424,41.72442],[-70.15431,41.72264],[-70.15218,41.72174],[-70.14996,41.72261],[-70.14989,41.72439],[-70.15202,41.72529]]]},"properties":{"h":"892a310f5a7ffff","t":"Dennis","v":"East Dennis","n":8,"oo":7,"po":87.5,"ao":0,"ml":1816,"mf":2252.849,"br":3,"rs":0,"pr":0,"no":0,"s":68.1,"sp":4.43,"r_oo":0.907,"r_mf":0.792,"r_rs":0.109,"r_n":0.154,"r_sol":0.885}},{"type":"Feature","geometry":{"type":"Polygon","coordinates":[[[-70.15843,41.728],[-70.16065,41.72713],[-70.16072,41.72535],[-70.15858,41.72445],[-70.15637,41.72532],[-70.1563,41.7271],[-70.15843,41.728]]]},"properties":{"h":"892a310f5abffff","t":"Dennis","v":"East Dennis","n":8,"oo":5,"po":62.5,"ao":0,"ml":1696,"mf":2210.561,"br":3,"rs":0,"pr":0,"no":0,"s":51.6,"sp":4.43,"r_oo":0.504,"r_mf":0.775,"r_rs":0.109,"r_n":0.154,"r_sol":0.885}},{"type":"Feature","geometry":{"type":"Polygon","coordinates":[[[-70.15637,41.72532],[-70.15858,41.72445],[-70.15866,41.72267],[-70.15652,41.72177],[-70.15431,41.72264],[-70.15424,41.72442],[-70.15637,41.72532]]]},"properties":{"h":"892a310f5afffff","t":"Dennis","v":"East Dennis","n":27,"oo":16,"po":59.3,"ao":3,"ml":1436,"mf":1842.264,"br":1,"rs":3,"pr":11.1,"no":0,"s":56.7,"sp":4.43,"r_oo":0.45,"r_mf":0.556,"r_rs":0.639,"r_n":0.632,"r_sol":0.885}},{"type":"Feature","geometry":{"type":"Polygon","coordinates":[[[-70.14973,41.72794],[-70.15195,41.72707],[-70.15202,41.72529],[-70.14989,41.72439],[-70.14767,41.72526],[-70.1476,41.72704],[-70.14973,41.72794]]]},"properties":{"h":"892a310f5b7ffff","t":"Dennis","v":"East Dennis","n":9,"oo":6,"po":66.7,"ao":0,"ml":2185,"mf":2249.232,"br":3,"rs":1,"pr":11.1,"no":0,"s":62.7,"sp":4.43,"r_oo":0.565,"r_mf":0.791,"r_rs":0.639,"r_n":0.194,"r_sol":0.885}},{"type":"Feature","geometry":{"type":"Polygon","coordinates":[[[-70.16668,41.73873],[-70.16889,41.73785],[-70.16897,41.73608],[-70.16683,41.73517],[-70.16462,41.73605],[-70.16454,41.73782],[-70.16668,41.73873]]]},"properties":{"h":"892a310f5c3ffff","t":"Dennis","v":"East Dennis","n":53,"oo":28,"po":52.8,"ao":9,"ml":1696,"mf":1984.123,"br":10,"rs":5,"pr":9.4,"no":0,"s":57.1,"sp":4.43,"r_oo":0.373,"r_mf":0.653,"r_rs":0.542,"r_n":0.891,"r_sol":0.885}},{"type":"Feature","geometry":{"type":"Polygon","coordinates":[[[-70.16462,41.73605],[-70.16683,41.73517],[-70.1669,41.73339],[-70.16477,41.73249],[-70.16255,41.73337],[-70.16248,41.73514],[-70.16462,41.73605]]]},"properties":{"h":"892a310f5c7ffff","t":"Dennis","v":"East Dennis","n":33,"oo":23,"po":69.7,"ao":1,"ml":2104,"mf":2186.163,"br":11,"rs":4,"pr":12.1,"no":0,"s":70,"sp":4.43,"r_oo":0.616,"r_mf":0.764,"r_rs":0.68,"r_n":0.723,"r_sol":0.885}},{"type":"Feature","geometry":{"type":"Polygon","coordinates":[[[-70.17103,41.73876],[-70.17324,41.73788],[-70.17332,41.7361],[-70.17118,41.7352],[-70.16897,41.73608],[-70.16889,41.73785],[-70.17103,41.73876]]]},"properties":{"h":"892a310f5cbffff","t":"Dennis","v":"East Dennis","n":35,"oo":15,"po":42.9,"ao":8,"ml":1830,"mf":1822.814,"br":4,"rs":0,"pr":0,"no":0,"s":42,"sp":4.43,"r_oo":0.267,"r_mf":0.536,"r_rs":0.109,"r_n":0.741,"r_sol":0.885}},{"type":"Feature","geometry":{"type":"Polygon","coordinates":[[[-70.16897,41.73608],[-70.17118,41.7352],[-70.17125,41.73342],[-70.16912,41.73252],[-70.1669,41.73339],[-70.16683,41.73517],[-70.16897,41.73608]]]},"properties":{"h":"892a310f5cfffff","t":"Dennis","v":"East Dennis","n":46,"oo":31,"po":67.4,"ao":3,"ml":1639,"mf":1830.137,"br":8,"rs":2,"pr":4.3,"no":0,"s":58.4,"sp":4.43,"r_oo":0.583,"r_mf":0.544,"r_rs":0.278,"r_n":0.846,"r_sol":0.885}},{"type":"Feature","geometry":{"type":"Polygon","coordinates":[[[-70.16439,41.74138],[-70.1666,41.74051],[-70.16668,41.73873],[-70.16454,41.73782],[-70.16233,41.7387],[-70.16225,41.74048],[-70.16439,41.74138]]]},"properties":{"h":"892a310f5d3ffff","t":"Dennis","v":"East Dennis","n":44,"oo":22,"po":50,"ao":4,"ml":2006.5,"mf":2000.006,"br":7,"rs":1,"pr":2.3,"no":0,"s":50.8,"sp":4.43,"r_oo":0.341,"r_mf":0.668,"r_rs":0.222,"r_n":0.829,"r_sol":0.885}},{"type":"Feature","geometry":{"type":"Polygon","coordinates":[[[-70.16233,41.7387],[-70.16454,41.73782],[-70.16462,41.73605],[-70.16248,41.73514],[-70.16027,41.73602],[-70.16019,41.7378],[-70.16233,41.7387]]]},"properties":{"h":"892a310f5d7ffff","t":"Dennis","v":"East Dennis","n":45,"oo":28,"po":62.2,"ao":5,"ml":1833,"mf":2140.888,"br":9,"rs":2,"pr":4.4,"no":0,"s":60,"sp":4.43,"r_oo":0.497,"r_mf":0.748,"r_rs":0.284,"r_n":0.837,"r_sol":0.885}},{"type":"Feature","geometry":{"type":"Polygon","coordinates":[[[-70.16874,41.74141],[-70.17095,41.74053],[-70.17103,41.73876],[-70.16889,41.73785],[-70.16668,41.73873],[-70.1666,41.74051],[-70.16874,41.74141]]]},"properties":{"h":"892a310f5dbffff","t":"Dennis","v":"East Dennis","n":55,"oo":28,"po":50.9,"ao":3,"ml":1652,"mf":2081.71,"br":10,"rs":3,"pr":5.5,"no":0,"s":55.1,"sp":4.43,"r_oo":0.358,"r_mf":0.72,"r_rs":0.326,"r_n":0.904,"r_sol":0.885}},{"type":"Feature","geometry":{"type":"Polygon","coordinates":[[[-70.20768,41.747],[-70.20989,41.74612],[-70.20996,41.74435],[-70.20782,41.74344],[-70.20561,41.74432],[-70.20554,41.7461],[-70.20768,41.747]]]},"properties":{"h":"892a310f607ffff","t":"Dennis","v":"Dennis","n":30,"oo":5,"po":16.7,"ao":4,"ml":2630,"mf":2474.42,"br":15,"rs":3,"pr":10,"no":0,"s":49.1,"sp":4.43,"r_oo":0.075,"r_mf":0.872,"r_rs":0.575,"r_n":0.682,"r_sol":0.885}},{"type":"Feature","geometry":{"type":"Polygon","coordinates":[[[-70.21203,41.74703],[-70.21424,41.74615],[-70.21431,41.74437],[-70.21218,41.74347],[-70.20996,41.74435],[-70.20989,41.74612],[-70.21203,41.74703]]]},"properties":{"h":"892a310f60fffff","t":"Dennis","v":"Dennis","n":7,"oo":0,"po":0,"ao":1,"ml":2936,"mf":2151.644,"br":2,"rs":0,"pr":0,"no":0,"s":31,"sp":4.43,"r_oo":0.014,"r_mf":0.753,"r_rs":0.109,"r_n":0.115,"r_sol":0.885}},{"type":"Feature","geometry":{"type":"Polygon","coordinates":[[[-70.2079,41.74166],[-70.21011,41.74079],[-70.21019,41.73901],[-70.20805,41.73811],[-70.20583,41.73898],[-70.20576,41.74076],[-70.2079,41.74166]]]},"properties":{"h":"892a310f623ffff","t":"Dennis","v":"Dennis","n":29,"oo":9,"po":31,"ao":5,"ml":2038,"mf":2218.31,"br":9,"rs":3,"pr":10.3,"no":0,"s":50.4,"sp":4.43,"r_oo":0.161,"r_mf":0.78,"r_rs":0.597,"r_n":0.668,"r_sol":0.885}},{"type":"Feature","geometry":{"type":"Polygon","coordinates":[[[-70.20583,41.73898],[-70.20805,41.73811],[-70.20812,41.73633],[-70.20598,41.73543],[-70.20377,41.7363],[-70.2037,41.73808],[-70.20583,41.73898]]]},"properties":{"h":"892a310f627ffff","t":"Dennis","v":"Dennis","n":39,"oo":21,"po":53.8,"ao":3,"ml":2086,"mf":2035.951,"br":9,"rs":7,"pr":17.9,"no":0,"s":62.6,"sp":4.43,"r_oo":0.383,"r_mf":0.695,"r_rs":0.88,"r_n":0.787,"r_sol":0.885}},{"type":"Feature","geometry":{"type":"Polygon","coordinates":[[[-70.21225,41.74169],[-70.21446,41.74082],[-70.21454,41.73904],[-70.2124,41.73814],[-70.21019,41.73901],[-70.21011,41.74079],[-70.21225,41.74169]]]},"properties":{"h":"892a310f62bffff","t":"Dennis","v":"Dennis","n":48,"oo":8,"po":16.7,"ao":10,"ml":1640.5,"mf":1689.831,"br":10,"rs":4,"pr":8.3,"no":0,"s":38.5,"sp":4.43,"r_oo":0.075,"r_mf":0.433,"r_rs":0.48,"r_n":0.86,"r_sol":0.885}},{"type":"Feature","geometry":{"type":"Polygon","coordinates":[[[-70.21019,41.73901],[-70.2124,41.73814],[-70.21247,41.73636],[-70.21033,41.73546],[-70.20812,41.73633],[-70.20805,41.73811],[-70.21019,41.73901]]]},"properties":{"h":"892a310f62fffff","t":"Dennis","v":"Dennis","n":28,"oo":9,"po":32.1,"ao":4,"ml":1796.5,"mf":1842.161,"br":2,"rs":2,"pr":7.1,"no":0,"s":42.2,"sp":4.43,"r_oo":0.17,"r_mf":0.555,"r_rs":0.413,"r_n":0.65,"r_sol":0.885}},{"type":"Feature","geometry":{"type":"Polygon","coordinates":[[[-70.20561,41.74432],[-70.20782,41.74344],[-70.2079,41.74166],[-70.20576,41.74076],[-70.20355,41.74164],[-70.20347,41.74341],[-70.20561,41.74432]]]},"properties":{"h":"892a310f633ffff","t":"Dennis","v":"Dennis","n":49,"oo":20,"po":40.8,"ao":6,"ml":2022,"mf":2070.958,"br":17,"rs":2,"pr":4.1,"no":0,"s":49.4,"sp":4.43,"r_oo":0.251,"r_mf":0.716,"r_rs":0.266,"r_n":0.868,"r_sol":0.885}},{"type":"Feature","geometry":{"type":"Polygon","coordinates":[[[-70.20355,41.74164],[-70.20576,41.74076],[-70.20583,41.73898],[-70.2037,41.73808],[-70.20148,41.73896],[-70.20141,41.74073],[-70.20355,41.74164]]]},"properties":{"h":"892a310f637ffff","t":"Dennis","v":"Dennis","n":19,"oo":7,"po":36.8,"ao":5,"ml":2009,"mf":1989.348,"br":5,"rs":1,"pr":5.3,"no":0,"s":43.3,"sp":4.43,"r_oo":0.212,"r_mf":0.659,"r_rs":0.318,"r_n":0.472,"r_sol":0.885}},{"type":"Feature","geometry":{"type":"Polygon","coordinates":[[[-70.20996,41.74435],[-70.21218,41.74347],[-70.21225,41.74169],[-70.21011,41.74079],[-70.2079,41.74166],[-70.20782,41.74344],[-70.20996,41.74435]]]},"properties":{"h":"892a310f63bffff","t":"Dennis","v":"Dennis","n":38,"oo":5,"po":13.2,"ao":8,"ml":2142,"mf":1882.457,"br":9,"rs":0,"pr":0,"no":0,"s":35.3,"sp":4.43,"r_oo":0.057,"r_mf":0.591,"r_rs":0.109,"r_n":0.773,"r_sol":0.885}},{"type":"Feature","geometry":{"type":"Polygon","coordinates":[[[-70.2166,41.74172],[-70.21881,41.74084],[-70.21889,41.73907],[-70.21675,41.73816],[-70.21454,41.73904],[-70.21446,41.74082],[-70.2166,41.74172]]]},"properties":{"h":"892a310f667ffff","t":"Dennis","v":"Dennis","n":57,"oo":23,"po":40.4,"ao":8,"ml":2048,"mf":1551.172,"br":3,"rs":1,"pr":1.8,"no":0,"s":39.5,"sp":4.43,"r_oo":0.247,"r_mf":0.331,"r_rs":0.219,"r_n":0.916,"r_sol":0.885}},{"type":"Feature","geometry":{"type":"Polygon","coordinates":[[[-70.22095,41.74175],[-70.22317,41.74087],[-70.22324,41.73909],[-70.2211,41.73819],[-70.21889,41.73907],[-70.21881,41.74084],[-70.22095,41.74175]]]},"properties":{"h":"892a310f66fffff","t":"Dennis","v":"Dennis","n":53,"oo":11,"po":20.8,"ao":8,"ml":1562,"mf":1096.994,"br":1,"rs":2,"pr":3.8,"no":0,"s":27.1,"sp":4.43,"r_oo":0.108,"r_mf":0.046,"r_rs":0.258,"r_n":0.891,"r_sol":0.885}},{"type":"Feature","geometry":{"type":"Polygon","coordinates":[[[-70.21431,41.74437],[-70.21653,41.7435],[-70.2166,41.74172],[-70.21446,41.74082],[-70.21225,41.74169],[-70.21218,41.74347],[-70.21431,41.74437]]]},"properties":{"h":"892a310f677ffff","t":"Dennis","v":"Dennis","n":24,"oo":5,"po":20.8,"ao":7,"ml":2293,"mf":2070.936,"br":5,"rs":0,"pr":0,"no":0,"s":38.4,"sp":4.43,"r_oo":0.108,"r_mf":0.716,"r_rs":0.109,"r_n":0.573,"r_sol":0.885}},{"type":"Feature","geometry":{"type":"Polygon","coordinates":[[[-70.19897,41.74694],[-70.20119,41.74607],[-70.20126,41.74429],[-70.19912,41.74339],[-70.19691,41.74426],[-70.19683,41.74604],[-70.19897,41.74694]]]},"properties":{"h":"892a310f6a3ffff","t":"Dennis","v":"Dennis","n":11,"oo":2,"po":18.2,"ao":3,"ml":2013,"mf":1543.599,"br":3,"rs":2,"pr":18.2,"no":0,"s":36.3,"sp":4.43,"r_oo":0.087,"r_mf":0.321,"r_rs":0.887,"r_n":0.266,"r_sol":0.885}},{"type":"Feature","geometry":{"type":"Polygon","coordinates":[[[-70.19691,41.74426],[-70.19912,41.74339],[-70.1992,41.74161],[-70.19706,41.74071],[-70.19485,41.74158],[-70.19477,41.74336],[-70.19691,41.74426]]]},"properties":{"h":"892a310f6a7ffff","t":"Dennis","v":"Dennis","n":32,"oo":10,"po":31.2,"ao":10,"ml":1794,"mf":2127.101,"br":8,"rs":2,"pr":6.2,"no":0,"s":46.4,"sp":4.43,"r_oo":0.163,"r_mf":0.74,"r_rs":0.362,"r_n":0.71,"r_sol":0.885}},{"type":"Feature","geometry":{"type":"Polygon","coordinates":[[[-70.20332,41.74697],[-70.20554,41.7461],[-70.20561,41.74432],[-70.20347,41.74341],[-70.20126,41.74429],[-70.20119,41.74607],[-70.20332,41.74697]]]},"properties":{"h":"892a310f6abffff","t":"Dennis","v":"Dennis","n":43,"oo":17,"po":39.5,"ao":5,"ml":2147,"mf":1734.653,"br":11,"rs":4,"pr":9.3,"no":0,"s":46.2,"sp":4.43,"r_oo":0.23,"r_mf":0.475,"r_rs":0.538,"r_n":0.821,"r_sol":0.885}},{"type":"Feature","geometry":{"type":"Polygon","coordinates":[[[-70.20126,41.74429],[-70.20347,41.74341],[-70.20355,41.74164],[-70.20141,41.74073],[-70.1992,41.74161],[-70.19912,41.74339],[-70.20126,41.74429]]]},"properties":{"h":"892a310f6afffff","t":"Dennis","v":"Dennis","n":42,"oo":9,"po":21.4,"ao":11,"ml":2067.5,"mf":1741.914,"br":7,"rs":5,"pr":11.9,"no":0,"s":43.6,"sp":4.43,"r_oo":0.111,"r_mf":0.481,"r_rs":0.675,"r_n":0.813,"r_sol":0.885}},{"type":"Feature","geometry":{"type":"Polygon","coordinates":[[[-70.19669,41.7496],[-70.1989,41.74872],[-70.19897,41.74694],[-70.19683,41.74604],[-70.19462,41.74691],[-70.19455,41.74869],[-70.19669,41.7496]]]},"properties":{"h":"892a310f6b3ffff","t":"Dennis","v":"Dennis","n":18,"oo":4,"po":22.2,"ao":7,"ml":3555,"mf":2623.022,"br":10,"rs":1,"pr":5.6,"no":0,"s":45.5,"sp":4.43,"r_oo":0.118,"r_mf":0.899,"r_rs":0.332,"r_n":0.448,"r_sol":0.885}},{"type":"Feature","geometry":{"type":"Polygon","coordinates":[[[-70.19462,41.74691],[-70.19683,41.74604],[-70.19691,41.74426],[-70.19477,41.74336],[-70.19256,41.74423],[-70.19248,41.74601],[-70.19462,41.74691]]]},"properties":{"h":"892a310f6b7ffff","t":"Dennis","v":"Dennis","n":13,"oo":6,"po":46.2,"ao":0,"ml":1764,"mf":1140.132,"br":2,"rs":1,"pr":7.7,"no":0,"s":32.3,"sp":4.43,"r_oo":0.301,"r_mf":0.062,"r_rs":0.442,"r_n":0.318,"r_sol":0.885}},{"type":"Feature","geometry":{"type":"Polygon","coordinates":[[[-70.20104,41.74962],[-70.20325,41.74875],[-70.20332,41.74697],[-70.20119,41.74607],[-70.19897,41.74694],[-70.1989,41.74872],[-70.20104,41.74962]]]},"properties":{"h":"892a310f6bbffff","t":"Dennis","v":"Dennis","n":15,"oo":1,"po":6.7,"ao":6,"ml":2520,"mf":2213.993,"br":6,"rs":0,"pr":0,"no":0,"s":34.9,"sp":4.43,"r_oo":0.032,"r_mf":0.776,"r_rs":0.109,"r_n":0.369,"r_sol":0.885}}]}