{"type":"FeatureCollection","features":[{"type":"Feature","geometry":{"type":"Polygon","coordinates":[[[-70.18243,41.67484],[-70.18464,41.67396],[-70.18472,41.67219],[-70.18258,41.67128],[-70.18038,41.67216],[-70.1803,41.67393],[-70.18243,41.67484]]]},"properties":{"h":"892a310c003ffff","t":"Yarmouth","v":"South Yarmouth","n":39,"oo":25,"po":64.1,"ao":2,"ml":1392,"mf":1734.712,"br":2,"rs":2,"pr":5.1,"no":0,"s":52.1,"sp":7.24,"r_oo":0.528,"r_mf":0.475,"r_rs":0.31,"r_n":0.787,"r_sol":0.652}},{"type":"Feature","geometry":{"type":"Polygon","coordinates":[[[-70.18038,41.67216],[-70.18258,41.67128],[-70.18266,41.66951],[-70.18053,41.6686],[-70.17832,41.66948],[-70.17824,41.67125],[-70.18038,41.67216]]]},"properties":{"h":"892a310c007ffff","t":"Yarmouth","v":"South Yarmouth","n":20,"oo":9,"po":45,"ao":3,"ml":1771,"mf":2332.687,"br":7,"rs":4,"pr":20,"no":0,"s":57.3,"sp":7.24,"r_oo":0.289,"r_mf":0.819,"r_rs":0.919,"r_n":0.495,"r_sol":0.652}},{"type":"Feature","geometry":{"type":"Polygon","coordinates":[[[-70.18678,41.67486],[-70.18899,41.67399],[-70.18906,41.67221],[-70.18693,41.67131],[-70.18472,41.67219],[-70.18464,41.67396],[-70.18678,41.67486]]]},"properties":{"h":"892a310c00bffff","t":"Yarmouth","v":"South Yarmouth","n":11,"oo":9,"po":81.8,"ao":0,"ml":1392,"mf":1362.555,"br":0,"rs":1,"pr":9.1,"no":0,"s":55.2,"sp":7.24,"r_oo":0.833,"r_mf":0.193,"r_rs":0.524,"r_n":0.266,"r_sol":0.652}},{"type":"Feature","geometry":{"type":"Polygon","coordinates":[[[-70.18472,41.67219],[-70.18693,41.67131],[-70.187,41.66954],[-70.18487,41.66863],[-70.18266,41.66951],[-70.18258,41.67128],[-70.18472,41.67219]]]},"properties":{"h":"892a310c00fffff","t":"Yarmouth","v":"South Yarmouth","n":40,"oo":23,"po":57.5,"ao":4,"ml":1135,"mf":1245.187,"br":2,"rs":4,"pr":10,"no":0,"s":43.3,"sp":7.24,"r_oo":0.431,"r_mf":0.117,"r_rs":0.575,"r_n":0.796,"r_sol":0.652}},{"type":"Feature","geometry":{"type":"Polygon","coordinates":[[[-70.18015,41.67749],[-70.18236,41.67661],[-70.18243,41.67484],[-70.1803,41.67393],[-70.17809,41.67481],[-70.17801,41.67658],[-70.18015,41.67749]]]},"properties":{"h":"892a310c013ffff","t":"Yarmouth","v":"South Yarmouth","n":11,"oo":8,"po":72.7,"ao":0,"ml":1272,"mf":1556.856,"br":1,"rs":1,"pr":9.1,"no":0,"s":52.3,"sp":7.24,"r_oo":0.674,"r_mf":0.332,"r_rs":0.524,"r_n":0.266,"r_sol":0.652}},{"type":"Feature","geometry":{"type":"Polygon","coordinates":[[[-70.18449,41.67752],[-70.1867,41.67664],[-70.18678,41.67486],[-70.18464,41.67396],[-70.18243,41.67484],[-70.18236,41.67661],[-70.18449,41.67752]]]},"properties":{"h":"892a310c01bffff","t":"Yarmouth","v":"South Yarmouth","n":38,"oo":22,"po":57.9,"ao":0,"ml":1286.5,"mf":1516.732,"br":1,"rs":1,"pr":2.6,"no":0,"s":42.5,"sp":7.24,"r_oo":0.435,"r_mf":0.3,"r_rs":0.226,"r_n":0.773,"r_sol":0.652}},{"type":"Feature","geometry":{"type":"Polygon","coordinates":[[[-70.18494,41.66686],[-70.18715,41.66598],[-70.18723,41.66421],[-70.18509,41.6633],[-70.18289,41.66418],[-70.18281,41.66595],[-70.18494,41.66686]]]},"properties":{"h":"892a310c02bffff","t":"Yarmouth","v":"South Yarmouth","n":26,"oo":15,"po":57.7,"ao":5,"ml":2107.5,"mf":1569.25,"br":4,"rs":4,"pr":15.4,"no":0,"s":50.7,"sp":7.24,"r_oo":0.433,"r_mf":0.339,"r_rs":0.818,"r_n":0.615,"r_sol":0.652}},{"type":"Feature","geometry":{"type":"Polygon","coordinates":[[[-70.18266,41.66951],[-70.18487,41.66863],[-70.18494,41.66686],[-70.18281,41.66595],[-70.1806,41.66683],[-70.18053,41.6686],[-70.18266,41.66951]]]},"properties":{"h":"892a310c03bffff","t":"Yarmouth","v":"South Yarmouth","n":20,"oo":12,"po":60,"ao":2,"ml":1733,"mf":1641.444,"br":3,"rs":1,"pr":5,"no":0,"s":44.7,"sp":7.24,"r_oo":0.466,"r_mf":0.398,"r_rs":0.306,"r_n":0.495,"r_sol":0.652}},{"type":"Feature","geometry":{"type":"Polygon","coordinates":[[[-70.19318,41.67757],[-70.19539,41.6767],[-70.19547,41.67492],[-70.19333,41.67402],[-70.19112,41.67489],[-70.19105,41.67667],[-70.19318,41.67757]]]},"properties":{"h":"892a310c043ffff","t":"Yarmouth","v":"South Yarmouth","n":20,"oo":13,"po":65,"ao":2,"ml":1025.5,"mf":1377.89,"br":1,"rs":2,"pr":10,"no":0,"s":46.7,"sp":7.24,"r_oo":0.538,"r_mf":0.204,"r_rs":0.575,"r_n":0.495,"r_sol":0.652}},{"type":"Feature","geometry":{"type":"Polygon","coordinates":[[[-70.19112,41.67489],[-70.19333,41.67402],[-70.19341,41.67224],[-70.19127,41.67134],[-70.18906,41.67221],[-70.18899,41.67399],[-70.19112,41.67489]]]},"properties":{"h":"892a310c047ffff","t":"Yarmouth","v":"South Yarmouth","n":31,"oo":17,"po":54.8,"ao":4,"ml":1347,"mf":1645.085,"br":5,"rs":4,"pr":12.9,"no":0,"s":50.5,"sp":7.24,"r_oo":0.4,"r_mf":0.403,"r_rs":0.727,"r_n":0.696,"r_sol":0.652}},{"type":"Feature","geometry":{"type":"Polygon","coordinates":[[[-70.19753,41.6776],[-70.19974,41.67672],[-70.19981,41.67495],[-70.19768,41.67405],[-70.19547,41.67492],[-70.19539,41.6767],[-70.19753,41.6776]]]},"properties":{"h":"892a310c04bffff","t":"Yarmouth","v":"South Yarmouth","n":59,"oo":36,"po":61,"ao":5,"ml":1255,"mf":1691.067,"br":3,"rs":7,"pr":11.9,"no":0,"s":56.2,"sp":7.24,"r_oo":0.486,"r_mf":0.436,"r_rs":0.675,"r_n":0.923,"r_sol":0.652}},{"type":"Feature","geometry":{"type":"Polygon","coordinates":[[[-70.19547,41.67492],[-70.19768,41.67405],[-70.19775,41.67227],[-70.19562,41.67137],[-70.19341,41.67224],[-70.19333,41.67402],[-70.19547,41.67492]]]},"properties":{"h":"892a310c04fffff","t":"Yarmouth","v":"South Yarmouth","n":63,"oo":44,"po":69.8,"ao":5,"ml":1334,"mf":1701.683,"br":3,"rs":2,"pr":3.2,"no":0,"s":55.4,"sp":7.24,"r_oo":0.617,"r_mf":0.447,"r_rs":0.24,"r_n":0.939,"r_sol":0.652}},{"type":"Feature","geometry":{"type":"Polygon","coordinates":[[[-70.1909,41.68022],[-70.19311,41.67935],[-70.19318,41.67757],[-70.19105,41.67667],[-70.18884,41.67754],[-70.18877,41.67932],[-70.1909,41.68022]]]},"properties":{"h":"892a310c053ffff","t":"Yarmouth","v":"South Yarmouth","n":43,"oo":29,"po":67.4,"ao":5,"ml":1152,"mf":1545.555,"br":0,"rs":4,"pr":9.3,"no":0,"s":54.3,"sp":7.24,"r_oo":0.583,"r_mf":0.325,"r_rs":0.538,"r_n":0.821,"r_sol":0.652}},{"type":"Feature","geometry":{"type":"Polygon","coordinates":[[[-70.18884,41.67754],[-70.19105,41.67667],[-70.19112,41.67489],[-70.18899,41.67399],[-70.18678,41.67486],[-70.1867,41.67664],[-70.18884,41.67754]]]},"properties":{"h":"892a310c057ffff","t":"Yarmouth","v":"South Yarmouth","n":30,"oo":18,"po":60,"ao":3,"ml":1078,"mf":1423.629,"br":0,"rs":2,"pr":6.7,"no":0,"s":43.7,"sp":7.24,"r_oo":0.466,"r_mf":0.233,"r_rs":0.389,"r_n":0.682,"r_sol":0.652}},{"type":"Feature","geometry":{"type":"Polygon","coordinates":[[[-70.19135,41.66956],[-70.19356,41.66869],[-70.19363,41.66691],[-70.1915,41.66601],[-70.18929,41.66688],[-70.18921,41.66866],[-70.19135,41.66956]]]},"properties":{"h":"892a310c063ffff","t":"Yarmouth","v":"South Yarmouth","n":59,"oo":39,"po":66.1,"ao":5,"ml":1240,"mf":1386.856,"br":0,"rs":6,"pr":10.2,"no":0,"s":51.9,"sp":7.24,"r_oo":0.548,"r_mf":0.211,"r_rs":0.592,"r_n":0.923,"r_sol":0.652}},{"type":"Feature","geometry":{"type":"Polygon","coordinates":[[[-70.18929,41.66688],[-70.1915,41.66601],[-70.19157,41.66423],[-70.18944,41.66333],[-70.18723,41.66421],[-70.18715,41.66598],[-70.18929,41.66688]]]},"properties":{"h":"892a310c067ffff","t":"Yarmouth","v":"South Yarmouth","n":31,"oo":18,"po":58.1,"ao":5,"ml":1476,"mf":1427.317,"br":3,"rs":5,"pr":16.1,"no":0,"s":49.5,"sp":7.24,"r_oo":0.437,"r_mf":0.237,"r_rs":0.84,"r_n":0.696,"r_sol":0.652}},{"type":"Feature","geometry":{"type":"Polygon","coordinates":[[[-70.19569,41.66959],[-70.1979,41.66872],[-70.19798,41.66694],[-70.19584,41.66604],[-70.19363,41.66691],[-70.19356,41.66869],[-70.19569,41.66959]]]},"properties":{"h":"892a310c06bffff","t":"Yarmouth","v":"South Yarmouth","n":74,"oo":35,"po":47.3,"ao":7,"ml":1252,"mf":1465.239,"br":4,"rs":9,"pr":12.2,"no":0,"s":45.6,"sp":7.24,"r_oo":0.312,"r_mf":0.263,"r_rs":0.683,"r_n":0.972,"r_sol":0.652}},{"type":"Feature","geometry":{"type":"Polygon","coordinates":[[[-70.19363,41.66691],[-70.19584,41.66604],[-70.19592,41.66426],[-70.19378,41.66336],[-70.19157,41.66423],[-70.1915,41.66601],[-70.19363,41.66691]]]},"properties":{"h":"892a310c06fffff","t":"Yarmouth","v":"South Yarmouth","n":26,"oo":14,"po":53.8,"ao":1,"ml":1030,"mf":1057.334,"br":1,"rs":2,"pr":7.7,"no":0,"s":35.5,"sp":7.24,"r_oo":0.383,"r_mf":0.035,"r_rs":0.442,"r_n":0.615,"r_sol":0.652}},{"type":"Feature","geometry":{"type":"Polygon","coordinates":[[[-70.18906,41.67221],[-70.19127,41.67134],[-70.19135,41.66956],[-70.18921,41.66866],[-70.187,41.66954],[-70.18693,41.67131],[-70.18906,41.67221]]]},"properties":{"h":"892a310c073ffff","t":"Yarmouth","v":"South Yarmouth","n":64,"oo":34,"po":53.1,"ao":6,"ml":1086.5,"mf":1208.433,"br":1,"rs":12,"pr":18.8,"no":0,"s":46.8,"sp":7.24,"r_oo":0.377,"r_mf":0.093,"r_rs":0.898,"r_n":0.944,"r_sol":0.652}},{"type":"Feature","geometry":{"type":"Polygon","coordinates":[[[-70.187,41.66954],[-70.18921,41.66866],[-70.18929,41.66688],[-70.18715,41.66598],[-70.18494,41.66686],[-70.18487,41.66863],[-70.187,41.66954]]]},"properties":{"h":"892a310c077ffff","t":"Yarmouth","v":"South Yarmouth","n":16,"oo":13,"po":81.2,"ao":1,"ml":1399,"mf":1292.079,"br":0,"rs":6,"pr":37.5,"no":0,"s":62.1,"sp":7.24,"r_oo":0.823,"r_mf":0.151,"r_rs":0.993,"r_n":0.401,"r_sol":0.652}},{"type":"Feature","geometry":{"type":"Polygon","coordinates":[[[-70.19341,41.67224],[-70.19562,41.67137],[-70.19569,41.66959],[-70.19356,41.66869],[-70.19135,41.66956],[-70.19127,41.67134],[-70.19341,41.67224]]]},"properties":{"h":"892a310c07bffff","t":"Yarmouth","v":"South Yarmouth","n":14,"oo":10,"po":71.4,"ao":1,"ml":1986,"mf":2022.204,"br":4,"rs":1,"pr":7.1,"no":0,"s":59.3,"sp":7.24,"r_oo":0.652,"r_mf":0.684,"r_rs":0.413,"r_n":0.341,"r_sol":0.652}},{"type":"Feature","geometry":{"type":"Polygon","coordinates":[[[-70.17352,41.68011],[-70.17573,41.67923],[-70.1758,41.67746],[-70.17367,41.67656],[-70.17146,41.67743],[-70.17138,41.67921],[-70.17352,41.68011]]]},"properties":{"h":"892a310c083ffff","t":"Yarmouth","v":"South Yarmouth","n":36,"oo":18,"po":50,"ao":1,"ml":1780,"mf":2135.674,"br":11,"rs":5,"pr":13.9,"no":0,"s":57.8,"sp":7.24,"r_oo":0.341,"r_mf":0.745,"r_rs":0.768,"r_n":0.75,"r_sol":0.652}},{"type":"Feature","geometry":{"type":"Polygon","coordinates":[[[-70.17146,41.67743],[-70.17367,41.67656],[-70.17375,41.67478],[-70.17161,41.67388],[-70.1694,41.67475],[-70.16933,41.67653],[-70.17146,41.67743]]]},"properties":{"h":"892a310c087ffff","t":"Yarmouth","v":"South Yarmouth","n":13,"oo":6,"po":46.2,"ao":1,"ml":2626,"mf":2903.487,"br":10,"rs":1,"pr":7.7,"no":0,"s":51.7,"sp":7.24,"r_oo":0.301,"r_mf":0.933,"r_rs":0.442,"r_n":0.318,"r_sol":0.652}},{"type":"Feature","geometry":{"type":"Polygon","coordinates":[[[-70.17786,41.68014],[-70.18007,41.67926],[-70.18015,41.67749],[-70.17801,41.67658],[-70.1758,41.67746],[-70.17573,41.67923],[-70.17786,41.68014]]]},"properties":{"h":"892a310c08bffff","t":"Yarmouth","v":"South Yarmouth","n":26,"oo":19,"po":73.1,"ao":2,"ml":1429,"mf":2046.638,"br":4,"rs":3,"pr":11.5,"no":0,"s":67.2,"sp":7.24,"r_oo":0.679,"r_mf":0.7,"r_rs":0.659,"r_n":0.615,"r_sol":0.652}},{"type":"Feature","geometry":{"type":"Polygon","coordinates":[[[-70.1758,41.67746],[-70.17801,41.67658],[-70.17809,41.67481],[-70.17596,41.67391],[-70.17375,41.67478],[-70.17367,41.67656],[-70.1758,41.67746]]]},"properties":{"h":"892a310c08fffff","t":"Yarmouth","v":"South Yarmouth","n":5,"oo":3,"po":60,"ao":0,"ml":1452,"mf":1804.816,"br":0,"rs":1,"pr":20,"no":0,"s":52.3,"sp":7.24,"r_oo":0.466,"r_mf":0.525,"r_rs":0.919,"r_n":0.024,"r_sol":0.652}},{"type":"Feature","geometry":{"type":"Polygon","coordinates":[[[-70.17123,41.68276],[-70.17344,41.68189],[-70.17352,41.68011],[-70.17138,41.67921],[-70.16917,41.68008],[-70.1691,41.68186],[-70.17123,41.68276]]]},"properties":{"h":"892a310c093ffff","t":"Yarmouth","v":"South Yarmouth","n":38,"oo":30,"po":78.9,"ao":1,"ml":2071.5,"mf":2536.979,"br":20,"rs":5,"pr":13.2,"no":0,"s":78.6,"sp":7.24,"r_oo":0.776,"r_mf":0.885,"r_rs":0.742,"r_n":0.773,"r_sol":0.652}},{"type":"Feature","geometry":{"type":"Polygon","coordinates":[[[-70.16917,41.68008],[-70.17138,41.67921],[-70.17146,41.67743],[-70.16933,41.67653],[-70.16711,41.6774],[-70.16704,41.67918],[-70.16917,41.68008]]]},"properties":{"h":"892a310c097ffff","t":"Yarmouth","v":"South Yarmouth","n":10,"oo":2,"po":20,"ao":3,"ml":2021,"mf":2348.501,"br":5,"rs":1,"pr":10,"no":0,"s":42.1,"sp":7.24,"r_oo":0.1,"r_mf":0.826,"r_rs":0.575,"r_n":0.234,"r_sol":0.652}},{"type":"Feature","geometry":{"type":"Polygon","coordinates":[[[-70.17558,41.68279],[-70.17779,41.68191],[-70.17786,41.68014],[-70.17573,41.67923],[-70.17352,41.68011],[-70.17344,41.68189],[-70.17558,41.68279]]]},"properties":{"h":"892a310c09bffff","t":"Yarmouth","v":"South Yarmouth","n":44,"oo":32,"po":72.7,"ao":5,"ml":1436,"mf":1989.042,"br":3,"rs":5,"pr":11.4,"no":0,"s":68,"sp":7.24,"r_oo":0.674,"r_mf":0.656,"r_rs":0.654,"r_n":0.829,"r_sol":0.652}},{"type":"Feature","geometry":{"type":"Polygon","coordinates":[[[-70.18221,41.68017],[-70.18442,41.67929],[-70.18449,41.67752],[-70.18236,41.67661],[-70.18015,41.67749],[-70.18007,41.67926],[-70.18221,41.68017]]]},"properties":{"h":"892a310c0c7ffff","t":"Yarmouth","v":"South Yarmouth","n":34,"oo":24,"po":70.6,"ao":4,"ml":1405,"mf":1907.566,"br":3,"rs":1,"pr":2.9,"no":0,"s":58.1,"sp":7.24,"r_oo":0.637,"r_mf":0.61,"r_rs":0.232,"r_n":0.732,"r_sol":0.652}},{"type":"Feature","geometry":{"type":"Polygon","coordinates":[[[-70.18862,41.68287],[-70.19083,41.682],[-70.1909,41.68022],[-70.18877,41.67932],[-70.18655,41.68019],[-70.18648,41.68197],[-70.18862,41.68287]]]},"properties":{"h":"892a310c0cbffff","t":"Yarmouth","v":"South Yarmouth","n":34,"oo":26,"po":76.5,"ao":4,"ml":1219,"mf":1729.981,"br":1,"rs":2,"pr":5.9,"no":0,"s":60,"sp":7.24,"r_oo":0.731,"r_mf":0.47,"r_rs":0.345,"r_n":0.732,"r_sol":0.652}},{"type":"Feature","geometry":{"type":"Polygon","coordinates":[[[-70.18655,41.68019],[-70.18877,41.67932],[-70.18884,41.67754],[-70.1867,41.67664],[-70.18449,41.67752],[-70.18442,41.67929],[-70.18655,41.68019]]]},"properties":{"h":"892a310c0cfffff","t":"Yarmouth","v":"South Yarmouth","n":16,"oo":12,"po":75,"ao":1,"ml":1215,"mf":1666.159,"br":0,"rs":2,"pr":12.5,"no":0,"s":59.8,"sp":7.24,"r_oo":0.709,"r_mf":0.415,"r_rs":0.702,"r_n":0.401,"r_sol":0.652}},{"type":"Feature","geometry":{"type":"Polygon","coordinates":[[[-70.18198,41.6855],[-70.18419,41.68462],[-70.18427,41.68285],[-70.18213,41.68194],[-70.17992,41.68282],[-70.17985,41.68459],[-70.18198,41.6855]]]},"properties":{"h":"892a310c0d3ffff","t":"Yarmouth","v":"South Yarmouth","n":6,"oo":4,"po":66.7,"ao":0,"ml":1758,"mf":1906.941,"br":2,"rs":1,"pr":16.7,"no":0,"s":57.9,"sp":7.24,"r_oo":0.565,"r_mf":0.609,"r_rs":0.858,"r_n":0.072,"r_sol":0.652}},{"type":"Feature","geometry":{"type":"Polygon","coordinates":[[[-70.17992,41.68282],[-70.18213,41.68194],[-70.18221,41.68017],[-70.18007,41.67926],[-70.17786,41.68014],[-70.17779,41.68191],[-70.17992,41.68282]]]},"properties":{"h":"892a310c0d7ffff","t":"Yarmouth","v":"South Yarmouth","n":55,"oo":41,"po":74.5,"ao":2,"ml":1436,"mf":1926.663,"br":8,"rs":1,"pr":1.8,"no":0,"s":62.2,"sp":7.24,"r_oo":0.696,"r_mf":0.623,"r_rs":0.219,"r_n":0.904,"r_sol":0.652}},{"type":"Feature","geometry":{"type":"Polygon","coordinates":[[[-70.21285,41.67503],[-70.21506,41.67416],[-70.21513,41.67238],[-70.213,41.67148],[-70.21079,41.67235],[-70.21071,41.67413],[-70.21285,41.67503]]]},"properties":{"h":"892a310c203ffff","t":"Yarmouth","v":"South Yarmouth","n":76,"oo":49,"po":64.5,"ao":3,"ml":1198,"mf":1787.369,"br":2,"rs":5,"pr":6.6,"no":0,"s":56.2,"sp":7.24,"r_oo":0.533,"r_mf":0.513,"r_rs":0.383,"r_n":0.975,"r_sol":0.652}},{"type":"Feature","geometry":{"type":"Polygon","coordinates":[[[-70.21079,41.67235],[-70.213,41.67148],[-70.21307,41.6697],[-70.21094,41.6688],[-70.20873,41.66967],[-70.20865,41.67145],[-70.21079,41.67235]]]},"properties":{"h":"892a310c207ffff","t":"Yarmouth","v":"South Yarmouth","n":73,"oo":53,"po":72.6,"ao":5,"ml":1196,"mf":1557.038,"br":2,"rs":10,"pr":13.7,"no":0,"s":62.8,"sp":7.24,"r_oo":0.67,"r_mf":0.333,"r_rs":0.762,"r_n":0.97,"r_sol":0.652}},{"type":"Feature","geometry":{"type":"Polygon","coordinates":[[[-70.21719,41.67506],[-70.2194,41.67418],[-70.21948,41.67241],[-70.21734,41.6715],[-70.21513,41.67238],[-70.21506,41.67416],[-70.21719,41.67506]]]},"properties":{"h":"892a310c20bffff","t":"Yarmouth","v":"West Yarmouth","n":28,"oo":20,"po":71.4,"ao":4,"ml":1398,"mf":1584.567,"br":1,"rs":1,"pr":3.6,"no":0,"s":51.7,"sp":7.24,"r_oo":0.652,"r_mf":0.354,"r_rs":0.25,"r_n":0.65,"r_sol":0.652}},{"type":"Feature","geometry":{"type":"Polygon","coordinates":[[[-70.21513,41.67238],[-70.21734,41.6715],[-70.21742,41.66973],[-70.21528,41.66883],[-70.21307,41.6697],[-70.213,41.67148],[-70.21513,41.67238]]]},"properties":{"h":"892a310c20fffff","t":"Yarmouth","v":"West Yarmouth","n":61,"oo":45,"po":73.8,"ao":1,"ml":1144,"mf":1689.573,"br":3,"rs":4,"pr":6.6,"no":0,"s":59.9,"sp":7.24,"r_oo":0.688,"r_mf":0.432,"r_rs":0.383,"r_n":0.932,"r_sol":0.652}},{"type":"Feature","geometry":{"type":"Polygon","coordinates":[[[-70.21057,41.67768],[-70.21278,41.67681],[-70.21285,41.67503],[-70.21071,41.67413],[-70.2085,41.675],[-70.20843,41.67678],[-70.21057,41.67768]]]},"properties":{"h":"892a310c213ffff","t":"Yarmouth","v":"South Yarmouth","n":56,"oo":27,"po":48.2,"ao":4,"ml":1320.5,"mf":1857.715,"br":1,"rs":6,"pr":10.7,"no":0,"s":52,"sp":7.24,"r_oo":0.321,"r_mf":0.569,"r_rs":0.616,"r_n":0.91,"r_sol":0.652}},{"type":"Feature","geometry":{"type":"Polygon","coordinates":[[[-70.2085,41.675],[-70.21071,41.67413],[-70.21079,41.67235],[-70.20865,41.67145],[-70.20644,41.67232],[-70.20637,41.6741],[-70.2085,41.675]]]},"properties":{"h":"892a310c217ffff","t":"Yarmouth","v":"South Yarmouth","n":72,"oo":48,"po":66.7,"ao":3,"ml":1334,"mf":1915.962,"br":1,"rs":6,"pr":8.3,"no":0,"s":61.3,"sp":7.24,"r_oo":0.565,"r_mf":0.615,"r_rs":0.48,"r_n":0.966,"r_sol":0.652}},{"type":"Feature","geometry":{"type":"Polygon","coordinates":[[[-70.21491,41.67771],[-70.21712,41.67683],[-70.21719,41.67506],[-70.21506,41.67416],[-70.21285,41.67503],[-70.21278,41.67681],[-70.21491,41.67771]]]},"properties":{"h":"892a310c21bffff","t":"Yarmouth","v":"South Yarmouth","n":28,"oo":17,"po":60.7,"ao":3,"ml":1266,"mf":1749.671,"br":1,"rs":2,"pr":7.1,"no":0,"s":50.7,"sp":7.24,"r_oo":0.484,"r_mf":0.488,"r_rs":0.413,"r_n":0.65,"r_sol":0.652}},{"type":"Feature","geometry":{"type":"Polygon","coordinates":[[[-70.21101,41.66702],[-70.21322,41.66615],[-70.21329,41.66437],[-70.21116,41.66347],[-70.20895,41.66434],[-70.20887,41.66612],[-70.21101,41.66702]]]},"properties":{"h":"892a310c223ffff","t":"Yarmouth","v":"South Yarmouth","n":67,"oo":48,"po":71.6,"ao":4,"ml":1128,"mf":1528.818,"br":0,"rs":5,"pr":7.5,"no":0,"s":56.6,"sp":7.24,"r_oo":0.659,"r_mf":0.311,"r_rs":0.431,"r_n":0.953,"r_sol":0.652}},{"type":"Feature","geometry":{"type":"Polygon","coordinates":[[[-70.20895,41.66434],[-70.21116,41.66347],[-70.21123,41.66169],[-70.2091,41.66079],[-70.20689,41.66167],[-70.20681,41.66344],[-70.20895,41.66434]]]},"properties":{"h":"892a310c227ffff","t":"Yarmouth","v":"South Yarmouth","n":32,"oo":18,"po":56.2,"ao":0,"ml":1128,"mf":1520.557,"br":0,"rs":4,"pr":12.5,"no":0,"s":48.3,"sp":7.24,"r_oo":0.415,"r_mf":0.302,"r_rs":0.702,"r_n":0.71,"r_sol":0.652}},{"type":"Feature","geometry":{"type":"Polygon","coordinates":[[[-70.21535,41.66705],[-70.21756,41.66618],[-70.21764,41.6644],[-70.2155,41.6635],[-70.21329,41.66437],[-70.21322,41.66615],[-70.21535,41.66705]]]},"properties":{"h":"892a310c22bffff","t":"Yarmouth","v":"West Yarmouth","n":95,"oo":56,"po":58.9,"ao":8,"ml":988,"mf":1374.919,"br":0,"rs":6,"pr":6.3,"no":0,"s":45,"sp":7.24,"r_oo":0.447,"r_mf":0.203,"r_rs":0.374,"r_n":0.992,"r_sol":0.652}},{"type":"Feature","geometry":{"type":"Polygon","coordinates":[[[-70.21329,41.66437],[-70.2155,41.6635],[-70.21558,41.66172],[-70.21344,41.66082],[-70.21123,41.66169],[-70.21116,41.66347],[-70.21329,41.66437]]]},"properties":{"h":"892a310c22fffff","t":"Yarmouth","v":"West Yarmouth","n":92,"oo":69,"po":75,"ao":4,"ml":1263,"mf":1563.776,"br":0,"rs":8,"pr":8.7,"no":0,"s":60.7,"sp":7.24,"r_oo":0.709,"r_mf":0.336,"r_rs":0.5,"r_n":0.991,"r_sol":0.652}},{"type":"Feature","geometry":{"type":"Polygon","coordinates":[[[-70.20873,41.66967],[-70.21094,41.6688],[-70.21101,41.66702],[-70.20887,41.66612],[-70.20667,41.667],[-70.20659,41.66877],[-70.20873,41.66967]]]},"properties":{"h":"892a310c233ffff","t":"Yarmouth","v":"South Yarmouth","n":65,"oo":46,"po":70.8,"ao":3,"ml":1036,"mf":1374.585,"br":0,"rs":4,"pr":6.2,"no":0,"s":52.1,"sp":7.24,"r_oo":0.64,"r_mf":0.202,"r_rs":0.362,"r_n":0.948,"r_sol":0.652}},{"type":"Feature","geometry":{"type":"Polygon","coordinates":[[[-70.20667,41.667],[-70.20887,41.66612],[-70.20895,41.66434],[-70.20681,41.66344],[-70.2046,41.66432],[-70.20453,41.66609],[-70.20667,41.667]]]},"properties":{"h":"892a310c237ffff","t":"Yarmouth","v":"South Yarmouth","n":37,"oo":27,"po":73,"ao":1,"ml":1012,"mf":1452.527,"br":1,"rs":0,"pr":0,"no":0,"s":49.2,"sp":7.24,"r_oo":0.677,"r_mf":0.255,"r_rs":0.109,"r_n":0.76,"r_sol":0.652}},{"type":"Feature","geometry":{"type":"Polygon","coordinates":[[[-70.21307,41.6697],[-70.21528,41.66883],[-70.21535,41.66705],[-70.21322,41.66615],[-70.21101,41.66702],[-70.21094,41.6688],[-70.21307,41.6697]]]},"properties":{"h":"892a310c23bffff","t":"Yarmouth","v":"South Yarmouth","n":65,"oo":39,"po":60,"ao":6,"ml":1068,"mf":1436.418,"br":0,"rs":8,"pr":12.3,"no":0,"s":51.1,"sp":7.24,"r_oo":0.466,"r_mf":0.246,"r_rs":0.685,"r_n":0.948,"r_sol":0.652}},{"type":"Feature","geometry":{"type":"Polygon","coordinates":[[[-70.2236,41.67776],[-70.22581,41.67689],[-70.22588,41.67511],[-70.22375,41.67421],[-70.22154,41.67508],[-70.22147,41.67686],[-70.2236,41.67776]]]},"properties":{"h":"892a310c243ffff","t":"Yarmouth","v":"West Yarmouth","n":54,"oo":42,"po":77.8,"ao":4,"ml":1456,"mf":1657.516,"br":1,"rs":10,"pr":18.5,"no":0,"s":69.4,"sp":7.24,"r_oo":0.755,"r_mf":0.411,"r_rs":0.895,"r_n":0.897,"r_sol":0.652}},{"type":"Feature","geometry":{"type":"Polygon","coordinates":[[[-70.22154,41.67508],[-70.22375,41.67421],[-70.22382,41.67243],[-70.22169,41.67153],[-70.21948,41.67241],[-70.2194,41.67418],[-70.22154,41.67508]]]},"properties":{"h":"892a310c247ffff","t":"Yarmouth","v":"West Yarmouth","n":11,"oo":8,"po":72.7,"ao":2,"ml":1160,"mf":1692.608,"br":0,"rs":0,"pr":0,"no":0,"s":48.7,"sp":7.24,"r_oo":0.674,"r_mf":0.438,"r_rs":0.109,"r_n":0.266,"r_sol":0.652}},{"type":"Feature","geometry":{"type":"Polygon","coordinates":[[[-70.22795,41.67779],[-70.23016,41.67691],[-70.23023,41.67514],[-70.22809,41.67424],[-70.22588,41.67511],[-70.22581,41.67689],[-70.22795,41.67779]]]},"properties":{"h":"892a310c24bffff","t":"Yarmouth","v":"West Yarmouth","n":51,"oo":40,"po":78.4,"ao":0,"ml":1360,"mf":1814.565,"br":5,"rs":6,"pr":11.8,"no":0,"s":69.3,"sp":7.24,"r_oo":0.767,"r_mf":0.53,"r_rs":0.67,"r_n":0.88,"r_sol":0.652}},{"type":"Feature","geometry":{"type":"Polygon","coordinates":[[[-70.22588,41.67511],[-70.22809,41.67424],[-70.22817,41.67246],[-70.22603,41.67156],[-70.22382,41.67243],[-70.22375,41.67421],[-70.22588,41.67511]]]},"properties":{"h":"892a310c24fffff","t":"Yarmouth","v":"West Yarmouth","n":50,"oo":40,"po":80,"ao":3,"ml":1348,"mf":1923.778,"br":2,"rs":0,"pr":0,"no":0,"s":64.4,"sp":7.24,"r_oo":0.799,"r_mf":0.621,"r_rs":0.109,"r_n":0.875,"r_sol":0.652}},{"type":"Feature","geometry":{"type":"Polygon","coordinates":[[[-70.22132,41.68041],[-70.22353,41.67954],[-70.2236,41.67776],[-70.22147,41.67686],[-70.21926,41.67774],[-70.21918,41.67951],[-70.22132,41.68041]]]},"properties":{"h":"892a310c253ffff","t":"Yarmouth","v":"West Yarmouth","n":51,"oo":42,"po":82.4,"ao":2,"ml":1176,"mf":1653.074,"br":0,"rs":6,"pr":11.8,"no":0,"s":69.2,"sp":7.24,"r_oo":0.84,"r_mf":0.409,"r_rs":0.67,"r_n":0.88,"r_sol":0.652}},{"type":"Feature","geometry":{"type":"Polygon","coordinates":[[[-70.21926,41.67774],[-70.22147,41.67686],[-70.22154,41.67508],[-70.2194,41.67418],[-70.21719,41.67506],[-70.21712,41.67683],[-70.21926,41.67774]]]},"properties":{"h":"892a310c257ffff","t":"Yarmouth","v":"West Yarmouth","n":12,"oo":8,"po":66.7,"ao":3,"ml":1412,"mf":1589.23,"br":0,"rs":2,"pr":16.7,"no":0,"s":53.8,"sp":7.24,"r_oo":0.565,"r_mf":0.356,"r_rs":0.858,"r_n":0.292,"r_sol":0.652}},{"type":"Feature","geometry":{"type":"Polygon","coordinates":[[[-70.22566,41.68044],[-70.22787,41.67957],[-70.22795,41.67779],[-70.22581,41.67689],[-70.2236,41.67776],[-70.22353,41.67954],[-70.22566,41.68044]]]},"properties":{"h":"892a310c25bffff","t":"Yarmouth","v":"West Yarmouth","n":72,"oo":53,"po":73.6,"ao":4,"ml":1388.5,"mf":1440.931,"br":0,"rs":6,"pr":8.3,"no":0,"s":57,"sp":7.24,"r_oo":0.686,"r_mf":0.247,"r_rs":0.48,"r_n":0.966,"r_sol":0.652}},{"type":"Feature","geometry":{"type":"Polygon","coordinates":[[[-70.2197,41.66708],[-70.22191,41.6662],[-70.22198,41.66443],[-70.21985,41.66352],[-70.21764,41.6644],[-70.21756,41.66618],[-70.2197,41.66708]]]},"properties":{"h":"892a310c267ffff","t":"Yarmouth","v":"West Yarmouth","n":59,"oo":42,"po":71.2,"ao":2,"ml":880,"mf":951.123,"br":0,"rs":5,"pr":8.5,"no":0,"s":49.1,"sp":7.24,"r_oo":0.644,"r_mf":0.009,"r_rs":0.49,"r_n":0.923,"r_sol":0.652}},{"type":"Feature","geometry":{"type":"Polygon","coordinates":[[[-70.21742,41.66973],[-70.21962,41.66885],[-70.2197,41.66708],[-70.21756,41.66618],[-70.21535,41.66705],[-70.21528,41.66883],[-70.21742,41.66973]]]},"properties":{"h":"892a310c277ffff","t":"Yarmouth","v":"West Yarmouth","n":69,"oo":45,"po":65.2,"ao":4,"ml":1100,"mf":1624.46,"br":0,"rs":10,"pr":14.5,"no":0,"s":59.3,"sp":7.24,"r_oo":0.541,"r_mf":0.382,"r_rs":0.798,"r_n":0.958,"r_sol":0.652}},{"type":"Feature","geometry":{"type":"Polygon","coordinates":[[[-70.20394,41.68031],[-70.20615,41.67943],[-70.20622,41.67765],[-70.20408,41.67675],[-70.20188,41.67763],[-70.2018,41.6794],[-70.20394,41.68031]]]},"properties":{"h":"892a310c283ffff","t":"Yarmouth","v":"South Yarmouth","n":62,"oo":45,"po":72.6,"ao":2,"ml":1401,"mf":1868.385,"br":6,"rs":5,"pr":8.1,"no":0,"s":64.2,"sp":7.24,"r_oo":0.67,"r_mf":0.579,"r_rs":0.469,"r_n":0.935,"r_sol":0.652}},{"type":"Feature","geometry":{"type":"Polygon","coordinates":[[[-70.20188,41.67763],[-70.20408,41.67675],[-70.20416,41.67498],[-70.20202,41.67407],[-70.19981,41.67495],[-70.19974,41.67672],[-70.20188,41.67763]]]},"properties":{"h":"892a310c287ffff","t":"Yarmouth","v":"South Yarmouth","n":63,"oo":51,"po":81,"ao":1,"ml":1300,"mf":1527.44,"br":0,"rs":3,"pr":4.8,"no":0,"s":60.9,"sp":7.24,"r_oo":0.819,"r_mf":0.31,"r_rs":0.299,"r_n":0.939,"r_sol":0.652}},{"type":"Feature","geometry":{"type":"Polygon","coordinates":[[[-70.20828,41.68033],[-70.21049,41.67946],[-70.21057,41.67768],[-70.20843,41.67678],[-70.20622,41.67765],[-70.20615,41.67943],[-70.20828,41.68033]]]},"properties":{"h":"892a310c28bffff","t":"Yarmouth","v":"South Yarmouth","n":66,"oo":41,"po":62.1,"ao":7,"ml":1420.5,"mf":1987.063,"br":6,"rs":6,"pr":9.1,"no":0,"s":60.1,"sp":7.24,"r_oo":0.495,"r_mf":0.654,"r_rs":0.524,"r_n":0.951,"r_sol":0.652}},{"type":"Feature","geometry":{"type":"Polygon","coordinates":[[[-70.20622,41.67765],[-70.20843,41.67678],[-70.2085,41.675],[-70.20637,41.6741],[-70.20416,41.67498],[-70.20408,41.67675],[-70.20622,41.67765]]]},"properties":{"h":"892a310c28fffff","t":"Yarmouth","v":"South Yarmouth","n":67,"oo":47,"po":70.1,"ao":2,"ml":1416,"mf":2020.868,"br":1,"rs":5,"pr":7.5,"no":0,"s":64.9,"sp":7.24,"r_oo":0.634,"r_mf":0.682,"r_rs":0.431,"r_n":0.953,"r_sol":0.652}},{"type":"Feature","geometry":{"type":"Polygon","coordinates":[[[-70.20165,41.68296],[-70.20386,41.68208],[-70.20394,41.68031],[-70.2018,41.6794],[-70.19959,41.68028],[-70.19952,41.68205],[-70.20165,41.68296]]]},"properties":{"h":"892a310c293ffff","t":"Yarmouth","v":"South Yarmouth","n":64,"oo":50,"po":78.1,"ao":2,"ml":1201.5,"mf":1753.931,"br":2,"rs":3,"pr":4.7,"no":0,"s":63.1,"sp":7.24,"r_oo":0.762,"r_mf":0.491,"r_rs":0.295,"r_n":0.944,"r_sol":0.652}},{"type":"Feature","geometry":{"type":"Polygon","coordinates":[[[-70.19959,41.68028],[-70.2018,41.6794],[-70.20188,41.67763],[-70.19974,41.67672],[-70.19753,41.6776],[-70.19746,41.67938],[-70.19959,41.68028]]]},"properties":{"h":"892a310c297ffff","t":"Yarmouth","v":"South Yarmouth","n":38,"oo":27,"po":71.1,"ao":3,"ml":1220,"mf":1674.305,"br":1,"rs":5,"pr":13.2,"no":0,"s":61.6,"sp":7.24,"r_oo":0.643,"r_mf":0.42,"r_rs":0.742,"r_n":0.773,"r_sol":0.652}},{"type":"Feature","geometry":{"type":"Polygon","coordinates":[[[-70.206,41.68298],[-70.20821,41.68211],[-70.20828,41.68033],[-70.20615,41.67943],[-70.20394,41.68031],[-70.20386,41.68208],[-70.206,41.68298]]]},"properties":{"h":"892a310c29bffff","t":"Yarmouth","v":"South Yarmouth","n":74,"oo":50,"po":67.6,"ao":6,"ml":1137,"mf":1682.897,"br":5,"rs":4,"pr":5.4,"no":0,"s":55.2,"sp":7.24,"r_oo":0.585,"r_mf":0.427,"r_rs":0.324,"r_n":0.972,"r_sol":0.652}},{"type":"Feature","geometry":{"type":"Polygon","coordinates":[[[-70.2021,41.6723],[-70.20431,41.67142],[-70.20438,41.66965],[-70.20225,41.66874],[-70.20004,41.66962],[-70.19996,41.6714],[-70.2021,41.6723]]]},"properties":{"h":"892a310c2a3ffff","t":"Yarmouth","v":"South Yarmouth","n":19,"oo":14,"po":73.7,"ao":0,"ml":1871,"mf":2027.831,"br":5,"rs":0,"pr":0,"no":0,"s":57.5,"sp":7.24,"r_oo":0.687,"r_mf":0.688,"r_rs":0.109,"r_n":0.472,"r_sol":0.652}},{"type":"Feature","geometry":{"type":"Polygon","coordinates":[[[-70.20004,41.66962],[-70.20225,41.66874],[-70.20232,41.66697],[-70.20019,41.66607],[-70.19798,41.66694],[-70.1979,41.66872],[-70.20004,41.66962]]]},"properties":{"h":"892a310c2a7ffff","t":"Yarmouth","v":"South Yarmouth","n":28,"oo":17,"po":60.7,"ao":6,"ml":1626,"mf":1926.358,"br":4,"rs":2,"pr":7.1,"no":0,"s":54.1,"sp":7.24,"r_oo":0.484,"r_mf":0.622,"r_rs":0.413,"r_n":0.65,"r_sol":0.652}},{"type":"Feature","geometry":{"type":"Polygon","coordinates":[[[-70.20644,41.67232],[-70.20865,41.67145],[-70.20873,41.66967],[-70.20659,41.66877],[-70.20438,41.66965],[-70.20431,41.67142],[-70.20644,41.67232]]]},"properties":{"h":"892a310c2abffff","t":"Yarmouth","v":"South Yarmouth","n":23,"oo":17,"po":73.9,"ao":1,"ml":1200,"mf":1521.709,"br":0,"rs":2,"pr":8.7,"no":0,"s":54.7,"sp":7.24,"r_oo":0.689,"r_mf":0.304,"r_rs":0.5,"r_n":0.554,"r_sol":0.652}},{"type":"Feature","geometry":{"type":"Polygon","coordinates":[[[-70.20438,41.66965],[-70.20659,41.66877],[-70.20667,41.667],[-70.20453,41.66609],[-70.20232,41.66697],[-70.20225,41.66874],[-70.20438,41.66965]]]},"properties":{"h":"892a310c2afffff","t":"Yarmouth","v":"South Yarmouth","n":32,"oo":18,"po":56.2,"ao":1,"ml":1627.5,"mf":1852.973,"br":2,"rs":2,"pr":6.2,"no":0,"s":49.7,"sp":7.24,"r_oo":0.415,"r_mf":0.563,"r_rs":0.362,"r_n":0.71,"r_sol":0.652}},{"type":"Feature","geometry":{"type":"Polygon","coordinates":[[[-70.19981,41.67495],[-70.20202,41.67407],[-70.2021,41.6723],[-70.19996,41.6714],[-70.19775,41.67227],[-70.19768,41.67405],[-70.19981,41.67495]]]},"properties":{"h":"892a310c2b3ffff","t":"Yarmouth","v":"South Yarmouth","n":72,"oo":51,"po":70.8,"ao":4,"ml":1302,"mf":1651.451,"br":0,"rs":8,"pr":11.1,"no":0,"s":61.5,"sp":7.24,"r_oo":0.64,"r_mf":0.407,"r_rs":0.639,"r_n":0.966,"r_sol":0.652}},{"type":"Feature","geometry":{"type":"Polygon","coordinates":[[[-70.19775,41.67227],[-70.19996,41.6714],[-70.20004,41.66962],[-70.1979,41.66872],[-70.19569,41.66959],[-70.19562,41.67137],[-70.19775,41.67227]]]},"properties":{"h":"892a310c2b7ffff","t":"Yarmouth","v":"South Yarmouth","n":33,"oo":20,"po":60.6,"ao":4,"ml":1543,"mf":1624.789,"br":5,"rs":3,"pr":9.1,"no":0,"s":50.5,"sp":7.24,"r_oo":0.482,"r_mf":0.383,"r_rs":0.524,"r_n":0.723,"r_sol":0.652}},{"type":"Feature","geometry":{"type":"Polygon","coordinates":[[[-70.20416,41.67498],[-70.20637,41.6741],[-70.20644,41.67232],[-70.20431,41.67142],[-70.2021,41.6723],[-70.20202,41.67407],[-70.20416,41.67498]]]},"properties":{"h":"892a310c2bbffff","t":"Yarmouth","v":"South Yarmouth","n":46,"oo":34,"po":73.9,"ao":2,"ml":1420,"mf":2021.701,"br":2,"rs":4,"pr":8.7,"no":0,"s":67.1,"sp":7.24,"r_oo":0.689,"r_mf":0.683,"r_rs":0.5,"r_n":0.846,"r_sol":0.652}},{"type":"Feature","geometry":{"type":"Polygon","coordinates":[[[-70.21469,41.68304],[-70.2169,41.68216],[-70.21697,41.68039],[-70.21484,41.67949],[-70.21263,41.68036],[-70.21255,41.68214],[-70.21469,41.68304]]]},"properties":{"h":"892a310c2c3ffff","t":"Yarmouth","v":"South Yarmouth","n":32,"oo":26,"po":81.2,"ao":0,"ml":1304,"mf":1883.229,"br":1,"rs":1,"pr":3.1,"no":0,"s":64.9,"sp":7.24,"r_oo":0.823,"r_mf":0.592,"r_rs":0.237,"r_n":0.71,"r_sol":0.652}},{"type":"Feature","geometry":{"type":"Polygon","coordinates":[[[-70.21263,41.68036],[-70.21484,41.67949],[-70.21491,41.67771],[-70.21278,41.67681],[-70.21057,41.67768],[-70.21049,41.67946],[-70.21263,41.68036]]]},"properties":{"h":"892a310c2c7ffff","t":"Yarmouth","v":"South Yarmouth","n":55,"oo":37,"po":67.3,"ao":6,"ml":1346,"mf":1892.775,"br":2,"rs":2,"pr":3.6,"no":0,"s":57.5,"sp":7.24,"r_oo":0.581,"r_mf":0.598,"r_rs":0.25,"r_n":0.904,"r_sol":0.652}},{"type":"Feature","geometry":{"type":"Polygon","coordinates":[[[-70.21904,41.68307],[-70.22124,41.68219],[-70.22132,41.68041],[-70.21918,41.67951],[-70.21697,41.68039],[-70.2169,41.68216],[-70.21904,41.68307]]]},"properties":{"h":"892a310c2cbffff","t":"Yarmouth","v":"West Yarmouth","n":50,"oo":34,"po":68,"ao":3,"ml":1152,"mf":1669.95,"br":0,"rs":4,"pr":8,"no":0,"s":56.3,"sp":7.24,"r_oo":0.591,"r_mf":0.418,"r_rs":0.462,"r_n":0.875,"r_sol":0.652}},{"type":"Feature","geometry":{"type":"Polygon","coordinates":[[[-70.21241,41.68569],[-70.21462,41.68482],[-70.21469,41.68304],[-70.21255,41.68214],[-70.21034,41.68301],[-70.21027,41.68479],[-70.21241,41.68569]]]},"properties":{"h":"892a310c2d3ffff","t":"Yarmouth","v":"South Yarmouth","n":15,"oo":10,"po":66.7,"ao":0,"ml":1288,"mf":1545.313,"br":1,"rs":3,"pr":20,"no":0,"s":54.7,"sp":7.24,"r_oo":0.565,"r_mf":0.324,"r_rs":0.919,"r_n":0.369,"r_sol":0.652}},{"type":"Feature","geometry":{"type":"Polygon","coordinates":[[[-70.21034,41.68301],[-70.21255,41.68214],[-70.21263,41.68036],[-70.21049,41.67946],[-70.20828,41.68033],[-70.20821,41.68211],[-70.21034,41.68301]]]},"properties":{"h":"892a310c2d7ffff","t":"Yarmouth","v":"South Yarmouth","n":29,"oo":20,"po":69,"ao":1,"ml":1120,"mf":1682.584,"br":1,"rs":4,"pr":13.8,"no":0,"s":59.5,"sp":7.24,"r_oo":0.604,"r_mf":0.427,"r_rs":0.765,"r_n":0.668,"r_sol":0.652}},{"type":"Feature","geometry":{"type":"Polygon","coordinates":[[[-70.21675,41.68572],[-70.21896,41.68484],[-70.21904,41.68307],[-70.2169,41.68216],[-70.21469,41.68304],[-70.21462,41.68482],[-70.21675,41.68572]]]},"properties":{"h":"892a310c2dbffff","t":"Yarmouth","v":"South Yarmouth","n":5,"oo":5,"po":100,"ao":0,"ml":1496,"mf":1472.918,"br":1,"rs":0,"pr":0,"no":0,"s":54.6,"sp":7.24,"r_oo":0.988,"r_mf":0.267,"r_rs":0.109,"r_n":0.024,"r_sol":0.652}},{"type":"Feature","geometry":{"type":"Polygon","coordinates":[[[-70.19842,41.65628],[-70.20063,41.65541],[-70.20071,41.65363],[-70.19857,41.65273],[-70.19636,41.6536],[-70.19629,41.65538],[-70.19842,41.65628]]]},"properties":{"h":"892a310c303ffff","t":"Yarmouth","v":"South Yarmouth","n":39,"oo":18,"po":46.2,"ao":6,"ml":2115,"mf":1683.147,"br":9,"rs":5,"pr":12.8,"no":0,"s":48,"sp":7.24,"r_oo":0.301,"r_mf":0.428,"r_rs":0.724,"r_n":0.787,"r_sol":0.652}},{"type":"Feature","geometry":{"type":"Polygon","coordinates":[[[-70.20277,41.65631],[-70.20498,41.65544],[-70.20505,41.65366],[-70.20292,41.65276],[-70.20071,41.65363],[-70.20063,41.65541],[-70.20277,41.65631]]]},"properties":{"h":"892a310c30bffff","t":"Yarmouth","v":"South Yarmouth","n":35,"oo":18,"po":51.4,"ao":5,"ml":1102,"mf":1276.206,"br":2,"rs":2,"pr":5.7,"no":0,"s":37.1,"sp":7.24,"r_oo":0.362,"r_mf":0.142,"r_rs":0.34,"r_n":0.741,"r_sol":0.652}},{"type":"Feature","geometry":{"type":"Polygon","coordinates":[[[-70.20071,41.65363],[-70.20292,41.65276],[-70.20299,41.65098],[-70.20086,41.65008],[-70.19865,41.65095],[-70.19857,41.65273],[-70.20071,41.65363]]]},"properties":{"h":"892a310c30fffff","t":"Yarmouth","v":"South Yarmouth","n":29,"oo":10,"po":34.5,"ao":2,"ml":2427,"mf":2309.269,"br":14,"rs":7,"pr":24.1,"no":0,"s":55.8,"sp":7.24,"r_oo":0.198,"r_mf":0.813,"r_rs":0.959,"r_n":0.668,"r_sol":0.652}},{"type":"Feature","geometry":{"type":"Polygon","coordinates":[[[-70.19614,41.65893],[-70.19835,41.65806],[-70.19842,41.65628],[-70.19629,41.65538],[-70.19408,41.65626],[-70.19401,41.65803],[-70.19614,41.65893]]]},"properties":{"h":"892a310c313ffff","t":"Yarmouth","v":"South Yarmouth","n":31,"oo":15,"po":48.4,"ao":2,"ml":2196,"mf":2399.352,"br":13,"rs":3,"pr":9.7,"no":0,"s":55.8,"sp":7.24,"r_oo":0.323,"r_mf":0.843,"r_rs":0.554,"r_n":0.696,"r_sol":0.652}},{"type":"Feature","geometry":{"type":"Polygon","coordinates":[[[-70.20048,41.65896],[-70.20269,41.65809],[-70.20277,41.65631],[-70.20063,41.65541],[-70.19842,41.65628],[-70.19835,41.65806],[-70.20048,41.65896]]]},"properties":{"h":"892a310c31bffff","t":"Yarmouth","v":"South Yarmouth","n":48,"oo":26,"po":54.2,"ao":7,"ml":1499,"mf":1613.074,"br":5,"rs":7,"pr":14.6,"no":0,"s":52,"sp":7.24,"r_oo":0.388,"r_mf":0.373,"r_rs":0.8,"r_n":0.86,"r_sol":0.652}},{"type":"Feature","geometry":{"type":"Polygon","coordinates":[[[-70.20093,41.6483],[-70.20314,41.64743],[-70.20321,41.64565],[-70.20108,41.64475],[-70.19887,41.64563],[-70.1988,41.6474],[-70.20093,41.6483]]]},"properties":{"h":"892a310c32bffff","t":"Yarmouth","v":"South Yarmouth","n":13,"oo":6,"po":46.2,"ao":2,"ml":1779,"mf":2219.709,"br":5,"rs":2,"pr":15.4,"no":0,"s":53.5,"sp":7.24,"r_oo":0.301,"r_mf":0.781,"r_rs":0.818,"r_n":0.318,"r_sol":0.652}},{"type":"Feature","geometry":{"type":"Polygon","coordinates":[[[-70.19865,41.65095],[-70.20086,41.65008],[-70.20093,41.6483],[-70.1988,41.6474],[-70.19659,41.64828],[-70.19651,41.65005],[-70.19865,41.65095]]]},"properties":{"h":"892a310c33bffff","t":"Yarmouth","v":"South Yarmouth","n":8,"oo":4,"po":50,"ao":1,"ml":4234.5,"mf":3231.111,"br":8,"rs":0,"pr":0,"no":0,"s":47.3,"sp":7.24,"r_oo":0.341,"r_mf":0.96,"r_rs":0.109,"r_n":0.154,"r_sol":0.652}},{"type":"Feature","geometry":{"type":"Polygon","coordinates":[[[-70.20711,41.65634],[-70.20932,41.65546],[-70.20939,41.65369],[-70.20726,41.65279],[-70.20505,41.65366],[-70.20498,41.65544],[-70.20711,41.65634]]]},"properties":{"h":"892a310c347ffff","t":"Yarmouth","v":"South Yarmouth","n":46,"oo":13,"po":28.3,"ao":11,"ml":1029,"mf":1136.953,"br":1,"rs":5,"pr":10.9,"no":0,"s":31.5,"sp":7.24,"r_oo":0.142,"r_mf":0.06,"r_rs":0.624,"r_n":0.846,"r_sol":0.652}},{"type":"Feature","geometry":{"type":"Polygon","coordinates":[[[-70.20689,41.66167],[-70.2091,41.66079],[-70.20917,41.65902],[-70.20704,41.65811],[-70.20483,41.65899],[-70.20475,41.66076],[-70.20689,41.66167]]]},"properties":{"h":"892a310c353ffff","t":"Yarmouth","v":"South Yarmouth","n":27,"oo":18,"po":66.7,"ao":0,"ml":816,"mf":1233.622,"br":0,"rs":1,"pr":3.7,"no":0,"s":42,"sp":7.24,"r_oo":0.565,"r_mf":0.109,"r_rs":0.254,"r_n":0.632,"r_sol":0.652}},{"type":"Feature","geometry":{"type":"Polygon","coordinates":[[[-70.20483,41.65899],[-70.20704,41.65811],[-70.20711,41.65634],[-70.20498,41.65544],[-70.20277,41.65631],[-70.20269,41.65809],[-70.20483,41.65899]]]},"properties":{"h":"892a310c357ffff","t":"Yarmouth","v":"South Yarmouth","n":7,"oo":5,"po":71.4,"ao":0,"ml":1536,"mf":1237.345,"br":1,"rs":0,"pr":0,"no":0,"s":38.2,"sp":7.24,"r_oo":0.652,"r_mf":0.112,"r_rs":0.109,"r_n":0.115,"r_sol":0.652}},{"type":"Feature","geometry":{"type":"Polygon","coordinates":[[[-70.20733,41.65101],[-70.20954,41.65013],[-70.20961,41.64836],[-70.20748,41.64746],[-70.20527,41.64833],[-70.2052,41.65011],[-70.20733,41.65101]]]},"properties":{"h":"892a310c363ffff","t":"Yarmouth","v":"South Yarmouth","n":60,"oo":16,"po":26.7,"ao":7,"ml":1008,"mf":1181.274,"br":1,"rs":6,"pr":10,"no":0,"s":31.9,"sp":7.24,"r_oo":0.135,"r_mf":0.084,"r_rs":0.575,"r_n":0.927,"r_sol":0.652}},{"type":"Feature","geometry":{"type":"Polygon","coordinates":[[[-70.20527,41.64833],[-70.20748,41.64746],[-70.20755,41.64568],[-70.20542,41.64478],[-70.20321,41.64565],[-70.20314,41.64743],[-70.20527,41.64833]]]},"properties":{"h":"892a310c367ffff","t":"Yarmouth","v":"South Yarmouth","n":64,"oo":11,"po":17.2,"ao":14,"ml":1172,"mf":1370.524,"br":5,"rs":9,"pr":14.1,"no":0,"s":35.7,"sp":7.24,"r_oo":0.08,"r_mf":0.198,"r_rs":0.77,"r_n":0.944,"r_sol":0.652}},{"type":"Feature","geometry":{"type":"Polygon","coordinates":[[[-70.21167,41.65104],[-70.21388,41.65016],[-70.21396,41.64839],[-70.21182,41.64748],[-70.20961,41.64836],[-70.20954,41.65013],[-70.21167,41.65104]]]},"properties":{"h":"892a310c36bffff","t":"Yarmouth","v":"South Yarmouth","n":80,"oo":16,"po":20,"ao":14,"ml":1087.5,"mf":1266.362,"br":1,"rs":8,"pr":10,"no":0,"s":32.3,"sp":7.24,"r_oo":0.1,"r_mf":0.134,"r_rs":0.575,"r_n":0.981,"r_sol":0.652}},{"type":"Feature","geometry":{"type":"Polygon","coordinates":[[[-70.20961,41.64836],[-70.21182,41.64748],[-70.2119,41.64571],[-70.20976,41.64481],[-70.20755,41.64568],[-70.20748,41.64746],[-70.20961,41.64836]]]},"properties":{"h":"892a310c36fffff","t":"Yarmouth","v":"South Yarmouth","n":73,"oo":11,"po":15.1,"ao":14,"ml":1092,"mf":1227.633,"br":4,"rs":4,"pr":5.5,"no":0,"s":26.4,"sp":7.24,"r_oo":0.067,"r_mf":0.105,"r_rs":0.326,"r_n":0.97,"r_sol":0.652}},{"type":"Feature","geometry":{"type":"Polygon","coordinates":[[[-70.20505,41.65366],[-70.20726,41.65279],[-70.20733,41.65101],[-70.2052,41.65011],[-70.20299,41.65098],[-70.20292,41.65276],[-70.20505,41.65366]]]},"properties":{"h":"892a310c373ffff","t":"Yarmouth","v":"South Yarmouth","n":105,"oo":25,"po":23.8,"ao":16,"ml":960,"mf":1068.66,"br":0,"rs":8,"pr":7.6,"no":0,"s":29,"sp":7.24,"r_oo":0.125,"r_mf":0.038,"r_rs":0.434,"r_n":0.997,"r_sol":0.652}},{"type":"Feature","geometry":{"type":"Polygon","coordinates":[[[-70.20299,41.65098],[-70.2052,41.65011],[-70.20527,41.64833],[-70.20314,41.64743],[-70.20093,41.6483],[-70.20086,41.65008],[-70.20299,41.65098]]]},"properties":{"h":"892a310c377ffff","t":"Yarmouth","v":"South Yarmouth","n":38,"oo":9,"po":23.7,"ao":7,"ml":960,"mf":959.807,"br":0,"rs":2,"pr":5.3,"no":0,"s":24.2,"sp":7.24,"r_oo":0.124,"r_mf":0.009,"r_rs":0.318,"r_n":0.773,"r_sol":0.652}},{"type":"Feature","geometry":{"type":"Polygon","coordinates":[[[-70.20939,41.65369],[-70.2116,41.65281],[-70.21167,41.65104],[-70.20954,41.65013],[-70.20733,41.65101],[-70.20726,41.65279],[-70.20939,41.65369]]]},"properties":{"h":"892a310c37bffff","t":"Yarmouth","v":"South Yarmouth","n":77,"oo":22,"po":28.6,"ao":9,"ml":1052,"mf":1252.632,"br":2,"rs":10,"pr":13,"no":0,"s":36.2,"sp":7.24,"r_oo":0.146,"r_mf":0.123,"r_rs":0.734,"r_n":0.976,"r_sol":0.652}},{"type":"Feature","geometry":{"type":"Polygon","coordinates":[[[-70.18951,41.66156],[-70.19172,41.66068],[-70.1918,41.65891],[-70.18966,41.658],[-70.18745,41.65888],[-70.18738,41.66065],[-70.18951,41.66156]]]},"properties":{"h":"892a310c383ffff","t":"Yarmouth","v":"South Yarmouth","n":14,"oo":8,"po":57.1,"ao":5,"ml":2511,"mf":2445.656,"br":7,"rs":0,"pr":0,"no":0,"s":50.1,"sp":7.24,"r_oo":0.425,"r_mf":0.861,"r_rs":0.109,"r_n":0.341,"r_sol":0.652}},{"type":"Feature","geometry":{"type":"Polygon","coordinates":[[[-70.19386,41.66158],[-70.19607,41.66071],[-70.19614,41.65893],[-70.19401,41.65803],[-70.1918,41.65891],[-70.19172,41.66068],[-70.19386,41.66158]]]},"properties":{"h":"892a310c38bffff","t":"Yarmouth","v":"South Yarmouth","n":20,"oo":14,"po":70,"ao":1,"ml":2350,"mf":2215.438,"br":8,"rs":2,"pr":10,"no":0,"s":64.5,"sp":7.24,"r_oo":0.626,"r_mf":0.777,"r_rs":0.575,"r_n":0.495,"r_sol":0.652}},{"type":"Feature","geometry":{"type":"Polygon","coordinates":[[[-70.1918,41.65891],[-70.19401,41.65803],[-70.19408,41.65626],[-70.19195,41.65535],[-70.18974,41.65623],[-70.18966,41.658],[-70.1918,41.65891]]]},"properties":{"h":"892a310c38fffff","t":"Yarmouth","v":"South Yarmouth","n":7,"oo":2,"po":28.6,"ao":1,"ml":6794,"mf":3748.506,"br":7,"rs":0,"pr":0,"no":0,"s":39.6,"sp":7.24,"r_oo":0.146,"r_mf":0.979,"r_rs":0.109,"r_n":0.115,"r_sol":0.652}},{"type":"Feature","geometry":{"type":"Polygon","coordinates":[[[-70.18723,41.66421],[-70.18944,41.66333],[-70.18951,41.66156],[-70.18738,41.66065],[-70.18517,41.66153],[-70.18509,41.6633],[-70.18723,41.66421]]]},"properties":{"h":"892a310c393ffff","t":"Yarmouth","v":"South Yarmouth","n":22,"oo":15,"po":68.2,"ao":4,"ml":2428.5,"mf":2055.04,"br":7,"rs":1,"pr":4.5,"no":0,"s":57.5,"sp":7.24,"r_oo":0.592,"r_mf":0.703,"r_rs":0.289,"r_n":0.533,"r_sol":0.652}},{"type":"Feature","geometry":{"type":"Polygon","coordinates":[[[-70.19157,41.66423],[-70.19378,41.66336],[-70.19386,41.66158],[-70.19172,41.66068],[-70.18951,41.66156],[-70.18944,41.66333],[-70.19157,41.66423]]]},"properties":{"h":"892a310c39bffff","t":"Yarmouth","v":"South Yarmouth","n":23,"oo":15,"po":65.2,"ao":2,"ml":2152,"mf":2049.844,"br":7,"rs":3,"pr":13,"no":0,"s":62.3,"sp":7.24,"r_oo":0.541,"r_mf":0.701,"r_rs":0.734,"r_n":0.554,"r_sol":0.652}},{"type":"Feature","geometry":{"type":"Polygon","coordinates":[[[-70.20026,41.66429],[-70.20247,41.66342],[-70.20254,41.66164],[-70.20041,41.66074],[-70.1982,41.66161],[-70.19813,41.66339],[-70.20026,41.66429]]]},"properties":{"h":"892a310c3c3ffff","t":"Yarmouth","v":"South Yarmouth","n":24,"oo":12,"po":50,"ao":1,"ml":1326,"mf":1525.224,"br":2,"rs":2,"pr":8.3,"no":0,"s":40.7,"sp":7.24,"r_oo":0.341,"r_mf":0.306,"r_rs":0.48,"r_n":0.573,"r_sol":0.652}},{"type":"Feature","geometry":{"type":"Polygon","coordinates":[[[-70.1982,41.66161],[-70.20041,41.66074],[-70.20048,41.65896],[-70.19835,41.65806],[-70.19614,41.65893],[-70.19607,41.66071],[-70.1982,41.66161]]]},"properties":{"h":"892a310c3c7ffff","t":"Yarmouth","v":"South Yarmouth","n":22,"oo":10,"po":45.5,"ao":3,"ml":1805,"mf":1887.818,"br":4,"rs":3,"pr":13.6,"no":0,"s":49.9,"sp":7.24,"r_oo":0.293,"r_mf":0.596,"r_rs":0.759,"r_n":0.533,"r_sol":0.652}},{"type":"Feature","geometry":{"type":"Polygon","coordinates":[[[-70.2046,41.66432],[-70.20681,41.66344],[-70.20689,41.66167],[-70.20475,41.66076],[-70.20254,41.66164],[-70.20247,41.66342],[-70.2046,41.66432]]]},"properties":{"h":"892a310c3cbffff","t":"Yarmouth","v":"South Yarmouth","n":63,"oo":41,"po":65.1,"ao":3,"ml":1102,"mf":1300.307,"br":2,"rs":2,"pr":3.2,"no":0,"s":45,"sp":7.24,"r_oo":0.54,"r_mf":0.157,"r_rs":0.24,"r_n":0.939,"r_sol":0.652}},{"type":"Feature","geometry":{"type":"Polygon","coordinates":[[[-70.20254,41.66164],[-70.20475,41.66076],[-70.20483,41.65899],[-70.20269,41.65809],[-70.20048,41.65896],[-70.20041,41.66074],[-70.20254,41.66164]]]},"properties":{"h":"892a310c3cfffff","t":"Yarmouth","v":"South Yarmouth","n":11,"oo":7,"po":63.6,"ao":1,"ml":1284,"mf":1144.821,"br":1,"rs":2,"pr":18.2,"no":0,"s":45,"sp":7.24,"r_oo":0.522,"r_mf":0.064,"r_rs":0.887,"r_n":0.266,"r_sol":0.652}},{"type":"Feature","geometry":{"type":"Polygon","coordinates":[[[-70.19798,41.66694],[-70.20019,41.66607],[-70.20026,41.66429],[-70.19813,41.66339],[-70.19592,41.66426],[-70.19584,41.66604],[-70.19798,41.66694]]]},"properties":{"h":"892a310c3d3ffff","t":"Yarmouth","v":"South Yarmouth","n":37,"oo":23,"po":62.2,"ao":3,"ml":1364,"mf":1680.728,"br":2,"rs":1,"pr":2.7,"no":0,"s":48,"sp":7.24,"r_oo":0.497,"r_mf":0.424,"r_rs":0.228,"r_n":0.76,"r_sol":0.652}},{"type":"Feature","geometry":{"type":"Polygon","coordinates":[[[-70.19592,41.66426],[-70.19813,41.66339],[-70.1982,41.66161],[-70.19607,41.66071],[-70.19386,41.66158],[-70.19378,41.66336],[-70.19592,41.66426]]]},"properties":{"h":"892a310c3d7ffff","t":"Yarmouth","v":"South Yarmouth","n":7,"oo":2,"po":28.6,"ao":1,"ml":2000,"mf":1526.781,"br":0,"rs":1,"pr":14.3,"no":0,"s":32.9,"sp":7.24,"r_oo":0.146,"r_mf":0.307,"r_rs":0.784,"r_n":0.115,"r_sol":0.652}},{"type":"Feature","geometry":{"type":"Polygon","coordinates":[[[-70.20232,41.66697],[-70.20453,41.66609],[-70.2046,41.66432],[-70.20247,41.66342],[-70.20026,41.66429],[-70.20019,41.66607],[-70.20232,41.66697]]]},"properties":{"h":"892a310c3dbffff","t":"Yarmouth","v":"South Yarmouth","n":51,"oo":27,"po":52.9,"ao":4,"ml":1148,"mf":1253.217,"br":0,"rs":7,"pr":13.7,"no":0,"s":44.8,"sp":7.24,"r_oo":0.375,"r_mf":0.124,"r_rs":0.762,"r_n":0.88,"r_sol":0.652}},{"type":"Feature","geometry":{"type":"Polygon","coordinates":[[[-70.17078,41.69342],[-70.17299,41.69255],[-70.17307,41.69077],[-70.17093,41.68987],[-70.16872,41.69074],[-70.16865,41.69252],[-70.17078,41.69342]]]},"properties":{"h":"892a310c40bffff","t":"Yarmouth","v":"South Yarmouth","n":32,"oo":20,"po":62.5,"ao":4,"ml":1736,"mf":2610.182,"br":17,"rs":2,"pr":6.2,"no":0,"s":61.6,"sp":7.24,"r_oo":0.504,"r_mf":0.896,"r_rs":0.362,"r_n":0.71,"r_sol":0.652}},{"type":"Feature","geometry":{"type":"Polygon","coordinates":[[[-70.16872,41.69074],[-70.17093,41.68987],[-70.17101,41.68809],[-70.16887,41.68719],[-70.16666,41.68806],[-70.16659,41.68984],[-70.16872,41.69074]]]},"properties":{"h":"892a310c40fffff","t":"Yarmouth","v":"South Yarmouth","n":42,"oo":25,"po":59.5,"ao":2,"ml":1834,"mf":2437.456,"br":19,"rs":5,"pr":11.9,"no":0,"s":64.3,"sp":7.24,"r_oo":0.452,"r_mf":0.858,"r_rs":0.675,"r_n":0.813,"r_sol":0.652}},{"type":"Feature","geometry":{"type":"Polygon","coordinates":[[[-70.1646,41.68538],[-70.16681,41.68451],[-70.16689,41.68273],[-70.16475,41.68183],[-70.16254,41.6827],[-70.16247,41.68448],[-70.1646,41.68538]]]},"properties":{"h":"892a310c423ffff","t":"Yarmouth","v":"South Yarmouth","n":41,"oo":19,"po":46.3,"ao":4,"ml":1674,"mf":2244.61,"br":11,"rs":1,"pr":2.4,"no":0,"s":49.8,"sp":7.24,"r_oo":0.305,"r_mf":0.788,"r_rs":0.223,"r_n":0.805,"r_sol":0.652}},{"type":"Feature","geometry":{"type":"Polygon","coordinates":[[[-70.16254,41.6827],[-70.16475,41.68183],[-70.16483,41.68005],[-70.16269,41.67915],[-70.16048,41.68002],[-70.16041,41.6818],[-70.16254,41.6827]]]},"properties":{"h":"892a310c427ffff","t":"Yarmouth","v":"South Yarmouth","n":11,"oo":3,"po":27.3,"ao":1,"ml":2316,"mf":2586.059,"br":7,"rs":1,"pr":9.1,"no":0,"s":44.9,"sp":7.24,"r_oo":0.137,"r_mf":0.893,"r_rs":0.524,"r_n":0.266,"r_sol":0.652}},{"type":"Feature","geometry":{"type":"Polygon","coordinates":[[[-70.16895,41.68541],[-70.17116,41.68454],[-70.17123,41.68276],[-70.1691,41.68186],[-70.16689,41.68273],[-70.16681,41.68451],[-70.16895,41.68541]]]},"properties":{"h":"892a310c42bffff","t":"Yarmouth","v":"South Yarmouth","n":38,"oo":27,"po":71.1,"ao":4,"ml":1557,"mf":2225.743,"br":9,"rs":2,"pr":5.3,"no":0,"s":64.3,"sp":7.24,"r_oo":0.643,"r_mf":0.782,"r_rs":0.318,"r_n":0.773,"r_sol":0.652}},{"type":"Feature","geometry":{"type":"Polygon","coordinates":[[[-70.16689,41.68273],[-70.1691,41.68186],[-70.16917,41.68008],[-70.16704,41.67918],[-70.16483,41.68005],[-70.16475,41.68183],[-70.16689,41.68273]]]},"properties":{"h":"892a310c42fffff","t":"Yarmouth","v":"South Yarmouth","n":38,"oo":19,"po":50,"ao":4,"ml":1759,"mf":2213.208,"br":11,"rs":6,"pr":15.8,"no":0,"s":59.7,"sp":7.24,"r_oo":0.341,"r_mf":0.775,"r_rs":0.831,"r_n":0.773,"r_sol":0.652}},{"type":"Feature","geometry":{"type":"Polygon","coordinates":[[[-70.16232,41.68803],[-70.16453,41.68716],[-70.1646,41.68538],[-70.16247,41.68448],[-70.16026,41.68535],[-70.16018,41.68713],[-70.16232,41.68803]]]},"properties":{"h":"892a310c433ffff","t":"Yarmouth","v":"South Yarmouth","n":12,"oo":7,"po":58.3,"ao":2,"ml":1903,"mf":1880.42,"br":3,"rs":0,"pr":0,"no":0,"s":43.4,"sp":7.24,"r_oo":0.441,"r_mf":0.589,"r_rs":0.109,"r_n":0.292,"r_sol":0.652}},{"type":"Feature","geometry":{"type":"Polygon","coordinates":[[[-70.16666,41.68806],[-70.16887,41.68719],[-70.16895,41.68541],[-70.16681,41.68451],[-70.1646,41.68538],[-70.16453,41.68716],[-70.16666,41.68806]]]},"properties":{"h":"892a310c43bffff","t":"Yarmouth","v":"South Yarmouth","n":54,"oo":37,"po":68.5,"ao":4,"ml":1521,"mf":2191.799,"br":15,"rs":9,"pr":16.7,"no":0,"s":71.3,"sp":7.24,"r_oo":0.596,"r_mf":0.765,"r_rs":0.858,"r_n":0.897,"r_sol":0.652}},{"type":"Feature","geometry":{"type":"Polygon","coordinates":[[[-70.17719,41.69613],[-70.1794,41.69525],[-70.17947,41.69348],[-70.17734,41.69257],[-70.17513,41.69345],[-70.17505,41.69523],[-70.17719,41.69613]]]},"properties":{"h":"892a310c443ffff","t":"Yarmouth","v":"Yarmouth Port","n":14,"oo":7,"po":50,"ao":3,"ml":1196,"mf":1627.974,"br":0,"rs":0,"pr":0,"no":0,"s":34.8,"sp":7.24,"r_oo":0.341,"r_mf":0.386,"r_rs":0.109,"r_n":0.341,"r_sol":0.652}},{"type":"Feature","geometry":{"type":"Polygon","coordinates":[[[-70.17513,41.69345],[-70.17734,41.69257],[-70.17741,41.6908],[-70.17528,41.6899],[-70.17307,41.69077],[-70.17299,41.69255],[-70.17513,41.69345]]]},"properties":{"h":"892a310c447ffff","t":"Yarmouth","v":"South Yarmouth","n":16,"oo":13,"po":81.2,"ao":0,"ml":1479.5,"mf":1733.849,"br":2,"rs":1,"pr":6.2,"no":0,"s":60.7,"sp":7.24,"r_oo":0.823,"r_mf":0.473,"r_rs":0.362,"r_n":0.401,"r_sol":0.652}},{"type":"Feature","geometry":{"type":"Polygon","coordinates":[[[-70.17947,41.69348],[-70.18168,41.6926],[-70.18176,41.69083],[-70.17962,41.68992],[-70.17741,41.6908],[-70.17734,41.69257],[-70.17947,41.69348]]]},"properties":{"h":"892a310c44fffff","t":"Yarmouth","v":"South Yarmouth","n":16,"oo":14,"po":87.5,"ao":2,"ml":1121,"mf":1391.351,"br":0,"rs":1,"pr":6.2,"no":0,"s":57.6,"sp":7.24,"r_oo":0.907,"r_mf":0.215,"r_rs":0.362,"r_n":0.401,"r_sol":0.652}},{"type":"Feature","geometry":{"type":"Polygon","coordinates":[[[-70.1749,41.69878],[-70.17711,41.69791],[-70.17719,41.69613],[-70.17505,41.69523],[-70.17284,41.6961],[-70.17277,41.69788],[-70.1749,41.69878]]]},"properties":{"h":"892a310c453ffff","t":"Yarmouth","v":"Yarmouth Port","n":28,"oo":12,"po":42.9,"ao":3,"ml":1304,"mf":1481.836,"br":1,"rs":3,"pr":10.7,"no":0,"s":39.8,"sp":7.24,"r_oo":0.267,"r_mf":0.273,"r_rs":0.616,"r_n":0.65,"r_sol":0.652}},{"type":"Feature","geometry":{"type":"Polygon","coordinates":[[[-70.17925,41.69881],[-70.18146,41.69793],[-70.18153,41.69616],[-70.1794,41.69525],[-70.17719,41.69613],[-70.17711,41.69791],[-70.17925,41.69881]]]},"properties":{"h":"892a310c45bffff","t":"Yarmouth","v":"Yarmouth Port","n":19,"oo":12,"po":63.2,"ao":1,"ml":1208,"mf":1839.934,"br":4,"rs":1,"pr":5.3,"no":0,"s":50.4,"sp":7.24,"r_oo":0.515,"r_mf":0.552,"r_rs":0.318,"r_n":0.472,"r_sol":0.652}},{"type":"Feature","geometry":{"type":"Polygon","coordinates":[[[-70.17535,41.68812],[-70.17756,41.68724],[-70.17764,41.68547],[-70.1755,41.68456],[-70.17329,41.68544],[-70.17322,41.68722],[-70.17535,41.68812]]]},"properties":{"h":"892a310c463ffff","t":"Yarmouth","v":"South Yarmouth","n":16,"oo":11,"po":68.8,"ao":0,"ml":1815,"mf":2471.956,"br":8,"rs":1,"pr":6.2,"no":0,"s":61.7,"sp":7.24,"r_oo":0.6,"r_mf":0.871,"r_rs":0.362,"r_n":0.401,"r_sol":0.652}},{"type":"Feature","geometry":{"type":"Polygon","coordinates":[[[-70.17329,41.68544],[-70.1755,41.68456],[-70.17558,41.68279],[-70.17344,41.68189],[-70.17123,41.68276],[-70.17116,41.68454],[-70.17329,41.68544]]]},"properties":{"h":"892a310c467ffff","t":"Yarmouth","v":"South Yarmouth","n":61,"oo":50,"po":82,"ao":2,"ml":1672,"mf":2576.98,"br":40,"rs":8,"pr":13.1,"no":0,"s":82.7,"sp":7.24,"r_oo":0.837,"r_mf":0.891,"r_rs":0.74,"r_n":0.932,"r_sol":0.652}},{"type":"Feature","geometry":{"type":"Polygon","coordinates":[[[-70.1797,41.68815],[-70.18191,41.68727],[-70.18198,41.6855],[-70.17985,41.68459],[-70.17764,41.68547],[-70.17756,41.68724],[-70.1797,41.68815]]]},"properties":{"h":"892a310c46bffff","t":"Yarmouth","v":"South Yarmouth","n":29,"oo":20,"po":69,"ao":1,"ml":1396,"mf":1932.513,"br":4,"rs":5,"pr":17.2,"no":0,"s":66.2,"sp":7.24,"r_oo":0.604,"r_mf":0.626,"r_rs":0.875,"r_n":0.668,"r_sol":0.652}},{"type":"Feature","geometry":{"type":"Polygon","coordinates":[[[-70.17764,41.68547],[-70.17985,41.68459],[-70.17992,41.68282],[-70.17779,41.68191],[-70.17558,41.68279],[-70.1755,41.68456],[-70.17764,41.68547]]]},"properties":{"h":"892a310c46fffff","t":"Yarmouth","v":"South Yarmouth","n":36,"oo":25,"po":69.4,"ao":3,"ml":1440,"mf":2227.742,"br":12,"rs":8,"pr":22.2,"no":0,"s":72.3,"sp":7.24,"r_oo":0.613,"r_mf":0.782,"r_rs":0.948,"r_n":0.75,"r_sol":0.652}},{"type":"Feature","geometry":{"type":"Polygon","coordinates":[[[-70.17307,41.69077],[-70.17528,41.6899],[-70.17535,41.68812],[-70.17322,41.68722],[-70.17101,41.68809],[-70.17093,41.68987],[-70.17307,41.69077]]]},"properties":{"h":"892a310c473ffff","t":"Yarmouth","v":"South Yarmouth","n":55,"oo":39,"po":70.9,"ao":4,"ml":1752,"mf":2422.495,"br":25,"rs":6,"pr":10.9,"no":0,"s":71.9,"sp":7.24,"r_oo":0.641,"r_mf":0.853,"r_rs":0.624,"r_n":0.904,"r_sol":0.652}},{"type":"Feature","geometry":{"type":"Polygon","coordinates":[[[-70.17101,41.68809],[-70.17322,41.68722],[-70.17329,41.68544],[-70.17116,41.68454],[-70.16895,41.68541],[-70.16887,41.68719],[-70.17101,41.68809]]]},"properties":{"h":"892a310c477ffff","t":"Yarmouth","v":"South Yarmouth","n":25,"oo":14,"po":56,"ao":4,"ml":1495,"mf":2253.23,"br":9,"rs":2,"pr":8,"no":0,"s":55.6,"sp":7.24,"r_oo":0.411,"r_mf":0.792,"r_rs":0.462,"r_n":0.593,"r_sol":0.652}},{"type":"Feature","geometry":{"type":"Polygon","coordinates":[[[-70.17741,41.6908],[-70.17962,41.68992],[-70.1797,41.68815],[-70.17756,41.68724],[-70.17535,41.68812],[-70.17528,41.6899],[-70.17741,41.6908]]]},"properties":{"h":"892a310c47bffff","t":"Yarmouth","v":"South Yarmouth","n":44,"oo":35,"po":79.5,"ao":2,"ml":1524,"mf":2030.974,"br":5,"rs":10,"pr":22.7,"no":0,"s":77.7,"sp":7.24,"r_oo":0.783,"r_mf":0.691,"r_rs":0.955,"r_n":0.829,"r_sol":0.652}},{"type":"Feature","geometry":{"type":"Polygon","coordinates":[[[-70.19686,41.69359],[-70.19907,41.69272],[-70.19914,41.69094],[-70.19701,41.69004],[-70.1948,41.69091],[-70.19472,41.69269],[-70.19686,41.69359]]]},"properties":{"h":"892a310c603ffff","t":"Yarmouth","v":"Yarmouth Port","n":6,"oo":5,"po":83.3,"ao":1,"ml":1790,"mf":2334.297,"br":2,"rs":1,"pr":16.7,"no":0,"s":74.8,"sp":7.24,"r_oo":0.856,"r_mf":0.821,"r_rs":0.858,"r_n":0.072,"r_sol":0.652}},{"type":"Feature","geometry":{"type":"Polygon","coordinates":[[[-70.1948,41.69091],[-70.19701,41.69004],[-70.19708,41.68826],[-70.19495,41.68736],[-70.19274,41.68823],[-70.19266,41.69001],[-70.1948,41.69091]]]},"properties":{"h":"892a310c607ffff","t":"Yarmouth","v":"South Yarmouth","n":10,"oo":7,"po":70,"ao":0,"ml":1172,"mf":1815.187,"br":1,"rs":1,"pr":10,"no":0,"s":55.8,"sp":7.24,"r_oo":0.626,"r_mf":0.531,"r_rs":0.575,"r_n":0.234,"r_sol":0.652}},{"type":"Feature","geometry":{"type":"Polygon","coordinates":[[[-70.19457,41.69624],[-70.19679,41.69537],[-70.19686,41.69359],[-70.19472,41.69269],[-70.19251,41.69356],[-70.19244,41.69534],[-70.19457,41.69624]]]},"properties":{"h":"892a310c613ffff","t":"Yarmouth","v":"Yarmouth Port","n":12,"oo":10,"po":83.3,"ao":0,"ml":1982,"mf":2492.495,"br":7,"rs":1,"pr":8.3,"no":0,"s":72.8,"sp":7.24,"r_oo":0.856,"r_mf":0.876,"r_rs":0.48,"r_n":0.292,"r_sol":0.652}},{"type":"Feature","geometry":{"type":"Polygon","coordinates":[[[-70.19251,41.69356],[-70.19472,41.69269],[-70.1948,41.69091],[-70.19266,41.69001],[-70.19045,41.69088],[-70.19038,41.69266],[-70.19251,41.69356]]]},"properties":{"h":"892a310c617ffff","t":"Yarmouth","v":"Yarmouth Port","n":11,"oo":7,"po":63.6,"ao":1,"ml":1860,"mf":2112.616,"br":4,"rs":1,"pr":9.1,"no":0,"s":56.3,"sp":7.24,"r_oo":0.522,"r_mf":0.734,"r_rs":0.524,"r_n":0.266,"r_sol":0.652}},{"type":"Feature","geometry":{"type":"Polygon","coordinates":[[[-70.19502,41.68558],[-70.19723,41.68471],[-70.19731,41.68293],[-70.19517,41.68203],[-70.19296,41.6829],[-70.19289,41.68468],[-70.19502,41.68558]]]},"properties":{"h":"892a310c623ffff","t":"Yarmouth","v":"South Yarmouth","n":38,"oo":23,"po":60.5,"ao":6,"ml":1244,"mf":1989.315,"br":2,"rs":3,"pr":7.9,"no":0,"s":56.8,"sp":7.24,"r_oo":0.481,"r_mf":0.658,"r_rs":0.456,"r_n":0.773,"r_sol":0.652}},{"type":"Feature","geometry":{"type":"Polygon","coordinates":[[[-70.19296,41.6829],[-70.19517,41.68203],[-70.19525,41.68025],[-70.19311,41.67935],[-70.1909,41.68022],[-70.19083,41.682],[-70.19296,41.6829]]]},"properties":{"h":"892a310c627ffff","t":"Yarmouth","v":"South Yarmouth","n":20,"oo":14,"po":70,"ao":1,"ml":1262,"mf":1709.487,"br":0,"rs":2,"pr":10,"no":0,"s":56.4,"sp":7.24,"r_oo":0.626,"r_mf":0.453,"r_rs":0.575,"r_n":0.495,"r_sol":0.652}},{"type":"Feature","geometry":{"type":"Polygon","coordinates":[[[-70.19937,41.68561],[-70.20158,41.68473],[-70.20165,41.68296],[-70.19952,41.68205],[-70.19731,41.68293],[-70.19723,41.68471],[-70.19937,41.68561]]]},"properties":{"h":"892a310c62bffff","t":"Yarmouth","v":"South Yarmouth","n":31,"oo":21,"po":67.7,"ao":2,"ml":1218,"mf":1716.734,"br":1,"rs":2,"pr":6.5,"no":0,"s":54.2,"sp":7.24,"r_oo":0.587,"r_mf":0.461,"r_rs":0.379,"r_n":0.696,"r_sol":0.652}},{"type":"Feature","geometry":{"type":"Polygon","coordinates":[[[-70.19731,41.68293],[-70.19952,41.68205],[-70.19959,41.68028],[-70.19746,41.67938],[-70.19525,41.68025],[-70.19517,41.68203],[-70.19731,41.68293]]]},"properties":{"h":"892a310c62fffff","t":"Yarmouth","v":"South Yarmouth","n":5,"oo":3,"po":60,"ao":1,"ml":1532,"mf":2080.021,"br":0,"rs":1,"pr":20,"no":0,"s":57.2,"sp":7.24,"r_oo":0.466,"r_mf":0.719,"r_rs":0.919,"r_n":0.024,"r_sol":0.652}},{"type":"Feature","geometry":{"type":"Polygon","coordinates":[[[-70.19274,41.68823],[-70.19495,41.68736],[-70.19502,41.68558],[-70.19289,41.68468],[-70.19068,41.68555],[-70.1906,41.68733],[-70.19274,41.68823]]]},"properties":{"h":"892a310c633ffff","t":"Yarmouth","v":"South Yarmouth","n":43,"oo":35,"po":81.4,"ao":4,"ml":1358,"mf":1739.119,"br":6,"rs":3,"pr":7,"no":0,"s":65.8,"sp":7.24,"r_oo":0.826,"r_mf":0.479,"r_rs":0.403,"r_n":0.821,"r_sol":0.652}},{"type":"Feature","geometry":{"type":"Polygon","coordinates":[[[-70.19068,41.68555],[-70.19289,41.68468],[-70.19296,41.6829],[-70.19083,41.682],[-70.18862,41.68287],[-70.18854,41.68465],[-70.19068,41.68555]]]},"properties":{"h":"892a310c637ffff","t":"Yarmouth","v":"South Yarmouth","n":62,"oo":50,"po":80.6,"ao":3,"ml":1349,"mf":1920.222,"br":3,"rs":5,"pr":8.1,"no":0,"s":70.9,"sp":7.24,"r_oo":0.814,"r_mf":0.618,"r_rs":0.469,"r_n":0.935,"r_sol":0.652}},{"type":"Feature","geometry":{"type":"Polygon","coordinates":[[[-70.19708,41.68826],[-70.19929,41.68738],[-70.19937,41.68561],[-70.19723,41.68471],[-70.19502,41.68558],[-70.19495,41.68736],[-70.19708,41.68826]]]},"properties":{"h":"892a310c63bffff","t":"Yarmouth","v":"South Yarmouth","n":29,"oo":23,"po":79.3,"ao":1,"ml":1392,"mf":2136.397,"br":6,"rs":3,"pr":10.3,"no":0,"s":72,"sp":7.24,"r_oo":0.781,"r_mf":0.746,"r_rs":0.597,"r_n":0.668,"r_sol":0.652}},{"type":"Feature","geometry":{"type":"Polygon","coordinates":[[[-70.2099,41.69367],[-70.21211,41.6928],[-70.21218,41.69102],[-70.21005,41.69012],[-70.20784,41.69099],[-70.20776,41.69277],[-70.2099,41.69367]]]},"properties":{"h":"892a310c64fffff","t":"Yarmouth","v":"Yarmouth Port","n":25,"oo":23,"po":92,"ao":0,"ml":1152,"mf":1001.957,"br":0,"rs":1,"pr":4,"no":0,"s":55.2,"sp":7.24,"r_oo":0.958,"r_mf":0.021,"r_rs":0.263,"r_n":0.593,"r_sol":0.652}},{"type":"Feature","geometry":{"type":"Polygon","coordinates":[[[-70.20578,41.68831],[-70.20799,41.68744],[-70.20806,41.68566],[-70.20592,41.68476],[-70.20371,41.68564],[-70.20364,41.68741],[-70.20578,41.68831]]]},"properties":{"h":"892a310c663ffff","t":"Yarmouth","v":"South Yarmouth","n":7,"oo":5,"po":71.4,"ao":1,"ml":870,"mf":1454.28,"br":0,"rs":1,"pr":14.3,"no":0,"s":51.9,"sp":7.24,"r_oo":0.652,"r_mf":0.257,"r_rs":0.784,"r_n":0.115,"r_sol":0.652}},{"type":"Feature","geometry":{"type":"Polygon","coordinates":[[[-70.20371,41.68564],[-70.20592,41.68476],[-70.206,41.68298],[-70.20386,41.68208],[-70.20165,41.68296],[-70.20158,41.68473],[-70.20371,41.68564]]]},"properties":{"h":"892a310c667ffff","t":"Yarmouth","v":"South Yarmouth","n":61,"oo":44,"po":72.1,"ao":1,"ml":1012,"mf":1617.16,"br":0,"rs":7,"pr":11.5,"no":0,"s":61.7,"sp":7.24,"r_oo":0.663,"r_mf":0.377,"r_rs":0.659,"r_n":0.932,"r_sol":0.652}},{"type":"Feature","geometry":{"type":"Polygon","coordinates":[[[-70.20806,41.68566],[-70.21027,41.68479],[-70.21034,41.68301],[-70.20821,41.68211],[-70.206,41.68298],[-70.20592,41.68476],[-70.20806,41.68566]]]},"properties":{"h":"892a310c66fffff","t":"Yarmouth","v":"South Yarmouth","n":36,"oo":25,"po":69.4,"ao":1,"ml":1056,"mf":1602.508,"br":2,"rs":9,"pr":25,"no":0,"s":62.2,"sp":7.24,"r_oo":0.613,"r_mf":0.367,"r_rs":0.965,"r_n":0.75,"r_sol":0.652}},{"type":"Feature","geometry":{"type":"Polygon","coordinates":[[[-70.20143,41.68829],[-70.20364,41.68741],[-70.20371,41.68564],[-70.20158,41.68473],[-70.19937,41.68561],[-70.19929,41.68738],[-70.20143,41.68829]]]},"properties":{"h":"892a310c677ffff","t":"Yarmouth","v":"South Yarmouth","n":24,"oo":19,"po":79.2,"ao":4,"ml":1286.5,"mf":1920.266,"br":1,"rs":1,"pr":4.2,"no":0,"s":62.9,"sp":7.24,"r_oo":0.779,"r_mf":0.619,"r_rs":0.271,"r_n":0.573,"r_sol":0.652}},{"type":"Feature","geometry":{"type":"Polygon","coordinates":[[[-70.18794,41.69886],[-70.19015,41.69799],[-70.19023,41.69621],[-70.18809,41.69531],[-70.18588,41.69619],[-70.18581,41.69796],[-70.18794,41.69886]]]},"properties":{"h":"892a310c683ffff","t":"Yarmouth","v":"Yarmouth Port","n":38,"oo":34,"po":89.5,"ao":1,"ml":1519.5,"mf":1739.823,"br":7,"rs":4,"pr":10.5,"no":0,"s":72.6,"sp":7.24,"r_oo":0.93,"r_mf":0.48,"r_rs":0.607,"r_n":0.773,"r_sol":0.652}},{"type":"Feature","geometry":{"type":"Polygon","coordinates":[[[-70.18588,41.69619],[-70.18809,41.69531],[-70.18817,41.69353],[-70.18603,41.69263],[-70.18382,41.69351],[-70.18374,41.69528],[-70.18588,41.69619]]]},"properties":{"h":"892a310c687ffff","t":"Yarmouth","v":"Yarmouth Port","n":20,"oo":15,"po":75,"ao":1,"ml":1353,"mf":1670.184,"br":1,"rs":1,"pr":5,"no":0,"s":54.9,"sp":7.24,"r_oo":0.709,"r_mf":0.418,"r_rs":0.306,"r_n":0.495,"r_sol":0.652}},{"type":"Feature","geometry":{"type":"Polygon","coordinates":[[[-70.19023,41.69621],[-70.19244,41.69534],[-70.19251,41.69356],[-70.19038,41.69266],[-70.18817,41.69353],[-70.18809,41.69531],[-70.19023,41.69621]]]},"properties":{"h":"892a310c68fffff","t":"Yarmouth","v":"Yarmouth Port","n":22,"oo":13,"po":59.1,"ao":2,"ml":1224,"mf":1430.474,"br":0,"rs":1,"pr":4.5,"no":0,"s":40.1,"sp":7.24,"r_oo":0.448,"r_mf":0.24,"r_rs":0.289,"r_n":0.533,"r_sol":0.652}},{"type":"Feature","geometry":{"type":"Polygon","coordinates":[[[-70.18566,41.70152],[-70.18787,41.70064],[-70.18794,41.69886],[-70.18581,41.69796],[-70.18359,41.69884],[-70.18352,41.70061],[-70.18566,41.70152]]]},"properties":{"h":"892a310c693ffff","t":"Yarmouth","v":"Yarmouth Port","n":22,"oo":16,"po":72.7,"ao":1,"ml":1683,"mf":1853.188,"br":4,"rs":0,"pr":0,"no":0,"s":54.5,"sp":7.24,"r_oo":0.674,"r_mf":0.564,"r_rs":0.109,"r_n":0.533,"r_sol":0.652}},{"type":"Feature","geometry":{"type":"Polygon","coordinates":[[[-70.19,41.70154],[-70.19221,41.70067],[-70.19229,41.69889],[-70.19015,41.69799],[-70.18794,41.69886],[-70.18787,41.70064],[-70.19,41.70154]]]},"properties":{"h":"892a310c69bffff","t":"Yarmouth","v":"Yarmouth Port","n":30,"oo":25,"po":83.3,"ao":0,"ml":1768,"mf":1786.305,"br":2,"rs":2,"pr":6.7,"no":0,"s":66.2,"sp":7.24,"r_oo":0.856,"r_mf":0.512,"r_rs":0.389,"r_n":0.682,"r_sol":0.652}},{"type":"Feature","geometry":{"type":"Polygon","coordinates":[[[-70.18839,41.6882],[-70.1906,41.68733],[-70.19068,41.68555],[-70.18854,41.68465],[-70.18633,41.68552],[-70.18626,41.6873],[-70.18839,41.6882]]]},"properties":{"h":"892a310c6afffff","t":"Yarmouth","v":"South Yarmouth","n":6,"oo":3,"po":50,"ao":1,"ml":1248,"mf":1641.613,"br":0,"rs":1,"pr":16.7,"no":0,"s":43.7,"sp":7.24,"r_oo":0.341,"r_mf":0.398,"r_rs":0.858,"r_n":0.072,"r_sol":0.652}},{"type":"Feature","geometry":{"type":"Polygon","coordinates":[[[-70.18176,41.69083],[-70.18397,41.68995],[-70.18404,41.68818],[-70.18191,41.68727],[-70.1797,41.68815],[-70.17962,41.68992],[-70.18176,41.69083]]]},"properties":{"h":"892a310c6b7ffff","t":"Yarmouth","v":"South Yarmouth","n":30,"oo":20,"po":66.7,"ao":3,"ml":1234,"mf":1611.037,"br":1,"rs":1,"pr":3.3,"no":0,"s":48.8,"sp":7.24,"r_oo":0.565,"r_mf":0.371,"r_rs":0.243,"r_n":0.682,"r_sol":0.652}},{"type":"Feature","geometry":{"type":"Polygon","coordinates":[[[-70.18817,41.69353],[-70.19038,41.69266],[-70.19045,41.69088],[-70.18832,41.68998],[-70.18611,41.69085],[-70.18603,41.69263],[-70.18817,41.69353]]]},"properties":{"h":"892a310c6bbffff","t":"Yarmouth","v":"Yarmouth Port","n":21,"oo":14,"po":66.7,"ao":1,"ml":1296,"mf":1405.918,"br":0,"rs":2,"pr":9.5,"no":0,"s":48,"sp":7.24,"r_oo":0.565,"r_mf":0.222,"r_rs":0.547,"r_n":0.513,"r_sol":0.652}},{"type":"Feature","geometry":{"type":"Polygon","coordinates":[[[-70.20305,41.70163],[-70.20526,41.70075],[-70.20533,41.69898],[-70.20319,41.69807],[-70.20098,41.69895],[-70.20091,41.70073],[-70.20305,41.70163]]]},"properties":{"h":"892a310c6cbffff","t":"Yarmouth","v":"Yarmouth Port","n":27,"oo":22,"po":81.5,"ao":1,"ml":1540,"mf":1663.335,"br":1,"rs":2,"pr":7.4,"no":0,"s":62.6,"sp":7.24,"r_oo":0.827,"r_mf":0.413,"r_rs":0.426,"r_n":0.632,"r_sol":0.652}},{"type":"Feature","geometry":{"type":"Polygon","coordinates":[[[-70.19641,41.70425],[-70.19862,41.70338],[-70.1987,41.7016],[-70.19656,41.7007],[-70.19435,41.70157],[-70.19428,41.70335],[-70.19641,41.70425]]]},"properties":{"h":"892a310c6d3ffff","t":"Yarmouth","v":"Yarmouth Port","n":7,"oo":5,"po":71.4,"ao":1,"ml":1548,"mf":1694.712,"br":2,"rs":0,"pr":0,"no":0,"s":46.4,"sp":7.24,"r_oo":0.652,"r_mf":0.44,"r_rs":0.109,"r_n":0.115,"r_sol":0.652}},{"type":"Feature","geometry":{"type":"Polygon","coordinates":[[[-70.19435,41.70157],[-70.19656,41.7007],[-70.19664,41.69892],[-70.1945,41.69802],[-70.19229,41.69889],[-70.19221,41.70067],[-70.19435,41.70157]]]},"properties":{"h":"892a310c6d7ffff","t":"Yarmouth","v":"Yarmouth Port","n":6,"oo":5,"po":83.3,"ao":0,"ml":1114.5,"mf":1624.92,"br":0,"rs":0,"pr":0,"no":0,"s":52.7,"sp":7.24,"r_oo":0.856,"r_mf":0.383,"r_rs":0.109,"r_n":0.072,"r_sol":0.652}},{"type":"Feature","geometry":{"type":"Polygon","coordinates":[[[-70.20076,41.70428],[-70.20297,41.70341],[-70.20305,41.70163],[-70.20091,41.70073],[-70.1987,41.7016],[-70.19862,41.70338],[-70.20076,41.70428]]]},"properties":{"h":"892a310c6dbffff","t":"Yarmouth","v":"Yarmouth Port","n":14,"oo":11,"po":78.6,"ao":1,"ml":1804.5,"mf":1500.994,"br":2,"rs":1,"pr":7.1,"no":0,"s":54.1,"sp":7.24,"r_oo":0.771,"r_mf":0.286,"r_rs":0.413,"r_n":0.341,"r_sol":0.652}},{"type":"Feature","geometry":{"type":"Polygon","coordinates":[[[-70.25772,41.69396],[-70.25993,41.69309],[-70.26,41.69131],[-70.25786,41.69041],[-70.25565,41.69129],[-70.25558,41.69306],[-70.25772,41.69396]]]},"properties":{"h":"892a310d003ffff","t":"Yarmouth","v":"Yarmouth Port","n":13,"oo":10,"po":76.9,"ao":0,"ml":2024,"mf":2135.519,"br":3,"rs":3,"pr":23.1,"no":0,"s":72.2,"sp":7.24,"r_oo":0.738,"r_mf":0.745,"r_rs":0.956,"r_n":0.318,"r_sol":0.652}},{"type":"Feature","geometry":{"type":"Polygon","coordinates":[[[-70.26,41.69131],[-70.26221,41.69044],[-70.26228,41.68866],[-70.26014,41.68776],[-70.25793,41.68863],[-70.25786,41.69041],[-70.26,41.69131]]]},"properties":{"h":"892a310d00fffff","t":"Yarmouth","v":"Yarmouth Port","n":13,"oo":8,"po":61.5,"ao":0,"ml":2289,"mf":2391.551,"br":6,"rs":1,"pr":7.7,"no":0,"s":57,"sp":7.24,"r_oo":0.491,"r_mf":0.84,"r_rs":0.442,"r_n":0.318,"r_sol":0.652}},{"type":"Feature","geometry":{"type":"Polygon","coordinates":[[[-70.24674,41.69657],[-70.24895,41.69569],[-70.24902,41.69391],[-70.24688,41.69301],[-70.24467,41.69389],[-70.2446,41.69566],[-70.24674,41.69657]]]},"properties":{"h":"892a310d087ffff","t":"Yarmouth","v":"Yarmouth Port","n":8,"oo":7,"po":87.5,"ao":0,"ml":2425.5,"mf":2562.493,"br":5,"rs":1,"pr":12.5,"no":0,"s":77.1,"sp":7.24,"r_oo":0.907,"r_mf":0.888,"r_rs":0.702,"r_n":0.154,"r_sol":0.652}},{"type":"Feature","geometry":{"type":"Polygon","coordinates":[[[-70.25087,41.70192],[-70.25308,41.70105],[-70.25315,41.69927],[-70.25101,41.69837],[-70.2488,41.69924],[-70.24873,41.70102],[-70.25087,41.70192]]]},"properties":{"h":"892a310d09bffff","t":"Yarmouth","v":"Yarmouth Port","n":11,"oo":7,"po":63.6,"ao":2,"ml":3687,"mf":3184.243,"br":9,"rs":0,"pr":0,"no":0,"s":55.6,"sp":7.24,"r_oo":0.522,"r_mf":0.956,"r_rs":0.109,"r_n":0.266,"r_sol":0.652}},{"type":"Feature","geometry":{"type":"Polygon","coordinates":[[[-70.2513,41.69126],[-70.25351,41.69038],[-70.25359,41.68861],[-70.25145,41.68771],[-70.24924,41.68858],[-70.24917,41.69036],[-70.2513,41.69126]]]},"properties":{"h":"892a310d0abffff","t":"Yarmouth","v":"Yarmouth Port","n":9,"oo":4,"po":44.4,"ao":2,"ml":2930,"mf":2992.205,"br":7,"rs":0,"pr":0,"no":0,"s":44.9,"sp":7.24,"r_oo":0.284,"r_mf":0.939,"r_rs":0.109,"r_n":0.194,"r_sol":0.652}},{"type":"Feature","geometry":{"type":"Polygon","coordinates":[[[-70.25956,41.70197],[-70.26177,41.7011],[-70.26185,41.69932],[-70.25971,41.69842],[-70.2575,41.6993],[-70.25743,41.70107],[-70.25956,41.70197]]]},"properties":{"h":"892a310d0c3ffff","t":"Yarmouth","v":"Yarmouth Port","n":24,"oo":15,"po":62.5,"ao":1,"ml":1769.5,"mf":1455.424,"br":6,"rs":0,"pr":0,"no":0,"s":40.5,"sp":7.24,"r_oo":0.504,"r_mf":0.258,"r_rs":0.109,"r_n":0.573,"r_sol":0.652}},{"type":"Feature","geometry":{"type":"Polygon","coordinates":[[[-70.2575,41.6993],[-70.25971,41.69842],[-70.25978,41.69664],[-70.25764,41.69574],[-70.25543,41.69662],[-70.25536,41.69839],[-70.2575,41.6993]]]},"properties":{"h":"892a310d0c7ffff","t":"Yarmouth","v":"Yarmouth Port","n":11,"oo":10,"po":90.9,"ao":1,"ml":1764,"mf":2496.567,"br":7,"rs":1,"pr":9.1,"no":0,"s":76.8,"sp":7.24,"r_oo":0.947,"r_mf":0.877,"r_rs":0.524,"r_n":0.266,"r_sol":0.652}},{"type":"Feature","geometry":{"type":"Polygon","coordinates":[[[-70.25728,41.70463],[-70.25949,41.70375],[-70.25956,41.70197],[-70.25743,41.70107],[-70.25522,41.70195],[-70.25514,41.70373],[-70.25728,41.70463]]]},"properties":{"h":"892a310d0d3ffff","t":"Yarmouth","v":"Yarmouth Port","n":12,"oo":11,"po":91.7,"ao":1,"ml":2770,"mf":2268.091,"br":4,"rs":0,"pr":0,"no":0,"s":69.2,"sp":7.24,"r_oo":0.954,"r_mf":0.799,"r_rs":0.109,"r_n":0.292,"r_sol":0.652}},{"type":"Feature","geometry":{"type":"Polygon","coordinates":[[[-70.25522,41.70195],[-70.25743,41.70107],[-70.2575,41.6993],[-70.25536,41.69839],[-70.25315,41.69927],[-70.25308,41.70105],[-70.25522,41.70195]]]},"properties":{"h":"892a310d0d7ffff","t":"Yarmouth","v":"Yarmouth Port","n":15,"oo":12,"po":80,"ao":0,"ml":2117,"mf":2197.093,"br":7,"rs":0,"pr":0,"no":0,"s":63,"sp":7.24,"r_oo":0.799,"r_mf":0.769,"r_rs":0.109,"r_n":0.369,"r_sol":0.652}},{"type":"Feature","geometry":{"type":"Polygon","coordinates":[[[-70.24761,41.67524],[-70.24982,41.67437],[-70.24989,41.67259],[-70.24776,41.67169],[-70.24555,41.67256],[-70.24547,41.67434],[-70.24761,41.67524]]]},"properties":{"h":"892a310d10bffff","t":"Yarmouth","v":"West Yarmouth","n":7,"oo":6,"po":85.7,"ao":0,"ml":1176,"mf":1703.2,"br":1,"rs":2,"pr":28.6,"no":0,"s":69,"sp":7.24,"r_oo":0.887,"r_mf":0.448,"r_rs":0.976,"r_n":0.115,"r_sol":0.652}},{"type":"Feature","geometry":{"type":"Polygon","coordinates":[[[-70.24555,41.67256],[-70.24776,41.67169],[-70.24783,41.66991],[-70.24569,41.66901],[-70.24348,41.66989],[-70.24341,41.67166],[-70.24555,41.67256]]]},"properties":{"h":"892a310d10fffff","t":"Yarmouth","v":"West Yarmouth","n":9,"oo":6,"po":66.7,"ao":0,"ml":1258,"mf":1866.961,"br":0,"rs":0,"pr":0,"no":0,"s":47.1,"sp":7.24,"r_oo":0.565,"r_mf":0.578,"r_rs":0.109,"r_n":0.194,"r_sol":0.652}},{"type":"Feature","geometry":{"type":"Polygon","coordinates":[[[-70.24533,41.67789],[-70.24754,41.67702],[-70.24761,41.67524],[-70.24547,41.67434],[-70.24327,41.67522],[-70.24319,41.67699],[-70.24533,41.67789]]]},"properties":{"h":"892a310d11bffff","t":"Yarmouth","v":"West Yarmouth","n":26,"oo":16,"po":61.5,"ao":2,"ml":1255.5,"mf":1677.182,"br":1,"rs":2,"pr":7.7,"no":0,"s":49.5,"sp":7.24,"r_oo":0.491,"r_mf":0.421,"r_rs":0.442,"r_n":0.615,"r_sol":0.652}},{"type":"Feature","geometry":{"type":"Polygon","coordinates":[[[-70.24142,41.66721],[-70.24363,41.66633],[-70.2437,41.66456],[-70.24157,41.66366],[-70.23936,41.66453],[-70.23928,41.66631],[-70.24142,41.66721]]]},"properties":{"h":"892a310d123ffff","t":"Yarmouth","v":"West Yarmouth","n":15,"oo":9,"po":60,"ao":1,"ml":1536,"mf":1623.811,"br":3,"rs":0,"pr":0,"no":0,"s":40,"sp":7.24,"r_oo":0.466,"r_mf":0.381,"r_rs":0.109,"r_n":0.369,"r_sol":0.652}},{"type":"Feature","geometry":{"type":"Polygon","coordinates":[[[-70.23936,41.66453],[-70.24157,41.66366],[-70.24164,41.66188],[-70.2395,41.66098],[-70.23729,41.66185],[-70.23722,41.66363],[-70.23936,41.66453]]]},"properties":{"h":"892a310d127ffff","t":"Yarmouth","v":"West Yarmouth","n":6,"oo":3,"po":50,"ao":1,"ml":1650,"mf":1294.393,"br":1,"rs":0,"pr":0,"no":0,"s":26.3,"sp":7.24,"r_oo":0.341,"r_mf":0.154,"r_rs":0.109,"r_n":0.072,"r_sol":0.652}},{"type":"Feature","geometry":{"type":"Polygon","coordinates":[[[-70.24576,41.66724],[-70.24797,41.66636],[-70.24805,41.66458],[-70.24591,41.66368],[-70.2437,41.66456],[-70.24363,41.66633],[-70.24576,41.66724]]]},"properties":{"h":"892a310d12bffff","t":"Yarmouth","v":"West Yarmouth","n":5,"oo":4,"po":80,"ao":0,"ml":1152,"mf":1368.777,"br":0,"rs":0,"pr":0,"no":0,"s":45.3,"sp":7.24,"r_oo":0.799,"r_mf":0.196,"r_rs":0.109,"r_n":0.024,"r_sol":0.652}},{"type":"Feature","geometry":{"type":"Polygon","coordinates":[[[-70.2437,41.66456],[-70.24591,41.66368],[-70.24598,41.66191],[-70.24385,41.661],[-70.24164,41.66188],[-70.24157,41.66366],[-70.2437,41.66456]]]},"properties":{"h":"892a310d12fffff","t":"Yarmouth","v":"West Yarmouth","n":44,"oo":35,"po":79.5,"ao":3,"ml":1204,"mf":1466.348,"br":0,"rs":4,"pr":9.1,"no":0,"s":60.6,"sp":7.24,"r_oo":0.783,"r_mf":0.264,"r_rs":0.524,"r_n":0.829,"r_sol":0.652}},{"type":"Feature","geometry":{"type":"Polygon","coordinates":[[[-70.2563,41.67529],[-70.25851,41.67442],[-70.25858,41.67264],[-70.25645,41.67174],[-70.25424,41.67262],[-70.25416,41.67439],[-70.2563,41.67529]]]},"properties":{"h":"892a310d14fffff","t":"Yarmouth","v":"West Yarmouth","n":12,"oo":4,"po":33.3,"ao":1,"ml":935,"mf":1249.093,"br":0,"rs":1,"pr":8.3,"no":0,"s":27,"sp":7.24,"r_oo":0.184,"r_mf":0.119,"r_rs":0.48,"r_n":0.292,"r_sol":0.652}},{"type":"Feature","geometry":{"type":"Polygon","coordinates":[[[-70.24967,41.67792],[-70.25188,41.67704],[-70.25196,41.67527],[-70.24982,41.67437],[-70.24761,41.67524],[-70.24754,41.67702],[-70.24967,41.67792]]]},"properties":{"h":"892a310d157ffff","t":"Yarmouth","v":"West Yarmouth","n":11,"oo":7,"po":63.6,"ao":0,"ml":1362,"mf":1301.821,"br":0,"rs":0,"pr":0,"no":0,"s":35.7,"sp":7.24,"r_oo":0.522,"r_mf":0.16,"r_rs":0.109,"r_n":0.266,"r_sol":0.652}},{"type":"Feature","geometry":{"type":"Polygon","coordinates":[[[-70.25217,41.66994],[-70.25438,41.66906],[-70.25445,41.66729],[-70.25232,41.66639],[-70.25011,41.66726],[-70.25004,41.66904],[-70.25217,41.66994]]]},"properties":{"h":"892a310d163ffff","t":"Yarmouth","v":"West Yarmouth","n":8,"oo":7,"po":87.5,"ao":0,"ml":1946,"mf":2346.015,"br":3,"rs":1,"pr":12.5,"no":0,"s":75.5,"sp":7.24,"r_oo":0.907,"r_mf":0.825,"r_rs":0.702,"r_n":0.154,"r_sol":0.652}},{"type":"Feature","geometry":{"type":"Polygon","coordinates":[[[-70.24989,41.67259],[-70.2521,41.67172],[-70.25217,41.66994],[-70.25004,41.66904],[-70.24783,41.66991],[-70.24776,41.67169],[-70.24989,41.67259]]]},"properties":{"h":"892a310d173ffff","t":"Yarmouth","v":"West Yarmouth","n":23,"oo":15,"po":65.2,"ao":4,"ml":1430,"mf":1776.406,"br":2,"rs":2,"pr":8.7,"no":0,"s":53.8,"sp":7.24,"r_oo":0.541,"r_mf":0.504,"r_rs":0.5,"r_n":0.554,"r_sol":0.652}},{"type":"Feature","geometry":{"type":"Polygon","coordinates":[[[-70.24783,41.66991],[-70.25004,41.66904],[-70.25011,41.66726],[-70.24797,41.66636],[-70.24576,41.66724],[-70.24569,41.66901],[-70.24783,41.66991]]]},"properties":{"h":"892a310d177ffff","t":"Yarmouth","v":"West Yarmouth","n":15,"oo":11,"po":73.3,"ao":1,"ml":1246,"mf":1734.552,"br":2,"rs":0,"pr":0,"no":0,"s":51,"sp":7.24,"r_oo":0.683,"r_mf":0.474,"r_rs":0.109,"r_n":0.369,"r_sol":0.652}},{"type":"Feature","geometry":{"type":"Polygon","coordinates":[[[-70.23229,41.67782],[-70.2345,41.67694],[-70.23457,41.67516],[-70.23244,41.67426],[-70.23023,41.67514],[-70.23016,41.67691],[-70.23229,41.67782]]]},"properties":{"h":"892a310d187ffff","t":"Yarmouth","v":"West Yarmouth","n":21,"oo":19,"po":90.5,"ao":0,"ml":1488,"mf":1767.648,"br":2,"rs":2,"pr":9.5,"no":0,"s":70,"sp":7.24,"r_oo":0.942,"r_mf":0.498,"r_rs":0.547,"r_n":0.513,"r_sol":0.652}},{"type":"Feature","geometry":{"type":"Polygon","coordinates":[[[-70.23001,41.68047],[-70.23222,41.67959],[-70.23229,41.67782],[-70.23016,41.67691],[-70.22795,41.67779],[-70.22787,41.67957],[-70.23001,41.68047]]]},"properties":{"h":"892a310d197ffff","t":"Yarmouth","v":"West Yarmouth","n":13,"oo":11,"po":84.6,"ao":1,"ml":1302,"mf":1776.576,"br":3,"rs":1,"pr":7.7,"no":0,"s":64,"sp":7.24,"r_oo":0.876,"r_mf":0.505,"r_rs":0.442,"r_n":0.318,"r_sol":0.652}},{"type":"Feature","geometry":{"type":"Polygon","coordinates":[[[-70.23023,41.67514],[-70.23244,41.67426],[-70.23251,41.67249],[-70.23038,41.67158],[-70.22817,41.67246],[-70.22809,41.67424],[-70.23023,41.67514]]]},"properties":{"h":"892a310d1b3ffff","t":"Yarmouth","v":"West Yarmouth","n":39,"oo":32,"po":82.1,"ao":3,"ml":1680,"mf":2030.633,"br":10,"rs":3,"pr":7.7,"no":0,"s":71.8,"sp":7.24,"r_oo":0.838,"r_mf":0.69,"r_rs":0.442,"r_n":0.787,"r_sol":0.652}},{"type":"Feature","geometry":{"type":"Polygon","coordinates":[[[-70.22817,41.67246],[-70.23038,41.67158],[-70.23045,41.66981],[-70.22831,41.66891],[-70.2261,41.66978],[-70.22603,41.67156],[-70.22817,41.67246]]]},"properties":{"h":"892a310d1b7ffff","t":"Yarmouth","v":"West Yarmouth","n":12,"oo":10,"po":83.3,"ao":0,"ml":1566,"mf":2334.575,"br":4,"rs":1,"pr":8.3,"no":0,"s":71.4,"sp":7.24,"r_oo":0.856,"r_mf":0.821,"r_rs":0.48,"r_n":0.292,"r_sol":0.652}},{"type":"Feature","geometry":{"type":"Polygon","coordinates":[[[-70.24739,41.68057],[-70.2496,41.6797],[-70.24967,41.67792],[-70.24754,41.67702],[-70.24533,41.67789],[-70.24526,41.67967],[-70.24739,41.68057]]]},"properties":{"h":"892a310d1cfffff","t":"Yarmouth","v":"West Yarmouth","n":10,"oo":6,"po":60,"ao":1,"ml":1215,"mf":1432.003,"br":0,"rs":2,"pr":20,"no":0,"s":47.4,"sp":7.24,"r_oo":0.466,"r_mf":0.243,"r_rs":0.919,"r_n":0.234,"r_sol":0.652}},{"type":"Feature","geometry":{"type":"Polygon","coordinates":[[[-70.26293,41.67267],[-70.26514,41.67179],[-70.26521,41.67001],[-70.26307,41.66911],[-70.26086,41.66999],[-70.26079,41.67177],[-70.26293,41.67267]]]},"properties":{"h":"892a310d3a3ffff","t":"Yarmouth","v":"West Yarmouth","n":50,"oo":38,"po":76,"ao":3,"ml":1156,"mf":1532.523,"br":1,"rs":7,"pr":14,"no":1,"s":63.7,"sp":7.24,"r_oo":0.725,"r_mf":0.314,"r_rs":0.769,"r_n":0.875,"r_sol":0.652}},{"type":"Feature","geometry":{"type":"Polygon","coordinates":[[[-70.26086,41.66999],[-70.26307,41.66911],[-70.26314,41.66734],[-70.26101,41.66644],[-70.2588,41.66731],[-70.25873,41.66909],[-70.26086,41.66999]]]},"properties":{"h":"892a310d3a7ffff","t":"Yarmouth","v":"West Yarmouth","n":13,"oo":7,"po":53.8,"ao":1,"ml":1230,"mf":1733.35,"br":1,"rs":0,"pr":0,"no":0,"s":38.5,"sp":7.24,"r_oo":0.383,"r_mf":0.472,"r_rs":0.109,"r_n":0.318,"r_sol":0.652}},{"type":"Feature","geometry":{"type":"Polygon","coordinates":[[[-70.26521,41.67001],[-70.26742,41.66914],[-70.26749,41.66736],[-70.26535,41.66646],[-70.26314,41.66734],[-70.26307,41.66911],[-70.26521,41.67001]]]},"properties":{"h":"892a310d3afffff","t":"Yarmouth","v":"West Yarmouth","n":12,"oo":10,"po":83.3,"ao":0,"ml":1311,"mf":1527.301,"br":1,"rs":2,"pr":16.7,"no":0,"s":64.2,"sp":7.24,"r_oo":0.856,"r_mf":0.308,"r_rs":0.858,"r_n":0.292,"r_sol":0.652}},{"type":"Feature","geometry":{"type":"Polygon","coordinates":[[[-70.26065,41.67532],[-70.26286,41.67444],[-70.26293,41.67267],[-70.26079,41.67177],[-70.25858,41.67264],[-70.25851,41.67442],[-70.26065,41.67532]]]},"properties":{"h":"892a310d3b3ffff","t":"Yarmouth","v":"West Yarmouth","n":40,"oo":28,"po":70,"ao":1,"ml":1040,"mf":1234.518,"br":0,"rs":2,"pr":5,"no":0,"s":46.9,"sp":7.24,"r_oo":0.626,"r_mf":0.111,"r_rs":0.306,"r_n":0.796,"r_sol":0.652}},{"type":"Feature","geometry":{"type":"Polygon","coordinates":[[[-70.25858,41.67264],[-70.26079,41.67177],[-70.26086,41.66999],[-70.25873,41.66909],[-70.25652,41.66996],[-70.25645,41.67174],[-70.25858,41.67264]]]},"properties":{"h":"892a310d3b7ffff","t":"Yarmouth","v":"West Yarmouth","n":8,"oo":4,"po":50,"ao":1,"ml":1000,"mf":1265.184,"br":0,"rs":1,"pr":12.5,"no":0,"s":35.5,"sp":7.24,"r_oo":0.341,"r_mf":0.133,"r_rs":0.702,"r_n":0.154,"r_sol":0.652}},{"type":"Feature","geometry":{"type":"Polygon","coordinates":[[[-70.26499,41.67534],[-70.2672,41.67447],[-70.26727,41.67269],[-70.26514,41.67179],[-70.26293,41.67267],[-70.26286,41.67444],[-70.26499,41.67534]]]},"properties":{"h":"892a310d3bbffff","t":"Yarmouth","v":"West Yarmouth","n":22,"oo":17,"po":77.3,"ao":0,"ml":1103,"mf":1357.993,"br":0,"rs":1,"pr":4.5,"no":0,"s":50.8,"sp":7.24,"r_oo":0.745,"r_mf":0.19,"r_rs":0.289,"r_n":0.533,"r_sol":0.652}},{"type":"Feature","geometry":{"type":"Polygon","coordinates":[[[-70.23967,41.70986],[-70.24188,41.70898],[-70.24196,41.7072],[-70.23982,41.7063],[-70.23761,41.70718],[-70.23753,41.70895],[-70.23967,41.70986]]]},"properties":{"h":"892a310d407ffff","t":"Yarmouth","v":"Yarmouth Port","n":20,"oo":15,"po":75,"ao":4,"ml":1567.5,"mf":1900.785,"br":2,"rs":2,"pr":10,"no":0,"s":63.5,"sp":7.24,"r_oo":0.709,"r_mf":0.604,"r_rs":0.575,"r_n":0.495,"r_sol":0.652}},{"type":"Feature","geometry":{"type":"Polygon","coordinates":[[[-70.24402,41.70988],[-70.24623,41.70901],[-70.2463,41.70723],[-70.24417,41.70633],[-70.24196,41.7072],[-70.24188,41.70898],[-70.24402,41.70988]]]},"properties":{"h":"892a310d40fffff","t":"Yarmouth","v":"Yarmouth Port","n":13,"oo":8,"po":61.5,"ao":1,"ml":2152,"mf":2205.394,"br":4,"rs":0,"pr":0,"no":0,"s":50.3,"sp":7.24,"r_oo":0.491,"r_mf":0.772,"r_rs":0.109,"r_n":0.318,"r_sol":0.652}},{"type":"Feature","geometry":{"type":"Polygon","coordinates":[[[-70.23739,41.71251],[-70.2396,41.71163],[-70.23967,41.70986],[-70.23753,41.70895],[-70.23532,41.70983],[-70.23525,41.71161],[-70.23739,41.71251]]]},"properties":{"h":"892a310d417ffff","t":"Yarmouth","v":"Yarmouth Port","n":26,"oo":20,"po":76.9,"ao":2,"ml":1561,"mf":2066.61,"br":2,"rs":3,"pr":11.5,"no":0,"s":69.9,"sp":7.24,"r_oo":0.738,"r_mf":0.712,"r_rs":0.659,"r_n":0.615,"r_sol":0.652}},{"type":"Feature","geometry":{"type":"Polygon","coordinates":[[[-70.24424,41.70455],[-70.24645,41.70367],[-70.24652,41.7019],[-70.24438,41.70099],[-70.24217,41.70187],[-70.2421,41.70365],[-70.24424,41.70455]]]},"properties":{"h":"892a310d42bffff","t":"Yarmouth","v":"Yarmouth Port","n":6,"oo":3,"po":50,"ao":0,"ml":1822,"mf":1348.917,"br":0,"rs":0,"pr":0,"no":0,"s":27.1,"sp":7.24,"r_oo":0.341,"r_mf":0.183,"r_rs":0.109,"r_n":0.072,"r_sol":0.652}},{"type":"Feature","geometry":{"type":"Polygon","coordinates":[[[-70.23761,41.70718],[-70.23982,41.7063],[-70.23989,41.70452],[-70.23775,41.70362],[-70.23554,41.7045],[-70.23547,41.70627],[-70.23761,41.70718]]]},"properties":{"h":"892a310d433ffff","t":"Yarmouth","v":"Yarmouth Port","n":13,"oo":9,"po":69.2,"ao":1,"ml":2577,"mf":2173.246,"br":6,"rs":2,"pr":15.4,"no":0,"s":65.3,"sp":7.24,"r_oo":0.609,"r_mf":0.759,"r_rs":0.818,"r_n":0.318,"r_sol":0.652}},{"type":"Feature","geometry":{"type":"Polygon","coordinates":[[[-70.23554,41.7045],[-70.23775,41.70362],[-70.23783,41.70184],[-70.23569,41.70094],[-70.23348,41.70182],[-70.2334,41.70359],[-70.23554,41.7045]]]},"properties":{"h":"892a310d437ffff","t":"Yarmouth","v":"Yarmouth Port","n":21,"oo":19,"po":90.5,"ao":1,"ml":1868,"mf":2113.482,"br":6,"rs":1,"pr":4.8,"no":0,"s":72.2,"sp":7.24,"r_oo":0.942,"r_mf":0.735,"r_rs":0.299,"r_n":0.513,"r_sol":0.652}},{"type":"Feature","geometry":{"type":"Polygon","coordinates":[[[-70.24196,41.7072],[-70.24417,41.70633],[-70.24424,41.70455],[-70.2421,41.70365],[-70.23989,41.70452],[-70.23982,41.7063],[-70.24196,41.7072]]]},"properties":{"h":"892a310d43bffff","t":"Yarmouth","v":"Yarmouth Port","n":13,"oo":7,"po":53.8,"ao":1,"ml":2088,"mf":1961.9,"br":2,"rs":1,"pr":7.7,"no":0,"s":47.7,"sp":7.24,"r_oo":0.383,"r_mf":0.642,"r_rs":0.442,"r_n":0.318,"r_sol":0.652}},{"type":"Feature","geometry":{"type":"Polygon","coordinates":[[[-70.25065,41.70725],[-70.25286,41.70638],[-70.25293,41.7046],[-70.2508,41.7037],[-70.24859,41.70458],[-70.24851,41.70635],[-70.25065,41.70725]]]},"properties":{"h":"892a310d463ffff","t":"Yarmouth","v":"Yarmouth Port","n":33,"oo":23,"po":69.7,"ao":3,"ml":1950,"mf":1801.675,"br":5,"rs":3,"pr":9.1,"no":0,"s":59.3,"sp":7.24,"r_oo":0.616,"r_mf":0.521,"r_rs":0.524,"r_n":0.723,"r_sol":0.652}},{"type":"Feature","geometry":{"type":"Polygon","coordinates":[[[-70.24859,41.70458],[-70.2508,41.7037],[-70.25087,41.70192],[-70.24873,41.70102],[-70.24652,41.7019],[-70.24645,41.70367],[-70.24859,41.70458]]]},"properties":{"h":"892a310d467ffff","t":"Yarmouth","v":"Yarmouth Port","n":26,"oo":19,"po":73.1,"ao":3,"ml":1985.5,"mf":1708.23,"br":6,"rs":1,"pr":3.8,"no":0,"s":55,"sp":7.24,"r_oo":0.679,"r_mf":0.452,"r_rs":0.258,"r_n":0.615,"r_sol":0.652}},{"type":"Feature","geometry":{"type":"Polygon","coordinates":[[[-70.255,41.70728],[-70.25721,41.7064],[-70.25728,41.70463],[-70.25514,41.70373],[-70.25293,41.7046],[-70.25286,41.70638],[-70.255,41.70728]]]},"properties":{"h":"892a310d46bffff","t":"Yarmouth","v":"Yarmouth Port","n":19,"oo":16,"po":84.2,"ao":0,"ml":2276,"mf":2125.529,"br":5,"rs":0,"pr":0,"no":0,"s":66.2,"sp":7.24,"r_oo":0.872,"r_mf":0.738,"r_rs":0.109,"r_n":0.472,"r_sol":0.652}},{"type":"Feature","geometry":{"type":"Polygon","coordinates":[[[-70.25293,41.7046],[-70.25514,41.70373],[-70.25522,41.70195],[-70.25308,41.70105],[-70.25087,41.70192],[-70.2508,41.7037],[-70.25293,41.7046]]]},"properties":{"h":"892a310d46fffff","t":"Yarmouth","v":"Yarmouth Port","n":17,"oo":13,"po":76.5,"ao":2,"ml":2557,"mf":2081.23,"br":6,"rs":1,"pr":5.9,"no":0,"s":63.2,"sp":7.24,"r_oo":0.731,"r_mf":0.72,"r_rs":0.345,"r_n":0.426,"r_sol":0.652}},{"type":"Feature","geometry":{"type":"Polygon","coordinates":[[[-70.24837,41.70991],[-70.25058,41.70903],[-70.25065,41.70725],[-70.24851,41.70635],[-70.2463,41.70723],[-70.24623,41.70901],[-70.24837,41.70991]]]},"properties":{"h":"892a310d473ffff","t":"Yarmouth","v":"Yarmouth Port","n":5,"oo":2,"po":40,"ao":1,"ml":3362,"mf":3364.159,"br":3,"rs":0,"pr":0,"no":0,"s":42.1,"sp":7.24,"r_oo":0.239,"r_mf":0.966,"r_rs":0.109,"r_n":0.024,"r_sol":0.652}},{"type":"Feature","geometry":{"type":"Polygon","coordinates":[[[-70.2463,41.70723],[-70.24851,41.70635],[-70.24859,41.70458],[-70.24645,41.70367],[-70.24424,41.70455],[-70.24417,41.70633],[-70.2463,41.70723]]]},"properties":{"h":"892a310d477ffff","t":"Yarmouth","v":"Yarmouth Port","n":7,"oo":6,"po":85.7,"ao":1,"ml":2702,"mf":2403.644,"br":3,"rs":0,"pr":0,"no":0,"s":65.9,"sp":7.24,"r_oo":0.887,"r_mf":0.845,"r_rs":0.109,"r_n":0.115,"r_sol":0.652}},{"type":"Feature","geometry":{"type":"Polygon","coordinates":[[[-70.23282,41.71781],[-70.23503,41.71694],[-70.2351,41.71516],[-70.23297,41.71426],[-70.23075,41.71513],[-70.23068,41.71691],[-70.23282,41.71781]]]},"properties":{"h":"892a310d483ffff","t":"Yarmouth","v":"Yarmouth Port","n":7,"oo":4,"po":57.1,"ao":3,"ml":2130,"mf":2060.611,"br":2,"rs":1,"pr":14.3,"no":0,"s":54.1,"sp":7.24,"r_oo":0.425,"r_mf":0.707,"r_rs":0.784,"r_n":0.115,"r_sol":0.652}},{"type":"Feature","geometry":{"type":"Polygon","coordinates":[[[-70.23075,41.71513],[-70.23297,41.71426],[-70.23304,41.71248],[-70.2309,41.71158],[-70.22869,41.71245],[-70.22862,41.71423],[-70.23075,41.71513]]]},"properties":{"h":"892a310d487ffff","t":"Yarmouth","v":"Yarmouth Port","n":38,"oo":22,"po":57.9,"ao":5,"ml":1540.5,"mf":1919.609,"br":6,"rs":6,"pr":15.8,"no":0,"s":59.6,"sp":7.24,"r_oo":0.435,"r_mf":0.617,"r_rs":0.831,"r_n":0.773,"r_sol":0.652}},{"type":"Feature","geometry":{"type":"Polygon","coordinates":[[[-70.2351,41.71516],[-70.23731,41.71429],[-70.23739,41.71251],[-70.23525,41.71161],[-70.23304,41.71248],[-70.23297,41.71426],[-70.2351,41.71516]]]},"properties":{"h":"892a310d48fffff","t":"Yarmouth","v":"Yarmouth Port","n":14,"oo":12,"po":85.7,"ao":1,"ml":1799,"mf":2195.886,"br":6,"rs":0,"pr":0,"no":0,"s":66.2,"sp":7.24,"r_oo":0.887,"r_mf":0.768,"r_rs":0.109,"r_n":0.341,"r_sol":0.652}},{"type":"Feature","geometry":{"type":"Polygon","coordinates":[[[-70.23054,41.72047],[-70.23275,41.71959],[-70.23282,41.71781],[-70.23068,41.71691],[-70.22847,41.71779],[-70.2284,41.71956],[-70.23054,41.72047]]]},"properties":{"h":"892a310d493ffff","t":"Yarmouth","v":"Yarmouth Port","n":5,"oo":5,"po":100,"ao":0,"ml":2227,"mf":1998.375,"br":1,"rs":0,"pr":0,"no":0,"s":64.6,"sp":7.24,"r_oo":0.988,"r_mf":0.667,"r_rs":0.109,"r_n":0.024,"r_sol":0.652}},{"type":"Feature","geometry":{"type":"Polygon","coordinates":[[[-70.22847,41.71779],[-70.23068,41.71691],[-70.23075,41.71513],[-70.22862,41.71423],[-70.22641,41.71511],[-70.22633,41.71689],[-70.22847,41.71779]]]},"properties":{"h":"892a310d497ffff","t":"Yarmouth","v":"Yarmouth Port","n":26,"oo":19,"po":73.1,"ao":2,"ml":2058,"mf":2233.053,"br":9,"rs":3,"pr":11.5,"no":0,"s":69.3,"sp":7.24,"r_oo":0.679,"r_mf":0.784,"r_rs":0.659,"r_n":0.615,"r_sol":0.652}},{"type":"Feature","geometry":{"type":"Polygon","coordinates":[[[-70.23097,41.7098],[-70.23319,41.70893],[-70.23326,41.70715],[-70.23112,41.70625],[-70.22891,41.70712],[-70.22884,41.7089],[-70.23097,41.7098]]]},"properties":{"h":"892a310d4a3ffff","t":"Yarmouth","v":"Yarmouth Port","n":39,"oo":28,"po":71.8,"ao":6,"ml":1592,"mf":1755.162,"br":6,"rs":4,"pr":10.3,"no":0,"s":62,"sp":7.24,"r_oo":0.66,"r_mf":0.491,"r_rs":0.597,"r_n":0.787,"r_sol":0.652}},{"type":"Feature","geometry":{"type":"Polygon","coordinates":[[[-70.22891,41.70712],[-70.23112,41.70625],[-70.23119,41.70447],[-70.22906,41.70357],[-70.22685,41.70444],[-70.22677,41.70622],[-70.22891,41.70712]]]},"properties":{"h":"892a310d4a7ffff","t":"Yarmouth","v":"Yarmouth Port","n":41,"oo":31,"po":75.6,"ao":3,"ml":1518,"mf":1527.358,"br":7,"rs":4,"pr":9.8,"no":0,"s":59.6,"sp":7.24,"r_oo":0.723,"r_mf":0.309,"r_rs":0.557,"r_n":0.805,"r_sol":0.652}},{"type":"Feature","geometry":{"type":"Polygon","coordinates":[[[-70.23532,41.70983],[-70.23753,41.70895],[-70.23761,41.70718],[-70.23547,41.70627],[-70.23326,41.70715],[-70.23319,41.70893],[-70.23532,41.70983]]]},"properties":{"h":"892a310d4abffff","t":"Yarmouth","v":"Yarmouth Port","n":45,"oo":34,"po":75.6,"ao":4,"ml":1640,"mf":2006.094,"br":6,"rs":2,"pr":4.4,"no":0,"s":64.9,"sp":7.24,"r_oo":0.723,"r_mf":0.674,"r_rs":0.284,"r_n":0.837,"r_sol":0.652}},{"type":"Feature","geometry":{"type":"Polygon","coordinates":[[[-70.23326,41.70715],[-70.23547,41.70627],[-70.23554,41.7045],[-70.2334,41.70359],[-70.23119,41.70447],[-70.23112,41.70625],[-70.23326,41.70715]]]},"properties":{"h":"892a310d4afffff","t":"Yarmouth","v":"Yarmouth Port","n":31,"oo":26,"po":83.9,"ao":0,"ml":1916,"mf":1932.033,"br":7,"rs":5,"pr":16.1,"no":0,"s":76.4,"sp":7.24,"r_oo":0.867,"r_mf":0.625,"r_rs":0.84,"r_n":0.696,"r_sol":0.652}},{"type":"Feature","geometry":{"type":"Polygon","coordinates":[[[-70.22869,41.71245],[-70.2309,41.71158],[-70.23097,41.7098],[-70.22884,41.7089],[-70.22663,41.70978],[-70.22655,41.71155],[-70.22869,41.71245]]]},"properties":{"h":"892a310d4b3ffff","t":"Yarmouth","v":"Yarmouth Port","n":36,"oo":25,"po":69.4,"ao":4,"ml":1689,"mf":2143.174,"br":7,"rs":7,"pr":19.4,"no":0,"s":70.8,"sp":7.24,"r_oo":0.613,"r_mf":0.749,"r_rs":0.901,"r_n":0.75,"r_sol":0.652}},{"type":"Feature","geometry":{"type":"Polygon","coordinates":[[[-70.22663,41.70978],[-70.22884,41.7089],[-70.22891,41.70712],[-70.22677,41.70622],[-70.22456,41.7071],[-70.22449,41.70887],[-70.22663,41.70978]]]},"properties":{"h":"892a310d4b7ffff","t":"Yarmouth","v":"Yarmouth Port","n":24,"oo":14,"po":58.3,"ao":4,"ml":1777.5,"mf":1705.997,"br":0,"rs":4,"pr":16.7,"no":0,"s":54,"sp":7.24,"r_oo":0.441,"r_mf":0.449,"r_rs":0.858,"r_n":0.573,"r_sol":0.652}},{"type":"Feature","geometry":{"type":"Polygon","coordinates":[[[-70.23304,41.71248],[-70.23525,41.71161],[-70.23532,41.70983],[-70.23319,41.70893],[-70.23097,41.7098],[-70.2309,41.71158],[-70.23304,41.71248]]]},"properties":{"h":"892a310d4bbffff","t":"Yarmouth","v":"Yarmouth Port","n":13,"oo":12,"po":92.3,"ao":1,"ml":1672,"mf":1642.815,"br":1,"rs":1,"pr":7.7,"no":0,"s":64.7,"sp":7.24,"r_oo":0.959,"r_mf":0.399,"r_rs":0.442,"r_n":0.318,"r_sol":0.652}},{"type":"Feature","geometry":{"type":"Polygon","coordinates":[[[-70.22729,41.69378],[-70.2295,41.69291],[-70.22957,41.69113],[-70.22743,41.69023],[-70.22522,41.6911],[-70.22515,41.69288],[-70.22729,41.69378]]]},"properties":{"h":"892a310d503ffff","t":"Yarmouth","v":"Yarmouth Port","n":18,"oo":14,"po":77.8,"ao":1,"ml":1108,"mf":1242.244,"br":0,"rs":1,"pr":5.6,"no":0,"s":49.1,"sp":7.24,"r_oo":0.755,"r_mf":0.114,"r_rs":0.332,"r_n":0.448,"r_sol":0.652}},{"type":"Feature","geometry":{"type":"Polygon","coordinates":[[[-70.22522,41.6911],[-70.22743,41.69023],[-70.22751,41.68845],[-70.22537,41.68755],[-70.22316,41.68842],[-70.22309,41.6902],[-70.22522,41.6911]]]},"properties":{"h":"892a310d507ffff","t":"Yarmouth","v":"Yarmouth Port","n":6,"oo":5,"po":83.3,"ao":1,"ml":1404,"mf":1203.95,"br":0,"rs":0,"pr":0,"no":0,"s":45.4,"sp":7.24,"r_oo":0.856,"r_mf":0.091,"r_rs":0.109,"r_n":0.072,"r_sol":0.652}},{"type":"Feature","geometry":{"type":"Polygon","coordinates":[[[-70.23163,41.69381],[-70.23384,41.69293],[-70.23392,41.69116],[-70.23178,41.69025],[-70.22957,41.69113],[-70.2295,41.69291],[-70.23163,41.69381]]]},"properties":{"h":"892a310d50bffff","t":"Yarmouth","v":"Yarmouth Port","n":37,"oo":19,"po":51.4,"ao":4,"ml":1152,"mf":1583.642,"br":0,"rs":0,"pr":0,"no":0,"s":39,"sp":7.24,"r_oo":0.362,"r_mf":0.351,"r_rs":0.109,"r_n":0.76,"r_sol":0.652}},{"type":"Feature","geometry":{"type":"Polygon","coordinates":[[[-70.22957,41.69113],[-70.23178,41.69025],[-70.23185,41.68848],[-70.22972,41.68757],[-70.22751,41.68845],[-70.22743,41.69023],[-70.22957,41.69113]]]},"properties":{"h":"892a310d50fffff","t":"Yarmouth","v":"Yarmouth Port","n":43,"oo":31,"po":72.1,"ao":1,"ml":1152,"mf":1638.71,"br":0,"rs":3,"pr":7,"no":0,"s":57.1,"sp":7.24,"r_oo":0.663,"r_mf":0.393,"r_rs":0.403,"r_n":0.821,"r_sol":0.652}},{"type":"Feature","geometry":{"type":"Polygon","coordinates":[[[-70.225,41.69643],[-70.22721,41.69556],[-70.22729,41.69378],[-70.22515,41.69288],[-70.22294,41.69375],[-70.22287,41.69553],[-70.225,41.69643]]]},"properties":{"h":"892a310d513ffff","t":"Yarmouth","v":"Yarmouth Port","n":16,"oo":13,"po":81.2,"ao":1,"ml":1278,"mf":1735.214,"br":0,"rs":3,"pr":18.8,"no":0,"s":68.8,"sp":7.24,"r_oo":0.823,"r_mf":0.476,"r_rs":0.898,"r_n":0.401,"r_sol":0.652}},{"type":"Feature","geometry":{"type":"Polygon","coordinates":[[[-70.22294,41.69375],[-70.22515,41.69288],[-70.22522,41.6911],[-70.22309,41.6902],[-70.22088,41.69108],[-70.2208,41.69285],[-70.22294,41.69375]]]},"properties":{"h":"892a310d517ffff","t":"Yarmouth","v":"Yarmouth Port","n":19,"oo":19,"po":100,"ao":0,"ml":1296,"mf":1486.056,"br":0,"rs":2,"pr":10.5,"no":0,"s":66.8,"sp":7.24,"r_oo":0.988,"r_mf":0.277,"r_rs":0.607,"r_n":0.472,"r_sol":0.652}},{"type":"Feature","geometry":{"type":"Polygon","coordinates":[[[-70.22935,41.69646],[-70.23156,41.69558],[-70.23163,41.69381],[-70.2295,41.69291],[-70.22729,41.69378],[-70.22721,41.69556],[-70.22935,41.69646]]]},"properties":{"h":"892a310d51bffff","t":"Yarmouth","v":"Yarmouth Port","n":21,"oo":18,"po":85.7,"ao":1,"ml":1448,"mf":1901.662,"br":2,"rs":3,"pr":14.3,"no":0,"s":74,"sp":7.24,"r_oo":0.887,"r_mf":0.605,"r_rs":0.784,"r_n":0.513,"r_sol":0.652}},{"type":"Feature","geometry":{"type":"Polygon","coordinates":[[[-70.22544,41.68577],[-70.22765,41.6849],[-70.22773,41.68312],[-70.22559,41.68222],[-70.22338,41.68309],[-70.22331,41.68487],[-70.22544,41.68577]]]},"properties":{"h":"892a310d523ffff","t":"Yarmouth","v":"West Yarmouth","n":19,"oo":15,"po":78.9,"ao":1,"ml":1296,"mf":1323.772,"br":0,"rs":1,"pr":5.3,"no":0,"s":51.2,"sp":7.24,"r_oo":0.776,"r_mf":0.168,"r_rs":0.318,"r_n":0.472,"r_sol":0.652}},{"type":"Feature","geometry":{"type":"Polygon","coordinates":[[[-70.22338,41.68309],[-70.22559,41.68222],[-70.22566,41.68044],[-70.22353,41.67954],[-70.22132,41.68041],[-70.22124,41.68219],[-70.22338,41.68309]]]},"properties":{"h":"892a310d527ffff","t":"Yarmouth","v":"West Yarmouth","n":96,"oo":79,"po":82.3,"ao":3,"ml":1152,"mf":1497.628,"br":0,"rs":6,"pr":6.2,"no":0,"s":62.6,"sp":7.24,"r_oo":0.839,"r_mf":0.285,"r_rs":0.362,"r_n":0.993,"r_sol":0.652}},{"type":"Feature","geometry":{"type":"Polygon","coordinates":[[[-70.22979,41.6858],[-70.232,41.68492],[-70.23207,41.68315],[-70.22994,41.68224],[-70.22773,41.68312],[-70.22765,41.6849],[-70.22979,41.6858]]]},"properties":{"h":"892a310d52bffff","t":"Yarmouth","v":"West Yarmouth","n":8,"oo":4,"po":50,"ao":1,"ml":1272,"mf":1094.008,"br":1,"rs":1,"pr":12.5,"no":0,"s":33.3,"sp":7.24,"r_oo":0.341,"r_mf":0.045,"r_rs":0.702,"r_n":0.154,"r_sol":0.652}},{"type":"Feature","geometry":{"type":"Polygon","coordinates":[[[-70.22773,41.68312],[-70.22994,41.68224],[-70.23001,41.68047],[-70.22787,41.67957],[-70.22566,41.68044],[-70.22559,41.68222],[-70.22773,41.68312]]]},"properties":{"h":"892a310d52fffff","t":"Yarmouth","v":"West Yarmouth","n":46,"oo":39,"po":84.8,"ao":0,"ml":1296,"mf":1149.695,"br":0,"rs":2,"pr":4.3,"no":0,"s":55.9,"sp":7.24,"r_oo":0.877,"r_mf":0.066,"r_rs":0.278,"r_n":0.846,"r_sol":0.652}},{"type":"Feature","geometry":{"type":"Polygon","coordinates":[[[-70.2211,41.68574],[-70.22331,41.68487],[-70.22338,41.68309],[-70.22124,41.68219],[-70.21904,41.68307],[-70.21896,41.68484],[-70.2211,41.68574]]]},"properties":{"h":"892a310d537ffff","t":"Yarmouth","v":"West Yarmouth","n":30,"oo":24,"po":80,"ao":1,"ml":1210,"mf":1632.708,"br":0,"rs":2,"pr":6.7,"no":0,"s":60.9,"sp":7.24,"r_oo":0.799,"r_mf":0.389,"r_rs":0.389,"r_n":0.682,"r_sol":0.652}},{"type":"Feature","geometry":{"type":"Polygon","coordinates":[[[-70.23576,41.69917],[-70.23797,41.69829],[-70.23804,41.69651],[-70.23591,41.69561],[-70.2337,41.69649],[-70.23362,41.69826],[-70.23576,41.69917]]]},"properties":{"h":"892a310d553ffff","t":"Yarmouth","v":"Yarmouth Port","n":10,"oo":10,"po":100,"ao":0,"ml":1783,"mf":2093.695,"br":1,"rs":2,"pr":20,"no":0,"s":80.3,"sp":7.24,"r_oo":0.988,"r_mf":0.726,"r_rs":0.919,"r_n":0.234,"r_sol":0.652}},{"type":"Feature","geometry":{"type":"Polygon","coordinates":[[[-70.21837,41.69906],[-70.22058,41.69818],[-70.22066,41.69641],[-70.21852,41.6955],[-70.21631,41.69638],[-70.21624,41.69816],[-70.21837,41.69906]]]},"properties":{"h":"892a310d583ffff","t":"Yarmouth","v":"Yarmouth Port","n":21,"oo":11,"po":52.4,"ao":3,"ml":1419,"mf":1549.299,"br":0,"rs":5,"pr":23.8,"no":0,"s":49,"sp":7.24,"r_oo":0.369,"r_mf":0.33,"r_rs":0.959,"r_n":0.513,"r_sol":0.652}},{"type":"Feature","geometry":{"type":"Polygon","coordinates":[[[-70.21631,41.69638],[-70.21852,41.6955],[-70.21859,41.69373],[-70.21646,41.69283],[-70.21425,41.6937],[-70.21417,41.69548],[-70.21631,41.69638]]]},"properties":{"h":"892a310d587ffff","t":"Yarmouth","v":"Yarmouth Port","n":5,"oo":3,"po":60,"ao":1,"ml":1520,"mf":1875.93,"br":0,"rs":1,"pr":20,"no":0,"s":53.8,"sp":7.24,"r_oo":0.466,"r_mf":0.584,"r_rs":0.919,"r_n":0.024,"r_sol":0.652}},{"type":"Feature","geometry":{"type":"Polygon","coordinates":[[[-70.22272,41.69909],[-70.22493,41.69821],[-70.225,41.69643],[-70.22287,41.69553],[-70.22066,41.69641],[-70.22058,41.69818],[-70.22272,41.69909]]]},"properties":{"h":"892a310d58bffff","t":"Yarmouth","v":"Yarmouth Port","n":49,"oo":37,"po":75.5,"ao":6,"ml":1323,"mf":1546.932,"br":1,"rs":4,"pr":8.2,"no":0,"s":59.3,"sp":7.24,"r_oo":0.722,"r_mf":0.327,"r_rs":0.472,"r_n":0.868,"r_sol":0.652}},{"type":"Feature","geometry":{"type":"Polygon","coordinates":[[[-70.22066,41.69641],[-70.22287,41.69553],[-70.22294,41.69375],[-70.2208,41.69285],[-70.21859,41.69373],[-70.21852,41.6955],[-70.22066,41.69641]]]},"properties":{"h":"892a310d58fffff","t":"Yarmouth","v":"Yarmouth Port","n":18,"oo":12,"po":66.7,"ao":1,"ml":1220,"mf":1666.848,"br":2,"rs":2,"pr":11.1,"no":0,"s":53.6,"sp":7.24,"r_oo":0.565,"r_mf":0.416,"r_rs":0.639,"r_n":0.448,"r_sol":0.652}},{"type":"Feature","geometry":{"type":"Polygon","coordinates":[[[-70.21609,41.70171],[-70.2183,41.70084],[-70.21837,41.69906],[-70.21624,41.69816],[-70.21402,41.69903],[-70.21395,41.70081],[-70.21609,41.70171]]]},"properties":{"h":"892a310d593ffff","t":"Yarmouth","v":"Yarmouth Port","n":21,"oo":20,"po":95.2,"ao":0,"ml":1400,"mf":1363.565,"br":0,"rs":1,"pr":4.8,"no":0,"s":59.9,"sp":7.24,"r_oo":0.973,"r_mf":0.193,"r_rs":0.299,"r_n":0.513,"r_sol":0.652}},{"type":"Feature","geometry":{"type":"Polygon","coordinates":[[[-70.21402,41.69903],[-70.21624,41.69816],[-70.21631,41.69638],[-70.21417,41.69548],[-70.21196,41.69635],[-70.21189,41.69813],[-70.21402,41.69903]]]},"properties":{"h":"892a310d597ffff","t":"Yarmouth","v":"Yarmouth Port","n":31,"oo":26,"po":83.9,"ao":0,"ml":1472,"mf":1651.565,"br":1,"rs":3,"pr":9.7,"no":0,"s":66.7,"sp":7.24,"r_oo":0.867,"r_mf":0.408,"r_rs":0.554,"r_n":0.696,"r_sol":0.652}},{"type":"Feature","geometry":{"type":"Polygon","coordinates":[[[-70.22044,41.70174],[-70.22265,41.70086],[-70.22272,41.69909],[-70.22058,41.69818],[-70.21837,41.69906],[-70.2183,41.70084],[-70.22044,41.70174]]]},"properties":{"h":"892a310d59bffff","t":"Yarmouth","v":"Yarmouth Port","n":48,"oo":37,"po":77.1,"ao":2,"ml":1080,"mf":1457.556,"br":0,"rs":2,"pr":4.2,"no":0,"s":55.4,"sp":7.24,"r_oo":0.743,"r_mf":0.259,"r_rs":0.271,"r_n":0.86,"r_sol":0.652}},{"type":"Feature","geometry":{"type":"Polygon","coordinates":[[[-70.21425,41.6937],[-70.21646,41.69283],[-70.21653,41.69105],[-70.21439,41.69015],[-70.21218,41.69102],[-70.21211,41.6928],[-70.21425,41.6937]]]},"properties":{"h":"892a310d5b3ffff","t":"Yarmouth","v":"Yarmouth Port","n":13,"oo":12,"po":92.3,"ao":0,"ml":1000,"mf":1008.788,"br":0,"rs":0,"pr":0,"no":0,"s":50.3,"sp":7.24,"r_oo":0.959,"r_mf":0.021,"r_rs":0.109,"r_n":0.318,"r_sol":0.652}},{"type":"Feature","geometry":{"type":"Polygon","coordinates":[[[-70.21859,41.69373],[-70.2208,41.69285],[-70.22088,41.69108],[-70.21874,41.69017],[-70.21653,41.69105],[-70.21646,41.69283],[-70.21859,41.69373]]]},"properties":{"h":"892a310d5bbffff","t":"Yarmouth","v":"Yarmouth Port","n":5,"oo":5,"po":100,"ao":0,"ml":1056,"mf":1619.906,"br":0,"rs":2,"pr":40,"no":0,"s":70.7,"sp":7.24,"r_oo":0.988,"r_mf":0.379,"r_rs":0.995,"r_n":0.024,"r_sol":0.652}},{"type":"Feature","geometry":{"type":"Polygon","coordinates":[[[-70.22913,41.70179],[-70.23134,41.70092],[-70.23141,41.69914],[-70.22928,41.69824],[-70.22707,41.69911],[-70.22699,41.70089],[-70.22913,41.70179]]]},"properties":{"h":"892a310d5c3ffff","t":"Yarmouth","v":"Yarmouth Port","n":52,"oo":38,"po":73.1,"ao":3,"ml":1412,"mf":1680.765,"br":1,"rs":7,"pr":13.5,"no":0,"s":64.5,"sp":7.24,"r_oo":0.679,"r_mf":0.425,"r_rs":0.754,"r_n":0.885,"r_sol":0.652}},{"type":"Feature","geometry":{"type":"Polygon","coordinates":[[[-70.22707,41.69911],[-70.22928,41.69824],[-70.22935,41.69646],[-70.22721,41.69556],[-70.225,41.69643],[-70.22493,41.69821],[-70.22707,41.69911]]]},"properties":{"h":"892a310d5c7ffff","t":"Yarmouth","v":"Yarmouth Port","n":54,"oo":36,"po":66.7,"ao":7,"ml":1348.5,"mf":1920.08,"br":2,"rs":6,"pr":11.1,"no":0,"s":63.1,"sp":7.24,"r_oo":0.565,"r_mf":0.617,"r_rs":0.639,"r_n":0.897,"r_sol":0.652}},{"type":"Feature","geometry":{"type":"Polygon","coordinates":[[[-70.23348,41.70182],[-70.23569,41.70094],[-70.23576,41.69917],[-70.23362,41.69826],[-70.23141,41.69914],[-70.23134,41.70092],[-70.23348,41.70182]]]},"properties":{"h":"892a310d5cbffff","t":"Yarmouth","v":"Yarmouth Port","n":49,"oo":36,"po":73.5,"ao":4,"ml":1296,"mf":1828.672,"br":1,"rs":2,"pr":4.1,"no":0,"s":60.1,"sp":7.24,"r_oo":0.685,"r_mf":0.542,"r_rs":0.266,"r_n":0.868,"r_sol":0.652}},{"type":"Feature","geometry":{"type":"Polygon","coordinates":[[[-70.23141,41.69914],[-70.23362,41.69826],[-70.2337,41.69649],[-70.23156,41.69558],[-70.22935,41.69646],[-70.22928,41.69824],[-70.23141,41.69914]]]},"properties":{"h":"892a310d5cfffff","t":"Yarmouth","v":"Yarmouth Port","n":39,"oo":31,"po":79.5,"ao":2,"ml":1428,"mf":1859.273,"br":2,"rs":4,"pr":10.3,"no":0,"s":68.9,"sp":7.24,"r_oo":0.783,"r_mf":0.571,"r_rs":0.597,"r_n":0.787,"r_sol":0.652}},{"type":"Feature","geometry":{"type":"Polygon","coordinates":[[[-70.22685,41.70444],[-70.22906,41.70357],[-70.22913,41.70179],[-70.22699,41.70089],[-70.22478,41.70176],[-70.22471,41.70354],[-70.22685,41.70444]]]},"properties":{"h":"892a310d5d3ffff","t":"Yarmouth","v":"Yarmouth Port","n":24,"oo":16,"po":66.7,"ao":0,"ml":1383.5,"mf":1404.269,"br":1,"rs":0,"pr":0,"no":0,"s":42,"sp":7.24,"r_oo":0.565,"r_mf":0.22,"r_rs":0.109,"r_n":0.573,"r_sol":0.652}},{"type":"Feature","geometry":{"type":"Polygon","coordinates":[[[-70.22478,41.70176],[-70.22699,41.70089],[-70.22707,41.69911],[-70.22493,41.69821],[-70.22272,41.69909],[-70.22265,41.70086],[-70.22478,41.70176]]]},"properties":{"h":"892a310d5d7ffff","t":"Yarmouth","v":"Yarmouth Port","n":21,"oo":18,"po":85.7,"ao":0,"ml":1330,"mf":1544.597,"br":0,"rs":2,"pr":9.5,"no":0,"s":63.4,"sp":7.24,"r_oo":0.887,"r_mf":0.323,"r_rs":0.547,"r_n":0.513,"r_sol":0.652}},{"type":"Feature","geometry":{"type":"Polygon","coordinates":[[[-70.23119,41.70447],[-70.2334,41.70359],[-70.23348,41.70182],[-70.23134,41.70092],[-70.22913,41.70179],[-70.22906,41.70357],[-70.23119,41.70447]]]},"properties":{"h":"892a310d5dbffff","t":"Yarmouth","v":"Yarmouth Port","n":53,"oo":41,"po":77.4,"ao":3,"ml":1392,"mf":1732.44,"br":3,"rs":5,"pr":9.4,"no":0,"s":65.3,"sp":7.24,"r_oo":0.748,"r_mf":0.47,"r_rs":0.542,"r_n":0.891,"r_sol":0.652}},{"type":"Feature","geometry":{"type":"Polygon","coordinates":[[[-70.25935,41.70731],[-70.26156,41.70643],[-70.26163,41.70465],[-70.25949,41.70375],[-70.25728,41.70463],[-70.25721,41.7064],[-70.25935,41.70731]]]},"properties":{"h":"892a310d6a7ffff","t":"Yarmouth","v":"Yarmouth Port","n":6,"oo":4,"po":66.7,"ao":1,"ml":2707.5,"mf":2580.894,"br":3,"rs":0,"pr":0,"no":0,"s":53.7,"sp":7.24,"r_oo":0.565,"r_mf":0.891,"r_rs":0.109,"r_n":0.072,"r_sol":0.652}},{"type":"Feature","geometry":{"type":"Polygon","coordinates":[[[-70.25707,41.70996],[-70.25928,41.70908],[-70.25935,41.70731],[-70.25721,41.7064],[-70.255,41.70728],[-70.25493,41.70906],[-70.25707,41.70996]]]},"properties":{"h":"892a310d6b7ffff","t":"Yarmouth","v":"Yarmouth Port","n":18,"oo":15,"po":83.3,"ao":1,"ml":2304.5,"mf":2021.542,"br":3,"rs":0,"pr":0,"no":0,"s":63.9,"sp":7.24,"r_oo":0.856,"r_mf":0.683,"r_rs":0.109,"r_n":0.448,"r_sol":0.652}},{"type":"Feature","geometry":{"type":"Polygon","coordinates":[[[-70.24273,41.63524],[-70.24494,41.63436],[-70.24501,41.63259],[-70.24287,41.63169],[-70.24067,41.63256],[-70.2406,41.63434],[-70.24273,41.63524]]]},"properties":{"h":"892a310d807ffff","t":"Yarmouth","v":"West Yarmouth","n":6,"oo":0,"po":0,"ao":1,"ml":2545.5,"mf":3120.336,"br":4,"rs":1,"pr":16.7,"no":0,"s":44.4,"sp":7.24,"r_oo":0.014,"r_mf":0.95,"r_rs":0.858,"r_n":0.072,"r_sol":0.652}},{"type":"Feature","geometry":{"type":"Polygon","coordinates":[[[-70.24251,41.64057],[-70.24472,41.63969],[-70.24479,41.63792],[-70.24266,41.63701],[-70.24045,41.63789],[-70.24038,41.63967],[-70.24251,41.64057]]]},"properties":{"h":"892a310d813ffff","t":"Yarmouth","v":"West Yarmouth","n":6,"oo":2,"po":33.3,"ao":0,"ml":3165,"mf":3243.422,"br":4,"rs":2,"pr":33.3,"no":0,"s":53.4,"sp":7.24,"r_oo":0.184,"r_mf":0.961,"r_rs":0.988,"r_n":0.072,"r_sol":0.652}},{"type":"Feature","geometry":{"type":"Polygon","coordinates":[[[-70.24045,41.63789],[-70.24266,41.63701],[-70.24273,41.63524],[-70.2406,41.63434],[-70.23839,41.63521],[-70.23832,41.63699],[-70.24045,41.63789]]]},"properties":{"h":"892a310d817ffff","t":"Yarmouth","v":"West Yarmouth","n":5,"oo":2,"po":40,"ao":1,"ml":2841,"mf":2477.831,"br":3,"rs":0,"pr":0,"no":0,"s":39.8,"sp":7.24,"r_oo":0.239,"r_mf":0.873,"r_rs":0.109,"r_n":0.024,"r_sol":0.652}},{"type":"Feature","geometry":{"type":"Polygon","coordinates":[[[-70.24067,41.63256],[-70.24287,41.63169],[-70.24295,41.62991],[-70.24081,41.62901],[-70.23861,41.62989],[-70.23853,41.63166],[-70.24067,41.63256]]]},"properties":{"h":"892a310d833ffff","t":"Yarmouth","v":"West Yarmouth","n":9,"oo":1,"po":11.1,"ao":3,"ml":2437,"mf":2767.239,"br":5,"rs":0,"pr":0,"no":0,"s":34.9,"sp":7.24,"r_oo":0.047,"r_mf":0.916,"r_rs":0.109,"r_n":0.194,"r_sol":0.652}},{"type":"Feature","geometry":{"type":"Polygon","coordinates":[[[-70.23589,41.64319],[-70.2381,41.64232],[-70.23817,41.64054],[-70.23603,41.63964],[-70.23383,41.64051],[-70.23375,41.64229],[-70.23589,41.64319]]]},"properties":{"h":"892a310d883ffff","t":"Yarmouth","v":"West Yarmouth","n":38,"oo":15,"po":39.5,"ao":5,"ml":1402,"mf":1387.273,"br":3,"rs":4,"pr":10.5,"no":0,"s":37.9,"sp":7.24,"r_oo":0.23,"r_mf":0.212,"r_rs":0.607,"r_n":0.773,"r_sol":0.652}},{"type":"Feature","geometry":{"type":"Polygon","coordinates":[[[-70.23383,41.64051],[-70.23603,41.63964],[-70.23611,41.63786],[-70.23397,41.63696],[-70.23177,41.63784],[-70.23169,41.63961],[-70.23383,41.64051]]]},"properties":{"h":"892a310d887ffff","t":"Yarmouth","v":"West Yarmouth","n":12,"oo":3,"po":25,"ao":2,"ml":1490.5,"mf":1430.656,"br":0,"rs":2,"pr":16.7,"no":0,"s":33.5,"sp":7.24,"r_oo":0.128,"r_mf":0.241,"r_rs":0.858,"r_n":0.292,"r_sol":0.652}},{"type":"Feature","geometry":{"type":"Polygon","coordinates":[[[-70.24023,41.64322],[-70.24244,41.64234],[-70.24251,41.64057],[-70.24038,41.63967],[-70.23817,41.64054],[-70.2381,41.64232],[-70.24023,41.64322]]]},"properties":{"h":"892a310d88bffff","t":"Yarmouth","v":"West Yarmouth","n":42,"oo":14,"po":33.3,"ao":9,"ml":2426,"mf":2203.639,"br":13,"rs":6,"pr":14.3,"no":0,"s":53,"sp":7.24,"r_oo":0.184,"r_mf":0.771,"r_rs":0.784,"r_n":0.813,"r_sol":0.652}},{"type":"Feature","geometry":{"type":"Polygon","coordinates":[[[-70.23817,41.64054],[-70.24038,41.63967],[-70.24045,41.63789],[-70.23832,41.63699],[-70.23611,41.63786],[-70.23603,41.63964],[-70.23817,41.64054]]]},"properties":{"h":"892a310d88fffff","t":"Yarmouth","v":"West Yarmouth","n":39,"oo":17,"po":43.6,"ao":8,"ml":1805,"mf":1757.95,"br":10,"rs":6,"pr":15.4,"no":0,"s":50,"sp":7.24,"r_oo":0.276,"r_mf":0.494,"r_rs":0.818,"r_n":0.787,"r_sol":0.652}},{"type":"Feature","geometry":{"type":"Polygon","coordinates":[[[-70.23361,41.64584],[-70.23582,41.64497],[-70.23589,41.64319],[-70.23375,41.64229],[-70.23155,41.64316],[-70.23147,41.64494],[-70.23361,41.64584]]]},"properties":{"h":"892a310d893ffff","t":"Yarmouth","v":"West Yarmouth","n":69,"oo":22,"po":31.9,"ao":8,"ml":1176,"mf":1450.427,"br":5,"rs":10,"pr":14.5,"no":0,"s":41.1,"sp":7.24,"r_oo":0.166,"r_mf":0.253,"r_rs":0.798,"r_n":0.958,"r_sol":0.652}},{"type":"Feature","geometry":{"type":"Polygon","coordinates":[[[-70.23155,41.64316],[-70.23375,41.64229],[-70.23383,41.64051],[-70.23169,41.63961],[-70.22949,41.64049],[-70.22941,41.64226],[-70.23155,41.64316]]]},"properties":{"h":"892a310d897ffff","t":"Yarmouth","v":"West Yarmouth","n":52,"oo":21,"po":40.4,"ao":7,"ml":1249,"mf":1489.165,"br":0,"rs":2,"pr":3.8,"no":0,"s":36.2,"sp":7.24,"r_oo":0.247,"r_mf":0.28,"r_rs":0.258,"r_n":0.885,"r_sol":0.652}},{"type":"Feature","geometry":{"type":"Polygon","coordinates":[[[-70.23795,41.64587],[-70.24016,41.64499],[-70.24023,41.64322],[-70.2381,41.64232],[-70.23589,41.64319],[-70.23582,41.64497],[-70.23795,41.64587]]]},"properties":{"h":"892a310d89bffff","t":"Yarmouth","v":"West Yarmouth","n":50,"oo":17,"po":34,"ao":11,"ml":1758.5,"mf":1802.347,"br":14,"rs":9,"pr":18,"no":0,"s":49.4,"sp":7.24,"r_oo":0.195,"r_mf":0.523,"r_rs":0.882,"r_n":0.875,"r_sol":0.652}},{"type":"Feature","geometry":{"type":"Polygon","coordinates":[[[-70.23405,41.63519],[-70.23625,41.63431],[-70.23633,41.63254],[-70.23419,41.63164],[-70.23199,41.63251],[-70.23191,41.63429],[-70.23405,41.63519]]]},"properties":{"h":"892a310d8a3ffff","t":"Yarmouth","v":"West Yarmouth","n":34,"oo":10,"po":29.4,"ao":9,"ml":2239.5,"mf":1508.506,"br":6,"rs":3,"pr":8.8,"no":0,"s":34.9,"sp":7.24,"r_oo":0.152,"r_mf":0.294,"r_rs":0.505,"r_n":0.732,"r_sol":0.652}},{"type":"Feature","geometry":{"type":"Polygon","coordinates":[[[-70.23839,41.63521],[-70.2406,41.63434],[-70.24067,41.63256],[-70.23853,41.63166],[-70.23633,41.63254],[-70.23625,41.63431],[-70.23839,41.63521]]]},"properties":{"h":"892a310d8abffff","t":"Yarmouth","v":"West Yarmouth","n":28,"oo":4,"po":14.3,"ao":4,"ml":2666,"mf":2451.56,"br":14,"rs":4,"pr":14.3,"no":0,"s":48.9,"sp":7.24,"r_oo":0.064,"r_mf":0.863,"r_rs":0.784,"r_n":0.65,"r_sol":0.652}},{"type":"Feature","geometry":{"type":"Polygon","coordinates":[[[-70.23633,41.63254],[-70.23853,41.63166],[-70.23861,41.62989],[-70.23647,41.62898],[-70.23427,41.62986],[-70.23419,41.63164],[-70.23633,41.63254]]]},"properties":{"h":"892a310d8afffff","t":"Yarmouth","v":"West Yarmouth","n":5,"oo":1,"po":20,"ao":1,"ml":3174,"mf":3083.505,"br":4,"rs":0,"pr":0,"no":0,"s":36.1,"sp":7.24,"r_oo":0.1,"r_mf":0.947,"r_rs":0.109,"r_n":0.024,"r_sol":0.652}},{"type":"Feature","geometry":{"type":"Polygon","coordinates":[[[-70.23177,41.63784],[-70.23397,41.63696],[-70.23405,41.63519],[-70.23191,41.63429],[-70.2297,41.63516],[-70.22963,41.63694],[-70.23177,41.63784]]]},"properties":{"h":"892a310d8b3ffff","t":"Yarmouth","v":"West Yarmouth","n":27,"oo":6,"po":22.2,"ao":6,"ml":1613,"mf":1072.667,"br":0,"rs":1,"pr":3.7,"no":0,"s":22.4,"sp":7.24,"r_oo":0.118,"r_mf":0.039,"r_rs":0.254,"r_n":0.632,"r_sol":0.652}},{"type":"Feature","geometry":{"type":"Polygon","coordinates":[[[-70.2297,41.63516],[-70.23191,41.63429],[-70.23199,41.63251],[-70.22985,41.63161],[-70.22764,41.63248],[-70.22757,41.63426],[-70.2297,41.63516]]]},"properties":{"h":"892a310d8b7ffff","t":"Yarmouth","v":"West Yarmouth","n":23,"oo":2,"po":8.7,"ao":4,"ml":1960,"mf":1353.834,"br":1,"rs":1,"pr":4.3,"no":0,"s":22.4,"sp":7.24,"r_oo":0.038,"r_mf":0.188,"r_rs":0.278,"r_n":0.554,"r_sol":0.652}},{"type":"Feature","geometry":{"type":"Polygon","coordinates":[[[-70.23611,41.63786],[-70.23832,41.63699],[-70.23839,41.63521],[-70.23625,41.63431],[-70.23405,41.63519],[-70.23397,41.63696],[-70.23611,41.63786]]]},"properties":{"h":"892a310d8bbffff","t":"Yarmouth","v":"West Yarmouth","n":17,"oo":3,"po":17.6,"ao":4,"ml":2184,"mf":1933.189,"br":3,"rs":2,"pr":11.8,"no":0,"s":39.8,"sp":7.24,"r_oo":0.082,"r_mf":0.627,"r_rs":0.67,"r_n":0.426,"r_sol":0.652}},{"type":"Feature","geometry":{"type":"Polygon","coordinates":[[[-70.24664,41.64592],[-70.24884,41.64504],[-70.24892,41.64327],[-70.24678,41.64237],[-70.24457,41.64324],[-70.2445,41.64502],[-70.24664,41.64592]]]},"properties":{"h":"892a310d8c3ffff","t":"Yarmouth","v":"West Yarmouth","n":92,"oo":22,"po":23.9,"ao":13,"ml":1293,"mf":1194.303,"br":3,"rs":8,"pr":8.7,"no":0,"s":31.1,"sp":7.24,"r_oo":0.126,"r_mf":0.087,"r_rs":0.5,"r_n":0.991,"r_sol":0.652}},{"type":"Feature","geometry":{"type":"Polygon","coordinates":[[[-70.24457,41.64324],[-70.24678,41.64237],[-70.24685,41.64059],[-70.24472,41.63969],[-70.24251,41.64057],[-70.24244,41.64234],[-70.24457,41.64324]]]},"properties":{"h":"892a310d8c7ffff","t":"Yarmouth","v":"West Yarmouth","n":38,"oo":19,"po":50,"ao":7,"ml":2190.5,"mf":1859.338,"br":8,"rs":4,"pr":10.5,"no":1,"s":51.3,"sp":7.24,"r_oo":0.341,"r_mf":0.571,"r_rs":0.607,"r_n":0.773,"r_sol":0.652}},{"type":"Feature","geometry":{"type":"Polygon","coordinates":[[[-70.25098,41.64595],[-70.25319,41.64507],[-70.25326,41.64329],[-70.25112,41.64239],[-70.24892,41.64327],[-70.24884,41.64504],[-70.25098,41.64595]]]},"properties":{"h":"892a310d8cbffff","t":"Yarmouth","v":"West Yarmouth","n":75,"oo":27,"po":36,"ao":6,"ml":1539,"mf":1490.241,"br":8,"rs":11,"pr":14.7,"no":0,"s":43.6,"sp":7.24,"r_oo":0.208,"r_mf":0.281,"r_rs":0.802,"r_n":0.973,"r_sol":0.652}},{"type":"Feature","geometry":{"type":"Polygon","coordinates":[[[-70.24892,41.64327],[-70.25112,41.64239],[-70.2512,41.64062],[-70.24906,41.63972],[-70.24685,41.64059],[-70.24678,41.64237],[-70.24892,41.64327]]]},"properties":{"h":"892a310d8cfffff","t":"Yarmouth","v":"West Yarmouth","n":42,"oo":10,"po":23.8,"ao":11,"ml":1669.5,"mf":1419.914,"br":3,"rs":2,"pr":4.8,"no":0,"s":29.8,"sp":7.24,"r_oo":0.125,"r_mf":0.229,"r_rs":0.299,"r_n":0.813,"r_sol":0.652}},{"type":"Feature","geometry":{"type":"Polygon","coordinates":[[[-70.24436,41.64857],[-70.24656,41.6477],[-70.24664,41.64592],[-70.2445,41.64502],[-70.24229,41.64589],[-70.24222,41.64767],[-70.24436,41.64857]]]},"properties":{"h":"892a310d8d3ffff","t":"Yarmouth","v":"West Yarmouth","n":64,"oo":22,"po":34.4,"ao":8,"ml":1284,"mf":1430.019,"br":2,"rs":7,"pr":10.9,"no":0,"s":39.2,"sp":7.24,"r_oo":0.197,"r_mf":0.24,"r_rs":0.624,"r_n":0.944,"r_sol":0.652}},{"type":"Feature","geometry":{"type":"Polygon","coordinates":[[[-70.24229,41.64589],[-70.2445,41.64502],[-70.24457,41.64324],[-70.24244,41.64234],[-70.24023,41.64322],[-70.24016,41.64499],[-70.24229,41.64589]]]},"properties":{"h":"892a310d8d7ffff","t":"Yarmouth","v":"West Yarmouth","n":75,"oo":24,"po":32,"ao":14,"ml":1220,"mf":1289.135,"br":5,"rs":11,"pr":14.7,"no":0,"s":38.7,"sp":7.24,"r_oo":0.168,"r_mf":0.149,"r_rs":0.802,"r_n":0.973,"r_sol":0.652}},{"type":"Feature","geometry":{"type":"Polygon","coordinates":[[[-70.2487,41.6486],[-70.25091,41.64772],[-70.25098,41.64595],[-70.24884,41.64504],[-70.24664,41.64592],[-70.24656,41.6477],[-70.2487,41.6486]]]},"properties":{"h":"892a310d8dbffff","t":"Yarmouth","v":"West Yarmouth","n":76,"oo":27,"po":35.5,"ao":6,"ml":1227,"mf":1192.374,"br":3,"rs":9,"pr":11.8,"no":0,"s":36.7,"sp":7.24,"r_oo":0.205,"r_mf":0.086,"r_rs":0.67,"r_n":0.975,"r_sol":0.652}},{"type":"Feature","geometry":{"type":"Polygon","coordinates":[[[-70.26401,41.64602],[-70.26621,41.64515],[-70.26629,41.64337],[-70.26415,41.64247],[-70.26194,41.64335],[-70.26187,41.64512],[-70.26401,41.64602]]]},"properties":{"h":"892a310da93ffff","t":"Yarmouth","v":"West Yarmouth","n":9,"oo":2,"po":22.2,"ao":5,"ml":2522,"mf":2363.195,"br":2,"rs":0,"pr":0,"no":0,"s":35.6,"sp":7.24,"r_oo":0.118,"r_mf":0.829,"r_rs":0.109,"r_n":0.194,"r_sol":0.652}},{"type":"Feature","geometry":{"type":"Polygon","coordinates":[[[-70.26835,41.64605],[-70.27056,41.64517],[-70.27063,41.6434],[-70.26849,41.64249],[-70.26629,41.64337],[-70.26621,41.64515],[-70.26835,41.64605]]]},"properties":{"h":"892a310da9bffff","t":"Yarmouth","v":"West Yarmouth","n":10,"oo":4,"po":40,"ao":1,"ml":2436.5,"mf":1777.19,"br":3,"rs":2,"pr":20,"no":0,"s":44.8,"sp":7.24,"r_oo":0.239,"r_mf":0.506,"r_rs":0.919,"r_n":0.234,"r_sol":0.652}},{"type":"Feature","geometry":{"type":"Polygon","coordinates":[[[-70.26281,41.62204],[-70.26501,41.62116],[-70.26508,41.61939],[-70.26295,41.61848],[-70.26074,41.61936],[-70.26067,41.62114],[-70.26281,41.62204]]]},"properties":{"h":"892a310db1bffff","t":"Yarmouth","v":"West Yarmouth","n":5,"oo":0,"po":0,"ao":3,"ml":2532,"mf":2823.787,"br":3,"rs":0,"pr":0,"no":0,"s":32.1,"sp":7.24,"r_oo":0.014,"r_mf":0.925,"r_rs":0.109,"r_n":0.024,"r_sol":0.652}},{"type":"Feature","geometry":{"type":"Polygon","coordinates":[[[-70.26736,41.61673],[-70.26957,41.61586],[-70.26964,41.61408],[-70.26751,41.61318],[-70.2653,41.61406],[-70.26523,41.61583],[-70.26736,41.61673]]]},"properties":{"h":"892a310db73ffff","t":"Yarmouth","v":"West Yarmouth","n":5,"oo":1,"po":20,"ao":2,"ml":3977,"mf":3102.613,"br":3,"rs":1,"pr":20,"no":0,"s":48.2,"sp":7.24,"r_oo":0.1,"r_mf":0.948,"r_rs":0.919,"r_n":0.024,"r_sol":0.652}},{"type":"Feature","geometry":{"type":"Polygon","coordinates":[[[-70.22883,41.65647],[-70.23103,41.6556],[-70.23111,41.65382],[-70.22897,41.65292],[-70.22676,41.65379],[-70.22669,41.65557],[-70.22883,41.65647]]]},"properties":{"h":"892a310dc03ffff","t":"Yarmouth","v":"West Yarmouth","n":45,"oo":25,"po":55.6,"ao":2,"ml":1012,"mf":1257.634,"br":0,"rs":7,"pr":15.6,"no":0,"s":46.7,"sp":7.24,"r_oo":0.406,"r_mf":0.127,"r_rs":0.826,"r_n":0.837,"r_sol":0.652}},{"type":"Feature","geometry":{"type":"Polygon","coordinates":[[[-70.22676,41.65379],[-70.22897,41.65292],[-70.22905,41.65114],[-70.22691,41.65024],[-70.2247,41.65112],[-70.22463,41.65289],[-70.22676,41.65379]]]},"properties":{"h":"892a310dc07ffff","t":"Yarmouth","v":"West Yarmouth","n":17,"oo":11,"po":64.7,"ao":1,"ml":1512,"mf":1152.386,"br":0,"rs":2,"pr":11.8,"no":0,"s":44,"sp":7.24,"r_oo":0.535,"r_mf":0.069,"r_rs":0.67,"r_n":0.426,"r_sol":0.652}},{"type":"Feature","geometry":{"type":"Polygon","coordinates":[[[-70.23317,41.6565],[-70.23538,41.65562],[-70.23545,41.65385],[-70.23332,41.65295],[-70.23111,41.65382],[-70.23103,41.6556],[-70.23317,41.6565]]]},"properties":{"h":"892a310dc0bffff","t":"Yarmouth","v":"West Yarmouth","n":78,"oo":51,"po":65.4,"ao":5,"ml":960,"mf":1133.093,"br":0,"rs":5,"pr":6.4,"no":0,"s":45.1,"sp":7.24,"r_oo":0.543,"r_mf":0.058,"r_rs":0.375,"r_n":0.978,"r_sol":0.652}},{"type":"Feature","geometry":{"type":"Polygon","coordinates":[[[-70.23111,41.65382],[-70.23332,41.65295],[-70.23339,41.65117],[-70.23125,41.65027],[-70.22905,41.65114],[-70.22897,41.65292],[-70.23111,41.65382]]]},"properties":{"h":"892a310dc0fffff","t":"Yarmouth","v":"West Yarmouth","n":89,"oo":45,"po":50.6,"ao":8,"ml":816,"mf":974.461,"br":0,"rs":4,"pr":4.5,"no":0,"s":35.3,"sp":7.24,"r_oo":0.357,"r_mf":0.012,"r_rs":0.289,"r_n":0.987,"r_sol":0.652}},{"type":"Feature","geometry":{"type":"Polygon","coordinates":[[[-70.22448,41.65645],[-70.22669,41.65557],[-70.22676,41.65379],[-70.22463,41.65289],[-70.22242,41.65377],[-70.22235,41.65554],[-70.22448,41.65645]]]},"properties":{"h":"892a310dc17ffff","t":"Yarmouth","v":"West Yarmouth","n":6,"oo":1,"po":16.7,"ao":1,"ml":1147.5,"mf":1792.651,"br":0,"rs":1,"pr":16.7,"no":0,"s":36.1,"sp":7.24,"r_oo":0.075,"r_mf":0.517,"r_rs":0.858,"r_n":0.072,"r_sol":0.652}},{"type":"Feature","geometry":{"type":"Polygon","coordinates":[[[-70.23089,41.65915],[-70.2331,41.65827],[-70.23317,41.6565],[-70.23103,41.6556],[-70.22883,41.65647],[-70.22875,41.65825],[-70.23089,41.65915]]]},"properties":{"h":"892a310dc1bffff","t":"Yarmouth","v":"West Yarmouth","n":22,"oo":14,"po":63.6,"ao":1,"ml":1384,"mf":1341.249,"br":1,"rs":2,"pr":9.1,"no":0,"s":45,"sp":7.24,"r_oo":0.522,"r_mf":0.178,"r_rs":0.524,"r_n":0.533,"r_sol":0.652}},{"type":"Feature","geometry":{"type":"Polygon","coordinates":[[[-70.22698,41.64847],[-70.22919,41.64759],[-70.22927,41.64582],[-70.22713,41.64491],[-70.22492,41.64579],[-70.22485,41.64757],[-70.22698,41.64847]]]},"properties":{"h":"892a310dc23ffff","t":"Yarmouth","v":"West Yarmouth","n":69,"oo":28,"po":40.6,"ao":11,"ml":1080,"mf":1249.217,"br":0,"rs":5,"pr":7.2,"no":0,"s":35.4,"sp":7.24,"r_oo":0.249,"r_mf":0.12,"r_rs":0.421,"r_n":0.958,"r_sol":0.652}},{"type":"Feature","geometry":{"type":"Polygon","coordinates":[[[-70.22492,41.64579],[-70.22713,41.64491],[-70.2272,41.64314],[-70.22507,41.64224],[-70.22286,41.64311],[-70.22279,41.64489],[-70.22492,41.64579]]]},"properties":{"h":"892a310dc27ffff","t":"Yarmouth","v":"West Yarmouth","n":28,"oo":12,"po":42.9,"ao":4,"ml":977,"mf":1455.449,"br":0,"rs":1,"pr":3.6,"no":0,"s":33.9,"sp":7.24,"r_oo":0.267,"r_mf":0.258,"r_rs":0.25,"r_n":0.65,"r_sol":0.652}},{"type":"Feature","geometry":{"type":"Polygon","coordinates":[[[-70.23133,41.64849],[-70.23354,41.64762],[-70.23361,41.64584],[-70.23147,41.64494],[-70.22927,41.64582],[-70.22919,41.64759],[-70.23133,41.64849]]]},"properties":{"h":"892a310dc2bffff","t":"Yarmouth","v":"West Yarmouth","n":59,"oo":19,"po":32.2,"ao":5,"ml":1056,"mf":1428.749,"br":1,"rs":5,"pr":8.5,"no":0,"s":35.9,"sp":7.24,"r_oo":0.171,"r_mf":0.238,"r_rs":0.49,"r_n":0.923,"r_sol":0.652}},{"type":"Feature","geometry":{"type":"Polygon","coordinates":[[[-70.22927,41.64582],[-70.23147,41.64494],[-70.23155,41.64316],[-70.22941,41.64226],[-70.2272,41.64314],[-70.22713,41.64491],[-70.22927,41.64582]]]},"properties":{"h":"892a310dc2fffff","t":"Yarmouth","v":"West Yarmouth","n":60,"oo":12,"po":20,"ao":10,"ml":1000,"mf":1172.169,"br":0,"rs":7,"pr":11.7,"no":0,"s":31.8,"sp":7.24,"r_oo":0.1,"r_mf":0.08,"r_rs":0.665,"r_n":0.927,"r_sol":0.652}},{"type":"Feature","geometry":{"type":"Polygon","coordinates":[[[-70.22264,41.64844],[-70.22485,41.64757],[-70.22492,41.64579],[-70.22279,41.64489],[-70.22058,41.64576],[-70.22051,41.64754],[-70.22264,41.64844]]]},"properties":{"h":"892a310dc37ffff","t":"Yarmouth","v":"South Yarmouth","n":10,"oo":3,"po":30,"ao":0,"ml":1957,"mf":1535.396,"br":0,"rs":1,"pr":10,"no":0,"s":31.6,"sp":7.24,"r_oo":0.156,"r_mf":0.316,"r_rs":0.575,"r_n":0.234,"r_sol":0.652}},{"type":"Feature","geometry":{"type":"Polygon","coordinates":[[[-70.22905,41.65114],[-70.23125,41.65027],[-70.23133,41.64849],[-70.22919,41.64759],[-70.22698,41.64847],[-70.22691,41.65024],[-70.22905,41.65114]]]},"properties":{"h":"892a310dc3bffff","t":"Yarmouth","v":"West Yarmouth","n":27,"oo":13,"po":48.1,"ao":0,"ml":1132,"mf":1089.149,"br":0,"rs":1,"pr":3.7,"no":0,"s":30.6,"sp":7.24,"r_oo":0.32,"r_mf":0.045,"r_rs":0.254,"r_n":0.632,"r_sol":0.652}},{"type":"Feature","geometry":{"type":"Polygon","coordinates":[[[-70.23958,41.6592],[-70.24178,41.65833],[-70.24186,41.65655],[-70.23972,41.65565],[-70.23751,41.65652],[-70.23744,41.6583],[-70.23958,41.6592]]]},"properties":{"h":"892a310dc43ffff","t":"Yarmouth","v":"West Yarmouth","n":41,"oo":27,"po":65.9,"ao":5,"ml":1146,"mf":1245.883,"br":3,"rs":5,"pr":12.2,"no":0,"s":49.6,"sp":7.24,"r_oo":0.547,"r_mf":0.117,"r_rs":0.683,"r_n":0.805,"r_sol":0.652}},{"type":"Feature","geometry":{"type":"Polygon","coordinates":[[[-70.23751,41.65652],[-70.23972,41.65565],[-70.23979,41.65387],[-70.23766,41.65297],[-70.23545,41.65385],[-70.23538,41.65562],[-70.23751,41.65652]]]},"properties":{"h":"892a310dc47ffff","t":"Yarmouth","v":"West Yarmouth","n":59,"oo":37,"po":62.7,"ao":2,"ml":1128,"mf":1509.488,"br":1,"rs":2,"pr":3.4,"no":0,"s":47.3,"sp":7.24,"r_oo":0.511,"r_mf":0.295,"r_rs":0.246,"r_n":0.923,"r_sol":0.652}},{"type":"Feature","geometry":{"type":"Polygon","coordinates":[[[-70.24392,41.65923],[-70.24613,41.65835],[-70.2462,41.65658],[-70.24406,41.65568],[-70.24186,41.65655],[-70.24178,41.65833],[-70.24392,41.65923]]]},"properties":{"h":"892a310dc4bffff","t":"Yarmouth","v":"West Yarmouth","n":47,"oo":33,"po":70.2,"ao":3,"ml":1474,"mf":1755.931,"br":2,"rs":3,"pr":6.4,"no":0,"s":58.4,"sp":7.24,"r_oo":0.634,"r_mf":0.493,"r_rs":0.375,"r_n":0.854,"r_sol":0.652}},{"type":"Feature","geometry":{"type":"Polygon","coordinates":[[[-70.24186,41.65655],[-70.24406,41.65568],[-70.24414,41.6539],[-70.242,41.653],[-70.23979,41.65387],[-70.23972,41.65565],[-70.24186,41.65655]]]},"properties":{"h":"892a310dc4fffff","t":"Yarmouth","v":"West Yarmouth","n":29,"oo":23,"po":79.3,"ao":0,"ml":1360,"mf":1712.064,"br":4,"rs":0,"pr":0,"no":0,"s":57.4,"sp":7.24,"r_oo":0.781,"r_mf":0.455,"r_rs":0.109,"r_n":0.668,"r_sol":0.652}},{"type":"Feature","geometry":{"type":"Polygon","coordinates":[[[-70.23729,41.66185],[-70.2395,41.66098],[-70.23958,41.6592],[-70.23744,41.6583],[-70.23523,41.65918],[-70.23516,41.66095],[-70.23729,41.66185]]]},"properties":{"h":"892a310dc53ffff","t":"Yarmouth","v":"West Yarmouth","n":25,"oo":15,"po":60,"ao":4,"ml":1296,"mf":1229.614,"br":3,"rs":1,"pr":4,"no":0,"s":37.7,"sp":7.24,"r_oo":0.466,"r_mf":0.107,"r_rs":0.263,"r_n":0.593,"r_sol":0.652}},{"type":"Feature","geometry":{"type":"Polygon","coordinates":[[[-70.23523,41.65918],[-70.23744,41.6583],[-70.23751,41.65652],[-70.23538,41.65562],[-70.23317,41.6565],[-70.2331,41.65827],[-70.23523,41.65918]]]},"properties":{"h":"892a310dc57ffff","t":"Yarmouth","v":"West Yarmouth","n":74,"oo":55,"po":74.3,"ao":8,"ml":1052.5,"mf":1260.584,"br":2,"rs":9,"pr":12.2,"no":0,"s":57.5,"sp":7.24,"r_oo":0.694,"r_mf":0.13,"r_rs":0.683,"r_n":0.972,"r_sol":0.652}},{"type":"Feature","geometry":{"type":"Polygon","coordinates":[[[-70.24164,41.66188],[-70.24385,41.661],[-70.24392,41.65923],[-70.24178,41.65833],[-70.23958,41.6592],[-70.2395,41.66098],[-70.24164,41.66188]]]},"properties":{"h":"892a310dc5bffff","t":"Yarmouth","v":"West Yarmouth","n":22,"oo":12,"po":54.5,"ao":3,"ml":1386,"mf":1739.808,"br":1,"rs":4,"pr":18.2,"no":0,"s":52.9,"sp":7.24,"r_oo":0.395,"r_mf":0.479,"r_rs":0.887,"r_n":0.533,"r_sol":0.652}},{"type":"Feature","geometry":{"type":"Polygon","coordinates":[[[-70.23773,41.6512],[-70.23994,41.65032],[-70.24001,41.64855],[-70.23788,41.64764],[-70.23567,41.64852],[-70.2356,41.6503],[-70.23773,41.6512]]]},"properties":{"h":"892a310dc63ffff","t":"Yarmouth","v":"West Yarmouth","n":22,"oo":10,"po":45.5,"ao":0,"ml":1306,"mf":1693.079,"br":3,"rs":3,"pr":13.6,"no":0,"s":45.9,"sp":7.24,"r_oo":0.293,"r_mf":0.439,"r_rs":0.759,"r_n":0.533,"r_sol":0.652}},{"type":"Feature","geometry":{"type":"Polygon","coordinates":[[[-70.23567,41.64852],[-70.23788,41.64764],[-70.23795,41.64587],[-70.23582,41.64497],[-70.23361,41.64584],[-70.23354,41.64762],[-70.23567,41.64852]]]},"properties":{"h":"892a310dc67ffff","t":"Yarmouth","v":"West Yarmouth","n":72,"oo":23,"po":31.9,"ao":10,"ml":1262,"mf":1440.999,"br":3,"rs":3,"pr":4.2,"no":0,"s":33.1,"sp":7.24,"r_oo":0.166,"r_mf":0.248,"r_rs":0.271,"r_n":0.966,"r_sol":0.652}},{"type":"Feature","geometry":{"type":"Polygon","coordinates":[[[-70.24207,41.65122],[-70.24428,41.65035],[-70.24436,41.64857],[-70.24222,41.64767],[-70.24001,41.64855],[-70.23994,41.65032],[-70.24207,41.65122]]]},"properties":{"h":"892a310dc6bffff","t":"Yarmouth","v":"West Yarmouth","n":35,"oo":17,"po":48.6,"ao":3,"ml":1149,"mf":1441.021,"br":2,"rs":3,"pr":8.6,"no":0,"s":40.5,"sp":7.24,"r_oo":0.323,"r_mf":0.248,"r_rs":0.494,"r_n":0.741,"r_sol":0.652}},{"type":"Feature","geometry":{"type":"Polygon","coordinates":[[[-70.24001,41.64855],[-70.24222,41.64767],[-70.24229,41.64589],[-70.24016,41.64499],[-70.23795,41.64587],[-70.23788,41.64764],[-70.24001,41.64855]]]},"properties":{"h":"892a310dc6fffff","t":"Yarmouth","v":"West Yarmouth","n":67,"oo":24,"po":35.8,"ao":10,"ml":1540,"mf":1624.197,"br":5,"rs":6,"pr":9,"no":0,"s":41.6,"sp":7.24,"r_oo":0.207,"r_mf":0.381,"r_rs":0.512,"r_n":0.953,"r_sol":0.652}},{"type":"Feature","geometry":{"type":"Polygon","coordinates":[[[-70.23545,41.65385],[-70.23766,41.65297],[-70.23773,41.6512],[-70.2356,41.6503],[-70.23339,41.65117],[-70.23332,41.65295],[-70.23545,41.65385]]]},"properties":{"h":"892a310dc73ffff","t":"Yarmouth","v":"West Yarmouth","n":24,"oo":6,"po":25,"ao":3,"ml":1242,"mf":1639.373,"br":0,"rs":6,"pr":25,"no":0,"s":41.7,"sp":7.24,"r_oo":0.128,"r_mf":0.394,"r_rs":0.965,"r_n":0.573,"r_sol":0.652}},{"type":"Feature","geometry":{"type":"Polygon","coordinates":[[[-70.23339,41.65117],[-70.2356,41.6503],[-70.23567,41.64852],[-70.23354,41.64762],[-70.23133,41.64849],[-70.23125,41.65027],[-70.23339,41.65117]]]},"properties":{"h":"892a310dc77ffff","t":"Yarmouth","v":"West Yarmouth","n":22,"oo":8,"po":36.4,"ao":4,"ml":1267.5,"mf":1690.232,"br":1,"rs":2,"pr":9.1,"no":0,"s":39,"sp":7.24,"r_oo":0.209,"r_mf":0.435,"r_rs":0.524,"r_n":0.533,"r_sol":0.652}},{"type":"Feature","geometry":{"type":"Polygon","coordinates":[[[-70.23979,41.65387],[-70.242,41.653],[-70.24207,41.65122],[-70.23994,41.65032],[-70.23773,41.6512],[-70.23766,41.65297],[-70.23979,41.65387]]]},"properties":{"h":"892a310dc7bffff","t":"Yarmouth","v":"West Yarmouth","n":16,"oo":11,"po":68.8,"ao":1,"ml":1255,"mf":1712.863,"br":0,"rs":0,"pr":0,"no":0,"s":47.6,"sp":7.24,"r_oo":0.6,"r_mf":0.457,"r_rs":0.109,"r_n":0.401,"r_sol":0.652}},{"type":"Feature","geometry":{"type":"Polygon","coordinates":[[[-70.21992,41.66175],[-70.22213,41.66087],[-70.2222,41.6591],[-70.22007,41.6582],[-70.21786,41.65907],[-70.21778,41.66085],[-70.21992,41.66175]]]},"properties":{"h":"892a310dc83ffff","t":"Yarmouth","v":"West Yarmouth","n":91,"oo":53,"po":58.2,"ao":3,"ml":800,"mf":891.701,"br":0,"rs":8,"pr":8.8,"no":0,"s":41.6,"sp":7.24,"r_oo":0.438,"r_mf":0.003,"r_rs":0.505,"r_n":0.99,"r_sol":0.652}},{"type":"Feature","geometry":{"type":"Polygon","coordinates":[[[-70.21786,41.65907],[-70.22007,41.6582],[-70.22014,41.65642],[-70.218,41.65552],[-70.2158,41.65639],[-70.21572,41.65817],[-70.21786,41.65907]]]},"properties":{"h":"892a310dc87ffff","t":"Yarmouth","v":"West Yarmouth","n":10,"oo":4,"po":40,"ao":1,"ml":958,"mf":938.848,"br":0,"rs":2,"pr":20,"no":0,"s":32.4,"sp":7.24,"r_oo":0.239,"r_mf":0.008,"r_rs":0.919,"r_n":0.234,"r_sol":0.652}},{"type":"Feature","geometry":{"type":"Polygon","coordinates":[[[-70.2222,41.6591],[-70.22441,41.65822],[-70.22448,41.65645],[-70.22235,41.65554],[-70.22014,41.65642],[-70.22007,41.6582],[-70.2222,41.6591]]]},"properties":{"h":"892a310dc8fffff","t":"Yarmouth","v":"West Yarmouth","n":19,"oo":8,"po":42.1,"ao":2,"ml":872,"mf":1209.854,"br":0,"rs":1,"pr":5.3,"no":0,"s":28.7,"sp":7.24,"r_oo":0.258,"r_mf":0.094,"r_rs":0.318,"r_n":0.472,"r_sol":0.652}},{"type":"Feature","geometry":{"type":"Polygon","coordinates":[[[-70.21764,41.6644],[-70.21985,41.66352],[-70.21992,41.66175],[-70.21778,41.66085],[-70.21558,41.66172],[-70.2155,41.6635],[-70.21764,41.6644]]]},"properties":{"h":"892a310dc93ffff","t":"Yarmouth","v":"West Yarmouth","n":90,"oo":54,"po":60,"ao":9,"ml":828,"mf":915.934,"br":0,"rs":9,"pr":10,"no":0,"s":43.8,"sp":7.24,"r_oo":0.466,"r_mf":0.005,"r_rs":0.575,"r_n":0.988,"r_sol":0.652}},{"type":"Feature","geometry":{"type":"Polygon","coordinates":[[[-70.21558,41.66172],[-70.21778,41.66085],[-70.21786,41.65907],[-70.21572,41.65817],[-70.21351,41.65904],[-70.21344,41.66082],[-70.21558,41.66172]]]},"properties":{"h":"892a310dc97ffff","t":"Yarmouth","v":"West Yarmouth","n":48,"oo":23,"po":47.9,"ao":11,"ml":1028.5,"mf":1172.29,"br":1,"rs":5,"pr":10.4,"no":0,"s":38.9,"sp":7.24,"r_oo":0.318,"r_mf":0.08,"r_rs":0.601,"r_n":0.86,"r_sol":0.652}},{"type":"Feature","geometry":{"type":"Polygon","coordinates":[[[-70.22198,41.66443],[-70.22419,41.66355],[-70.22426,41.66177],[-70.22213,41.66087],[-70.21992,41.66175],[-70.21985,41.66352],[-70.22198,41.66443]]]},"properties":{"h":"892a310dc9bffff","t":"Yarmouth","v":"West Yarmouth","n":26,"oo":18,"po":69.2,"ao":2,"ml":919.5,"mf":1015.223,"br":0,"rs":3,"pr":11.5,"no":0,"s":47.5,"sp":7.24,"r_oo":0.609,"r_mf":0.023,"r_rs":0.659,"r_n":0.615,"r_sol":0.652}},{"type":"Feature","geometry":{"type":"Polygon","coordinates":[[[-70.21808,41.65374],[-70.22029,41.65287],[-70.22036,41.65109],[-70.21823,41.65019],[-70.21602,41.65106],[-70.21594,41.65284],[-70.21808,41.65374]]]},"properties":{"h":"892a310dca3ffff","t":"Yarmouth","v":"South Yarmouth","n":31,"oo":20,"po":64.5,"ao":1,"ml":864,"mf":934.871,"br":0,"rs":4,"pr":12.9,"no":0,"s":45.9,"sp":7.24,"r_oo":0.533,"r_mf":0.006,"r_rs":0.727,"r_n":0.696,"r_sol":0.652}},{"type":"Feature","geometry":{"type":"Polygon","coordinates":[[[-70.21602,41.65106],[-70.21823,41.65019],[-70.2183,41.64841],[-70.21616,41.64751],[-70.21396,41.64839],[-70.21388,41.65016],[-70.21602,41.65106]]]},"properties":{"h":"892a310dca7ffff","t":"Yarmouth","v":"South Yarmouth","n":54,"oo":13,"po":24.1,"ao":7,"ml":948,"mf":1120.65,"br":1,"rs":5,"pr":9.3,"no":0,"s":30,"sp":7.24,"r_oo":0.126,"r_mf":0.055,"r_rs":0.538,"r_n":0.897,"r_sol":0.652}},{"type":"Feature","geometry":{"type":"Polygon","coordinates":[[[-70.22036,41.65109],[-70.22257,41.65022],[-70.22264,41.64844],[-70.22051,41.64754],[-70.2183,41.64841],[-70.21823,41.65019],[-70.22036,41.65109]]]},"properties":{"h":"892a310dcafffff","t":"Yarmouth","v":"South Yarmouth","n":18,"oo":6,"po":33.3,"ao":4,"ml":900,"mf":1152.334,"br":1,"rs":2,"pr":11.1,"no":0,"s":29.6,"sp":7.24,"r_oo":0.184,"r_mf":0.068,"r_rs":0.639,"r_n":0.448,"r_sol":0.652}},{"type":"Feature","geometry":{"type":"Polygon","coordinates":[[[-70.21374,41.65371],[-70.21594,41.65284],[-70.21602,41.65106],[-70.21388,41.65016],[-70.21167,41.65104],[-70.2116,41.65281],[-70.21374,41.65371]]]},"properties":{"h":"892a310dcb7ffff","t":"Yarmouth","v":"South Yarmouth","n":29,"oo":11,"po":37.9,"ao":5,"ml":1024,"mf":1453.81,"br":0,"rs":2,"pr":6.9,"no":0,"s":34.4,"sp":7.24,"r_oo":0.221,"r_mf":0.256,"r_rs":0.4,"r_n":0.668,"r_sol":0.652}},{"type":"Feature","geometry":{"type":"Polygon","coordinates":[[[-70.23067,41.66448],[-70.23288,41.6636],[-70.23295,41.66183],[-70.23082,41.66093],[-70.22861,41.6618],[-70.22853,41.66358],[-70.23067,41.66448]]]},"properties":{"h":"892a310dcc3ffff","t":"Yarmouth","v":"West Yarmouth","n":18,"oo":13,"po":72.2,"ao":3,"ml":1696,"mf":2094.235,"br":5,"rs":1,"pr":5.6,"no":0,"s":60.8,"sp":7.24,"r_oo":0.665,"r_mf":0.727,"r_rs":0.332,"r_n":0.448,"r_sol":0.652}},{"type":"Feature","geometry":{"type":"Polygon","coordinates":[[[-70.23501,41.66451],[-70.23722,41.66363],[-70.23729,41.66185],[-70.23516,41.66095],[-70.23295,41.66183],[-70.23288,41.6636],[-70.23501,41.66451]]]},"properties":{"h":"892a310dccbffff","t":"Yarmouth","v":"West Yarmouth","n":13,"oo":9,"po":69.2,"ao":2,"ml":1790,"mf":1975.638,"br":2,"rs":1,"pr":7.7,"no":0,"s":57,"sp":7.24,"r_oo":0.609,"r_mf":0.65,"r_rs":0.442,"r_n":0.318,"r_sol":0.652}},{"type":"Feature","geometry":{"type":"Polygon","coordinates":[[[-70.23295,41.66183],[-70.23516,41.66095],[-70.23523,41.65918],[-70.2331,41.65827],[-70.23089,41.65915],[-70.23082,41.66093],[-70.23295,41.66183]]]},"properties":{"h":"892a310dccfffff","t":"Yarmouth","v":"West Yarmouth","n":42,"oo":27,"po":64.3,"ao":3,"ml":1371.5,"mf":1989.213,"br":5,"rs":7,"pr":16.7,"no":0,"s":65.2,"sp":7.24,"r_oo":0.531,"r_mf":0.657,"r_rs":0.858,"r_n":0.813,"r_sol":0.652}},{"type":"Feature","geometry":{"type":"Polygon","coordinates":[[[-70.23273,41.66716],[-70.23494,41.66628],[-70.23501,41.66451],[-70.23288,41.6636],[-70.23067,41.66448],[-70.2306,41.66626],[-70.23273,41.66716]]]},"properties":{"h":"892a310dcdbffff","t":"Yarmouth","v":"West Yarmouth","n":9,"oo":8,"po":88.9,"ao":1,"ml":2148,"mf":2338.316,"br":4,"rs":1,"pr":11.1,"no":0,"s":75.5,"sp":7.24,"r_oo":0.922,"r_mf":0.823,"r_rs":0.639,"r_n":0.194,"r_sol":0.652}},{"type":"Feature","geometry":{"type":"Polygon","coordinates":[[[-70.21646,41.64041],[-70.21867,41.63953],[-70.21874,41.63776],[-70.21661,41.63686],[-70.2144,41.63773],[-70.21433,41.63951],[-70.21646,41.64041]]]},"properties":{"h":"892a310dd1bffff","t":"Yarmouth","v":"South Yarmouth","n":17,"oo":2,"po":11.8,"ao":0,"ml":1320,"mf":1382.791,"br":0,"rs":0,"pr":0,"no":0,"s":19.7,"sp":7.24,"r_oo":0.052,"r_mf":0.208,"r_rs":0.109,"r_n":0.426,"r_sol":0.652}},{"type":"Feature","geometry":{"type":"Polygon","coordinates":[[[-70.2208,41.64043],[-70.22301,41.63956],[-70.22308,41.63778],[-70.22095,41.63688],[-70.21874,41.63776],[-70.21867,41.63953],[-70.2208,41.64043]]]},"properties":{"h":"892a310dd57ffff","t":"Yarmouth","v":"South Yarmouth","n":11,"oo":2,"po":18.2,"ao":0,"ml":1296,"mf":1761.107,"br":0,"rs":2,"pr":18.2,"no":0,"s":38.3,"sp":7.24,"r_oo":0.087,"r_mf":0.495,"r_rs":0.887,"r_n":0.266,"r_sol":0.652}},{"type":"Feature","geometry":{"type":"Polygon","coordinates":[[[-70.20984,41.64303],[-70.21204,41.64216],[-70.21212,41.64038],[-70.20998,41.63948],[-70.20778,41.64035],[-70.2077,41.64213],[-70.20984,41.64303]]]},"properties":{"h":"892a310dd8bffff","t":"Yarmouth","v":"South Yarmouth","n":11,"oo":2,"po":18.2,"ao":3,"ml":980,"mf":997.606,"br":2,"rs":0,"pr":0,"no":0,"s":14.8,"sp":7.24,"r_oo":0.087,"r_mf":0.02,"r_rs":0.109,"r_n":0.266,"r_sol":0.652}},{"type":"Feature","geometry":{"type":"Polygon","coordinates":[[[-70.20755,41.64568],[-70.20976,41.64481],[-70.20984,41.64303],[-70.2077,41.64213],[-70.20549,41.643],[-70.20542,41.64478],[-70.20755,41.64568]]]},"properties":{"h":"892a310dd9bffff","t":"Yarmouth","v":"South Yarmouth","n":61,"oo":9,"po":14.8,"ao":11,"ml":1830,"mf":1740.093,"br":6,"rs":1,"pr":1.6,"no":0,"s":33.8,"sp":7.24,"r_oo":0.067,"r_mf":0.48,"r_rs":0.217,"r_n":0.932,"r_sol":0.652}},{"type":"Feature","geometry":{"type":"Polygon","coordinates":[[[-70.21624,41.64574],[-70.21845,41.64486],[-70.21852,41.64309],[-70.21639,41.64218],[-70.21418,41.64306],[-70.2141,41.64483],[-70.21624,41.64574]]]},"properties":{"h":"892a310ddc3ffff","t":"Yarmouth","v":"South Yarmouth","n":57,"oo":15,"po":26.3,"ao":9,"ml":1173,"mf":1233.841,"br":4,"rs":7,"pr":12.3,"no":0,"s":34.1,"sp":7.24,"r_oo":0.134,"r_mf":0.11,"r_rs":0.685,"r_n":0.916,"r_sol":0.652}},{"type":"Feature","geometry":{"type":"Polygon","coordinates":[[[-70.21418,41.64306],[-70.21639,41.64218],[-70.21646,41.64041],[-70.21433,41.63951],[-70.21212,41.64038],[-70.21204,41.64216],[-70.21418,41.64306]]]},"properties":{"h":"892a310ddc7ffff","t":"Yarmouth","v":"South Yarmouth","n":46,"oo":17,"po":37,"ao":7,"ml":1303.5,"mf":1489.71,"br":1,"rs":6,"pr":13,"no":0,"s":41.5,"sp":7.24,"r_oo":0.213,"r_mf":0.281,"r_rs":0.734,"r_n":0.846,"r_sol":0.652}},{"type":"Feature","geometry":{"type":"Polygon","coordinates":[[[-70.22058,41.64576],[-70.22279,41.64489],[-70.22286,41.64311],[-70.22073,41.64221],[-70.21852,41.64309],[-70.21845,41.64486],[-70.22058,41.64576]]]},"properties":{"h":"892a310ddcbffff","t":"Yarmouth","v":"South Yarmouth","n":24,"oo":5,"po":20.8,"ao":4,"ml":1882,"mf":1872.756,"br":1,"rs":3,"pr":12.5,"no":0,"s":41.7,"sp":7.24,"r_oo":0.108,"r_mf":0.582,"r_rs":0.702,"r_n":0.573,"r_sol":0.652}},{"type":"Feature","geometry":{"type":"Polygon","coordinates":[[[-70.21852,41.64309],[-70.22073,41.64221],[-70.2208,41.64043],[-70.21867,41.63953],[-70.21646,41.64041],[-70.21639,41.64218],[-70.21852,41.64309]]]},"properties":{"h":"892a310ddcfffff","t":"Yarmouth","v":"South Yarmouth","n":50,"oo":11,"po":22,"ao":8,"ml":1842,"mf":1792.389,"br":4,"rs":4,"pr":8,"no":0,"s":39.7,"sp":7.24,"r_oo":0.115,"r_mf":0.517,"r_rs":0.462,"r_n":0.875,"r_sol":0.652}},{"type":"Feature","geometry":{"type":"Polygon","coordinates":[[[-70.21396,41.64839],[-70.21616,41.64751],[-70.21624,41.64574],[-70.2141,41.64483],[-70.2119,41.64571],[-70.21182,41.64748],[-70.21396,41.64839]]]},"properties":{"h":"892a310ddd3ffff","t":"Yarmouth","v":"South Yarmouth","n":71,"oo":18,"po":25.4,"ao":16,"ml":1008,"mf":1114.187,"br":4,"rs":2,"pr":2.8,"no":0,"s":26.1,"sp":7.24,"r_oo":0.131,"r_mf":0.052,"r_rs":0.229,"r_n":0.962,"r_sol":0.652}},{"type":"Feature","geometry":{"type":"Polygon","coordinates":[[[-70.2119,41.64571],[-70.2141,41.64483],[-70.21418,41.64306],[-70.21204,41.64216],[-70.20984,41.64303],[-70.20976,41.64481],[-70.2119,41.64571]]]},"properties":{"h":"892a310ddd7ffff","t":"Yarmouth","v":"South Yarmouth","n":55,"oo":16,"po":29.1,"ao":6,"ml":1440,"mf":1361.312,"br":2,"rs":6,"pr":10.9,"no":0,"s":35.7,"sp":7.24,"r_oo":0.15,"r_mf":0.191,"r_rs":0.624,"r_n":0.904,"r_sol":0.652}},{"type":"Feature","geometry":{"type":"Polygon","coordinates":[[[-70.2183,41.64841],[-70.22051,41.64754],[-70.22058,41.64576],[-70.21845,41.64486],[-70.21624,41.64574],[-70.21616,41.64751],[-70.2183,41.64841]]]},"properties":{"h":"892a310dddbffff","t":"Yarmouth","v":"South Yarmouth","n":65,"oo":14,"po":21.5,"ao":14,"ml":1132,"mf":1370.53,"br":4,"rs":9,"pr":13.8,"no":0,"s":37,"sp":7.24,"r_oo":0.112,"r_mf":0.199,"r_rs":0.765,"r_n":0.948,"r_sol":0.652}},{"type":"Feature","geometry":{"type":"Polygon","coordinates":[[[-70.25923,41.65665],[-70.26144,41.65578],[-70.26151,41.654],[-70.25938,41.6531],[-70.25717,41.65398],[-70.2571,41.65575],[-70.25923,41.65665]]]},"properties":{"h":"892a310de03ffff","t":"Yarmouth","v":"West Yarmouth","n":5,"oo":3,"po":60,"ao":0,"ml":1332,"mf":1209.251,"br":0,"rs":0,"pr":0,"no":0,"s":29.4,"sp":7.24,"r_oo":0.466,"r_mf":0.093,"r_rs":0.109,"r_n":0.024,"r_sol":0.652}},{"type":"Feature","geometry":{"type":"Polygon","coordinates":[[[-70.26357,41.65668],[-70.26578,41.6558],[-70.26585,41.65403],[-70.26372,41.65313],[-70.26151,41.654],[-70.26144,41.65578],[-70.26357,41.65668]]]},"properties":{"h":"892a310de0bffff","t":"Yarmouth","v":"West Yarmouth","n":44,"oo":19,"po":43.2,"ao":5,"ml":1158,"mf":1274.901,"br":4,"rs":6,"pr":13.6,"no":0,"s":40.6,"sp":7.24,"r_oo":0.274,"r_mf":0.14,"r_rs":0.759,"r_n":0.829,"r_sol":0.652}},{"type":"Feature","geometry":{"type":"Polygon","coordinates":[[[-70.26151,41.654],[-70.26372,41.65313],[-70.26379,41.65135],[-70.26165,41.65045],[-70.25945,41.65132],[-70.25938,41.6531],[-70.26151,41.654]]]},"properties":{"h":"892a310de0fffff","t":"Yarmouth","v":"West Yarmouth","n":48,"oo":15,"po":31.2,"ao":10,"ml":1351,"mf":1352.804,"br":2,"rs":2,"pr":4.2,"no":0,"s":30.3,"sp":7.24,"r_oo":0.163,"r_mf":0.186,"r_rs":0.271,"r_n":0.86,"r_sol":0.652}},{"type":"Feature","geometry":{"type":"Polygon","coordinates":[[[-70.25695,41.65931],[-70.25916,41.65843],[-70.25923,41.65665],[-70.2571,41.65575],[-70.25489,41.65663],[-70.25482,41.6584],[-70.25695,41.65931]]]},"properties":{"h":"892a310de13ffff","t":"Yarmouth","v":"West Yarmouth","n":51,"oo":28,"po":54.9,"ao":3,"ml":972,"mf":978.163,"br":0,"rs":4,"pr":7.8,"no":0,"s":38.5,"sp":7.24,"r_oo":0.402,"r_mf":0.013,"r_rs":0.452,"r_n":0.88,"r_sol":0.652}},{"type":"Feature","geometry":{"type":"Polygon","coordinates":[[[-70.25489,41.65663],[-70.2571,41.65575],[-70.25717,41.65398],[-70.25503,41.65308],[-70.25282,41.65395],[-70.25275,41.65573],[-70.25489,41.65663]]]},"properties":{"h":"892a310de17ffff","t":"Yarmouth","v":"West Yarmouth","n":8,"oo":3,"po":37.5,"ao":0,"ml":865,"mf":985.156,"br":0,"rs":1,"pr":12.5,"no":0,"s":27.6,"sp":7.24,"r_oo":0.216,"r_mf":0.016,"r_rs":0.702,"r_n":0.154,"r_sol":0.652}},{"type":"Feature","geometry":{"type":"Polygon","coordinates":[[[-70.25738,41.64865],[-70.25959,41.64777],[-70.25966,41.646],[-70.25753,41.6451],[-70.25532,41.64597],[-70.25525,41.64775],[-70.25738,41.64865]]]},"properties":{"h":"892a310de23ffff","t":"Yarmouth","v":"West Yarmouth","n":19,"oo":9,"po":47.4,"ao":1,"ml":1586,"mf":1254.446,"br":0,"rs":2,"pr":10.5,"no":0,"s":36,"sp":7.24,"r_oo":0.314,"r_mf":0.124,"r_rs":0.607,"r_n":0.472,"r_sol":0.652}},{"type":"Feature","geometry":{"type":"Polygon","coordinates":[[[-70.26173,41.64867],[-70.26393,41.6478],[-70.26401,41.64602],[-70.26187,41.64512],[-70.25966,41.646],[-70.25959,41.64777],[-70.26173,41.64867]]]},"properties":{"h":"892a310de2bffff","t":"Yarmouth","v":"West Yarmouth","n":27,"oo":7,"po":25.9,"ao":7,"ml":2315,"mf":1791.61,"br":3,"rs":5,"pr":18.5,"no":0,"s":44.4,"sp":7.24,"r_oo":0.132,"r_mf":0.516,"r_rs":0.895,"r_n":0.632,"r_sol":0.652}},{"type":"Feature","geometry":{"type":"Polygon","coordinates":[[[-70.2551,41.6513],[-70.25731,41.65042],[-70.25738,41.64865],[-70.25525,41.64775],[-70.25304,41.64862],[-70.25297,41.6504],[-70.2551,41.6513]]]},"properties":{"h":"892a310de33ffff","t":"Yarmouth","v":"West Yarmouth","n":69,"oo":23,"po":33.3,"ao":9,"ml":1405,"mf":1204.273,"br":4,"rs":7,"pr":10.1,"no":0,"s":34.6,"sp":7.24,"r_oo":0.184,"r_mf":0.091,"r_rs":0.591,"r_n":0.958,"r_sol":0.652}},{"type":"Feature","geometry":{"type":"Polygon","coordinates":[[[-70.25304,41.64862],[-70.25525,41.64775],[-70.25532,41.64597],[-70.25319,41.64507],[-70.25098,41.64595],[-70.25091,41.64772],[-70.25304,41.64862]]]},"properties":{"h":"892a310de37ffff","t":"Yarmouth","v":"West Yarmouth","n":33,"oo":7,"po":21.2,"ao":7,"ml":1474,"mf":1477.452,"br":3,"rs":8,"pr":24.2,"no":0,"s":39.3,"sp":7.24,"r_oo":0.11,"r_mf":0.27,"r_rs":0.96,"r_n":0.723,"r_sol":0.652}},{"type":"Feature","geometry":{"type":"Polygon","coordinates":[[[-70.25945,41.65132],[-70.26165,41.65045],[-70.26173,41.64867],[-70.25959,41.64777],[-70.25738,41.64865],[-70.25731,41.65042],[-70.25945,41.65132]]]},"properties":{"h":"892a310de3bffff","t":"Yarmouth","v":"West Yarmouth","n":27,"oo":9,"po":33.3,"ao":8,"ml":1835,"mf":1566.563,"br":3,"rs":5,"pr":18.5,"no":0,"s":42.1,"sp":7.24,"r_oo":0.184,"r_mf":0.338,"r_rs":0.895,"r_n":0.632,"r_sol":0.652}},{"type":"Feature","geometry":{"type":"Polygon","coordinates":[[[-70.26792,41.6567],[-70.27013,41.65583],[-70.2702,41.65405],[-70.26806,41.65315],[-70.26585,41.65403],[-70.26578,41.6558],[-70.26792,41.6567]]]},"properties":{"h":"892a310de47ffff","t":"Yarmouth","v":"West Yarmouth","n":31,"oo":17,"po":54.8,"ao":4,"ml":1104,"mf":1187.508,"br":1,"rs":3,"pr":9.7,"no":0,"s":39.9,"sp":7.24,"r_oo":0.4,"r_mf":0.086,"r_rs":0.554,"r_n":0.696,"r_sol":0.652}},{"type":"Feature","geometry":{"type":"Polygon","coordinates":[[[-70.26564,41.65936],[-70.26785,41.65848],[-70.26792,41.6567],[-70.26578,41.6558],[-70.26357,41.65668],[-70.2635,41.65846],[-70.26564,41.65936]]]},"properties":{"h":"892a310de57ffff","t":"Yarmouth","v":"West Yarmouth","n":10,"oo":3,"po":30,"ao":0,"ml":1183,"mf":1163.297,"br":0,"rs":1,"pr":10,"no":0,"s":25.6,"sp":7.24,"r_oo":0.156,"r_mf":0.075,"r_rs":0.575,"r_n":0.234,"r_sol":0.652}},{"type":"Feature","geometry":{"type":"Polygon","coordinates":[[[-70.26813,41.65138],[-70.27034,41.6505],[-70.27041,41.64872],[-70.26828,41.64782],[-70.26607,41.6487],[-70.266,41.65047],[-70.26813,41.65138]]]},"properties":{"h":"892a310de63ffff","t":"Yarmouth","v":"West Yarmouth","n":7,"oo":0,"po":0,"ao":5,"ml":1064,"mf":1055.067,"br":0,"rs":0,"pr":0,"no":0,"s":10.7,"sp":7.24,"r_oo":0.014,"r_mf":0.035,"r_rs":0.109,"r_n":0.115,"r_sol":0.652}},{"type":"Feature","geometry":{"type":"Polygon","coordinates":[[[-70.26607,41.6487],[-70.26828,41.64782],[-70.26835,41.64605],[-70.26621,41.64515],[-70.26401,41.64602],[-70.26393,41.6478],[-70.26607,41.6487]]]},"properties":{"h":"892a310de67ffff","t":"Yarmouth","v":"West Yarmouth","n":38,"oo":13,"po":34.2,"ao":11,"ml":1742,"mf":1372.377,"br":3,"rs":2,"pr":5.3,"no":0,"s":31.9,"sp":7.24,"r_oo":0.196,"r_mf":0.201,"r_rs":0.318,"r_n":0.773,"r_sol":0.652}},{"type":"Feature","geometry":{"type":"Polygon","coordinates":[[[-70.27248,41.6514],[-70.27468,41.65052],[-70.27476,41.64875],[-70.27262,41.64785],[-70.27041,41.64872],[-70.27034,41.6505],[-70.27248,41.6514]]]},"properties":{"h":"892a310de6bffff","t":"Yarmouth","v":"West Yarmouth","n":50,"oo":16,"po":32,"ao":6,"ml":1241,"mf":1267.668,"br":0,"rs":5,"pr":10,"no":0,"s":34,"sp":7.24,"r_oo":0.168,"r_mf":0.135,"r_rs":0.575,"r_n":0.875,"r_sol":0.652}},{"type":"Feature","geometry":{"type":"Polygon","coordinates":[[[-70.27041,41.64872],[-70.27262,41.64785],[-70.27269,41.64607],[-70.27056,41.64517],[-70.26835,41.64605],[-70.26828,41.64782],[-70.27041,41.64872]]]},"properties":{"h":"892a310de6fffff","t":"Yarmouth","v":"West Yarmouth","n":46,"oo":10,"po":21.7,"ao":6,"ml":1465,"mf":1259.649,"br":1,"rs":5,"pr":10.9,"no":0,"s":32.1,"sp":7.24,"r_oo":0.113,"r_mf":0.128,"r_rs":0.624,"r_n":0.846,"r_sol":0.652}},{"type":"Feature","geometry":{"type":"Polygon","coordinates":[[[-70.26585,41.65403],[-70.26806,41.65315],[-70.26813,41.65138],[-70.266,41.65047],[-70.26379,41.65135],[-70.26372,41.65313],[-70.26585,41.65403]]]},"properties":{"h":"892a310de73ffff","t":"Yarmouth","v":"West Yarmouth","n":27,"oo":14,"po":51.9,"ao":1,"ml":1330,"mf":1466.923,"br":2,"rs":3,"pr":11.1,"no":0,"s":43.6,"sp":7.24,"r_oo":0.365,"r_mf":0.265,"r_rs":0.639,"r_n":0.632,"r_sol":0.652}},{"type":"Feature","geometry":{"type":"Polygon","coordinates":[[[-70.26379,41.65135],[-70.266,41.65047],[-70.26607,41.6487],[-70.26393,41.6478],[-70.26173,41.64867],[-70.26165,41.65045],[-70.26379,41.65135]]]},"properties":{"h":"892a310de77ffff","t":"Yarmouth","v":"West Yarmouth","n":37,"oo":13,"po":35.1,"ao":9,"ml":1212,"mf":1405.981,"br":1,"rs":4,"pr":10.8,"no":0,"s":37,"sp":7.24,"r_oo":0.201,"r_mf":0.223,"r_rs":0.62,"r_n":0.76,"r_sol":0.652}},{"type":"Feature","geometry":{"type":"Polygon","coordinates":[[[-70.2702,41.65405],[-70.27241,41.65318],[-70.27248,41.6514],[-70.27034,41.6505],[-70.26813,41.65138],[-70.26806,41.65315],[-70.2702,41.65405]]]},"properties":{"h":"892a310de7bffff","t":"Yarmouth","v":"West Yarmouth","n":11,"oo":2,"po":18.2,"ao":3,"ml":1158,"mf":930.287,"br":0,"rs":1,"pr":9.1,"no":0,"s":20.6,"sp":7.24,"r_oo":0.087,"r_mf":0.005,"r_rs":0.524,"r_n":0.266,"r_sol":0.652}},{"type":"Feature","geometry":{"type":"Polygon","coordinates":[[[-70.24598,41.66191],[-70.24819,41.66103],[-70.24826,41.65925],[-70.24613,41.65835],[-70.24392,41.65923],[-70.24385,41.661],[-70.24598,41.66191]]]},"properties":{"h":"892a310de97ffff","t":"Yarmouth","v":"West Yarmouth","n":5,"oo":2,"po":40,"ao":0,"ml":1514,"mf":1598.797,"br":0,"rs":0,"pr":0,"no":0,"s":27.1,"sp":7.24,"r_oo":0.239,"r_mf":0.365,"r_rs":0.109,"r_n":0.024,"r_sol":0.652}},{"type":"Feature","geometry":{"type":"Polygon","coordinates":[[[-70.24848,41.65393],[-70.25069,41.65305],[-70.25076,41.65127],[-70.24863,41.65037],[-70.24642,41.65125],[-70.24635,41.65302],[-70.24848,41.65393]]]},"properties":{"h":"892a310dea3ffff","t":"Yarmouth","v":"West Yarmouth","n":15,"oo":7,"po":46.7,"ao":1,"ml":1110,"mf":1294.472,"br":1,"rs":0,"pr":0,"no":0,"s":28.1,"sp":7.24,"r_oo":0.309,"r_mf":0.155,"r_rs":0.109,"r_n":0.369,"r_sol":0.652}},{"type":"Feature","geometry":{"type":"Polygon","coordinates":[[[-70.24642,41.65125],[-70.24863,41.65037],[-70.2487,41.6486],[-70.24656,41.6477],[-70.24436,41.64857],[-70.24428,41.65035],[-70.24642,41.65125]]]},"properties":{"h":"892a310dea7ffff","t":"Yarmouth","v":"West Yarmouth","n":61,"oo":17,"po":27.9,"ao":9,"ml":1050,"mf":1165.564,"br":0,"rs":6,"pr":9.8,"no":0,"s":31.7,"sp":7.24,"r_oo":0.139,"r_mf":0.077,"r_rs":0.557,"r_n":0.932,"r_sol":0.652}},{"type":"Feature","geometry":{"type":"Polygon","coordinates":[[[-70.25282,41.65395],[-70.25503,41.65308],[-70.2551,41.6513],[-70.25297,41.6504],[-70.25076,41.65127],[-70.25069,41.65305],[-70.25282,41.65395]]]},"properties":{"h":"892a310deabffff","t":"Yarmouth","v":"West Yarmouth","n":33,"oo":10,"po":30.3,"ao":10,"ml":1394,"mf":1079.717,"br":1,"rs":1,"pr":3,"no":0,"s":24.6,"sp":7.24,"r_oo":0.159,"r_mf":0.041,"r_rs":0.235,"r_n":0.723,"r_sol":0.652}},{"type":"Feature","geometry":{"type":"Polygon","coordinates":[[[-70.25076,41.65127],[-70.25297,41.6504],[-70.25304,41.64862],[-70.25091,41.64772],[-70.2487,41.6486],[-70.24863,41.65037],[-70.25076,41.65127]]]},"properties":{"h":"892a310deafffff","t":"Yarmouth","v":"West Yarmouth","n":73,"oo":25,"po":34.2,"ao":10,"ml":1468,"mf":1522.27,"br":5,"rs":5,"pr":6.8,"no":0,"s":37.6,"sp":7.24,"r_oo":0.196,"r_mf":0.304,"r_rs":0.397,"r_n":0.97,"r_sol":0.652}},{"type":"Feature","geometry":{"type":"Polygon","coordinates":[[[-70.2462,41.65658],[-70.24841,41.6557],[-70.24848,41.65393],[-70.24635,41.65302],[-70.24414,41.6539],[-70.24406,41.65568],[-70.2462,41.65658]]]},"properties":{"h":"892a310deb3ffff","t":"Yarmouth","v":"West Yarmouth","n":30,"oo":21,"po":70,"ao":2,"ml":1347.5,"mf":1982.815,"br":4,"rs":5,"pr":16.7,"no":0,"s":67.5,"sp":7.24,"r_oo":0.626,"r_mf":0.653,"r_rs":0.858,"r_n":0.682,"r_sol":0.652}},{"type":"Feature","geometry":{"type":"Polygon","coordinates":[[[-70.24414,41.6539],[-70.24635,41.65302],[-70.24642,41.65125],[-70.24428,41.65035],[-70.24207,41.65122],[-70.242,41.653],[-70.24414,41.6539]]]},"properties":{"h":"892a310deb7ffff","t":"Yarmouth","v":"West Yarmouth","n":29,"oo":27,"po":93.1,"ao":1,"ml":1458,"mf":1749.805,"br":2,"rs":1,"pr":3.4,"no":0,"s":67.6,"sp":7.24,"r_oo":0.963,"r_mf":0.488,"r_rs":0.246,"r_n":0.668,"r_sol":0.652}},{"type":"Feature","geometry":{"type":"Polygon","coordinates":[[[-70.26108,41.66466],[-70.26329,41.66378],[-70.26336,41.66201],[-70.26122,41.66111],[-70.25901,41.66198],[-70.25894,41.66376],[-70.26108,41.66466]]]},"properties":{"h":"892a310dec3ffff","t":"Yarmouth","v":"West Yarmouth","n":12,"oo":6,"po":50,"ao":0,"ml":1181,"mf":1679.056,"br":0,"rs":0,"pr":0,"no":0,"s":35.3,"sp":7.24,"r_oo":0.341,"r_mf":0.422,"r_rs":0.109,"r_n":0.292,"r_sol":0.652}},{"type":"Feature","geometry":{"type":"Polygon","coordinates":[[[-70.25901,41.66198],[-70.26122,41.66111],[-70.26129,41.65933],[-70.25916,41.65843],[-70.25695,41.65931],[-70.25688,41.66108],[-70.25901,41.66198]]]},"properties":{"h":"892a310dec7ffff","t":"Yarmouth","v":"West Yarmouth","n":10,"oo":6,"po":60,"ao":1,"ml":1059.5,"mf":1101.72,"br":0,"rs":0,"pr":0,"no":0,"s":30.3,"sp":7.24,"r_oo":0.466,"r_mf":0.047,"r_rs":0.109,"r_n":0.234,"r_sol":0.652}},{"type":"Feature","geometry":{"type":"Polygon","coordinates":[[[-70.26336,41.66201],[-70.26557,41.66113],[-70.26564,41.65936],[-70.2635,41.65846],[-70.26129,41.65933],[-70.26122,41.66111],[-70.26336,41.66201]]]},"properties":{"h":"892a310decfffff","t":"Yarmouth","v":"West Yarmouth","n":27,"oo":16,"po":59.3,"ao":3,"ml":1242,"mf":1390.066,"br":1,"rs":5,"pr":18.5,"no":0,"s":49.6,"sp":7.24,"r_oo":0.45,"r_mf":0.214,"r_rs":0.895,"r_n":0.632,"r_sol":0.652}},{"type":"Feature","geometry":{"type":"Polygon","coordinates":[[[-70.26314,41.66734],[-70.26535,41.66646],[-70.26542,41.66469],[-70.26329,41.66378],[-70.26108,41.66466],[-70.26101,41.66644],[-70.26314,41.66734]]]},"properties":{"h":"892a310dedbffff","t":"Yarmouth","v":"West Yarmouth","n":12,"oo":7,"po":58.3,"ao":0,"ml":1142,"mf":1668.447,"br":0,"rs":0,"pr":0,"no":0,"s":39.1,"sp":7.24,"r_oo":0.441,"r_mf":0.417,"r_rs":0.109,"r_n":0.292,"r_sol":0.652}},{"type":"Feature","geometry":{"type":"Polygon","coordinates":[[[-70.1978,41.72293],[-70.20002,41.72205],[-70.20009,41.72028],[-70.19795,41.71937],[-70.19574,41.72025],[-70.19567,41.72203],[-70.1978,41.72293]]]},"properties":{"h":"892a310f02bffff","t":"Yarmouth","v":"Yarmouth Port","n":30,"oo":20,"po":66.7,"ao":3,"ml":1503,"mf":1708.424,"br":3,"rs":5,"pr":16.7,"no":0,"s":60.1,"sp":7.24,"r_oo":0.565,"r_mf":0.453,"r_rs":0.858,"r_n":0.682,"r_sol":0.652}},{"type":"Feature","geometry":{"type":"Polygon","coordinates":[[[-70.20215,41.72296],[-70.20437,41.72208],[-70.20444,41.7203],[-70.2023,41.7194],[-70.20009,41.72028],[-70.20002,41.72205],[-70.20215,41.72296]]]},"properties":{"h":"892a310f067ffff","t":"Yarmouth","v":"Yarmouth Port","n":42,"oo":30,"po":71.4,"ao":4,"ml":1817,"mf":1728.284,"br":9,"rs":3,"pr":7.1,"no":0,"s":58.6,"sp":7.24,"r_oo":0.652,"r_mf":0.468,"r_rs":0.413,"r_n":0.813,"r_sol":0.652}},{"type":"Feature","geometry":{"type":"Polygon","coordinates":[[[-70.2065,41.72298],[-70.20871,41.72211],[-70.20879,41.72033],[-70.20665,41.71943],[-70.20444,41.7203],[-70.20437,41.72208],[-70.2065,41.72298]]]},"properties":{"h":"892a310f06fffff","t":"Yarmouth","v":"Yarmouth Port","n":6,"oo":5,"po":83.3,"ao":0,"ml":1896,"mf":1755.468,"br":0,"rs":0,"pr":0,"no":0,"s":55.4,"sp":7.24,"r_oo":0.856,"r_mf":0.492,"r_rs":0.109,"r_n":0.072,"r_sol":0.652}},{"type":"Feature","geometry":{"type":"Polygon","coordinates":[[[-70.18521,41.71218],[-70.18742,41.71131],[-70.18749,41.70953],[-70.18536,41.70862],[-70.18314,41.7095],[-70.18307,41.71128],[-70.18521,41.71218]]]},"properties":{"h":"892a310f10bffff","t":"Yarmouth","v":"Yarmouth Port","n":16,"oo":9,"po":56.2,"ao":4,"ml":1978.5,"mf":1862.814,"br":4,"rs":1,"pr":6.2,"no":0,"s":46.9,"sp":7.24,"r_oo":0.415,"r_mf":0.575,"r_rs":0.362,"r_n":0.401,"r_sol":0.652}},{"type":"Feature","geometry":{"type":"Polygon","coordinates":[[[-70.18314,41.7095],[-70.18536,41.70862],[-70.18543,41.70685],[-70.18329,41.70595],[-70.18108,41.70682],[-70.18101,41.7086],[-70.18314,41.7095]]]},"properties":{"h":"892a310f10fffff","t":"Yarmouth","v":"Yarmouth Port","n":5,"oo":3,"po":60,"ao":1,"ml":1420,"mf":1974.211,"br":1,"rs":1,"pr":20,"no":0,"s":55.4,"sp":7.24,"r_oo":0.466,"r_mf":0.649,"r_rs":0.919,"r_n":0.024,"r_sol":0.652}},{"type":"Feature","geometry":{"type":"Polygon","coordinates":[[[-70.17696,41.70146],[-70.17917,41.70059],[-70.17925,41.69881],[-70.17711,41.69791],[-70.1749,41.69878],[-70.17483,41.70056],[-70.17696,41.70146]]]},"properties":{"h":"892a310f127ffff","t":"Yarmouth","v":"Yarmouth Port","n":22,"oo":17,"po":77.3,"ao":0,"ml":1430,"mf":1527.321,"br":1,"rs":2,"pr":9.1,"no":0,"s":57.2,"sp":7.24,"r_oo":0.745,"r_mf":0.308,"r_rs":0.524,"r_n":0.533,"r_sol":0.652}},{"type":"Feature","geometry":{"type":"Polygon","coordinates":[[[-70.18337,41.70417],[-70.18558,41.70329],[-70.18566,41.70152],[-70.18352,41.70061],[-70.18131,41.70149],[-70.18123,41.70327],[-70.18337,41.70417]]]},"properties":{"h":"892a310f12bffff","t":"Yarmouth","v":"Yarmouth Port","n":18,"oo":9,"po":50,"ao":2,"ml":2556,"mf":2461.947,"br":9,"rs":3,"pr":16.7,"no":0,"s":59.1,"sp":7.24,"r_oo":0.341,"r_mf":0.866,"r_rs":0.858,"r_n":0.448,"r_sol":0.652}},{"type":"Feature","geometry":{"type":"Polygon","coordinates":[[[-70.18131,41.70149],[-70.18352,41.70061],[-70.18359,41.69884],[-70.18146,41.69793],[-70.17925,41.69881],[-70.17917,41.70059],[-70.18131,41.70149]]]},"properties":{"h":"892a310f12fffff","t":"Yarmouth","v":"Yarmouth Port","n":5,"oo":4,"po":80,"ao":1,"ml":2890,"mf":2645.704,"br":4,"rs":1,"pr":20,"no":0,"s":75.1,"sp":7.24,"r_oo":0.799,"r_mf":0.905,"r_rs":0.919,"r_n":0.024,"r_sol":0.652}},{"type":"Feature","geometry":{"type":"Polygon","coordinates":[[[-70.19162,41.71489],[-70.19383,41.71401],[-70.1939,41.71224],[-70.19177,41.71133],[-70.18955,41.71221],[-70.18948,41.71399],[-70.19162,41.71489]]]},"properties":{"h":"892a310f143ffff","t":"Yarmouth","v":"Yarmouth Port","n":20,"oo":15,"po":75,"ao":0,"ml":1234,"mf":1137.833,"br":0,"rs":2,"pr":10,"no":0,"s":49.9,"sp":7.24,"r_oo":0.709,"r_mf":0.06,"r_rs":0.575,"r_n":0.495,"r_sol":0.652}},{"type":"Feature","geometry":{"type":"Polygon","coordinates":[[[-70.18955,41.71221],[-70.19177,41.71133],[-70.19184,41.70956],[-70.1897,41.70865],[-70.18749,41.70953],[-70.18742,41.71131],[-70.18955,41.71221]]]},"properties":{"h":"892a310f147ffff","t":"Yarmouth","v":"Yarmouth Port","n":31,"oo":23,"po":74.2,"ao":1,"ml":1326,"mf":1657.503,"br":2,"rs":2,"pr":6.5,"no":0,"s":57.1,"sp":7.24,"r_oo":0.692,"r_mf":0.411,"r_rs":0.379,"r_n":0.696,"r_sol":0.652}},{"type":"Feature","geometry":{"type":"Polygon","coordinates":[[[-70.19596,41.71492],[-70.19818,41.71404],[-70.19825,41.71226],[-70.19611,41.71136],[-70.1939,41.71224],[-70.19383,41.71401],[-70.19596,41.71492]]]},"properties":{"h":"892a310f14bffff","t":"Yarmouth","v":"Yarmouth Port","n":18,"oo":18,"po":100,"ao":0,"ml":1662.5,"mf":1514.774,"br":3,"rs":2,"pr":11.1,"no":0,"s":67.5,"sp":7.24,"r_oo":0.988,"r_mf":0.297,"r_rs":0.639,"r_n":0.448,"r_sol":0.652}},{"type":"Feature","geometry":{"type":"Polygon","coordinates":[[[-70.18727,41.71486],[-70.18948,41.71399],[-70.18955,41.71221],[-70.18742,41.71131],[-70.18521,41.71218],[-70.18513,41.71396],[-70.18727,41.71486]]]},"properties":{"h":"892a310f157ffff","t":"Yarmouth","v":"Yarmouth Port","n":32,"oo":22,"po":68.8,"ao":2,"ml":1351.5,"mf":1549.62,"br":2,"rs":2,"pr":6.2,"no":0,"s":51.3,"sp":7.24,"r_oo":0.6,"r_mf":0.33,"r_rs":0.362,"r_n":0.71,"r_sol":0.652}},{"type":"Feature","geometry":{"type":"Polygon","coordinates":[[[-70.19368,41.71757],[-70.19589,41.71669],[-70.19596,41.71492],[-70.19383,41.71401],[-70.19162,41.71489],[-70.19154,41.71667],[-70.19368,41.71757]]]},"properties":{"h":"892a310f15bffff","t":"Yarmouth","v":"Yarmouth Port","n":16,"oo":11,"po":68.8,"ao":2,"ml":1204,"mf":1287.981,"br":1,"rs":0,"pr":0,"no":0,"s":39.9,"sp":7.24,"r_oo":0.6,"r_mf":0.148,"r_rs":0.109,"r_n":0.401,"r_sol":0.652}},{"type":"Feature","geometry":{"type":"Polygon","coordinates":[[[-70.18978,41.70688],[-70.19199,41.706],[-70.19206,41.70422],[-70.18993,41.70332],[-70.18772,41.7042],[-70.18764,41.70597],[-70.18978,41.70688]]]},"properties":{"h":"892a310f163ffff","t":"Yarmouth","v":"Yarmouth Port","n":11,"oo":9,"po":81.8,"ao":1,"ml":2142,"mf":2401.834,"br":4,"rs":3,"pr":27.3,"no":0,"s":78.2,"sp":7.24,"r_oo":0.833,"r_mf":0.844,"r_rs":0.973,"r_n":0.266,"r_sol":0.652}},{"type":"Feature","geometry":{"type":"Polygon","coordinates":[[[-70.18772,41.7042],[-70.18993,41.70332],[-70.19,41.70154],[-70.18787,41.70064],[-70.18566,41.70152],[-70.18558,41.70329],[-70.18772,41.7042]]]},"properties":{"h":"892a310f167ffff","t":"Yarmouth","v":"Yarmouth Port","n":12,"oo":7,"po":58.3,"ao":2,"ml":2138,"mf":2522.538,"br":7,"rs":1,"pr":8.3,"no":0,"s":56.3,"sp":7.24,"r_oo":0.441,"r_mf":0.881,"r_rs":0.48,"r_n":0.292,"r_sol":0.652}},{"type":"Feature","geometry":{"type":"Polygon","coordinates":[[[-70.19413,41.7069],[-70.19634,41.70603],[-70.19641,41.70425],[-70.19428,41.70335],[-70.19206,41.70422],[-70.19199,41.706],[-70.19413,41.7069]]]},"properties":{"h":"892a310f16bffff","t":"Yarmouth","v":"Yarmouth Port","n":8,"oo":7,"po":87.5,"ao":1,"ml":2161,"mf":2140.194,"br":2,"rs":2,"pr":25,"no":0,"s":77.5,"sp":7.24,"r_oo":0.907,"r_mf":0.748,"r_rs":0.965,"r_n":0.154,"r_sol":0.652}},{"type":"Feature","geometry":{"type":"Polygon","coordinates":[[[-70.19206,41.70422],[-70.19428,41.70335],[-70.19435,41.70157],[-70.19221,41.70067],[-70.19,41.70154],[-70.18993,41.70332],[-70.19206,41.70422]]]},"properties":{"h":"892a310f16fffff","t":"Yarmouth","v":"Yarmouth Port","n":15,"oo":7,"po":46.7,"ao":5,"ml":2141,"mf":1825.907,"br":3,"rs":2,"pr":13.3,"no":0,"s":47.2,"sp":7.24,"r_oo":0.309,"r_mf":0.538,"r_rs":0.748,"r_n":0.369,"r_sol":0.652}},{"type":"Feature","geometry":{"type":"Polygon","coordinates":[[[-70.19184,41.70956],[-70.19405,41.70868],[-70.19413,41.7069],[-70.19199,41.706],[-70.18978,41.70688],[-70.1897,41.70865],[-70.19184,41.70956]]]},"properties":{"h":"892a310f17bffff","t":"Yarmouth","v":"Yarmouth Port","n":33,"oo":22,"po":66.7,"ao":4,"ml":1706,"mf":1727.781,"br":8,"rs":3,"pr":9.1,"no":0,"s":55.9,"sp":7.24,"r_oo":0.565,"r_mf":0.467,"r_rs":0.524,"r_n":0.723,"r_sol":0.652}},{"type":"Feature","geometry":{"type":"Polygon","coordinates":[[[-70.2239,41.72309],[-70.22611,41.72222],[-70.22619,41.72044],[-70.22405,41.71954],[-70.22184,41.72041],[-70.22176,41.72219],[-70.2239,41.72309]]]},"properties":{"h":"892a310f223ffff","t":"Yarmouth","v":"Yarmouth Port","n":25,"oo":16,"po":64,"ao":3,"ml":2170,"mf":2353.335,"br":11,"rs":3,"pr":12,"no":0,"s":64.4,"sp":7.24,"r_oo":0.527,"r_mf":0.826,"r_rs":0.678,"r_n":0.593,"r_sol":0.652}},{"type":"Feature","geometry":{"type":"Polygon","coordinates":[[[-70.22825,41.72312],[-70.23046,41.72224],[-70.23054,41.72047],[-70.2284,41.71956],[-70.22619,41.72044],[-70.22611,41.72222],[-70.22825,41.72312]]]},"properties":{"h":"892a310f22bffff","t":"Yarmouth","v":"Yarmouth Port","n":21,"oo":17,"po":81,"ao":0,"ml":1933,"mf":2125.874,"br":3,"rs":2,"pr":9.5,"no":0,"s":71.1,"sp":7.24,"r_oo":0.819,"r_mf":0.739,"r_rs":0.547,"r_n":0.513,"r_sol":0.652}},{"type":"Feature","geometry":{"type":"Polygon","coordinates":[[[-70.22619,41.72044],[-70.2284,41.71956],[-70.22847,41.71779],[-70.22633,41.71689],[-70.22412,41.71776],[-70.22405,41.71954],[-70.22619,41.72044]]]},"properties":{"h":"892a310f22fffff","t":"Yarmouth","v":"Yarmouth Port","n":27,"oo":19,"po":70.4,"ao":3,"ml":2274,"mf":2333.518,"br":11,"rs":4,"pr":14.8,"no":0,"s":70.8,"sp":7.24,"r_oo":0.635,"r_mf":0.82,"r_rs":0.804,"r_n":0.632,"r_sol":0.652}},{"type":"Feature","geometry":{"type":"Polygon","coordinates":[[[-70.22597,41.72577],[-70.22818,41.7249],[-70.22825,41.72312],[-70.22611,41.72222],[-70.2239,41.72309],[-70.22383,41.72487],[-70.22597,41.72577]]]},"properties":{"h":"892a310f23bffff","t":"Yarmouth","v":"Yarmouth Port","n":15,"oo":11,"po":73.3,"ao":2,"ml":2108,"mf":2247.91,"br":2,"rs":0,"pr":0,"no":0,"s":58.9,"sp":7.24,"r_oo":0.683,"r_mf":0.789,"r_rs":0.109,"r_n":0.369,"r_sol":0.652}},{"type":"Feature","geometry":{"type":"Polygon","coordinates":[[[-70.20923,41.70967],[-70.21144,41.70879],[-70.21152,41.70701],[-70.20938,41.70611],[-70.20717,41.70699],[-70.2071,41.70876],[-70.20923,41.70967]]]},"properties":{"h":"892a310f307ffff","t":"Yarmouth","v":"Yarmouth Port","n":65,"oo":47,"po":72.3,"ao":4,"ml":1364,"mf":1820.147,"br":2,"rs":10,"pr":15.4,"no":0,"s":68.3,"sp":7.24,"r_oo":0.667,"r_mf":0.533,"r_rs":0.818,"r_n":0.948,"r_sol":0.652}},{"type":"Feature","geometry":{"type":"Polygon","coordinates":[[[-70.21564,41.71237],[-70.21786,41.7115],[-70.21793,41.70972],[-70.21579,41.70882],[-70.21358,41.70969],[-70.21351,41.71147],[-70.21564,41.71237]]]},"properties":{"h":"892a310f30bffff","t":"Yarmouth","v":"Yarmouth Port","n":9,"oo":8,"po":88.9,"ao":1,"ml":1766,"mf":1574.886,"br":1,"rs":0,"pr":0,"no":0,"s":55.6,"sp":7.24,"r_oo":0.922,"r_mf":0.344,"r_rs":0.109,"r_n":0.194,"r_sol":0.652}},{"type":"Feature","geometry":{"type":"Polygon","coordinates":[[[-70.21358,41.70969],[-70.21579,41.70882],[-70.21587,41.70704],[-70.21373,41.70614],[-70.21152,41.70701],[-70.21144,41.70879],[-70.21358,41.70969]]]},"properties":{"h":"892a310f30fffff","t":"Yarmouth","v":"Yarmouth Port","n":31,"oo":22,"po":71,"ao":1,"ml":1504,"mf":1758.109,"br":3,"rs":2,"pr":6.5,"no":0,"s":57.2,"sp":7.24,"r_oo":0.642,"r_mf":0.494,"r_rs":0.379,"r_n":0.696,"r_sol":0.652}},{"type":"Feature","geometry":{"type":"Polygon","coordinates":[[[-70.20901,41.715],[-70.21122,41.71412],[-70.2113,41.71235],[-70.20916,41.71144],[-70.20695,41.71232],[-70.20687,41.7141],[-70.20901,41.715]]]},"properties":{"h":"892a310f313ffff","t":"Yarmouth","v":"Yarmouth Port","n":22,"oo":17,"po":77.3,"ao":2,"ml":1656,"mf":1975.976,"br":2,"rs":4,"pr":18.2,"no":0,"s":71.2,"sp":7.24,"r_oo":0.745,"r_mf":0.65,"r_rs":0.887,"r_n":0.533,"r_sol":0.652}},{"type":"Feature","geometry":{"type":"Polygon","coordinates":[[[-70.20695,41.71232],[-70.20916,41.71144],[-70.20923,41.70967],[-70.2071,41.70876],[-70.20488,41.70964],[-70.20481,41.71142],[-70.20695,41.71232]]]},"properties":{"h":"892a310f317ffff","t":"Yarmouth","v":"Yarmouth Port","n":65,"oo":47,"po":72.3,"ao":5,"ml":1350,"mf":1822.208,"br":4,"rs":6,"pr":9.2,"no":0,"s":64.1,"sp":7.24,"r_oo":0.667,"r_mf":0.534,"r_rs":0.536,"r_n":0.948,"r_sol":0.652}},{"type":"Feature","geometry":{"type":"Polygon","coordinates":[[[-70.20739,41.70166],[-70.2096,41.70078],[-70.20968,41.699],[-70.20754,41.6981],[-70.20533,41.69898],[-70.20526,41.70075],[-70.20739,41.70166]]]},"properties":{"h":"892a310f327ffff","t":"Yarmouth","v":"Yarmouth Port","n":10,"oo":8,"po":80,"ao":0,"ml":1260,"mf":1706.143,"br":0,"rs":0,"pr":0,"no":0,"s":53.7,"sp":7.24,"r_oo":0.799,"r_mf":0.45,"r_rs":0.109,"r_n":0.234,"r_sol":0.652}},{"type":"Feature","geometry":{"type":"Polygon","coordinates":[[[-70.2138,41.70436],[-70.21601,41.70349],[-70.21609,41.70171],[-70.21395,41.70081],[-70.21174,41.70168],[-70.21167,41.70346],[-70.2138,41.70436]]]},"properties":{"h":"892a310f32bffff","t":"Yarmouth","v":"Yarmouth Port","n":47,"oo":36,"po":76.6,"ao":0,"ml":1426,"mf":1451.706,"br":0,"rs":10,"pr":21.3,"no":0,"s":64.8,"sp":7.24,"r_oo":0.733,"r_mf":0.253,"r_rs":0.938,"r_n":0.854,"r_sol":0.652}},{"type":"Feature","geometry":{"type":"Polygon","coordinates":[[[-70.21174,41.70168],[-70.21395,41.70081],[-70.21402,41.69903],[-70.21189,41.69813],[-70.20968,41.699],[-70.2096,41.70078],[-70.21174,41.70168]]]},"properties":{"h":"892a310f32fffff","t":"Yarmouth","v":"Yarmouth Port","n":12,"oo":12,"po":100,"ao":0,"ml":1418,"mf":1503.922,"br":0,"rs":4,"pr":33.3,"no":0,"s":71,"sp":7.24,"r_oo":0.988,"r_mf":0.288,"r_rs":0.988,"r_n":0.292,"r_sol":0.652}},{"type":"Feature","geometry":{"type":"Polygon","coordinates":[[[-70.20511,41.70431],[-70.20732,41.70343],[-70.20739,41.70166],[-70.20526,41.70075],[-70.20305,41.70163],[-70.20297,41.70341],[-70.20511,41.70431]]]},"properties":{"h":"892a310f337ffff","t":"Yarmouth","v":"Yarmouth Port","n":5,"oo":4,"po":80,"ao":0,"ml":1490,"mf":1339.501,"br":0,"rs":0,"pr":0,"no":0,"s":44.7,"sp":7.24,"r_oo":0.799,"r_mf":0.176,"r_rs":0.109,"r_n":0.024,"r_sol":0.652}},{"type":"Feature","geometry":{"type":"Polygon","coordinates":[[[-70.21152,41.70701],[-70.21373,41.70614],[-70.2138,41.70436],[-70.21167,41.70346],[-70.20946,41.70434],[-70.20938,41.70611],[-70.21152,41.70701]]]},"properties":{"h":"892a310f33bffff","t":"Yarmouth","v":"Yarmouth Port","n":30,"oo":22,"po":73.3,"ao":1,"ml":1256,"mf":1737.635,"br":0,"rs":5,"pr":16.7,"no":0,"s":65.5,"sp":7.24,"r_oo":0.683,"r_mf":0.478,"r_rs":0.858,"r_n":0.682,"r_sol":0.652}},{"type":"Feature","geometry":{"type":"Polygon","coordinates":[[[-70.22641,41.71511],[-70.22862,41.71423],[-70.22869,41.71245],[-70.22655,41.71155],[-70.22434,41.71243],[-70.22427,41.71421],[-70.22641,41.71511]]]},"properties":{"h":"892a310f34bffff","t":"Yarmouth","v":"Yarmouth Port","n":15,"oo":10,"po":66.7,"ao":0,"ml":1456,"mf":1946.379,"br":0,"rs":3,"pr":20,"no":0,"s":62.4,"sp":7.24,"r_oo":0.565,"r_mf":0.633,"r_rs":0.919,"r_n":0.369,"r_sol":0.652}},{"type":"Feature","geometry":{"type":"Polygon","coordinates":[[[-70.22412,41.71776],[-70.22633,41.71689],[-70.22641,41.71511],[-70.22427,41.71421],[-70.22206,41.71508],[-70.22198,41.71686],[-70.22412,41.71776]]]},"properties":{"h":"892a310f35bffff","t":"Yarmouth","v":"Yarmouth Port","n":6,"oo":3,"po":50,"ao":1,"ml":2547,"mf":3188.827,"br":6,"rs":0,"pr":0,"no":0,"s":46.4,"sp":7.24,"r_oo":0.341,"r_mf":0.957,"r_rs":0.109,"r_n":0.072,"r_sol":0.652}},{"type":"Feature","geometry":{"type":"Polygon","coordinates":[[[-70.22021,41.70707],[-70.22243,41.70619],[-70.2225,41.70442],[-70.22036,41.70351],[-70.21815,41.70439],[-70.21808,41.70617],[-70.22021,41.70707]]]},"properties":{"h":"892a310f363ffff","t":"Yarmouth","v":"Yarmouth Port","n":18,"oo":13,"po":72.2,"ao":0,"ml":1174,"mf":1291.639,"br":0,"rs":2,"pr":11.1,"no":0,"s":50.9,"sp":7.24,"r_oo":0.665,"r_mf":0.15,"r_rs":0.639,"r_n":0.448,"r_sol":0.652}},{"type":"Feature","geometry":{"type":"Polygon","coordinates":[[[-70.21815,41.70439],[-70.22036,41.70351],[-70.22044,41.70174],[-70.2183,41.70084],[-70.21609,41.70171],[-70.21601,41.70349],[-70.21815,41.70439]]]},"properties":{"h":"892a310f367ffff","t":"Yarmouth","v":"Yarmouth Port","n":26,"oo":20,"po":76.9,"ao":1,"ml":1180,"mf":1238.199,"br":0,"rs":2,"pr":7.7,"no":0,"s":51.6,"sp":7.24,"r_oo":0.738,"r_mf":0.112,"r_rs":0.442,"r_n":0.615,"r_sol":0.652}},{"type":"Feature","geometry":{"type":"Polygon","coordinates":[[[-70.22456,41.7071],[-70.22677,41.70622],[-70.22685,41.70444],[-70.22471,41.70354],[-70.2225,41.70442],[-70.22243,41.70619],[-70.22456,41.7071]]]},"properties":{"h":"892a310f36bffff","t":"Yarmouth","v":"Yarmouth Port","n":9,"oo":8,"po":88.9,"ao":0,"ml":2126,"mf":1689.952,"br":3,"rs":0,"pr":0,"no":0,"s":57.8,"sp":7.24,"r_oo":0.922,"r_mf":0.433,"r_rs":0.109,"r_n":0.194,"r_sol":0.652}},{"type":"Feature","geometry":{"type":"Polygon","coordinates":[[[-70.2225,41.70442],[-70.22471,41.70354],[-70.22478,41.70176],[-70.22265,41.70086],[-70.22044,41.70174],[-70.22036,41.70351],[-70.2225,41.70442]]]},"properties":{"h":"892a310f36fffff","t":"Yarmouth","v":"Yarmouth Port","n":5,"oo":5,"po":100,"ao":0,"ml":1268,"mf":1348.447,"br":0,"rs":0,"pr":0,"no":0,"s":52.5,"sp":7.24,"r_oo":0.988,"r_mf":0.182,"r_rs":0.109,"r_n":0.024,"r_sol":0.652}},{"type":"Feature","geometry":{"type":"Polygon","coordinates":[[[-70.21793,41.70972],[-70.22014,41.70885],[-70.22021,41.70707],[-70.21808,41.70617],[-70.21587,41.70704],[-70.21579,41.70882],[-70.21793,41.70972]]]},"properties":{"h":"892a310f373ffff","t":"Yarmouth","v":"Yarmouth Port","n":24,"oo":21,"po":87.5,"ao":2,"ml":1768.5,"mf":1845.717,"br":3,"rs":2,"pr":8.3,"no":0,"s":69.7,"sp":7.24,"r_oo":0.907,"r_mf":0.557,"r_rs":0.48,"r_n":0.573,"r_sol":0.652}},{"type":"Feature","geometry":{"type":"Polygon","coordinates":[[[-70.21587,41.70704],[-70.21808,41.70617],[-70.21815,41.70439],[-70.21601,41.70349],[-70.2138,41.70436],[-70.21373,41.70614],[-70.21587,41.70704]]]},"properties":{"h":"892a310f377ffff","t":"Yarmouth","v":"Yarmouth Port","n":35,"oo":22,"po":62.9,"ao":2,"ml":1416,"mf":1579.042,"br":2,"rs":2,"pr":5.7,"no":0,"s":48.2,"sp":7.24,"r_oo":0.512,"r_mf":0.347,"r_rs":0.34,"r_n":0.741,"r_sol":0.652}},{"type":"Feature","geometry":{"type":"Polygon","coordinates":[[[-70.20238,41.71762],[-70.20459,41.71675],[-70.20466,41.71497],[-70.20252,41.71407],[-70.20031,41.71494],[-70.20024,41.71672],[-70.20238,41.71762]]]},"properties":{"h":"892a310f383ffff","t":"Yarmouth","v":"Yarmouth Port","n":26,"oo":14,"po":53.8,"ao":4,"ml":1738,"mf":1914.149,"br":3,"rs":1,"pr":3.8,"no":0,"s":47.2,"sp":7.24,"r_oo":0.383,"r_mf":0.615,"r_rs":0.258,"r_n":0.615,"r_sol":0.652}},{"type":"Feature","geometry":{"type":"Polygon","coordinates":[[[-70.20031,41.71494],[-70.20252,41.71407],[-70.2026,41.71229],[-70.20046,41.71139],[-70.19825,41.71226],[-70.19818,41.71404],[-70.20031,41.71494]]]},"properties":{"h":"892a310f387ffff","t":"Yarmouth","v":"Yarmouth Port","n":51,"oo":35,"po":68.6,"ao":4,"ml":1128,"mf":1631.213,"br":3,"rs":4,"pr":7.8,"no":0,"s":55.7,"sp":7.24,"r_oo":0.598,"r_mf":0.388,"r_rs":0.452,"r_n":0.88,"r_sol":0.652}},{"type":"Feature","geometry":{"type":"Polygon","coordinates":[[[-70.20673,41.71765],[-70.20894,41.71678],[-70.20901,41.715],[-70.20687,41.7141],[-70.20466,41.71497],[-70.20459,41.71675],[-70.20673,41.71765]]]},"properties":{"h":"892a310f38bffff","t":"Yarmouth","v":"Yarmouth Port","n":22,"oo":19,"po":86.4,"ao":2,"ml":1727,"mf":1872.479,"br":7,"rs":0,"pr":0,"no":0,"s":63.9,"sp":7.24,"r_oo":0.898,"r_mf":0.581,"r_rs":0.109,"r_n":0.533,"r_sol":0.652}},{"type":"Feature","geometry":{"type":"Polygon","coordinates":[[[-70.20466,41.71497],[-70.20687,41.7141],[-70.20695,41.71232],[-70.20481,41.71142],[-70.2026,41.71229],[-70.20252,41.71407],[-70.20466,41.71497]]]},"properties":{"h":"892a310f38fffff","t":"Yarmouth","v":"Yarmouth Port","n":46,"oo":36,"po":78.3,"ao":1,"ml":1434,"mf":1638.509,"br":3,"rs":6,"pr":13,"no":0,"s":66.4,"sp":7.24,"r_oo":0.765,"r_mf":0.392,"r_rs":0.734,"r_n":0.846,"r_sol":0.652}},{"type":"Feature","geometry":{"type":"Polygon","coordinates":[[[-70.20009,41.72028],[-70.2023,41.7194],[-70.20238,41.71762],[-70.20024,41.71672],[-70.19803,41.7176],[-70.19795,41.71937],[-70.20009,41.72028]]]},"properties":{"h":"892a310f393ffff","t":"Yarmouth","v":"Yarmouth Port","n":40,"oo":30,"po":75,"ao":3,"ml":1777.5,"mf":1938.657,"br":5,"rs":5,"pr":12.5,"no":0,"s":69.1,"sp":7.24,"r_oo":0.709,"r_mf":0.63,"r_rs":0.702,"r_n":0.796,"r_sol":0.652}},{"type":"Feature","geometry":{"type":"Polygon","coordinates":[[[-70.19803,41.7176],[-70.20024,41.71672],[-70.20031,41.71494],[-70.19818,41.71404],[-70.19596,41.71492],[-70.19589,41.71669],[-70.19803,41.7176]]]},"properties":{"h":"892a310f397ffff","t":"Yarmouth","v":"Yarmouth Port","n":20,"oo":14,"po":70,"ao":2,"ml":2384,"mf":2101.568,"br":2,"rs":2,"pr":10,"no":0,"s":63.4,"sp":7.24,"r_oo":0.626,"r_mf":0.73,"r_rs":0.575,"r_n":0.495,"r_sol":0.652}},{"type":"Feature","geometry":{"type":"Polygon","coordinates":[[[-70.20444,41.7203],[-70.20665,41.71943],[-70.20673,41.71765],[-70.20459,41.71675],[-70.20238,41.71762],[-70.2023,41.7194],[-70.20444,41.7203]]]},"properties":{"h":"892a310f39bffff","t":"Yarmouth","v":"Yarmouth Port","n":41,"oo":25,"po":61,"ao":3,"ml":1704,"mf":1907.962,"br":7,"rs":1,"pr":2.4,"no":0,"s":52.6,"sp":7.24,"r_oo":0.486,"r_mf":0.611,"r_rs":0.223,"r_n":0.805,"r_sol":0.652}},{"type":"Feature","geometry":{"type":"Polygon","coordinates":[[[-70.20054,41.70961],[-70.20275,41.70874],[-70.20282,41.70696],[-70.20069,41.70606],[-70.19847,41.70693],[-70.1984,41.70871],[-70.20054,41.70961]]]},"properties":{"h":"892a310f3a3ffff","t":"Yarmouth","v":"Yarmouth Port","n":19,"oo":16,"po":84.2,"ao":0,"ml":1606,"mf":2147.556,"br":4,"rs":3,"pr":15.8,"no":0,"s":77.4,"sp":7.24,"r_oo":0.872,"r_mf":0.752,"r_rs":0.831,"r_n":0.472,"r_sol":0.652}},{"type":"Feature","geometry":{"type":"Polygon","coordinates":[[[-70.19847,41.70693],[-70.20069,41.70606],[-70.20076,41.70428],[-70.19862,41.70338],[-70.19641,41.70425],[-70.19634,41.70603],[-70.19847,41.70693]]]},"properties":{"h":"892a310f3a7ffff","t":"Yarmouth","v":"Yarmouth Port","n":6,"oo":3,"po":50,"ao":0,"ml":2155,"mf":2243.005,"br":2,"rs":1,"pr":16.7,"no":0,"s":53.4,"sp":7.24,"r_oo":0.341,"r_mf":0.788,"r_rs":0.858,"r_n":0.072,"r_sol":0.652}},{"type":"Feature","geometry":{"type":"Polygon","coordinates":[[[-70.20488,41.70964],[-70.2071,41.70876],[-70.20717,41.70699],[-70.20503,41.70608],[-70.20282,41.70696],[-70.20275,41.70874],[-70.20488,41.70964]]]},"properties":{"h":"892a310f3abffff","t":"Yarmouth","v":"Yarmouth Port","n":32,"oo":25,"po":78.1,"ao":2,"ml":1500,"mf":1991.765,"br":7,"rs":3,"pr":9.4,"no":0,"s":68.8,"sp":7.24,"r_oo":0.762,"r_mf":0.661,"r_rs":0.542,"r_n":0.71,"r_sol":0.652}},{"type":"Feature","geometry":{"type":"Polygon","coordinates":[[[-70.19825,41.71226],[-70.20046,41.71139],[-70.20054,41.70961],[-70.1984,41.70871],[-70.19619,41.70958],[-70.19611,41.71136],[-70.19825,41.71226]]]},"properties":{"h":"892a310f3b3ffff","t":"Yarmouth","v":"Yarmouth Port","n":6,"oo":5,"po":83.3,"ao":0,"ml":1257,"mf":1649.792,"br":0,"rs":0,"pr":0,"no":0,"s":53.2,"sp":7.24,"r_oo":0.856,"r_mf":0.406,"r_rs":0.109,"r_n":0.072,"r_sol":0.652}},{"type":"Feature","geometry":{"type":"Polygon","coordinates":[[[-70.19619,41.70958],[-70.1984,41.70871],[-70.19847,41.70693],[-70.19634,41.70603],[-70.19413,41.7069],[-70.19405,41.70868],[-70.19619,41.70958]]]},"properties":{"h":"892a310f3b7ffff","t":"Yarmouth","v":"Yarmouth Port","n":10,"oo":7,"po":70,"ao":0,"ml":1398,"mf":1174.966,"br":0,"rs":2,"pr":20,"no":0,"s":49.7,"sp":7.24,"r_oo":0.626,"r_mf":0.081,"r_rs":0.919,"r_n":0.234,"r_sol":0.652}},{"type":"Feature","geometry":{"type":"Polygon","coordinates":[[[-70.2026,41.71229],[-70.20481,41.71142],[-70.20488,41.70964],[-70.20275,41.70874],[-70.20054,41.70961],[-70.20046,41.71139],[-70.2026,41.71229]]]},"properties":{"h":"892a310f3bbffff","t":"Yarmouth","v":"Yarmouth Port","n":58,"oo":42,"po":72.4,"ao":6,"ml":1373,"mf":1744.766,"br":4,"rs":3,"pr":5.2,"no":0,"s":59.2,"sp":7.24,"r_oo":0.668,"r_mf":0.485,"r_rs":0.311,"r_n":0.92,"r_sol":0.652}},{"type":"Feature","geometry":{"type":"Polygon","coordinates":[[[-70.21314,41.72036],[-70.21535,41.71948],[-70.21542,41.71771],[-70.21329,41.7168],[-70.21107,41.71768],[-70.211,41.71946],[-70.21314,41.72036]]]},"properties":{"h":"892a310f3c3ffff","t":"Yarmouth","v":"Yarmouth Port","n":10,"oo":9,"po":90,"ao":0,"ml":3273,"mf":3032.023,"br":9,"rs":1,"pr":10,"no":0,"s":78.5,"sp":7.24,"r_oo":0.937,"r_mf":0.943,"r_rs":0.575,"r_n":0.234,"r_sol":0.652}},{"type":"Feature","geometry":{"type":"Polygon","coordinates":[[[-70.21085,41.72301],[-70.21306,41.72214],[-70.21314,41.72036],[-70.211,41.71946],[-70.20879,41.72033],[-70.20871,41.72211],[-70.21085,41.72301]]]},"properties":{"h":"892a310f3d3ffff","t":"Yarmouth","v":"Yarmouth Port","n":14,"oo":9,"po":64.3,"ao":1,"ml":2886,"mf":2947.594,"br":12,"rs":1,"pr":7.1,"no":0,"s":60.8,"sp":7.24,"r_oo":0.531,"r_mf":0.936,"r_rs":0.413,"r_n":0.341,"r_sol":0.652}},{"type":"Feature","geometry":{"type":"Polygon","coordinates":[[[-70.20879,41.72033],[-70.211,41.71946],[-70.21107,41.71768],[-70.20894,41.71678],[-70.20673,41.71765],[-70.20665,41.71943],[-70.20879,41.72033]]]},"properties":{"h":"892a310f3d7ffff","t":"Yarmouth","v":"Yarmouth Port","n":8,"oo":5,"po":62.5,"ao":2,"ml":2710.5,"mf":2742.088,"br":6,"rs":1,"pr":12.5,"no":0,"s":61.6,"sp":7.24,"r_oo":0.504,"r_mf":0.913,"r_rs":0.702,"r_n":0.154,"r_sol":0.652}}]}