{"type":"FeatureCollection","features":[{"type":"Feature","geometry":{"type":"Point","coordinates":[-70.18032,41.68633]},"properties":{"d":"2023-11"}},{"type":"Feature","geometry":{"type":"Point","coordinates":[-70.18095,41.68619]},"properties":{"d":"2023-09"}},{"type":"Feature","geometry":{"type":"Point","coordinates":[-70.1814,41.68865]},"properties":{"d":"2024-07"}},{"type":"Feature","geometry":{"type":"Point","coordinates":[-70.17948,41.68995]},"properties":{"d":"2023-10"}},{"type":"Feature","geometry":{"type":"Point","coordinates":[-70.17857,41.69026]},"properties":{"d":"2024-04"}},{"type":"Feature","geometry":{"type":"Point","coordinates":[-70.17766,41.69049]},"properties":{"d":"2024-09"}},{"type":"Feature","geometry":{"type":"Point","coordinates":[-70.17651,41.69015]},"properties":{"d":"2024-11"}},{"type":"Feature","geometry":{"type":"Point","coordinates":[-70.17697,41.69006]},"properties":{"d":"2023-09"}},{"type":"Feature","geometry":{"type":"Point","coordinates":[-70.17828,41.6898]},"properties":{"d":"2024-04"}},{"type":"Feature","geometry":{"type":"Point","coordinates":[-70.17823,41.68932]},"properties":{"d":"2024-08"}},{"type":"Feature","geometry":{"type":"Point","coordinates":[-70.17623,41.68888]},"properties":{"d":"2024-07"}},{"type":"Feature","geometry":{"type":"Point","coordinates":[-70.17564,41.68873]},"properties":{"d":"2024-04"}},{"type":"Feature","geometry":{"type":"Point","coordinates":[-70.17531,41.68929]},"properties":{"d":"2024-10"}},{"type":"Feature","geometry":{"type":"Point","coordinates":[-70.17487,41.68573]},"properties":{"d":"2024-05"}},{"type":"Feature","geometry":{"type":"Point","coordinates":[-70.17751,41.6849]},"properties":{"d":"2024-05"}},{"type":"Feature","geometry":{"type":"Point","coordinates":[-70.17804,41.68607]},"properties":{"d":"2024-05"}},{"type":"Feature","geometry":{"type":"Point","coordinates":[-70.17911,41.68735]},"properties":{"d":"2024-03"}},{"type":"Feature","geometry":{"type":"Point","coordinates":[-70.17948,41.68726]},"properties":{"d":"2024-06"}},{"type":"Feature","geometry":{"type":"Point","coordinates":[-70.16996,41.68818]},"properties":{"d":"2024-06"}},{"type":"Feature","geometry":{"type":"Point","coordinates":[-70.16984,41.68712]},"properties":{"d":"2024-10"}},{"type":"Feature","geometry":{"type":"Point","coordinates":[-70.16857,41.68752]},"properties":{"d":"2024-05"}},{"type":"Feature","geometry":{"type":"Point","coordinates":[-70.16813,41.68764]},"properties":{"d":"2023-10"}},{"type":"Feature","geometry":{"type":"Point","coordinates":[-70.16662,41.68749]},"properties":{"d":"2023-09"}},{"type":"Feature","geometry":{"type":"Point","coordinates":[-70.16882,41.687]},"properties":{"d":"2023-10"}},{"type":"Feature","geometry":{"type":"Point","coordinates":[-70.16888,41.68673]},"properties":{"d":"2024-03"}},{"type":"Feature","geometry":{"type":"Point","coordinates":[-70.1668,41.68677]},"properties":{"d":"2024-03"}},{"type":"Feature","geometry":{"type":"Point","coordinates":[-70.17295,41.68517]},"properties":{"d":"2024-04"}},{"type":"Feature","geometry":{"type":"Point","coordinates":[-70.16743,41.68863]},"properties":{"d":"2024-02"}},{"type":"Feature","geometry":{"type":"Point","coordinates":[-70.16595,41.68771]},"properties":{"d":"2023-11"}},{"type":"Feature","geometry":{"type":"Point","coordinates":[-70.1658,41.68747]},"properties":{"d":"2024-01"}},{"type":"Feature","geometry":{"type":"Point","coordinates":[-70.16512,41.68564]},"properties":{"d":"2024-08"}},{"type":"Feature","geometry":{"type":"Point","coordinates":[-70.16665,41.68527]},"properties":{"d":"2024-01"}},{"type":"Feature","geometry":{"type":"Point","coordinates":[-70.16731,41.68515]},"properties":{"d":"2024-08"}},{"type":"Feature","geometry":{"type":"Point","coordinates":[-70.17093,41.68693]},"properties":{"d":"2023-10"}},{"type":"Feature","geometry":{"type":"Point","coordinates":[-70.17467,41.68797]},"properties":{"d":"2024-08"}},{"type":"Feature","geometry":{"type":"Point","coordinates":[-70.17491,41.6899]},"properties":{"d":"2024-11"}},{"type":"Feature","geometry":{"type":"Point","coordinates":[-70.17268,41.68797]},"properties":{"d":"2024-06"}},{"type":"Feature","geometry":{"type":"Point","coordinates":[-70.17297,41.6884]},"properties":{"d":"2024-07"}},{"type":"Feature","geometry":{"type":"Point","coordinates":[-70.17055,41.68967]},"properties":{"d":"2024-06"}},{"type":"Feature","geometry":{"type":"Point","coordinates":[-70.17108,41.6896]},"properties":{"d":"2024-07"}},{"type":"Feature","geometry":{"type":"Point","coordinates":[-70.17209,41.68979]},"properties":{"d":"2024-05"}},{"type":"Feature","geometry":{"type":"Point","coordinates":[-70.25762,41.69155]},"properties":{"d":"2024-08"}},{"type":"Feature","geometry":{"type":"Point","coordinates":[-70.24808,41.69599]},"properties":{"d":"2024-01"}},{"type":"Feature","geometry":{"type":"Point","coordinates":[-70.23033,41.69583]},"properties":{"d":"2024-11"}},{"type":"Feature","geometry":{"type":"Point","coordinates":[-70.22323,41.69107]},"properties":{"d":"2024-12"}},{"type":"Feature","geometry":{"type":"Point","coordinates":[-70.22933,41.69274]},"properties":{"d":"2024-01"}},{"type":"Feature","geometry":{"type":"Point","coordinates":[-70.22921,41.69602]},"properties":{"d":"2024-01"}},{"type":"Feature","geometry":{"type":"Point","coordinates":[-70.22953,41.69609]},"properties":{"d":"2024-04"}},{"type":"Feature","geometry":{"type":"Point","coordinates":[-70.22402,41.69454]},"properties":{"d":"2024-03"}},{"type":"Feature","geometry":{"type":"Point","coordinates":[-70.22363,41.69588]},"properties":{"d":"2023-10"}},{"type":"Feature","geometry":{"type":"Point","coordinates":[-70.22118,41.69625]},"properties":{"d":"2024-01"}},{"type":"Feature","geometry":{"type":"Point","coordinates":[-70.21932,41.69545]},"properties":{"d":"2024-05"}},{"type":"Feature","geometry":{"type":"Point","coordinates":[-70.21987,41.69308]},"properties":{"d":"2024-01"}},{"type":"Feature","geometry":{"type":"Point","coordinates":[-70.21966,41.69383]},"properties":{"d":"2024-03"}},{"type":"Feature","geometry":{"type":"Point","coordinates":[-70.22324,41.69531]},"properties":{"d":"2024-05"}},{"type":"Feature","geometry":{"type":"Point","coordinates":[-70.2236,41.69418]},"properties":{"d":"2023-12"}},{"type":"Feature","geometry":{"type":"Point","coordinates":[-70.21789,41.69355]},"properties":{"d":"2023-10"}},{"type":"Feature","geometry":{"type":"Point","coordinates":[-70.21881,41.69346]},"properties":{"d":"2023-09"}},{"type":"Feature","geometry":{"type":"Point","coordinates":[-70.21121,41.69195]},"properties":{"d":"2023-10"}},{"type":"Feature","geometry":{"type":"Point","coordinates":[-70.18842,41.69378]},"properties":{"d":"2024-01"}},{"type":"Feature","geometry":{"type":"Point","coordinates":[-70.1945,41.69239]},"properties":{"d":"2024-05"}},{"type":"Feature","geometry":{"type":"Point","coordinates":[-70.19501,41.6925]},"properties":{"d":"2024-07"}},{"type":"Feature","geometry":{"type":"Point","coordinates":[-70.19654,41.69349]},"properties":{"d":"2023-09"}},{"type":"Feature","geometry":{"type":"Point","coordinates":[-70.1865,41.69406]},"properties":{"d":"2024-04"}},{"type":"Feature","geometry":{"type":"Point","coordinates":[-70.18733,41.69291]},"properties":{"d":"2024-09"}},{"type":"Feature","geometry":{"type":"Point","coordinates":[-70.18646,41.69231]},"properties":{"d":"2023-09"}},{"type":"Feature","geometry":{"type":"Point","coordinates":[-70.17807,41.69141]},"properties":{"d":"2024-01"}},{"type":"Feature","geometry":{"type":"Point","coordinates":[-70.17677,41.69072]},"properties":{"d":"2024-04"}},{"type":"Feature","geometry":{"type":"Point","coordinates":[-70.17267,41.69096]},"properties":{"d":"2024-12"}},{"type":"Feature","geometry":{"type":"Point","coordinates":[-70.17073,41.69048]},"properties":{"d":"2024-05"}},{"type":"Feature","geometry":{"type":"Point","coordinates":[-70.25705,41.6977]},"properties":{"d":"2024-06"}},{"type":"Feature","geometry":{"type":"Point","coordinates":[-70.24704,41.70118]},"properties":{"d":"2024-06"}},{"type":"Feature","geometry":{"type":"Point","coordinates":[-70.24918,41.69909]},"properties":{"d":"2024-03"}},{"type":"Feature","geometry":{"type":"Point","coordinates":[-70.23493,41.69731]},"properties":{"d":"2024-04"}},{"type":"Feature","geometry":{"type":"Point","coordinates":[-70.23029,41.69727]},"properties":{"d":"2024-12"}},{"type":"Feature","geometry":{"type":"Point","coordinates":[-70.23095,41.69749]},"properties":{"d":"2023-11"}},{"type":"Feature","geometry":{"type":"Point","coordinates":[-70.23491,41.69878]},"properties":{"d":"2024-10"}},{"type":"Feature","geometry":{"type":"Point","coordinates":[-70.23199,41.70045]},"properties":{"d":"2024-10"}},{"type":"Feature","geometry":{"type":"Point","coordinates":[-70.23217,41.70198]},"properties":{"d":"2024-04"}},{"type":"Feature","geometry":{"type":"Point","coordinates":[-70.23143,41.70064]},"properties":{"d":"2023-09"}},{"type":"Feature","geometry":{"type":"Point","coordinates":[-70.23134,41.69957]},"properties":{"d":"2023-12"}},{"type":"Feature","geometry":{"type":"Point","coordinates":[-70.23052,41.69782]},"properties":{"d":"2024-03"}},{"type":"Feature","geometry":{"type":"Point","coordinates":[-70.23015,41.69767]},"properties":{"d":"2023-12"}},{"type":"Feature","geometry":{"type":"Point","coordinates":[-70.22023,41.70137]},"properties":{"d":"2024-09"}},{"type":"Feature","geometry":{"type":"Point","coordinates":[-70.21952,41.6995]},"properties":{"d":"2024-05"}},{"type":"Feature","geometry":{"type":"Point","coordinates":[-70.22963,41.69855]},"properties":{"d":"2023-11"}},{"type":"Feature","geometry":{"type":"Point","coordinates":[-70.21993,41.69825]},"properties":{"d":"2024-09"}},{"type":"Feature","geometry":{"type":"Point","coordinates":[-70.22015,41.69728]},"properties":{"d":"2024-10"}},{"type":"Feature","geometry":{"type":"Point","coordinates":[-70.21976,41.69792]},"properties":{"d":"2023-12"}},{"type":"Feature","geometry":{"type":"Point","coordinates":[-70.22436,41.69838]},"properties":{"d":"2024-05"}},{"type":"Feature","geometry":{"type":"Point","coordinates":[-70.22433,41.69777]},"properties":{"d":"2024-10"}},{"type":"Feature","geometry":{"type":"Point","coordinates":[-70.22719,41.6978]},"properties":{"d":"2024-03"}},{"type":"Feature","geometry":{"type":"Point","coordinates":[-70.22771,41.69787]},"properties":{"d":"2023-11"}},{"type":"Feature","geometry":{"type":"Point","coordinates":[-70.22602,41.69823]},"properties":{"d":"2024-10"}},{"type":"Feature","geometry":{"type":"Point","coordinates":[-70.2263,41.6987]},"properties":{"d":"2024-09"}},{"type":"Feature","geometry":{"type":"Point","coordinates":[-70.2258,41.69884]},"properties":{"d":"2024-11"}},{"type":"Feature","geometry":{"type":"Point","coordinates":[-70.22797,41.69935]},"properties":{"d":"2024-08"}},{"type":"Feature","geometry":{"type":"Point","coordinates":[-70.22885,41.69915]},"properties":{"d":"2024-06"}},{"type":"Feature","geometry":{"type":"Point","coordinates":[-70.22778,41.6976]},"properties":{"d":"2024-08"}},{"type":"Feature","geometry":{"type":"Point","coordinates":[-70.22617,41.69729]},"properties":{"d":"2024-10"}},{"type":"Feature","geometry":{"type":"Point","coordinates":[-70.22861,41.70049]},"properties":{"d":"2024-05"}},{"type":"Feature","geometry":{"type":"Point","coordinates":[-70.22836,41.6999]},"properties":{"d":"2023-12"}},{"type":"Feature","geometry":{"type":"Point","coordinates":[-70.22709,41.69996]},"properties":{"d":"2024-12"}},{"type":"Feature","geometry":{"type":"Point","coordinates":[-70.22594,41.69939]},"properties":{"d":"2023-12"}},{"type":"Feature","geometry":{"type":"Point","coordinates":[-70.21846,41.69817]},"properties":{"d":"2023-12"}},{"type":"Feature","geometry":{"type":"Point","coordinates":[-70.21491,41.70148]},"properties":{"d":"2023-11"}},{"type":"Feature","geometry":{"type":"Point","coordinates":[-70.21479,41.70165]},"properties":{"d":"2024-09"}},{"type":"Feature","geometry":{"type":"Point","coordinates":[-70.21323,41.69992]},"properties":{"d":"2024-10"}},{"type":"Feature","geometry":{"type":"Point","coordinates":[-70.21271,41.69939]},"properties":{"d":"2024-05"}},{"type":"Feature","geometry":{"type":"Point","coordinates":[-70.21795,41.69883]},"properties":{"d":"2024-08"}},{"type":"Feature","geometry":{"type":"Point","coordinates":[-70.21245,41.69876]},"properties":{"d":"2023-11"}},{"type":"Feature","geometry":{"type":"Point","coordinates":[-70.21206,41.69914]},"properties":{"d":"2024-04"}},{"type":"Feature","geometry":{"type":"Point","coordinates":[-70.21802,41.69908]},"properties":{"d":"2024-03"}},{"type":"Feature","geometry":{"type":"Point","coordinates":[-70.21418,41.69843]},"properties":{"d":"2024-05"}},{"type":"Feature","geometry":{"type":"Point","coordinates":[-70.21375,41.69694]},"properties":{"d":"2024-08"}},{"type":"Feature","geometry":{"type":"Point","coordinates":[-70.21336,41.69699]},"properties":{"d":"2023-11"}},{"type":"Feature","geometry":{"type":"Point","coordinates":[-70.20293,41.70082]},"properties":{"d":"2024-06"}},{"type":"Feature","geometry":{"type":"Point","coordinates":[-70.20217,41.70044]},"properties":{"d":"2024-06"}},{"type":"Feature","geometry":{"type":"Point","coordinates":[-70.18903,41.69813]},"properties":{"d":"2024-02"}},{"type":"Feature","geometry":{"type":"Point","coordinates":[-70.18836,41.69794]},"properties":{"d":"2023-10"}},{"type":"Feature","geometry":{"type":"Point","coordinates":[-70.18764,41.69729]},"properties":{"d":"2024-03"}},{"type":"Feature","geometry":{"type":"Point","coordinates":[-70.1884,41.70036]},"properties":{"d":"2024-10"}},{"type":"Feature","geometry":{"type":"Point","coordinates":[-70.18886,41.69872]},"properties":{"d":"2024-04"}},{"type":"Feature","geometry":{"type":"Point","coordinates":[-70.18659,41.69734]},"properties":{"d":"2024-05"}},{"type":"Feature","geometry":{"type":"Point","coordinates":[-70.18346,41.70075]},"properties":{"d":"2024-04"}},{"type":"Feature","geometry":{"type":"Point","coordinates":[-70.18015,41.69975]},"properties":{"d":"2024-05"}},{"type":"Feature","geometry":{"type":"Point","coordinates":[-70.17814,41.69976]},"properties":{"d":"2024-01"}},{"type":"Feature","geometry":{"type":"Point","coordinates":[-70.17755,41.69964]},"properties":{"d":"2023-10"}},{"type":"Feature","geometry":{"type":"Point","coordinates":[-70.17591,41.69834]},"properties":{"d":"2024-02"}},{"type":"Feature","geometry":{"type":"Point","coordinates":[-70.17728,41.69695]},"properties":{"d":"2024-04"}},{"type":"Feature","geometry":{"type":"Point","coordinates":[-70.17348,41.69695]},"properties":{"d":"2024-06"}},{"type":"Feature","geometry":{"type":"Point","coordinates":[-70.17306,41.69737]},"properties":{"d":"2024-03"}},{"type":"Feature","geometry":{"type":"Point","coordinates":[-70.25224,41.70455]},"properties":{"d":"2024-08"}},{"type":"Feature","geometry":{"type":"Point","coordinates":[-70.25249,41.70656]},"properties":{"d":"2024-12"}},{"type":"Feature","geometry":{"type":"Point","coordinates":[-70.25302,41.70339]},"properties":{"d":"2023-12"}},{"type":"Feature","geometry":{"type":"Point","coordinates":[-70.24982,41.70622]},"properties":{"d":"2024-08"}},{"type":"Feature","geometry":{"type":"Point","coordinates":[-70.24773,41.70341]},"properties":{"d":"2024-08"}},{"type":"Feature","geometry":{"type":"Point","coordinates":[-70.2518,41.70628]},"properties":{"d":"2024-03"}},{"type":"Feature","geometry":{"type":"Point","coordinates":[-70.23657,41.70397]},"properties":{"d":"2024-12"}},{"type":"Feature","geometry":{"type":"Point","coordinates":[-70.23021,41.70221]},"properties":{"d":"2024-07"}},{"type":"Feature","geometry":{"type":"Point","coordinates":[-70.23055,41.70289]},"properties":{"d":"2024-06"}},{"type":"Feature","geometry":{"type":"Point","coordinates":[-70.23016,41.70485]},"properties":{"d":"2023-10"}},{"type":"Feature","geometry":{"type":"Point","coordinates":[-70.23333,41.70553]},"properties":{"d":"2023-10"}},{"type":"Feature","geometry":{"type":"Point","coordinates":[-70.23407,41.70537]},"properties":{"d":"2024-07"}},{"type":"Feature","geometry":{"type":"Point","coordinates":[-70.24039,41.70635]},"properties":{"d":"2024-02"}},{"type":"Feature","geometry":{"type":"Point","coordinates":[-70.23934,41.70863]},"properties":{"d":"2024-02"}},{"type":"Feature","geometry":{"type":"Point","coordinates":[-70.23667,41.70663]},"properties":{"d":"2024-09"}},{"type":"Feature","geometry":{"type":"Point","coordinates":[-70.2329,41.70628]},"properties":{"d":"2024-09"}},{"type":"Feature","geometry":{"type":"Point","coordinates":[-70.23264,41.70219]},"properties":{"d":"2024-02"}},{"type":"Feature","geometry":{"type":"Point","coordinates":[-70.23582,41.70545]},"properties":{"d":"2024-10"}},{"type":"Feature","geometry":{"type":"Point","coordinates":[-70.23308,41.70451]},"properties":{"d":"2024-01"}},{"type":"Feature","geometry":{"type":"Point","coordinates":[-70.23327,41.70386]},"properties":{"d":"2024-12"}},{"type":"Feature","geometry":{"type":"Point","coordinates":[-70.23201,41.70368]},"properties":{"d":"2024-01"}},{"type":"Feature","geometry":{"type":"Point","coordinates":[-70.22817,41.70431]},"properties":{"d":"2024-11"}},{"type":"Feature","geometry":{"type":"Point","coordinates":[-70.2298,41.70597]},"properties":{"d":"2024-05"}},{"type":"Feature","geometry":{"type":"Point","coordinates":[-70.22862,41.70694]},"properties":{"d":"2024-04"}},{"type":"Feature","geometry":{"type":"Point","coordinates":[-70.22618,41.70725]},"properties":{"d":"2024-07"}},{"type":"Feature","geometry":{"type":"Point","coordinates":[-70.22657,41.70644]},"properties":{"d":"2024-10"}},{"type":"Feature","geometry":{"type":"Point","coordinates":[-70.22123,41.7047]},"properties":{"d":"2023-12"}},{"type":"Feature","geometry":{"type":"Point","coordinates":[-70.2088,41.70705]},"properties":{"d":"2024-12"}},{"type":"Feature","geometry":{"type":"Point","coordinates":[-70.21123,41.70502]},"properties":{"d":"2024-11"}},{"type":"Feature","geometry":{"type":"Point","coordinates":[-70.21233,41.70307]},"properties":{"d":"2024-02"}},{"type":"Feature","geometry":{"type":"Point","coordinates":[-70.21302,41.70211]},"properties":{"d":"2024-12"}},{"type":"Feature","geometry":{"type":"Point","coordinates":[-70.21342,41.70237]},"properties":{"d":"2023-09"}},{"type":"Feature","geometry":{"type":"Point","coordinates":[-70.21367,41.7025]},"properties":{"d":"2024-03"}},{"type":"Feature","geometry":{"type":"Point","coordinates":[-70.2136,41.70331]},"properties":{"d":"2024-04"}},{"type":"Feature","geometry":{"type":"Point","coordinates":[-70.21485,41.7031]},"properties":{"d":"2023-12"}},{"type":"Feature","geometry":{"type":"Point","coordinates":[-70.21564,41.70322]},"properties":{"d":"2023-12"}},{"type":"Feature","geometry":{"type":"Point","coordinates":[-70.21636,41.70161]},"properties":{"d":"2024-02"}},{"type":"Feature","geometry":{"type":"Point","coordinates":[-70.21856,41.70179]},"properties":{"d":"2024-06"}},{"type":"Feature","geometry":{"type":"Point","coordinates":[-70.21734,41.70538]},"properties":{"d":"2024-11"}},{"type":"Feature","geometry":{"type":"Point","coordinates":[-70.21829,41.70484]},"properties":{"d":"2024-11"}},{"type":"Feature","geometry":{"type":"Point","coordinates":[-70.21524,41.7039]},"properties":{"d":"2024-09"}},{"type":"Feature","geometry":{"type":"Point","coordinates":[-70.21368,41.70413]},"properties":{"d":"2024-11"}},{"type":"Feature","geometry":{"type":"Point","coordinates":[-70.21252,41.70456]},"properties":{"d":"2024-08"}},{"type":"Feature","geometry":{"type":"Point","coordinates":[-70.21225,41.70506]},"properties":{"d":"2024-07"}},{"type":"Feature","geometry":{"type":"Point","coordinates":[-70.21214,41.70532]},"properties":{"d":"2024-05"}},{"type":"Feature","geometry":{"type":"Point","coordinates":[-70.2128,41.70554]},"properties":{"d":"2024-07"}},{"type":"Feature","geometry":{"type":"Point","coordinates":[-70.19876,41.70356]},"properties":{"d":"2024-05"}},{"type":"Feature","geometry":{"type":"Point","coordinates":[-70.19896,41.70254]},"properties":{"d":"2024-09"}},{"type":"Feature","geometry":{"type":"Point","coordinates":[-70.19318,41.70617]},"properties":{"d":"2024-04"}},{"type":"Feature","geometry":{"type":"Point","coordinates":[-70.19308,41.70515]},"properties":{"d":"2024-11"}},{"type":"Feature","geometry":{"type":"Point","coordinates":[-70.19184,41.70507]},"properties":{"d":"2024-10"}},{"type":"Feature","geometry":{"type":"Point","coordinates":[-70.19099,41.70606]},"properties":{"d":"2024-03"}},{"type":"Feature","geometry":{"type":"Point","coordinates":[-70.1915,41.70449]},"properties":{"d":"2023-10"}},{"type":"Feature","geometry":{"type":"Point","coordinates":[-70.19148,41.70287]},"properties":{"d":"2024-09"}},{"type":"Feature","geometry":{"type":"Point","coordinates":[-70.18689,41.70255]},"properties":{"d":"2023-09"}},{"type":"Feature","geometry":{"type":"Point","coordinates":[-70.19227,41.70147]},"properties":{"d":"2024-01"}},{"type":"Feature","geometry":{"type":"Point","coordinates":[-70.18506,41.70254]},"properties":{"d":"2024-10"}},{"type":"Feature","geometry":{"type":"Point","coordinates":[-70.18511,41.70196]},"properties":{"d":"2024-10"}},{"type":"Feature","geometry":{"type":"Point","coordinates":[-70.2591,41.7095]},"properties":{"d":"2024-06"}},{"type":"Feature","geometry":{"type":"Point","coordinates":[-70.2299,41.71077]},"properties":{"d":"2024-07"}},{"type":"Feature","geometry":{"type":"Point","coordinates":[-70.23284,41.70822]},"properties":{"d":"2024-10"}},{"type":"Feature","geometry":{"type":"Point","coordinates":[-70.23179,41.70788]},"properties":{"d":"2023-12"}},{"type":"Feature","geometry":{"type":"Point","coordinates":[-70.23412,41.70824]},"properties":{"d":"2023-09"}},{"type":"Feature","geometry":{"type":"Point","coordinates":[-70.23567,41.70824]},"properties":{"d":"2024-07"}},{"type":"Feature","geometry":{"type":"Point","coordinates":[-70.23611,41.70982]},"properties":{"d":"2024-01"}},{"type":"Feature","geometry":{"type":"Point","coordinates":[-70.23649,41.71017]},"properties":{"d":"2023-09"}},{"type":"Feature","geometry":{"type":"Point","coordinates":[-70.23764,41.70839]},"properties":{"d":"2024-01"}},{"type":"Feature","geometry":{"type":"Point","coordinates":[-70.23707,41.70934]},"properties":{"d":"2024-08"}},{"type":"Feature","geometry":{"type":"Point","coordinates":[-70.23402,41.71006]},"properties":{"d":"2024-03"}},{"type":"Feature","geometry":{"type":"Point","coordinates":[-70.22931,41.71077]},"properties":{"d":"2024-10"}},{"type":"Feature","geometry":{"type":"Point","coordinates":[-70.22885,41.71044]},"properties":{"d":"2024-04"}},{"type":"Feature","geometry":{"type":"Point","coordinates":[-70.22898,41.71246]},"properties":{"d":"2024-08"}},{"type":"Feature","geometry":{"type":"Point","coordinates":[-70.22856,41.71234]},"properties":{"d":"2024-05"}},{"type":"Feature","geometry":{"type":"Point","coordinates":[-70.22906,41.70953]},"properties":{"d":"2024-04"}},{"type":"Feature","geometry":{"type":"Point","coordinates":[-70.22853,41.70898]},"properties":{"d":"2024-06"}},{"type":"Feature","geometry":{"type":"Point","coordinates":[-70.22918,41.70771]},"properties":{"d":"2024-03"}},{"type":"Feature","geometry":{"type":"Point","coordinates":[-70.22884,41.70752]},"properties":{"d":"2024-06"}},{"type":"Feature","geometry":{"type":"Point","coordinates":[-70.22947,41.70913]},"properties":{"d":"2024-04"}},{"type":"Feature","geometry":{"type":"Point","coordinates":[-70.22965,41.70945]},"properties":{"d":"2024-03"}},{"type":"Feature","geometry":{"type":"Point","coordinates":[-70.22933,41.71203]},"properties":{"d":"2023-09"}},{"type":"Feature","geometry":{"type":"Point","coordinates":[-70.20831,41.7089]},"properties":{"d":"2023-10"}},{"type":"Feature","geometry":{"type":"Point","coordinates":[-70.21037,41.70813]},"properties":{"d":"2023-10"}},{"type":"Feature","geometry":{"type":"Point","coordinates":[-70.21072,41.708]},"properties":{"d":"2024-01"}},{"type":"Feature","geometry":{"type":"Point","coordinates":[-70.2095,41.70811]},"properties":{"d":"2023-11"}},{"type":"Feature","geometry":{"type":"Point","coordinates":[-70.20882,41.70837]},"properties":{"d":"2024-09"}},{"type":"Feature","geometry":{"type":"Point","coordinates":[-70.20845,41.70804]},"properties":{"d":"2024-09"}},{"type":"Feature","geometry":{"type":"Point","coordinates":[-70.20827,41.70777]},"properties":{"d":"2024-11"}},{"type":"Feature","geometry":{"type":"Point","coordinates":[-70.20794,41.70754]},"properties":{"d":"2024-01"}},{"type":"Feature","geometry":{"type":"Point","coordinates":[-70.21334,41.70753]},"properties":{"d":"2024-04"}},{"type":"Feature","geometry":{"type":"Point","coordinates":[-70.21237,41.70792]},"properties":{"d":"2024-09"}},{"type":"Feature","geometry":{"type":"Point","coordinates":[-70.21801,41.70869]},"properties":{"d":"2024-12"}},{"type":"Feature","geometry":{"type":"Point","coordinates":[-70.21834,41.70923]},"properties":{"d":"2023-09"}},{"type":"Feature","geometry":{"type":"Point","coordinates":[-70.20774,41.71133]},"properties":{"d":"2024-04"}},{"type":"Feature","geometry":{"type":"Point","coordinates":[-70.20782,41.71074]},"properties":{"d":"2024-05"}},{"type":"Feature","geometry":{"type":"Point","coordinates":[-70.20816,41.70974]},"properties":{"d":"2024-03"}},{"type":"Feature","geometry":{"type":"Point","coordinates":[-70.20888,41.70924]},"properties":{"d":"2024-05"}},{"type":"Feature","geometry":{"type":"Point","coordinates":[-70.20251,41.71002]},"properties":{"d":"2023-11"}},{"type":"Feature","geometry":{"type":"Point","coordinates":[-70.20081,41.71022]},"properties":{"d":"2023-09"}},{"type":"Feature","geometry":{"type":"Point","coordinates":[-70.20032,41.70909]},"properties":{"d":"2024-10"}},{"type":"Feature","geometry":{"type":"Point","coordinates":[-70.20064,41.70841]},"properties":{"d":"2023-11"}},{"type":"Feature","geometry":{"type":"Point","coordinates":[-70.20288,41.70864]},"properties":{"d":"2024-02"}},{"type":"Feature","geometry":{"type":"Point","coordinates":[-70.20209,41.70857]},"properties":{"d":"2024-10"}},{"type":"Feature","geometry":{"type":"Point","coordinates":[-70.20504,41.70893]},"properties":{"d":"2024-08"}},{"type":"Feature","geometry":{"type":"Point","coordinates":[-70.20658,41.71052]},"properties":{"d":"2024-02"}},{"type":"Feature","geometry":{"type":"Point","coordinates":[-70.20719,41.7125]},"properties":{"d":"2024-08"}},{"type":"Feature","geometry":{"type":"Point","coordinates":[-70.20583,41.71221]},"properties":{"d":"2023-10"}},{"type":"Feature","geometry":{"type":"Point","coordinates":[-70.2056,41.71115]},"properties":{"d":"2024-06"}},{"type":"Feature","geometry":{"type":"Point","coordinates":[-70.2051,41.71106]},"properties":{"d":"2023-11"}},{"type":"Feature","geometry":{"type":"Point","coordinates":[-70.20141,41.71239]},"properties":{"d":"2024-05"}},{"type":"Feature","geometry":{"type":"Point","coordinates":[-70.20083,41.71248]},"properties":{"d":"2024-05"}},{"type":"Feature","geometry":{"type":"Point","coordinates":[-70.207,41.70858]},"properties":{"d":"2024-12"}},{"type":"Feature","geometry":{"type":"Point","coordinates":[-70.20313,41.71143]},"properties":{"d":"2024-05"}},{"type":"Feature","geometry":{"type":"Point","coordinates":[-70.20318,41.71243]},"properties":{"d":"2023-12"}},{"type":"Feature","geometry":{"type":"Point","coordinates":[-70.19072,41.70844]},"properties":{"d":"2024-10"}},{"type":"Feature","geometry":{"type":"Point","coordinates":[-70.1951,41.70807]},"properties":{"d":"2024-05"}},{"type":"Feature","geometry":{"type":"Point","coordinates":[-70.1942,41.7082]},"properties":{"d":"2024-03"}},{"type":"Feature","geometry":{"type":"Point","coordinates":[-70.19287,41.71212]},"properties":{"d":"2024-05"}},{"type":"Feature","geometry":{"type":"Point","coordinates":[-70.19334,41.70786]},"properties":{"d":"2024-08"}},{"type":"Feature","geometry":{"type":"Point","coordinates":[-70.18933,41.71195]},"properties":{"d":"2023-12"}},{"type":"Feature","geometry":{"type":"Point","coordinates":[-70.18745,41.71018]},"properties":{"d":"2024-01"}},{"type":"Feature","geometry":{"type":"Point","coordinates":[-70.1891,41.71144]},"properties":{"d":"2023-09"}},{"type":"Feature","geometry":{"type":"Point","coordinates":[-70.19136,41.70847]},"properties":{"d":"2024-11"}},{"type":"Feature","geometry":{"type":"Point","coordinates":[-70.181,41.70809]},"properties":{"d":"2024-04"}},{"type":"Feature","geometry":{"type":"Point","coordinates":[-70.18091,41.70857]},"properties":{"d":"2024-05"}},{"type":"Feature","geometry":{"type":"Point","coordinates":[-70.18148,41.70852]},"properties":{"d":"2024-02"}},{"type":"Feature","geometry":{"type":"Point","coordinates":[-70.18294,41.71041]},"properties":{"d":"2024-10"}},{"type":"Feature","geometry":{"type":"Point","coordinates":[-70.18283,41.71113]},"properties":{"d":"2024-05"}},{"type":"Feature","geometry":{"type":"Point","coordinates":[-70.18198,41.70975]},"properties":{"d":"2024-06"}},{"type":"Feature","geometry":{"type":"Point","coordinates":[-70.18246,41.70969]},"properties":{"d":"2024-08"}},{"type":"Feature","geometry":{"type":"Point","coordinates":[-70.18258,41.71136]},"properties":{"d":"2024-05"}},{"type":"Feature","geometry":{"type":"Point","coordinates":[-70.18298,41.71182]},"properties":{"d":"2024-02"}},{"type":"Feature","geometry":{"type":"Point","coordinates":[-70.23458,41.63435]},"properties":{"d":"2023-11"}},{"type":"Feature","geometry":{"type":"Point","coordinates":[-70.23397,41.63432]},"properties":{"d":"2024-08"}},{"type":"Feature","geometry":{"type":"Point","coordinates":[-70.23538,41.63303]},"properties":{"d":"2024-09"}},{"type":"Feature","geometry":{"type":"Point","coordinates":[-70.2368,41.63269]},"properties":{"d":"2024-02"}},{"type":"Feature","geometry":{"type":"Point","coordinates":[-70.24067,41.63266]},"properties":{"d":"2024-05"}},{"type":"Feature","geometry":{"type":"Point","coordinates":[-70.23869,41.63182]},"properties":{"d":"2024-06"}},{"type":"Feature","geometry":{"type":"Point","coordinates":[-70.23941,41.63422]},"properties":{"d":"2024-12"}},{"type":"Feature","geometry":{"type":"Point","coordinates":[-70.23851,41.63447]},"properties":{"d":"2023-11"}},{"type":"Feature","geometry":{"type":"Point","coordinates":[-70.23136,41.63431]},"properties":{"d":"2024-02"}},{"type":"Feature","geometry":{"type":"Point","coordinates":[-70.23751,41.715]},"properties":{"d":"2024-09"}},{"type":"Feature","geometry":{"type":"Point","coordinates":[-70.23179,41.71433]},"properties":{"d":"2024-11"}},{"type":"Feature","geometry":{"type":"Point","coordinates":[-70.23112,41.71426]},"properties":{"d":"2024-04"}},{"type":"Feature","geometry":{"type":"Point","coordinates":[-70.23171,41.71613]},"properties":{"d":"2024-11"}},{"type":"Feature","geometry":{"type":"Point","coordinates":[-70.22919,41.71418]},"properties":{"d":"2024-05"}},{"type":"Feature","geometry":{"type":"Point","coordinates":[-70.22886,41.71407]},"properties":{"d":"2024-10"}},{"type":"Feature","geometry":{"type":"Point","coordinates":[-70.22852,41.71398]},"properties":{"d":"2024-08"}},{"type":"Feature","geometry":{"type":"Point","coordinates":[-70.22782,41.71381]},"properties":{"d":"2024-01"}},{"type":"Feature","geometry":{"type":"Point","coordinates":[-70.2292,41.71335]},"properties":{"d":"2024-07"}},{"type":"Feature","geometry":{"type":"Point","coordinates":[-70.226,41.71811]},"properties":{"d":"2024-07"}},{"type":"Feature","geometry":{"type":"Point","coordinates":[-70.2268,41.71639]},"properties":{"d":"2023-11"}},{"type":"Feature","geometry":{"type":"Point","coordinates":[-70.22469,41.71813]},"properties":{"d":"2024-02"}},{"type":"Feature","geometry":{"type":"Point","coordinates":[-70.22673,41.71561]},"properties":{"d":"2023-09"}},{"type":"Feature","geometry":{"type":"Point","coordinates":[-70.22759,41.71591]},"properties":{"d":"2024-09"}},{"type":"Feature","geometry":{"type":"Point","coordinates":[-70.22768,41.71326]},"properties":{"d":"2024-06"}},{"type":"Feature","geometry":{"type":"Point","coordinates":[-70.20862,41.71356]},"properties":{"d":"2024-01"}},{"type":"Feature","geometry":{"type":"Point","coordinates":[-70.20526,41.71364]},"properties":{"d":"2023-09"}},{"type":"Feature","geometry":{"type":"Point","coordinates":[-70.20076,41.71719]},"properties":{"d":"2024-02"}},{"type":"Feature","geometry":{"type":"Point","coordinates":[-70.19863,41.71409]},"properties":{"d":"2024-04"}},{"type":"Feature","geometry":{"type":"Point","coordinates":[-70.19928,41.71523]},"properties":{"d":"2024-06"}},{"type":"Feature","geometry":{"type":"Point","coordinates":[-70.19816,41.71562]},"properties":{"d":"2023-12"}},{"type":"Feature","geometry":{"type":"Point","coordinates":[-70.19802,41.71341]},"properties":{"d":"2023-11"}},{"type":"Feature","geometry":{"type":"Point","coordinates":[-70.20248,41.71385]},"properties":{"d":"2024-09"}},{"type":"Feature","geometry":{"type":"Point","coordinates":[-70.2032,41.71339]},"properties":{"d":"2024-09"}},{"type":"Feature","geometry":{"type":"Point","coordinates":[-70.20703,41.71297]},"properties":{"d":"2024-04"}},{"type":"Feature","geometry":{"type":"Point","coordinates":[-70.20608,41.71414]},"properties":{"d":"2024-03"}},{"type":"Feature","geometry":{"type":"Point","coordinates":[-70.20672,41.71413]},"properties":{"d":"2024-04"}},{"type":"Feature","geometry":{"type":"Point","coordinates":[-70.20708,41.71389]},"properties":{"d":"2024-12"}},{"type":"Feature","geometry":{"type":"Point","coordinates":[-70.20473,41.71688]},"properties":{"d":"2024-07"}},{"type":"Feature","geometry":{"type":"Point","coordinates":[-70.20181,41.71714]},"properties":{"d":"2023-10"}},{"type":"Feature","geometry":{"type":"Point","coordinates":[-70.19463,41.71312]},"properties":{"d":"2024-09"}},{"type":"Feature","geometry":{"type":"Point","coordinates":[-70.19158,41.71391]},"properties":{"d":"2024-04"}},{"type":"Feature","geometry":{"type":"Point","coordinates":[-70.18773,41.71257]},"properties":{"d":"2024-07"}},{"type":"Feature","geometry":{"type":"Point","coordinates":[-70.18915,41.71329]},"properties":{"d":"2024-10"}},{"type":"Feature","geometry":{"type":"Point","coordinates":[-70.18475,41.71243]},"properties":{"d":"2024-09"}},{"type":"Feature","geometry":{"type":"Point","coordinates":[-70.23557,41.72171]},"properties":{"d":"2024-12"}},{"type":"Feature","geometry":{"type":"Point","coordinates":[-70.22564,41.72222]},"properties":{"d":"2023-10"}},{"type":"Feature","geometry":{"type":"Point","coordinates":[-70.22832,41.72163]},"properties":{"d":"2024-12"}},{"type":"Feature","geometry":{"type":"Point","coordinates":[-70.2249,41.72204]},"properties":{"d":"2023-12"}},{"type":"Feature","geometry":{"type":"Point","coordinates":[-70.22437,41.71982]},"properties":{"d":"2023-12"}},{"type":"Feature","geometry":{"type":"Point","coordinates":[-70.22619,41.72044]},"properties":{"d":"2024-10"}},{"type":"Feature","geometry":{"type":"Point","coordinates":[-70.22673,41.71969]},"properties":{"d":"2024-01"}},{"type":"Feature","geometry":{"type":"Point","coordinates":[-70.22468,41.71885]},"properties":{"d":"2023-11"}},{"type":"Feature","geometry":{"type":"Point","coordinates":[-70.23093,41.63523]},"properties":{"d":"2024-07"}},{"type":"Feature","geometry":{"type":"Point","coordinates":[-70.21279,41.71925]},"properties":{"d":"2024-04"}},{"type":"Feature","geometry":{"type":"Point","coordinates":[-70.20995,41.71988]},"properties":{"d":"2024-10"}},{"type":"Feature","geometry":{"type":"Point","coordinates":[-70.21001,41.71893]},"properties":{"d":"2024-03"}},{"type":"Feature","geometry":{"type":"Point","coordinates":[-70.2012,41.71923]},"properties":{"d":"2023-11"}},{"type":"Feature","geometry":{"type":"Point","coordinates":[-70.19854,41.72122]},"properties":{"d":"2023-09"}},{"type":"Feature","geometry":{"type":"Point","coordinates":[-70.19776,41.7208]},"properties":{"d":"2024-11"}},{"type":"Feature","geometry":{"type":"Point","coordinates":[-70.19811,41.72047]},"properties":{"d":"2024-06"}},{"type":"Feature","geometry":{"type":"Point","coordinates":[-70.19911,41.72078]},"properties":{"d":"2024-12"}},{"type":"Feature","geometry":{"type":"Point","coordinates":[-70.20181,41.72149]},"properties":{"d":"2024-05"}},{"type":"Feature","geometry":{"type":"Point","coordinates":[-70.20077,41.72152]},"properties":{"d":"2024-01"}},{"type":"Feature","geometry":{"type":"Point","coordinates":[-70.20017,41.72052]},"properties":{"d":"2024-12"}},{"type":"Feature","geometry":{"type":"Point","coordinates":[-70.20007,41.71822]},"properties":{"d":"2023-11"}},{"type":"Feature","geometry":{"type":"Point","coordinates":[-70.19948,41.71989]},"properties":{"d":"2024-06"}},{"type":"Feature","geometry":{"type":"Point","coordinates":[-70.19993,41.71993]},"properties":{"d":"2024-08"}},{"type":"Feature","geometry":{"type":"Point","coordinates":[-70.24833,41.64164]},"properties":{"d":"2024-02"}},{"type":"Feature","geometry":{"type":"Point","coordinates":[-70.2347,41.64074]},"properties":{"d":"2024-06"}},{"type":"Feature","geometry":{"type":"Point","coordinates":[-70.23456,41.63828]},"properties":{"d":"2024-10"}},{"type":"Feature","geometry":{"type":"Point","coordinates":[-70.23354,41.63717]},"properties":{"d":"2023-10"}},{"type":"Feature","geometry":{"type":"Point","coordinates":[-70.23531,41.63678]},"properties":{"d":"2024-09"}},{"type":"Feature","geometry":{"type":"Point","coordinates":[-70.24068,41.63885]},"properties":{"d":"2024-11"}},{"type":"Feature","geometry":{"type":"Point","coordinates":[-70.23817,41.63877]},"properties":{"d":"2024-10"}},{"type":"Feature","geometry":{"type":"Point","coordinates":[-70.24101,41.63839]},"properties":{"d":"2024-10"}},{"type":"Feature","geometry":{"type":"Point","coordinates":[-70.23881,41.64005]},"properties":{"d":"2023-11"}},{"type":"Feature","geometry":{"type":"Point","coordinates":[-70.23789,41.64025]},"properties":{"d":"2024-09"}},{"type":"Feature","geometry":{"type":"Point","coordinates":[-70.23782,41.63986]},"properties":{"d":"2024-03"}},{"type":"Feature","geometry":{"type":"Point","coordinates":[-70.2364,41.63922]},"properties":{"d":"2024-01"}},{"type":"Feature","geometry":{"type":"Point","coordinates":[-70.23723,41.63995]},"properties":{"d":"2024-10"}},{"type":"Feature","geometry":{"type":"Point","coordinates":[-70.23974,41.64057]},"properties":{"d":"2024-02"}},{"type":"Feature","geometry":{"type":"Point","coordinates":[-70.24088,41.6413]},"properties":{"d":"2023-09"}},{"type":"Feature","geometry":{"type":"Point","coordinates":[-70.23705,41.63734]},"properties":{"d":"2024-11"}},{"type":"Feature","geometry":{"type":"Point","coordinates":[-70.21709,41.64126]},"properties":{"d":"2024-03"}},{"type":"Feature","geometry":{"type":"Point","coordinates":[-70.2194,41.63865]},"properties":{"d":"2023-09"}},{"type":"Feature","geometry":{"type":"Point","coordinates":[-70.21995,41.63923]},"properties":{"d":"2024-01"}},{"type":"Feature","geometry":{"type":"Point","coordinates":[-70.21908,41.64073]},"properties":{"d":"2024-05"}},{"type":"Feature","geometry":{"type":"Point","coordinates":[-70.21977,41.64063]},"properties":{"d":"2024-03"}},{"type":"Feature","geometry":{"type":"Point","coordinates":[-70.21903,41.64112]},"properties":{"d":"2024-05"}},{"type":"Feature","geometry":{"type":"Point","coordinates":[-70.21639,41.64117]},"properties":{"d":"2024-06"}},{"type":"Feature","geometry":{"type":"Point","coordinates":[-70.26626,41.64474]},"properties":{"d":"2023-12"}},{"type":"Feature","geometry":{"type":"Point","coordinates":[-70.2674,41.64544]},"properties":{"d":"2023-10"}},{"type":"Feature","geometry":{"type":"Point","coordinates":[-70.26924,41.64665]},"properties":{"d":"2023-11"}},{"type":"Feature","geometry":{"type":"Point","coordinates":[-70.27007,41.64664]},"properties":{"d":"2023-09"}},{"type":"Feature","geometry":{"type":"Point","coordinates":[-70.26954,41.6473]},"properties":{"d":"2023-10"}},{"type":"Feature","geometry":{"type":"Point","coordinates":[-70.26925,41.64746]},"properties":{"d":"2024-02"}},{"type":"Feature","geometry":{"type":"Point","coordinates":[-70.26742,41.6463]},"properties":{"d":"2023-12"}},{"type":"Feature","geometry":{"type":"Point","coordinates":[-70.26481,41.64676]},"properties":{"d":"2023-09"}},{"type":"Feature","geometry":{"type":"Point","coordinates":[-70.26281,41.64567]},"properties":{"d":"2024-06"}},{"type":"Feature","geometry":{"type":"Point","coordinates":[-70.25457,41.6463]},"properties":{"d":"2023-09"}},{"type":"Feature","geometry":{"type":"Point","coordinates":[-70.25501,41.64608]},"properties":{"d":"2023-09"}},{"type":"Feature","geometry":{"type":"Point","coordinates":[-70.25545,41.6463]},"properties":{"d":"2024-04"}},{"type":"Feature","geometry":{"type":"Point","coordinates":[-70.2627,41.6467]},"properties":{"d":"2024-10"}},{"type":"Feature","geometry":{"type":"Point","coordinates":[-70.24593,41.64681]},"properties":{"d":"2023-09"}},{"type":"Feature","geometry":{"type":"Point","coordinates":[-70.24636,41.64699]},"properties":{"d":"2023-10"}},{"type":"Feature","geometry":{"type":"Point","coordinates":[-70.24585,41.6473]},"properties":{"d":"2024-05"}},{"type":"Feature","geometry":{"type":"Point","coordinates":[-70.24392,41.64702]},"properties":{"d":"2024-03"}},{"type":"Feature","geometry":{"type":"Point","coordinates":[-70.25307,41.64457]},"properties":{"d":"2023-09"}},{"type":"Feature","geometry":{"type":"Point","coordinates":[-70.24262,41.64668]},"properties":{"d":"2024-11"}},{"type":"Feature","geometry":{"type":"Point","coordinates":[-70.2433,41.64621]},"properties":{"d":"2023-12"}},{"type":"Feature","geometry":{"type":"Point","coordinates":[-70.25266,41.64496]},"properties":{"d":"2024-01"}},{"type":"Feature","geometry":{"type":"Point","coordinates":[-70.24422,41.64494]},"properties":{"d":"2023-12"}},{"type":"Feature","geometry":{"type":"Point","coordinates":[-70.24448,41.64498]},"properties":{"d":"2024-12"}},{"type":"Feature","geometry":{"type":"Point","coordinates":[-70.25233,41.64496]},"properties":{"d":"2024-08"}},{"type":"Feature","geometry":{"type":"Point","coordinates":[-70.24303,41.64439]},"properties":{"d":"2024-12"}},{"type":"Feature","geometry":{"type":"Point","coordinates":[-70.24271,41.64389]},"properties":{"d":"2024-02"}},{"type":"Feature","geometry":{"type":"Point","coordinates":[-70.24197,41.64383]},"properties":{"d":"2024-07"}},{"type":"Feature","geometry":{"type":"Point","coordinates":[-70.24196,41.6431]},"properties":{"d":"2024-05"}},{"type":"Feature","geometry":{"type":"Point","coordinates":[-70.2425,41.64256]},"properties":{"d":"2024-07"}},{"type":"Feature","geometry":{"type":"Point","coordinates":[-70.24454,41.64217]},"properties":{"d":"2024-10"}},{"type":"Feature","geometry":{"type":"Point","coordinates":[-70.24442,41.64238]},"properties":{"d":"2024-06"}},{"type":"Feature","geometry":{"type":"Point","coordinates":[-70.24518,41.64186]},"properties":{"d":"2025-09"}},{"type":"Feature","geometry":{"type":"Point","coordinates":[-70.24494,41.6425]},"properties":{"d":"2024-10"}},{"type":"Feature","geometry":{"type":"Point","coordinates":[-70.2462,41.6426]},"properties":{"d":"2024-01"}},{"type":"Feature","geometry":{"type":"Point","coordinates":[-70.24581,41.64323]},"properties":{"d":"2023-11"}},{"type":"Feature","geometry":{"type":"Point","coordinates":[-70.24577,41.64476]},"properties":{"d":"2024-04"}},{"type":"Feature","geometry":{"type":"Point","coordinates":[-70.24548,41.6452]},"properties":{"d":"2024-04"}},{"type":"Feature","geometry":{"type":"Point","coordinates":[-70.24681,41.64527]},"properties":{"d":"2024-04"}},{"type":"Feature","geometry":{"type":"Point","coordinates":[-70.24721,41.6453]},"properties":{"d":"2024-05"}},{"type":"Feature","geometry":{"type":"Point","coordinates":[-70.24753,41.6457]},"properties":{"d":"2024-06"}},{"type":"Feature","geometry":{"type":"Point","coordinates":[-70.24799,41.64584]},"properties":{"d":"2023-10"}},{"type":"Feature","geometry":{"type":"Point","coordinates":[-70.25119,41.64376]},"properties":{"d":"2024-01"}},{"type":"Feature","geometry":{"type":"Point","coordinates":[-70.25124,41.64482]},"properties":{"d":"2024-07"}},{"type":"Feature","geometry":{"type":"Point","coordinates":[-70.25041,41.64523]},"properties":{"d":"2024-05"}},{"type":"Feature","geometry":{"type":"Point","coordinates":[-70.2501,41.64558]},"properties":{"d":"2024-08"}},{"type":"Feature","geometry":{"type":"Point","coordinates":[-70.25039,41.64447]},"properties":{"d":"2024-02"}},{"type":"Feature","geometry":{"type":"Point","coordinates":[-70.24981,41.64456]},"properties":{"d":"2023-10"}},{"type":"Feature","geometry":{"type":"Point","coordinates":[-70.24962,41.64479]},"properties":{"d":"2023-10"}},{"type":"Feature","geometry":{"type":"Point","coordinates":[-70.24908,41.64525]},"properties":{"d":"2024-10"}},{"type":"Feature","geometry":{"type":"Point","coordinates":[-70.24955,41.64331]},"properties":{"d":"2023-10"}},{"type":"Feature","geometry":{"type":"Point","coordinates":[-70.25155,41.64517]},"properties":{"d":"2024-05"}},{"type":"Feature","geometry":{"type":"Point","coordinates":[-70.24741,41.64292]},"properties":{"d":"2024-12"}},{"type":"Feature","geometry":{"type":"Point","coordinates":[-70.24757,41.64274]},"properties":{"d":"2024-03"}},{"type":"Feature","geometry":{"type":"Point","coordinates":[-70.24891,41.64217]},"properties":{"d":"2024-02"}},{"type":"Feature","geometry":{"type":"Point","coordinates":[-70.24894,41.64695]},"properties":{"d":"2023-09"}},{"type":"Feature","geometry":{"type":"Point","coordinates":[-70.24823,41.64698]},"properties":{"d":"2023-09"}},{"type":"Feature","geometry":{"type":"Point","coordinates":[-70.23787,41.64469]},"properties":{"d":"2024-01"}},{"type":"Feature","geometry":{"type":"Point","coordinates":[-70.24052,41.64235]},"properties":{"d":"2024-10"}},{"type":"Feature","geometry":{"type":"Point","coordinates":[-70.23872,41.64558]},"properties":{"d":"2024-01"}},{"type":"Feature","geometry":{"type":"Point","coordinates":[-70.2402,41.64264]},"properties":{"d":"2024-08"}},{"type":"Feature","geometry":{"type":"Point","coordinates":[-70.23647,41.64495]},"properties":{"d":"2024-06"}},{"type":"Feature","geometry":{"type":"Point","coordinates":[-70.23595,41.64501]},"properties":{"d":"2024-10"}},{"type":"Feature","geometry":{"type":"Point","coordinates":[-70.23512,41.6467]},"properties":{"d":"2024-08"}},{"type":"Feature","geometry":{"type":"Point","coordinates":[-70.23532,41.64646]},"properties":{"d":"2024-06"}},{"type":"Feature","geometry":{"type":"Point","coordinates":[-70.23132,41.64388]},"properties":{"d":"2023-11"}},{"type":"Feature","geometry":{"type":"Point","coordinates":[-70.23216,41.64472]},"properties":{"d":"2024-10"}},{"type":"Feature","geometry":{"type":"Point","coordinates":[-70.23207,41.64449]},"properties":{"d":"2024-08"}},{"type":"Feature","geometry":{"type":"Point","coordinates":[-70.23185,41.64393]},"properties":{"d":"2023-11"}},{"type":"Feature","geometry":{"type":"Point","coordinates":[-70.23946,41.6431]},"properties":{"d":"2024-05"}},{"type":"Feature","geometry":{"type":"Point","coordinates":[-70.23209,41.6432]},"properties":{"d":"2024-01"}},{"type":"Feature","geometry":{"type":"Point","coordinates":[-70.23961,41.64348]},"properties":{"d":"2024-02"}},{"type":"Feature","geometry":{"type":"Point","coordinates":[-70.23226,41.64265]},"properties":{"d":"2023-11"}},{"type":"Feature","geometry":{"type":"Point","coordinates":[-70.23276,41.6416]},"properties":{"d":"2024-07"}},{"type":"Feature","geometry":{"type":"Point","coordinates":[-70.2335,41.64378]},"properties":{"d":"2023-10"}},{"type":"Feature","geometry":{"type":"Point","coordinates":[-70.23296,41.64549]},"properties":{"d":"2024-08"}},{"type":"Feature","geometry":{"type":"Point","coordinates":[-70.2331,41.64519]},"properties":{"d":"2024-10"}},{"type":"Feature","geometry":{"type":"Point","coordinates":[-70.23389,41.64387]},"properties":{"d":"2024-07"}},{"type":"Feature","geometry":{"type":"Point","coordinates":[-70.23581,41.64444]},"properties":{"d":"2024-09"}},{"type":"Feature","geometry":{"type":"Point","coordinates":[-70.23659,41.64343]},"properties":{"d":"2023-11"}},{"type":"Feature","geometry":{"type":"Point","coordinates":[-70.23486,41.6429]},"properties":{"d":"2024-05"}},{"type":"Feature","geometry":{"type":"Point","coordinates":[-70.23565,41.6425]},"properties":{"d":"2024-06"}},{"type":"Feature","geometry":{"type":"Point","coordinates":[-70.2373,41.64238]},"properties":{"d":"2024-12"}},{"type":"Feature","geometry":{"type":"Point","coordinates":[-70.23667,41.64219]},"properties":{"d":"2023-12"}},{"type":"Feature","geometry":{"type":"Point","coordinates":[-70.23869,41.64224]},"properties":{"d":"2024-06"}},{"type":"Feature","geometry":{"type":"Point","coordinates":[-70.23839,41.64249]},"properties":{"d":"2024-11"}},{"type":"Feature","geometry":{"type":"Point","coordinates":[-70.23947,41.64233]},"properties":{"d":"2023-12"}},{"type":"Feature","geometry":{"type":"Point","coordinates":[-70.24011,41.64466]},"properties":{"d":"2024-05"}},{"type":"Feature","geometry":{"type":"Point","coordinates":[-70.23993,41.64484]},"properties":{"d":"2023-12"}},{"type":"Feature","geometry":{"type":"Point","coordinates":[-70.24157,41.64488]},"properties":{"d":"2023-10"}},{"type":"Feature","geometry":{"type":"Point","coordinates":[-70.24128,41.64478]},"properties":{"d":"2024-11"}},{"type":"Feature","geometry":{"type":"Point","coordinates":[-70.24023,41.64577]},"properties":{"d":"2023-10"}},{"type":"Feature","geometry":{"type":"Point","coordinates":[-70.23966,41.64697]},"properties":{"d":"2024-01"}},{"type":"Feature","geometry":{"type":"Point","coordinates":[-70.24043,41.64614]},"properties":{"d":"2024-10"}},{"type":"Feature","geometry":{"type":"Point","coordinates":[-70.24126,41.64524]},"properties":{"d":"2024-06"}},{"type":"Feature","geometry":{"type":"Point","coordinates":[-70.24143,41.64506]},"properties":{"d":"2024-07"}},{"type":"Feature","geometry":{"type":"Point","coordinates":[-70.24148,41.64621]},"properties":{"d":"2024-05"}},{"type":"Feature","geometry":{"type":"Point","coordinates":[-70.23904,41.64719]},"properties":{"d":"2024-08"}},{"type":"Feature","geometry":{"type":"Point","coordinates":[-70.22914,41.64515]},"properties":{"d":"2024-09"}},{"type":"Feature","geometry":{"type":"Point","coordinates":[-70.22951,41.64563]},"properties":{"d":"2024-11"}},{"type":"Feature","geometry":{"type":"Point","coordinates":[-70.22937,41.64637]},"properties":{"d":"2023-11"}},{"type":"Feature","geometry":{"type":"Point","coordinates":[-70.22598,41.64424]},"properties":{"d":"2024-08"}},{"type":"Feature","geometry":{"type":"Point","coordinates":[-70.23073,41.6441]},"properties":{"d":"2023-11"}},{"type":"Feature","geometry":{"type":"Point","coordinates":[-70.22004,41.64543]},"properties":{"d":"2024-04"}},{"type":"Feature","geometry":{"type":"Point","coordinates":[-70.23011,41.6431]},"properties":{"d":"2024-07"}},{"type":"Feature","geometry":{"type":"Point","coordinates":[-70.22996,41.64286]},"properties":{"d":"2024-10"}},{"type":"Feature","geometry":{"type":"Point","coordinates":[-70.2305,41.64615]},"properties":{"d":"2024-09"}},{"type":"Feature","geometry":{"type":"Point","coordinates":[-70.2295,41.64499]},"properties":{"d":"2024-11"}},{"type":"Feature","geometry":{"type":"Point","coordinates":[-70.22764,41.6465]},"properties":{"d":"2024-02"}},{"type":"Feature","geometry":{"type":"Point","coordinates":[-70.21648,41.6443]},"properties":{"d":"2024-01"}},{"type":"Feature","geometry":{"type":"Point","coordinates":[-70.21624,41.64449]},"properties":{"d":"2023-09"}},{"type":"Feature","geometry":{"type":"Point","coordinates":[-70.21389,41.64507]},"properties":{"d":"2024-11"}},{"type":"Feature","geometry":{"type":"Point","coordinates":[-70.21588,41.64527]},"properties":{"d":"2024-04"}},{"type":"Feature","geometry":{"type":"Point","coordinates":[-70.21288,41.64636]},"properties":{"d":"2024-07"}},{"type":"Feature","geometry":{"type":"Point","coordinates":[-70.21241,41.6447]},"properties":{"d":"2024-04"}},{"type":"Feature","geometry":{"type":"Point","coordinates":[-70.20986,41.64586]},"properties":{"d":"2024-10"}},{"type":"Feature","geometry":{"type":"Point","coordinates":[-70.21015,41.64543]},"properties":{"d":"2023-10"}},{"type":"Feature","geometry":{"type":"Point","coordinates":[-70.20986,41.64436]},"properties":{"d":"2024-12"}},{"type":"Feature","geometry":{"type":"Point","coordinates":[-70.2104,41.64382]},"properties":{"d":"2024-10"}},{"type":"Feature","geometry":{"type":"Point","coordinates":[-70.2104,41.6447]},"properties":{"d":"2024-05"}},{"type":"Feature","geometry":{"type":"Point","coordinates":[-70.21125,41.64443]},"properties":{"d":"2024-12"}},{"type":"Feature","geometry":{"type":"Point","coordinates":[-70.21071,41.64388]},"properties":{"d":"2024-09"}},{"type":"Feature","geometry":{"type":"Point","coordinates":[-70.21441,41.64265]},"properties":{"d":"2024-07"}},{"type":"Feature","geometry":{"type":"Point","coordinates":[-70.21494,41.64249]},"properties":{"d":"2024-06"}},{"type":"Feature","geometry":{"type":"Point","coordinates":[-70.21438,41.64342]},"properties":{"d":"2024-03"}},{"type":"Feature","geometry":{"type":"Point","coordinates":[-70.21695,41.6432]},"properties":{"d":"2024-08"}},{"type":"Feature","geometry":{"type":"Point","coordinates":[-70.21659,41.64268]},"properties":{"d":"2024-11"}},{"type":"Feature","geometry":{"type":"Point","coordinates":[-70.21607,41.64221]},"properties":{"d":"2024-03"}},{"type":"Feature","geometry":{"type":"Point","coordinates":[-70.2161,41.64242]},"properties":{"d":"2024-10"}},{"type":"Feature","geometry":{"type":"Point","coordinates":[-70.21551,41.6417]},"properties":{"d":"2024-03"}},{"type":"Feature","geometry":{"type":"Point","coordinates":[-70.21958,41.64634]},"properties":{"d":"2024-06"}},{"type":"Feature","geometry":{"type":"Point","coordinates":[-70.21457,41.64156]},"properties":{"d":"2024-02"}},{"type":"Feature","geometry":{"type":"Point","coordinates":[-70.21953,41.64612]},"properties":{"d":"2024-09"}},{"type":"Feature","geometry":{"type":"Point","coordinates":[-70.21922,41.645]},"properties":{"d":"2024-10"}},{"type":"Feature","geometry":{"type":"Point","coordinates":[-70.21868,41.64323]},"properties":{"d":"2024-09"}},{"type":"Feature","geometry":{"type":"Point","coordinates":[-70.21795,41.64592]},"properties":{"d":"2024-07"}},{"type":"Feature","geometry":{"type":"Point","coordinates":[-70.21625,41.64676]},"properties":{"d":"2023-09"}},{"type":"Feature","geometry":{"type":"Point","coordinates":[-70.21626,41.64655]},"properties":{"d":"2023-12"}},{"type":"Feature","geometry":{"type":"Point","coordinates":[-70.21722,41.64687]},"properties":{"d":"2024-09"}},{"type":"Feature","geometry":{"type":"Point","coordinates":[-70.20034,41.6463]},"properties":{"d":"2024-03"}},{"type":"Feature","geometry":{"type":"Point","coordinates":[-70.20897,41.64397]},"properties":{"d":"2024-02"}},{"type":"Feature","geometry":{"type":"Point","coordinates":[-70.20572,41.64613]},"properties":{"d":"2024-03"}},{"type":"Feature","geometry":{"type":"Point","coordinates":[-70.20608,41.64607]},"properties":{"d":"2023-12"}},{"type":"Feature","geometry":{"type":"Point","coordinates":[-70.20698,41.64554]},"properties":{"d":"2023-12"}},{"type":"Feature","geometry":{"type":"Point","coordinates":[-70.20646,41.64524]},"properties":{"d":"2023-12"}},{"type":"Feature","geometry":{"type":"Point","coordinates":[-70.20419,41.64503]},"properties":{"d":"2023-11"}},{"type":"Feature","geometry":{"type":"Point","coordinates":[-70.26982,41.64777]},"properties":{"d":"2023-10"}},{"type":"Feature","geometry":{"type":"Point","coordinates":[-70.26458,41.65194]},"properties":{"d":"2023-12"}},{"type":"Feature","geometry":{"type":"Point","coordinates":[-70.26419,41.65236]},"properties":{"d":"2023-09"}},{"type":"Feature","geometry":{"type":"Point","coordinates":[-70.27288,41.64912]},"properties":{"d":"2023-12"}},{"type":"Feature","geometry":{"type":"Point","coordinates":[-70.27268,41.64892]},"properties":{"d":"2024-10"}},{"type":"Feature","geometry":{"type":"Point","coordinates":[-70.27252,41.64941]},"properties":{"d":"2023-11"}},{"type":"Feature","geometry":{"type":"Point","coordinates":[-70.27155,41.65121]},"properties":{"d":"2024-04"}},{"type":"Feature","geometry":{"type":"Point","coordinates":[-70.27198,41.65093]},"properties":{"d":"2024-02"}},{"type":"Feature","geometry":{"type":"Point","coordinates":[-70.2721,41.64928]},"properties":{"d":"2024-07"}},{"type":"Feature","geometry":{"type":"Point","coordinates":[-70.26112,41.649]},"properties":{"d":"2024-07"}},{"type":"Feature","geometry":{"type":"Point","coordinates":[-70.26261,41.64901]},"properties":{"d":"2024-03"}},{"type":"Feature","geometry":{"type":"Point","coordinates":[-70.2623,41.64799]},"properties":{"d":"2024-01"}},{"type":"Feature","geometry":{"type":"Point","coordinates":[-70.26226,41.64777]},"properties":{"d":"2024-01"}},{"type":"Feature","geometry":{"type":"Point","coordinates":[-70.25702,41.6473]},"properties":{"d":"2024-08"}},{"type":"Feature","geometry":{"type":"Point","coordinates":[-70.25627,41.6482]},"properties":{"d":"2024-08"}},{"type":"Feature","geometry":{"type":"Point","coordinates":[-70.263,41.64928]},"properties":{"d":"2024-04"}},{"type":"Feature","geometry":{"type":"Point","coordinates":[-70.25522,41.64936]},"properties":{"d":"2024-09"}},{"type":"Feature","geometry":{"type":"Point","coordinates":[-70.25539,41.64944]},"properties":{"d":"2024-08"}},{"type":"Feature","geometry":{"type":"Point","coordinates":[-70.26247,41.65002]},"properties":{"d":"2024-05"}},{"type":"Feature","geometry":{"type":"Point","coordinates":[-70.25464,41.64951]},"properties":{"d":"2024-02"}},{"type":"Feature","geometry":{"type":"Point","coordinates":[-70.25445,41.64934]},"properties":{"d":"2024-07"}},{"type":"Feature","geometry":{"type":"Point","coordinates":[-70.26165,41.65]},"properties":{"d":"2024-01"}},{"type":"Feature","geometry":{"type":"Point","coordinates":[-70.26284,41.64792]},"properties":{"d":"2024-01"}},{"type":"Feature","geometry":{"type":"Point","coordinates":[-70.26146,41.65022]},"properties":{"d":"2024-04"}},{"type":"Feature","geometry":{"type":"Point","coordinates":[-70.25318,41.64905]},"properties":{"d":"2024-04"}},{"type":"Feature","geometry":{"type":"Point","coordinates":[-70.25304,41.64801]},"properties":{"d":"2024-12"}},{"type":"Feature","geometry":{"type":"Point","coordinates":[-70.25364,41.64778]},"properties":{"d":"2024-03"}},{"type":"Feature","geometry":{"type":"Point","coordinates":[-70.25456,41.64807]},"properties":{"d":"2024-12"}},{"type":"Feature","geometry":{"type":"Point","coordinates":[-70.25412,41.64793]},"properties":{"d":"2024-06"}},{"type":"Feature","geometry":{"type":"Point","coordinates":[-70.26354,41.65004]},"properties":{"d":"2024-02"}},{"type":"Feature","geometry":{"type":"Point","coordinates":[-70.2593,41.64987]},"properties":{"d":"2024-12"}},{"type":"Feature","geometry":{"type":"Point","coordinates":[-70.25775,41.64967]},"properties":{"d":"2023-09"}},{"type":"Feature","geometry":{"type":"Point","coordinates":[-70.26678,41.61467]},"properties":{"d":"2024-05"}},{"type":"Feature","geometry":{"type":"Point","coordinates":[-70.24879,41.64848]},"properties":{"d":"2024-08"}},{"type":"Feature","geometry":{"type":"Point","coordinates":[-70.25153,41.64768]},"properties":{"d":"2024-12"}},{"type":"Feature","geometry":{"type":"Point","coordinates":[-70.25287,41.64737]},"properties":{"d":"2024-01"}},{"type":"Feature","geometry":{"type":"Point","coordinates":[-70.25195,41.64798]},"properties":{"d":"2023-09"}},{"type":"Feature","geometry":{"type":"Point","coordinates":[-70.2525,41.65036]},"properties":{"d":"2024-12"}},{"type":"Feature","geometry":{"type":"Point","coordinates":[-70.2524,41.65048]},"properties":{"d":"2024-04"}},{"type":"Feature","geometry":{"type":"Point","coordinates":[-70.2522,41.65071]},"properties":{"d":"2023-09"}},{"type":"Feature","geometry":{"type":"Point","coordinates":[-70.24723,41.65023]},"properties":{"d":"2024-03"}},{"type":"Feature","geometry":{"type":"Point","coordinates":[-70.24527,41.65242]},"properties":{"d":"2024-07"}},{"type":"Feature","geometry":{"type":"Point","coordinates":[-70.25001,41.64725]},"properties":{"d":"2024-03"}},{"type":"Feature","geometry":{"type":"Point","coordinates":[-70.24426,41.64799]},"properties":{"d":"2024-11"}},{"type":"Feature","geometry":{"type":"Point","coordinates":[-70.24437,41.64975]},"properties":{"d":"2024-08"}},{"type":"Feature","geometry":{"type":"Point","coordinates":[-70.24495,41.64852]},"properties":{"d":"2024-12"}},{"type":"Feature","geometry":{"type":"Point","coordinates":[-70.2468,41.64725]},"properties":{"d":"2024-05"}},{"type":"Feature","geometry":{"type":"Point","coordinates":[-70.2466,41.64825]},"properties":{"d":"2023-11"}},{"type":"Feature","geometry":{"type":"Point","coordinates":[-70.2459,41.65005]},"properties":{"d":"2023-11"}},{"type":"Feature","geometry":{"type":"Point","coordinates":[-70.2468,41.64996]},"properties":{"d":"2024-10"}},{"type":"Feature","geometry":{"type":"Point","coordinates":[-70.25199,41.64911]},"properties":{"d":"2024-08"}},{"type":"Feature","geometry":{"type":"Point","coordinates":[-70.2514,41.64864]},"properties":{"d":"2024-06"}},{"type":"Feature","geometry":{"type":"Point","coordinates":[-70.25119,41.64888]},"properties":{"d":"2024-11"}},{"type":"Feature","geometry":{"type":"Point","coordinates":[-70.232,41.65102]},"properties":{"d":"2024-02"}},{"type":"Feature","geometry":{"type":"Point","coordinates":[-70.23571,41.64942]},"properties":{"d":"2024-05"}},{"type":"Feature","geometry":{"type":"Point","coordinates":[-70.23362,41.64888]},"properties":{"d":"2023-11"}},{"type":"Feature","geometry":{"type":"Point","coordinates":[-70.23206,41.64732]},"properties":{"d":"2024-03"}},{"type":"Feature","geometry":{"type":"Point","coordinates":[-70.23288,41.64758]},"properties":{"d":"2024-01"}},{"type":"Feature","geometry":{"type":"Point","coordinates":[-70.23362,41.64842]},"properties":{"d":"2024-07"}},{"type":"Feature","geometry":{"type":"Point","coordinates":[-70.2378,41.64787]},"properties":{"d":"2024-07"}},{"type":"Feature","geometry":{"type":"Point","coordinates":[-70.2376,41.64741]},"properties":{"d":"2023-10"}},{"type":"Feature","geometry":{"type":"Point","coordinates":[-70.23828,41.64982]},"properties":{"d":"2024-12"}},{"type":"Feature","geometry":{"type":"Point","coordinates":[-70.24023,41.64932]},"properties":{"d":"2024-08"}},{"type":"Feature","geometry":{"type":"Point","coordinates":[-70.24127,41.64846]},"properties":{"d":"2024-07"}},{"type":"Feature","geometry":{"type":"Point","coordinates":[-70.24233,41.64877]},"properties":{"d":"2024-08"}},{"type":"Feature","geometry":{"type":"Point","coordinates":[-70.23461,41.65214]},"properties":{"d":"2024-08"}},{"type":"Feature","geometry":{"type":"Point","coordinates":[-70.23513,41.65211]},"properties":{"d":"2024-07"}},{"type":"Feature","geometry":{"type":"Point","coordinates":[-70.23079,41.64799]},"properties":{"d":"2024-03"}},{"type":"Feature","geometry":{"type":"Point","coordinates":[-70.22061,41.6475]},"properties":{"d":"2024-11"}},{"type":"Feature","geometry":{"type":"Point","coordinates":[-70.22603,41.64787]},"properties":{"d":"2024-12"}},{"type":"Feature","geometry":{"type":"Point","coordinates":[-70.22759,41.64769]},"properties":{"d":"2023-10"}},{"type":"Feature","geometry":{"type":"Point","coordinates":[-70.22834,41.64879]},"properties":{"d":"2023-11"}},{"type":"Feature","geometry":{"type":"Point","coordinates":[-70.22809,41.64705]},"properties":{"d":"2024-12"}},{"type":"Feature","geometry":{"type":"Point","coordinates":[-70.22866,41.64773]},"properties":{"d":"2024-06"}},{"type":"Feature","geometry":{"type":"Point","coordinates":[-70.2305,41.65151]},"properties":{"d":"2024-12"}},{"type":"Feature","geometry":{"type":"Point","coordinates":[-70.22757,41.6512]},"properties":{"d":"2023-11"}},{"type":"Feature","geometry":{"type":"Point","coordinates":[-70.2282,41.65168]},"properties":{"d":"2024-09"}},{"type":"Feature","geometry":{"type":"Point","coordinates":[-70.2121,41.65156]},"properties":{"d":"2024-05"}},{"type":"Feature","geometry":{"type":"Point","coordinates":[-70.21094,41.65173]},"properties":{"d":"2023-09"}},{"type":"Feature","geometry":{"type":"Point","coordinates":[-70.21042,41.65136]},"properties":{"d":"2023-10"}},{"type":"Feature","geometry":{"type":"Point","coordinates":[-70.2095,41.65224]},"properties":{"d":"2023-09"}},{"type":"Feature","geometry":{"type":"Point","coordinates":[-70.20945,41.65202]},"properties":{"d":"2024-11"}},{"type":"Feature","geometry":{"type":"Point","coordinates":[-70.21947,41.64836]},"properties":{"d":"2024-01"}},{"type":"Feature","geometry":{"type":"Point","coordinates":[-70.21033,41.6503]},"properties":{"d":"2024-09"}},{"type":"Feature","geometry":{"type":"Point","coordinates":[-70.20996,41.64985]},"properties":{"d":"2024-10"}},{"type":"Feature","geometry":{"type":"Point","coordinates":[-70.20993,41.65029]},"properties":{"d":"2023-11"}},{"type":"Feature","geometry":{"type":"Point","coordinates":[-70.21884,41.64895]},"properties":{"d":"2024-07"}},{"type":"Feature","geometry":{"type":"Point","coordinates":[-70.20907,41.65031]},"properties":{"d":"2024-03"}},{"type":"Feature","geometry":{"type":"Point","coordinates":[-70.20909,41.65082]},"properties":{"d":"2024-08"}},{"type":"Feature","geometry":{"type":"Point","coordinates":[-70.21048,41.64689]},"properties":{"d":"2024-01"}},{"type":"Feature","geometry":{"type":"Point","coordinates":[-70.2118,41.64894]},"properties":{"d":"2024-10"}},{"type":"Feature","geometry":{"type":"Point","coordinates":[-70.21255,41.6488]},"properties":{"d":"2024-12"}},{"type":"Feature","geometry":{"type":"Point","coordinates":[-70.21184,41.64788]},"properties":{"d":"2024-08"}},{"type":"Feature","geometry":{"type":"Point","coordinates":[-70.21311,41.6488]},"properties":{"d":"2023-09"}},{"type":"Feature","geometry":{"type":"Point","coordinates":[-70.21374,41.64967]},"properties":{"d":"2024-01"}},{"type":"Feature","geometry":{"type":"Point","coordinates":[-70.21575,41.64945]},"properties":{"d":"2023-11"}},{"type":"Feature","geometry":{"type":"Point","coordinates":[-70.21583,41.64977]},"properties":{"d":"2024-08"}},{"type":"Feature","geometry":{"type":"Point","coordinates":[-70.21617,41.6493]},"properties":{"d":"2024-01"}},{"type":"Feature","geometry":{"type":"Point","coordinates":[-70.21569,41.64836]},"properties":{"d":"2023-12"}},{"type":"Feature","geometry":{"type":"Point","coordinates":[-70.21671,41.64718]},"properties":{"d":"2024-01"}},{"type":"Feature","geometry":{"type":"Point","coordinates":[-70.2162,41.64777]},"properties":{"d":"2024-05"}},{"type":"Feature","geometry":{"type":"Point","coordinates":[-70.21786,41.64746]},"properties":{"d":"2023-09"}},{"type":"Feature","geometry":{"type":"Point","coordinates":[-70.21826,41.64824]},"properties":{"d":"2024-07"}},{"type":"Feature","geometry":{"type":"Point","coordinates":[-70.21749,41.652]},"properties":{"d":"2024-11"}},{"type":"Feature","geometry":{"type":"Point","coordinates":[-70.21689,41.65152]},"properties":{"d":"2024-12"}},{"type":"Feature","geometry":{"type":"Point","coordinates":[-70.21668,41.65219]},"properties":{"d":"2024-04"}},{"type":"Feature","geometry":{"type":"Point","coordinates":[-70.21659,41.652]},"properties":{"d":"2023-12"}},{"type":"Feature","geometry":{"type":"Point","coordinates":[-70.21361,41.65107]},"properties":{"d":"2024-09"}},{"type":"Feature","geometry":{"type":"Point","coordinates":[-70.20365,41.64685]},"properties":{"d":"2024-08"}},{"type":"Feature","geometry":{"type":"Point","coordinates":[-70.20586,41.65003]},"properties":{"d":"2023-12"}},{"type":"Feature","geometry":{"type":"Point","coordinates":[-70.20739,41.65053]},"properties":{"d":"2023-09"}},{"type":"Feature","geometry":{"type":"Point","coordinates":[-70.20505,41.64695]},"properties":{"d":"2024-07"}},{"type":"Feature","geometry":{"type":"Point","coordinates":[-70.20746,41.65115]},"properties":{"d":"2024-07"}},{"type":"Feature","geometry":{"type":"Point","coordinates":[-70.20641,41.65151]},"properties":{"d":"2024-02"}},{"type":"Feature","geometry":{"type":"Point","coordinates":[-70.20577,41.6522]},"properties":{"d":"2023-11"}},{"type":"Feature","geometry":{"type":"Point","coordinates":[-70.20418,41.65061]},"properties":{"d":"2023-11"}},{"type":"Feature","geometry":{"type":"Point","coordinates":[-70.20374,41.64698]},"properties":{"d":"2024-11"}},{"type":"Feature","geometry":{"type":"Point","coordinates":[-70.20447,41.65026]},"properties":{"d":"2023-09"}},{"type":"Feature","geometry":{"type":"Point","coordinates":[-70.20319,41.65188]},"properties":{"d":"2024-08"}},{"type":"Feature","geometry":{"type":"Point","coordinates":[-70.2031,41.65131]},"properties":{"d":"2024-05"}},{"type":"Feature","geometry":{"type":"Point","coordinates":[-70.2067,41.64712]},"properties":{"d":"2023-10"}},{"type":"Feature","geometry":{"type":"Point","coordinates":[-70.20295,41.64714]},"properties":{"d":"2024-10"}},{"type":"Feature","geometry":{"type":"Point","coordinates":[-70.20126,41.6487]},"properties":{"d":"2024-02"}},{"type":"Feature","geometry":{"type":"Point","coordinates":[-70.20198,41.65075]},"properties":{"d":"2023-09"}},{"type":"Feature","geometry":{"type":"Point","coordinates":[-70.19975,41.65201]},"properties":{"d":"2023-12"}},{"type":"Feature","geometry":{"type":"Point","coordinates":[-70.19886,41.65197]},"properties":{"d":"2024-04"}},{"type":"Feature","geometry":{"type":"Point","coordinates":[-70.19996,41.65159]},"properties":{"d":"2024-05"}},{"type":"Feature","geometry":{"type":"Point","coordinates":[-70.20051,41.65154]},"properties":{"d":"2024-12"}},{"type":"Feature","geometry":{"type":"Point","coordinates":[-70.20815,41.64716]},"properties":{"d":"2024-11"}},{"type":"Feature","geometry":{"type":"Point","coordinates":[-70.19867,41.64707]},"properties":{"d":"2024-07"}},{"type":"Feature","geometry":{"type":"Point","coordinates":[-70.20684,41.6521]},"properties":{"d":"2024-05"}},{"type":"Feature","geometry":{"type":"Point","coordinates":[-70.20758,41.65203]},"properties":{"d":"2024-05"}},{"type":"Feature","geometry":{"type":"Point","coordinates":[-70.20466,41.6475]},"properties":{"d":"2023-11"}},{"type":"Feature","geometry":{"type":"Point","coordinates":[-70.20825,41.64801]},"properties":{"d":"2024-02"}},{"type":"Feature","geometry":{"type":"Point","coordinates":[-70.20535,41.64847]},"properties":{"d":"2023-12"}},{"type":"Feature","geometry":{"type":"Point","coordinates":[-70.20651,41.64939]},"properties":{"d":"2024-06"}},{"type":"Feature","geometry":{"type":"Point","coordinates":[-70.26406,41.6545]},"properties":{"d":"2024-12"}},{"type":"Feature","geometry":{"type":"Point","coordinates":[-70.26449,41.65492]},"properties":{"d":"2024-03"}},{"type":"Feature","geometry":{"type":"Point","coordinates":[-70.26541,41.65622]},"properties":{"d":"2024-05"}},{"type":"Feature","geometry":{"type":"Point","coordinates":[-70.26541,41.65419]},"properties":{"d":"2023-10"}},{"type":"Feature","geometry":{"type":"Point","coordinates":[-70.26593,41.65548]},"properties":{"d":"2024-06"}},{"type":"Feature","geometry":{"type":"Point","coordinates":[-70.2669,41.65385]},"properties":{"d":"2024-09"}},{"type":"Feature","geometry":{"type":"Point","coordinates":[-70.27121,41.65567]},"properties":{"d":"2024-08"}},{"type":"Feature","geometry":{"type":"Point","coordinates":[-70.26727,41.65469]},"properties":{"d":"2024-06"}},{"type":"Feature","geometry":{"type":"Point","coordinates":[-70.26732,41.6534]},"properties":{"d":"2024-02"}},{"type":"Feature","geometry":{"type":"Point","coordinates":[-70.26315,41.65301]},"properties":{"d":"2024-06"}},{"type":"Feature","geometry":{"type":"Point","coordinates":[-70.25686,41.6575]},"properties":{"d":"2023-09"}},{"type":"Feature","geometry":{"type":"Point","coordinates":[-70.25628,41.6579]},"properties":{"d":"2024-05"}},{"type":"Feature","geometry":{"type":"Point","coordinates":[-70.25562,41.65757]},"properties":{"d":"2023-11"}},{"type":"Feature","geometry":{"type":"Point","coordinates":[-70.25298,41.65497]},"properties":{"d":"2024-10"}},{"type":"Feature","geometry":{"type":"Point","coordinates":[-70.26189,41.65371]},"properties":{"d":"2023-10"}},{"type":"Feature","geometry":{"type":"Point","coordinates":[-70.26189,41.65409]},"properties":{"d":"2023-09"}},{"type":"Feature","geometry":{"type":"Point","coordinates":[-70.26189,41.65448]},"properties":{"d":"2024-09"}},{"type":"Feature","geometry":{"type":"Point","coordinates":[-70.26284,41.6539]},"properties":{"d":"2024-10"}},{"type":"Feature","geometry":{"type":"Point","coordinates":[-70.24421,41.65626]},"properties":{"d":"2024-07"}},{"type":"Feature","geometry":{"type":"Point","coordinates":[-70.24581,41.65451]},"properties":{"d":"2024-06"}},{"type":"Feature","geometry":{"type":"Point","coordinates":[-70.24651,41.65379]},"properties":{"d":"2023-09"}},{"type":"Feature","geometry":{"type":"Point","coordinates":[-70.2442,41.65753]},"properties":{"d":"2024-10"}},{"type":"Feature","geometry":{"type":"Point","coordinates":[-70.2417,41.65732]},"properties":{"d":"2024-01"}},{"type":"Feature","geometry":{"type":"Point","coordinates":[-70.24796,41.65402]},"properties":{"d":"2023-09"}},{"type":"Feature","geometry":{"type":"Point","coordinates":[-70.24626,41.65338]},"properties":{"d":"2023-09"}},{"type":"Feature","geometry":{"type":"Point","coordinates":[-70.24598,41.6537]},"properties":{"d":"2024-05"}},{"type":"Feature","geometry":{"type":"Point","coordinates":[-70.235,41.65793]},"properties":{"d":"2024-08"}},{"type":"Feature","geometry":{"type":"Point","coordinates":[-70.23348,41.6578]},"properties":{"d":"2024-06"}},{"type":"Feature","geometry":{"type":"Point","coordinates":[-70.23293,41.65298]},"properties":{"d":"2023-09"}},{"type":"Feature","geometry":{"type":"Point","coordinates":[-70.23467,41.65692]},"properties":{"d":"2024-09"}},{"type":"Feature","geometry":{"type":"Point","coordinates":[-70.23417,41.65471]},"properties":{"d":"2024-05"}},{"type":"Feature","geometry":{"type":"Point","coordinates":[-70.23438,41.65488]},"properties":{"d":"2024-10"}},{"type":"Feature","geometry":{"type":"Point","coordinates":[-70.23505,41.6554]},"properties":{"d":"2024-01"}},{"type":"Feature","geometry":{"type":"Point","coordinates":[-70.23624,41.65611]},"properties":{"d":"2024-07"}},{"type":"Feature","geometry":{"type":"Point","coordinates":[-70.23655,41.6558]},"properties":{"d":"2024-10"}},{"type":"Feature","geometry":{"type":"Point","coordinates":[-70.23386,41.65408]},"properties":{"d":"2024-01"}},{"type":"Feature","geometry":{"type":"Point","coordinates":[-70.23389,41.65291]},"properties":{"d":"2024-12"}},{"type":"Feature","geometry":{"type":"Point","coordinates":[-70.23356,41.65314]},"properties":{"d":"2024-02"}},{"type":"Feature","geometry":{"type":"Point","coordinates":[-70.23668,41.65472]},"properties":{"d":"2023-11"}},{"type":"Feature","geometry":{"type":"Point","coordinates":[-70.23606,41.65344]},"properties":{"d":"2024-03"}},{"type":"Feature","geometry":{"type":"Point","coordinates":[-70.23529,41.65304]},"properties":{"d":"2024-03"}},{"type":"Feature","geometry":{"type":"Point","coordinates":[-70.23701,41.65247]},"properties":{"d":"2024-08"}},{"type":"Feature","geometry":{"type":"Point","coordinates":[-70.23833,41.65671]},"properties":{"d":"2023-09"}},{"type":"Feature","geometry":{"type":"Point","coordinates":[-70.2375,41.65768]},"properties":{"d":"2023-12"}},{"type":"Feature","geometry":{"type":"Point","coordinates":[-70.23734,41.65787]},"properties":{"d":"2024-01"}},{"type":"Feature","geometry":{"type":"Point","coordinates":[-70.23381,41.65703]},"properties":{"d":"2024-02"}},{"type":"Feature","geometry":{"type":"Point","coordinates":[-70.23294,41.65661]},"properties":{"d":"2023-09"}},{"type":"Feature","geometry":{"type":"Point","coordinates":[-70.26132,41.61686]},"properties":{"d":"2023-11"}},{"type":"Feature","geometry":{"type":"Point","coordinates":[-70.23012,41.65442]},"properties":{"d":"2023-10"}},{"type":"Feature","geometry":{"type":"Point","coordinates":[-70.22951,41.65456]},"properties":{"d":"2024-12"}},{"type":"Feature","geometry":{"type":"Point","coordinates":[-70.22863,41.65419]},"properties":{"d":"2023-09"}},{"type":"Feature","geometry":{"type":"Point","coordinates":[-70.22902,41.65458]},"properties":{"d":"2024-12"}},{"type":"Feature","geometry":{"type":"Point","coordinates":[-70.22928,41.65545]},"properties":{"d":"2024-05"}},{"type":"Feature","geometry":{"type":"Point","coordinates":[-70.22862,41.65488]},"properties":{"d":"2023-11"}},{"type":"Feature","geometry":{"type":"Point","coordinates":[-70.2284,41.65356]},"properties":{"d":"2024-09"}},{"type":"Feature","geometry":{"type":"Point","coordinates":[-70.22174,41.65649]},"properties":{"d":"2024-05"}},{"type":"Feature","geometry":{"type":"Point","coordinates":[-70.22334,41.65518]},"properties":{"d":"2023-10"}},{"type":"Feature","geometry":{"type":"Point","coordinates":[-70.22987,41.65324]},"properties":{"d":"2024-05"}},{"type":"Feature","geometry":{"type":"Point","coordinates":[-70.20923,41.65384]},"properties":{"d":"2024-04"}},{"type":"Feature","geometry":{"type":"Point","coordinates":[-70.20928,41.65314]},"properties":{"d":"2024-06"}},{"type":"Feature","geometry":{"type":"Point","coordinates":[-70.2102,41.65254]},"properties":{"d":"2024-07"}},{"type":"Feature","geometry":{"type":"Point","coordinates":[-70.20031,41.65579]},"properties":{"d":"2024-09"}},{"type":"Feature","geometry":{"type":"Point","coordinates":[-70.20129,41.65602]},"properties":{"d":"2024-07"}},{"type":"Feature","geometry":{"type":"Point","coordinates":[-70.20118,41.65548]},"properties":{"d":"2024-04"}},{"type":"Feature","geometry":{"type":"Point","coordinates":[-70.19936,41.6546]},"properties":{"d":"2024-04"}},{"type":"Feature","geometry":{"type":"Point","coordinates":[-70.2004,41.65448]},"properties":{"d":"2024-01"}},{"type":"Feature","geometry":{"type":"Point","coordinates":[-70.2017,41.65267]},"properties":{"d":"2024-04"}},{"type":"Feature","geometry":{"type":"Point","coordinates":[-70.20126,41.6527]},"properties":{"d":"2024-06"}},{"type":"Feature","geometry":{"type":"Point","coordinates":[-70.20818,41.65369]},"properties":{"d":"2024-01"}},{"type":"Feature","geometry":{"type":"Point","coordinates":[-70.20508,41.65314]},"properties":{"d":"2024-02"}},{"type":"Feature","geometry":{"type":"Point","coordinates":[-70.20438,41.65336]},"properties":{"d":"2023-09"}},{"type":"Feature","geometry":{"type":"Point","coordinates":[-70.20421,41.65503]},"properties":{"d":"2024-06"}},{"type":"Feature","geometry":{"type":"Point","coordinates":[-70.20531,41.65474]},"properties":{"d":"2024-02"}},{"type":"Feature","geometry":{"type":"Point","coordinates":[-70.20695,41.65347]},"properties":{"d":"2024-09"}},{"type":"Feature","geometry":{"type":"Point","coordinates":[-70.20783,41.65404]},"properties":{"d":"2023-09"}},{"type":"Feature","geometry":{"type":"Point","coordinates":[-70.20853,41.6525]},"properties":{"d":"2023-12"}},{"type":"Feature","geometry":{"type":"Point","coordinates":[-70.20186,41.65604]},"properties":{"d":"2024-04"}},{"type":"Feature","geometry":{"type":"Point","coordinates":[-70.20207,41.65678]},"properties":{"d":"2024-05"}},{"type":"Feature","geometry":{"type":"Point","coordinates":[-70.20232,41.65724]},"properties":{"d":"2024-05"}},{"type":"Feature","geometry":{"type":"Point","coordinates":[-70.19869,41.65759]},"properties":{"d":"2023-09"}},{"type":"Feature","geometry":{"type":"Point","coordinates":[-70.1982,41.65625]},"properties":{"d":"2023-10"}},{"type":"Feature","geometry":{"type":"Point","coordinates":[-70.19693,41.65692]},"properties":{"d":"2023-10"}},{"type":"Feature","geometry":{"type":"Point","coordinates":[-70.19591,41.65722]},"properties":{"d":"2023-10"}},{"type":"Feature","geometry":{"type":"Point","coordinates":[-70.19757,41.65381]},"properties":{"d":"2024-12"}},{"type":"Feature","geometry":{"type":"Point","coordinates":[-70.19675,41.65443]},"properties":{"d":"2024-06"}},{"type":"Feature","geometry":{"type":"Point","coordinates":[-70.19706,41.6538]},"properties":{"d":"2024-12"}},{"type":"Feature","geometry":{"type":"Point","coordinates":[-70.26325,41.66115]},"properties":{"d":"2023-10"}},{"type":"Feature","geometry":{"type":"Point","coordinates":[-70.26339,41.6609]},"properties":{"d":"2024-08"}},{"type":"Feature","geometry":{"type":"Point","coordinates":[-70.26358,41.66034]},"properties":{"d":"2024-11"}},{"type":"Feature","geometry":{"type":"Point","coordinates":[-70.26327,41.65946]},"properties":{"d":"2024-10"}},{"type":"Feature","geometry":{"type":"Point","coordinates":[-70.26273,41.65992]},"properties":{"d":"2024-08"}},{"type":"Feature","geometry":{"type":"Point","coordinates":[-70.25785,41.65894]},"properties":{"d":"2024-09"}},{"type":"Feature","geometry":{"type":"Point","coordinates":[-70.24574,41.65841]},"properties":{"d":"2024-10"}},{"type":"Feature","geometry":{"type":"Point","coordinates":[-70.24236,41.66068]},"properties":{"d":"2024-07"}},{"type":"Feature","geometry":{"type":"Point","coordinates":[-70.24336,41.65938]},"properties":{"d":"2024-08"}},{"type":"Feature","geometry":{"type":"Point","coordinates":[-70.23987,41.65958]},"properties":{"d":"2024-09"}},{"type":"Feature","geometry":{"type":"Point","coordinates":[-70.232,41.66037]},"properties":{"d":"2024-09"}},{"type":"Feature","geometry":{"type":"Point","coordinates":[-70.23258,41.66071]},"properties":{"d":"2024-09"}},{"type":"Feature","geometry":{"type":"Point","coordinates":[-70.2333,41.66142]},"properties":{"d":"2024-11"}},{"type":"Feature","geometry":{"type":"Point","coordinates":[-70.23342,41.66108]},"properties":{"d":"2024-07"}},{"type":"Feature","geometry":{"type":"Point","coordinates":[-70.23216,41.65829]},"properties":{"d":"2024-11"}},{"type":"Feature","geometry":{"type":"Point","coordinates":[-70.23257,41.65886]},"properties":{"d":"2023-10"}},{"type":"Feature","geometry":{"type":"Point","coordinates":[-70.23244,41.65927]},"properties":{"d":"2023-10"}},{"type":"Feature","geometry":{"type":"Point","coordinates":[-70.23464,41.65923]},"properties":{"d":"2024-08"}},{"type":"Feature","geometry":{"type":"Point","coordinates":[-70.23447,41.65865]},"properties":{"d":"2024-05"}},{"type":"Feature","geometry":{"type":"Point","coordinates":[-70.23486,41.65879]},"properties":{"d":"2024-06"}},{"type":"Feature","geometry":{"type":"Point","coordinates":[-70.23929,41.65847]},"properties":{"d":"2023-12"}},{"type":"Feature","geometry":{"type":"Point","coordinates":[-70.23787,41.65894]},"properties":{"d":"2024-10"}},{"type":"Feature","geometry":{"type":"Point","coordinates":[-70.2364,41.6582]},"properties":{"d":"2024-09"}},{"type":"Feature","geometry":{"type":"Point","coordinates":[-70.23394,41.66144]},"properties":{"d":"2024-10"}},{"type":"Feature","geometry":{"type":"Point","coordinates":[-70.24008,41.65876]},"properties":{"d":"2024-08"}},{"type":"Feature","geometry":{"type":"Point","coordinates":[-70.23967,41.66036]},"properties":{"d":"2024-04"}},{"type":"Feature","geometry":{"type":"Point","coordinates":[-70.22214,41.66116]},"properties":{"d":"2024-01"}},{"type":"Feature","geometry":{"type":"Point","coordinates":[-70.22116,41.66254]},"properties":{"d":"2024-05"}},{"type":"Feature","geometry":{"type":"Point","coordinates":[-70.22058,41.6626]},"properties":{"d":"2024-03"}},{"type":"Feature","geometry":{"type":"Point","coordinates":[-70.21989,41.66219]},"properties":{"d":"2023-11"}},{"type":"Feature","geometry":{"type":"Point","coordinates":[-70.22145,41.65991]},"properties":{"d":"2024-05"}},{"type":"Feature","geometry":{"type":"Point","coordinates":[-70.22162,41.66087]},"properties":{"d":"2024-01"}},{"type":"Feature","geometry":{"type":"Point","coordinates":[-70.22056,41.65912]},"properties":{"d":"2024-06"}},{"type":"Feature","geometry":{"type":"Point","coordinates":[-70.22068,41.65925]},"properties":{"d":"2024-04"}},{"type":"Feature","geometry":{"type":"Point","coordinates":[-70.21786,41.66022]},"properties":{"d":"2024-11"}},{"type":"Feature","geometry":{"type":"Point","coordinates":[-70.21569,41.66097]},"properties":{"d":"2024-01"}},{"type":"Feature","geometry":{"type":"Point","coordinates":[-70.21528,41.66068]},"properties":{"d":"2023-11"}},{"type":"Feature","geometry":{"type":"Point","coordinates":[-70.21615,41.66224]},"properties":{"d":"2024-09"}},{"type":"Feature","geometry":{"type":"Point","coordinates":[-70.21675,41.66298]},"properties":{"d":"2023-10"}},{"type":"Feature","geometry":{"type":"Point","coordinates":[-70.21695,41.66324]},"properties":{"d":"2024-08"}},{"type":"Feature","geometry":{"type":"Point","coordinates":[-70.21565,41.66291]},"properties":{"d":"2024-03"}},{"type":"Feature","geometry":{"type":"Point","coordinates":[-70.21431,41.66199]},"properties":{"d":"2024-08"}},{"type":"Feature","geometry":{"type":"Point","coordinates":[-70.21427,41.66321]},"properties":{"d":"2024-06"}},{"type":"Feature","geometry":{"type":"Point","coordinates":[-70.21303,41.66166]},"properties":{"d":"2024-12"}},{"type":"Feature","geometry":{"type":"Point","coordinates":[-70.21289,41.66203]},"properties":{"d":"2024-12"}},{"type":"Feature","geometry":{"type":"Point","coordinates":[-70.21283,41.6627]},"properties":{"d":"2023-10"}},{"type":"Feature","geometry":{"type":"Point","coordinates":[-70.21264,41.66247]},"properties":{"d":"2024-02"}},{"type":"Feature","geometry":{"type":"Point","coordinates":[-70.21093,41.66246]},"properties":{"d":"2024-11"}},{"type":"Feature","geometry":{"type":"Point","coordinates":[-70.2108,41.66285]},"properties":{"d":"2024-04"}},{"type":"Feature","geometry":{"type":"Point","coordinates":[-70.21245,41.66106]},"properties":{"d":"2024-12"}},{"type":"Feature","geometry":{"type":"Point","coordinates":[-70.21484,41.65972]},"properties":{"d":"2024-08"}},{"type":"Feature","geometry":{"type":"Point","coordinates":[-70.21583,41.65997]},"properties":{"d":"2024-03"}},{"type":"Feature","geometry":{"type":"Point","coordinates":[-70.21641,41.66009]},"properties":{"d":"2024-03"}},{"type":"Feature","geometry":{"type":"Point","coordinates":[-70.21841,41.65825]},"properties":{"d":"2024-12"}},{"type":"Feature","geometry":{"type":"Point","coordinates":[-70.21865,41.65812]},"properties":{"d":"2024-05"}},{"type":"Feature","geometry":{"type":"Point","coordinates":[-70.2186,41.65894]},"properties":{"d":"2024-10"}},{"type":"Feature","geometry":{"type":"Point","coordinates":[-70.21848,41.66109]},"properties":{"d":"2023-12"}},{"type":"Feature","geometry":{"type":"Point","coordinates":[-70.21823,41.66099]},"properties":{"d":"2024-10"}},{"type":"Feature","geometry":{"type":"Point","coordinates":[-70.2186,41.66161]},"properties":{"d":"2024-03"}},{"type":"Feature","geometry":{"type":"Point","coordinates":[-70.2191,41.66203]},"properties":{"d":"2024-05"}},{"type":"Feature","geometry":{"type":"Point","coordinates":[-70.21743,41.66153]},"properties":{"d":"2024-11"}},{"type":"Feature","geometry":{"type":"Point","coordinates":[-70.26548,41.62197]},"properties":{"d":"2024-09"}},{"type":"Feature","geometry":{"type":"Point","coordinates":[-70.26765,41.62216]},"properties":{"d":"2024-07"}},{"type":"Feature","geometry":{"type":"Point","coordinates":[-70.26771,41.62264]},"properties":{"d":"2024-10"}},{"type":"Feature","geometry":{"type":"Point","coordinates":[-70.2002,41.66143]},"properties":{"d":"2024-09"}},{"type":"Feature","geometry":{"type":"Point","coordinates":[-70.19809,41.66147]},"properties":{"d":"2024-09"}},{"type":"Feature","geometry":{"type":"Point","coordinates":[-70.19984,41.66057]},"properties":{"d":"2024-11"}},{"type":"Feature","geometry":{"type":"Point","coordinates":[-70.19845,41.65855]},"properties":{"d":"2024-06"}},{"type":"Feature","geometry":{"type":"Point","coordinates":[-70.20218,41.65758]},"properties":{"d":"2024-05"}},{"type":"Feature","geometry":{"type":"Point","coordinates":[-70.20712,41.66312]},"properties":{"d":"2024-07"}},{"type":"Feature","geometry":{"type":"Point","coordinates":[-70.20482,41.66284]},"properties":{"d":"2024-02"}},{"type":"Feature","geometry":{"type":"Point","coordinates":[-70.20502,41.6603]},"properties":{"d":"2024-02"}},{"type":"Feature","geometry":{"type":"Point","coordinates":[-70.20458,41.65999]},"properties":{"d":"2024-09"}},{"type":"Feature","geometry":{"type":"Point","coordinates":[-70.20403,41.6601]},"properties":{"d":"2024-02"}},{"type":"Feature","geometry":{"type":"Point","coordinates":[-70.19284,41.6597]},"properties":{"d":"2024-12"}},{"type":"Feature","geometry":{"type":"Point","coordinates":[-70.19422,41.66084]},"properties":{"d":"2024-12"}},{"type":"Feature","geometry":{"type":"Point","coordinates":[-70.19153,41.66274]},"properties":{"d":"2024-04"}},{"type":"Feature","geometry":{"type":"Point","coordinates":[-70.19436,41.66182]},"properties":{"d":"2024-11"}},{"type":"Feature","geometry":{"type":"Point","coordinates":[-70.19367,41.66265]},"properties":{"d":"2024-09"}},{"type":"Feature","geometry":{"type":"Point","coordinates":[-70.18666,41.66274]},"properties":{"d":"2024-08"}},{"type":"Feature","geometry":{"type":"Point","coordinates":[-70.26401,41.66923]},"properties":{"d":"2024-05"}},{"type":"Feature","geometry":{"type":"Point","coordinates":[-70.26378,41.66816]},"properties":{"d":"2024-07"}},{"type":"Feature","geometry":{"type":"Point","coordinates":[-70.25098,41.66873]},"properties":{"d":"2024-06"}},{"type":"Feature","geometry":{"type":"Point","coordinates":[-70.2421,41.66374]},"properties":{"d":"2024-03"}},{"type":"Feature","geometry":{"type":"Point","coordinates":[-70.24347,41.66427]},"properties":{"d":"2023-10"}},{"type":"Feature","geometry":{"type":"Point","coordinates":[-70.24424,41.6642]},"properties":{"d":"2024-10"}},{"type":"Feature","geometry":{"type":"Point","coordinates":[-70.24462,41.66414]},"properties":{"d":"2024-07"}},{"type":"Feature","geometry":{"type":"Point","coordinates":[-70.23111,41.66379]},"properties":{"d":"2023-11"}},{"type":"Feature","geometry":{"type":"Point","coordinates":[-70.23161,41.66607]},"properties":{"d":"2024-05"}},{"type":"Feature","geometry":{"type":"Point","coordinates":[-70.21985,41.66431]},"properties":{"d":"2023-10"}},{"type":"Feature","geometry":{"type":"Point","coordinates":[-70.21672,41.66736]},"properties":{"d":"2024-10"}},{"type":"Feature","geometry":{"type":"Point","coordinates":[-70.21599,41.66819]},"properties":{"d":"2024-10"}},{"type":"Feature","geometry":{"type":"Point","coordinates":[-70.21483,41.6677]},"properties":{"d":"2024-04"}},{"type":"Feature","geometry":{"type":"Point","coordinates":[-70.21938,41.66426]},"properties":{"d":"2024-05"}},{"type":"Feature","geometry":{"type":"Point","coordinates":[-70.21196,41.66875]},"properties":{"d":"2024-08"}},{"type":"Feature","geometry":{"type":"Point","coordinates":[-70.2196,41.66449]},"properties":{"d":"2024-09"}},{"type":"Feature","geometry":{"type":"Point","coordinates":[-70.21134,41.66816]},"properties":{"d":"2024-11"}},{"type":"Feature","geometry":{"type":"Point","coordinates":[-70.21164,41.6674]},"properties":{"d":"2024-04"}},{"type":"Feature","geometry":{"type":"Point","coordinates":[-70.21901,41.66549]},"properties":{"d":"2024-09"}},{"type":"Feature","geometry":{"type":"Point","coordinates":[-70.21137,41.66695]},"properties":{"d":"2023-11"}},{"type":"Feature","geometry":{"type":"Point","coordinates":[-70.2118,41.66702]},"properties":{"d":"2024-05"}},{"type":"Feature","geometry":{"type":"Point","coordinates":[-70.21205,41.66665]},"properties":{"d":"2023-09"}},{"type":"Feature","geometry":{"type":"Point","coordinates":[-70.20983,41.66877]},"properties":{"d":"2024-07"}},{"type":"Feature","geometry":{"type":"Point","coordinates":[-70.20969,41.66843]},"properties":{"d":"2023-09"}},{"type":"Feature","geometry":{"type":"Point","coordinates":[-70.21026,41.66562]},"properties":{"d":"2024-05"}},{"type":"Feature","geometry":{"type":"Point","coordinates":[-70.20972,41.66543]},"properties":{"d":"2024-10"}},{"type":"Feature","geometry":{"type":"Point","coordinates":[-70.20894,41.6641]},"properties":{"d":"2024-01"}},{"type":"Feature","geometry":{"type":"Point","coordinates":[-70.21093,41.66511]},"properties":{"d":"2024-12"}},{"type":"Feature","geometry":{"type":"Point","coordinates":[-70.2107,41.66484]},"properties":{"d":"2024-08"}},{"type":"Feature","geometry":{"type":"Point","coordinates":[-70.21826,41.66362]},"properties":{"d":"2024-08"}},{"type":"Feature","geometry":{"type":"Point","coordinates":[-70.21126,41.66341]},"properties":{"d":"2024-07"}},{"type":"Feature","geometry":{"type":"Point","coordinates":[-70.21233,41.66414]},"properties":{"d":"2024-03"}},{"type":"Feature","geometry":{"type":"Point","coordinates":[-70.21391,41.66595]},"properties":{"d":"2023-12"}},{"type":"Feature","geometry":{"type":"Point","coordinates":[-70.21564,41.66548]},"properties":{"d":"2024-01"}},{"type":"Feature","geometry":{"type":"Point","coordinates":[-70.21479,41.66667]},"properties":{"d":"2024-08"}},{"type":"Feature","geometry":{"type":"Point","coordinates":[-70.21563,41.66629]},"properties":{"d":"2024-07"}},{"type":"Feature","geometry":{"type":"Point","coordinates":[-70.21533,41.66715]},"properties":{"d":"2023-10"}},{"type":"Feature","geometry":{"type":"Point","coordinates":[-70.21804,41.66505]},"properties":{"d":"2024-06"}},{"type":"Feature","geometry":{"type":"Point","coordinates":[-70.21538,41.66439]},"properties":{"d":"2024-05"}},{"type":"Feature","geometry":{"type":"Point","coordinates":[-70.21413,41.66357]},"properties":{"d":"2023-09"}},{"type":"Feature","geometry":{"type":"Point","coordinates":[-70.21642,41.66485]},"properties":{"d":"2024-09"}},{"type":"Feature","geometry":{"type":"Point","coordinates":[-70.21771,41.6666]},"properties":{"d":"2024-08"}},{"type":"Feature","geometry":{"type":"Point","coordinates":[-70.21861,41.66772]},"properties":{"d":"2023-12"}},{"type":"Feature","geometry":{"type":"Point","coordinates":[-70.21772,41.66737]},"properties":{"d":"2023-09"}},{"type":"Feature","geometry":{"type":"Point","coordinates":[-70.21786,41.66886]},"properties":{"d":"2024-10"}},{"type":"Feature","geometry":{"type":"Point","coordinates":[-70.2041,41.6677]},"properties":{"d":"2023-11"}},{"type":"Feature","geometry":{"type":"Point","coordinates":[-70.2029,41.66612]},"properties":{"d":"2024-03"}},{"type":"Feature","geometry":{"type":"Point","coordinates":[-70.20017,41.6686]},"properties":{"d":"2024-08"}},{"type":"Feature","geometry":{"type":"Point","coordinates":[-70.19938,41.66845]},"properties":{"d":"2023-11"}},{"type":"Feature","geometry":{"type":"Point","coordinates":[-70.19777,41.66558]},"properties":{"d":"2024-05"}},{"type":"Feature","geometry":{"type":"Point","coordinates":[-70.20027,41.66543]},"properties":{"d":"2024-12"}},{"type":"Feature","geometry":{"type":"Point","coordinates":[-70.20092,41.66612]},"properties":{"d":"2023-09"}},{"type":"Feature","geometry":{"type":"Point","coordinates":[-70.20086,41.6659]},"properties":{"d":"2023-10"}},{"type":"Feature","geometry":{"type":"Point","coordinates":[-70.2021,41.66468]},"properties":{"d":"2023-11"}},{"type":"Feature","geometry":{"type":"Point","coordinates":[-70.20124,41.66522]},"properties":{"d":"2024-04"}},{"type":"Feature","geometry":{"type":"Point","coordinates":[-70.20383,41.66537]},"properties":{"d":"2024-10"}},{"type":"Feature","geometry":{"type":"Point","coordinates":[-70.20088,41.66362]},"properties":{"d":"2023-10"}},{"type":"Feature","geometry":{"type":"Point","coordinates":[-70.2031,41.66334]},"properties":{"d":"2024-03"}},{"type":"Feature","geometry":{"type":"Point","coordinates":[-70.20849,41.66745]},"properties":{"d":"2024-10"}},{"type":"Feature","geometry":{"type":"Point","coordinates":[-70.20463,41.66805]},"properties":{"d":"2024-05"}},{"type":"Feature","geometry":{"type":"Point","coordinates":[-70.19266,41.66628]},"properties":{"d":"2023-12"}},{"type":"Feature","geometry":{"type":"Point","coordinates":[-70.19258,41.66805]},"properties":{"d":"2024-03"}},{"type":"Feature","geometry":{"type":"Point","coordinates":[-70.1909,41.66825]},"properties":{"d":"2024-03"}},{"type":"Feature","geometry":{"type":"Point","coordinates":[-70.18729,41.66517]},"properties":{"d":"2024-04"}},{"type":"Feature","geometry":{"type":"Point","coordinates":[-70.18865,41.66524]},"properties":{"d":"2024-10"}},{"type":"Feature","geometry":{"type":"Point","coordinates":[-70.18969,41.66408]},"properties":{"d":"2024-12"}},{"type":"Feature","geometry":{"type":"Point","coordinates":[-70.18689,41.66435]},"properties":{"d":"2024-09"}},{"type":"Feature","geometry":{"type":"Point","coordinates":[-70.19123,41.66365]},"properties":{"d":"2024-06"}},{"type":"Feature","geometry":{"type":"Point","coordinates":[-70.1907,41.66388]},"properties":{"d":"2023-09"}},{"type":"Feature","geometry":{"type":"Point","coordinates":[-70.19197,41.6656]},"properties":{"d":"2024-06"}},{"type":"Feature","geometry":{"type":"Point","coordinates":[-70.19126,41.6643]},"properties":{"d":"2024-06"}},{"type":"Feature","geometry":{"type":"Point","coordinates":[-70.1963,41.66706]},"properties":{"d":"2023-12"}},{"type":"Feature","geometry":{"type":"Point","coordinates":[-70.19676,41.66719]},"properties":{"d":"2023-10"}},{"type":"Feature","geometry":{"type":"Point","coordinates":[-70.19758,41.66727]},"properties":{"d":"2023-10"}},{"type":"Feature","geometry":{"type":"Point","coordinates":[-70.1977,41.66756]},"properties":{"d":"2023-11"}},{"type":"Feature","geometry":{"type":"Point","coordinates":[-70.19503,41.66816]},"properties":{"d":"2024-03"}},{"type":"Feature","geometry":{"type":"Point","coordinates":[-70.19444,41.66808]},"properties":{"d":"2024-02"}},{"type":"Feature","geometry":{"type":"Point","coordinates":[-70.19421,41.66718]},"properties":{"d":"2023-09"}},{"type":"Feature","geometry":{"type":"Point","coordinates":[-70.18551,41.66492]},"properties":{"d":"2024-02"}},{"type":"Feature","geometry":{"type":"Point","coordinates":[-70.18497,41.66523]},"properties":{"d":"2023-12"}},{"type":"Feature","geometry":{"type":"Point","coordinates":[-70.18579,41.66784]},"properties":{"d":"2024-12"}},{"type":"Feature","geometry":{"type":"Point","coordinates":[-70.18648,41.66827]},"properties":{"d":"2024-09"}},{"type":"Feature","geometry":{"type":"Point","coordinates":[-70.18526,41.66854]},"properties":{"d":"2024-07"}},{"type":"Feature","geometry":{"type":"Point","coordinates":[-70.18465,41.66834]},"properties":{"d":"2024-12"}},{"type":"Feature","geometry":{"type":"Point","coordinates":[-70.1837,41.66495]},"properties":{"d":"2023-10"}},{"type":"Feature","geometry":{"type":"Point","coordinates":[-70.26369,41.67293]},"properties":{"d":"2024-09"}},{"type":"Feature","geometry":{"type":"Point","coordinates":[-70.26494,41.6717]},"properties":{"d":"2024-01"}},{"type":"Feature","geometry":{"type":"Point","coordinates":[-70.26458,41.66987]},"properties":{"d":"2024-08"}},{"type":"Feature","geometry":{"type":"Point","coordinates":[-70.26303,41.66953]},"properties":{"d":"2024-08"}},{"type":"Feature","geometry":{"type":"Point","coordinates":[-70.26189,41.67424]},"properties":{"d":"2024-07"}},{"type":"Feature","geometry":{"type":"Point","coordinates":[-70.26322,41.67073]},"properties":{"d":"2025-09"}},{"type":"Feature","geometry":{"type":"Point","coordinates":[-70.25822,41.67385]},"properties":{"d":"2024-12"}},{"type":"Feature","geometry":{"type":"Point","coordinates":[-70.25772,41.67163]},"properties":{"d":"2024-02"}},{"type":"Feature","geometry":{"type":"Point","coordinates":[-70.2623,41.67088]},"properties":{"d":"2024-09"}},{"type":"Feature","geometry":{"type":"Point","coordinates":[-70.26234,41.67113]},"properties":{"d":"2024-08"}},{"type":"Feature","geometry":{"type":"Point","coordinates":[-70.2608,41.674]},"properties":{"d":"2023-09"}},{"type":"Feature","geometry":{"type":"Point","coordinates":[-70.26243,41.66942]},"properties":{"d":"2023-09"}},{"type":"Feature","geometry":{"type":"Point","coordinates":[-70.24736,41.67196]},"properties":{"d":"2024-12"}},{"type":"Feature","geometry":{"type":"Point","coordinates":[-70.24821,41.67186]},"properties":{"d":"2024-11"}},{"type":"Feature","geometry":{"type":"Point","coordinates":[-70.24925,41.67138]},"properties":{"d":"2023-11"}},{"type":"Feature","geometry":{"type":"Point","coordinates":[-70.24966,41.67267]},"properties":{"d":"2024-04"}},{"type":"Feature","geometry":{"type":"Point","coordinates":[-70.23106,41.67425]},"properties":{"d":"2024-01"}},{"type":"Feature","geometry":{"type":"Point","coordinates":[-70.22903,41.67246]},"properties":{"d":"2023-11"}},{"type":"Feature","geometry":{"type":"Point","coordinates":[-70.22896,41.67205]},"properties":{"d":"2024-10"}},{"type":"Feature","geometry":{"type":"Point","coordinates":[-70.23035,41.67311]},"properties":{"d":"2023-09"}},{"type":"Feature","geometry":{"type":"Point","coordinates":[-70.21705,41.66919]},"properties":{"d":"2024-10"}},{"type":"Feature","geometry":{"type":"Point","coordinates":[-70.21305,41.67164]},"properties":{"d":"2023-10"}},{"type":"Feature","geometry":{"type":"Point","coordinates":[-70.2116,41.6719]},"properties":{"d":"2023-10"}},{"type":"Feature","geometry":{"type":"Point","coordinates":[-70.21206,41.67212]},"properties":{"d":"2023-09"}},{"type":"Feature","geometry":{"type":"Point","coordinates":[-70.21715,41.66958]},"properties":{"d":"2024-04"}},{"type":"Feature","geometry":{"type":"Point","coordinates":[-70.21284,41.67333]},"properties":{"d":"2024-06"}},{"type":"Feature","geometry":{"type":"Point","coordinates":[-70.21763,41.6691]},"properties":{"d":"2025-08"}},{"type":"Feature","geometry":{"type":"Point","coordinates":[-70.21243,41.67402]},"properties":{"d":"2024-05"}},{"type":"Feature","geometry":{"type":"Point","coordinates":[-70.21203,41.67406]},"properties":{"d":"2024-02"}},{"type":"Feature","geometry":{"type":"Point","coordinates":[-70.21818,41.66921]},"properties":{"d":"2024-07"}},{"type":"Feature","geometry":{"type":"Point","coordinates":[-70.20961,41.6723]},"properties":{"d":"2024-11"}},{"type":"Feature","geometry":{"type":"Point","coordinates":[-70.20913,41.67282]},"properties":{"d":"2024-08"}},{"type":"Feature","geometry":{"type":"Point","coordinates":[-70.20939,41.67125]},"properties":{"d":"2023-11"}},{"type":"Feature","geometry":{"type":"Point","coordinates":[-70.21141,41.67058]},"properties":{"d":"2024-10"}},{"type":"Feature","geometry":{"type":"Point","coordinates":[-70.21299,41.67035]},"properties":{"d":"2024-07"}},{"type":"Feature","geometry":{"type":"Point","coordinates":[-70.2164,41.67043]},"properties":{"d":"2023-10"}},{"type":"Feature","geometry":{"type":"Point","coordinates":[-70.21002,41.67034]},"properties":{"d":"2023-10"}},{"type":"Feature","geometry":{"type":"Point","coordinates":[-70.20889,41.67021]},"properties":{"d":"2023-11"}},{"type":"Feature","geometry":{"type":"Point","coordinates":[-70.21046,41.66898]},"properties":{"d":"2024-04"}},{"type":"Feature","geometry":{"type":"Point","coordinates":[-70.21161,41.66949]},"properties":{"d":"2024-03"}},{"type":"Feature","geometry":{"type":"Point","coordinates":[-70.21496,41.67059]},"properties":{"d":"2024-04"}},{"type":"Feature","geometry":{"type":"Point","coordinates":[-70.21155,41.66978]},"properties":{"d":"2024-09"}},{"type":"Feature","geometry":{"type":"Point","coordinates":[-70.21269,41.66963]},"properties":{"d":"2023-11"}},{"type":"Feature","geometry":{"type":"Point","coordinates":[-70.21532,41.6697]},"properties":{"d":"2024-09"}},{"type":"Feature","geometry":{"type":"Point","coordinates":[-70.21737,41.67094]},"properties":{"d":"2024-11"}},{"type":"Feature","geometry":{"type":"Point","coordinates":[-70.21563,41.67192]},"properties":{"d":"2023-09"}},{"type":"Feature","geometry":{"type":"Point","coordinates":[-70.21514,41.67295]},"properties":{"d":"2024-04"}},{"type":"Feature","geometry":{"type":"Point","coordinates":[-70.21156,41.67144]},"properties":{"d":"2024-08"}},{"type":"Feature","geometry":{"type":"Point","coordinates":[-70.19889,41.67302]},"properties":{"d":"2023-11"}},{"type":"Feature","geometry":{"type":"Point","coordinates":[-70.19794,41.67267]},"properties":{"d":"2024-10"}},{"type":"Feature","geometry":{"type":"Point","coordinates":[-70.19772,41.67209]},"properties":{"d":"2024-01"}},{"type":"Feature","geometry":{"type":"Point","coordinates":[-70.19973,41.67316]},"properties":{"d":"2024-12"}},{"type":"Feature","geometry":{"type":"Point","coordinates":[-70.19978,41.67211]},"properties":{"d":"2024-06"}},{"type":"Feature","geometry":{"type":"Point","coordinates":[-70.19851,41.67056]},"properties":{"d":"2024-02"}},{"type":"Feature","geometry":{"type":"Point","coordinates":[-70.19925,41.67056]},"properties":{"d":"2024-06"}},{"type":"Feature","geometry":{"type":"Point","coordinates":[-70.20377,41.67248]},"properties":{"d":"2024-06"}},{"type":"Feature","geometry":{"type":"Point","coordinates":[-70.20744,41.67191]},"properties":{"d":"2024-02"}},{"type":"Feature","geometry":{"type":"Point","coordinates":[-70.20725,41.67111]},"properties":{"d":"2024-11"}},{"type":"Feature","geometry":{"type":"Point","coordinates":[-70.20837,41.67419]},"properties":{"d":"2024-06"}},{"type":"Feature","geometry":{"type":"Point","coordinates":[-70.20777,41.67343]},"properties":{"d":"2024-10"}},{"type":"Feature","geometry":{"type":"Point","coordinates":[-70.20782,41.67369]},"properties":{"d":"2023-11"}},{"type":"Feature","geometry":{"type":"Point","coordinates":[-70.20306,41.6738]},"properties":{"d":"2024-01"}},{"type":"Feature","geometry":{"type":"Point","coordinates":[-70.2014,41.6739]},"properties":{"d":"2024-05"}},{"type":"Feature","geometry":{"type":"Point","coordinates":[-70.20082,41.67362]},"properties":{"d":"2023-12"}},{"type":"Feature","geometry":{"type":"Point","coordinates":[-70.18744,41.6701]},"properties":{"d":"2024-05"}},{"type":"Feature","geometry":{"type":"Point","coordinates":[-70.18671,41.66888]},"properties":{"d":"2024-12"}},{"type":"Feature","geometry":{"type":"Point","coordinates":[-70.18727,41.66894]},"properties":{"d":"2024-07"}},{"type":"Feature","geometry":{"type":"Point","coordinates":[-70.18836,41.66888]},"properties":{"d":"2024-12"}},{"type":"Feature","geometry":{"type":"Point","coordinates":[-70.18886,41.66957]},"properties":{"d":"2024-02"}},{"type":"Feature","geometry":{"type":"Point","coordinates":[-70.18922,41.66883]},"properties":{"d":"2024-06"}},{"type":"Feature","geometry":{"type":"Point","coordinates":[-70.19031,41.66854]},"properties":{"d":"2024-07"}},{"type":"Feature","geometry":{"type":"Point","coordinates":[-70.1912,41.66862]},"properties":{"d":"2024-08"}},{"type":"Feature","geometry":{"type":"Point","coordinates":[-70.19088,41.66919]},"properties":{"d":"2024-05"}},{"type":"Feature","geometry":{"type":"Point","coordinates":[-70.18946,41.66973]},"properties":{"d":"2024-11"}},{"type":"Feature","geometry":{"type":"Point","coordinates":[-70.18822,41.67034]},"properties":{"d":"2024-07"}},{"type":"Feature","geometry":{"type":"Point","coordinates":[-70.18893,41.67023]},"properties":{"d":"2024-06"}},{"type":"Feature","geometry":{"type":"Point","coordinates":[-70.18916,41.67051]},"properties":{"d":"2024-11"}},{"type":"Feature","geometry":{"type":"Point","coordinates":[-70.18866,41.67092]},"properties":{"d":"2024-07"}},{"type":"Feature","geometry":{"type":"Point","coordinates":[-70.18932,41.6707]},"properties":{"d":"2024-07"}},{"type":"Feature","geometry":{"type":"Point","coordinates":[-70.19001,41.67206]},"properties":{"d":"2024-08"}},{"type":"Feature","geometry":{"type":"Point","coordinates":[-70.19027,41.66964]},"properties":{"d":"2024-04"}},{"type":"Feature","geometry":{"type":"Point","coordinates":[-70.19091,41.67042]},"properties":{"d":"2024-02"}},{"type":"Feature","geometry":{"type":"Point","coordinates":[-70.19059,41.66958]},"properties":{"d":"2024-12"}},{"type":"Feature","geometry":{"type":"Point","coordinates":[-70.19674,41.66893]},"properties":{"d":"2024-07"}},{"type":"Feature","geometry":{"type":"Point","coordinates":[-70.1895,41.67224]},"properties":{"d":"2024-03"}},{"type":"Feature","geometry":{"type":"Point","coordinates":[-70.19309,41.66872]},"properties":{"d":"2024-12"}},{"type":"Feature","geometry":{"type":"Point","coordinates":[-70.19334,41.66888]},"properties":{"d":"2023-10"}},{"type":"Feature","geometry":{"type":"Point","coordinates":[-70.19245,41.67231]},"properties":{"d":"2023-11"}},{"type":"Feature","geometry":{"type":"Point","coordinates":[-70.19601,41.66924]},"properties":{"d":"2024-08"}},{"type":"Feature","geometry":{"type":"Point","coordinates":[-70.19606,41.67383]},"properties":{"d":"2024-07"}},{"type":"Feature","geometry":{"type":"Point","coordinates":[-70.18406,41.67051]},"properties":{"d":"2024-10"}},{"type":"Feature","geometry":{"type":"Point","coordinates":[-70.18342,41.66956]},"properties":{"d":"2024-02"}},{"type":"Feature","geometry":{"type":"Point","coordinates":[-70.18566,41.67119]},"properties":{"d":"2024-10"}},{"type":"Feature","geometry":{"type":"Point","coordinates":[-70.18499,41.67216]},"properties":{"d":"2024-05"}},{"type":"Feature","geometry":{"type":"Point","coordinates":[-70.18303,41.67356]},"properties":{"d":"2024-12"}},{"type":"Feature","geometry":{"type":"Point","coordinates":[-70.18361,41.6735]},"properties":{"d":"2024-05"}},{"type":"Feature","geometry":{"type":"Point","coordinates":[-70.18429,41.67111]},"properties":{"d":"2023-12"}},{"type":"Feature","geometry":{"type":"Point","coordinates":[-70.18013,41.67197]},"properties":{"d":"2024-04"}},{"type":"Feature","geometry":{"type":"Point","coordinates":[-70.18147,41.67139]},"properties":{"d":"2024-10"}},{"type":"Feature","geometry":{"type":"Point","coordinates":[-70.18112,41.67098]},"properties":{"d":"2024-10"}},{"type":"Feature","geometry":{"type":"Point","coordinates":[-70.18253,41.67072]},"properties":{"d":"2024-11"}},{"type":"Feature","geometry":{"type":"Point","coordinates":[-70.24808,41.67741]},"properties":{"d":"2024-12"}},{"type":"Feature","geometry":{"type":"Point","coordinates":[-70.24638,41.67718]},"properties":{"d":"2023-09"}},{"type":"Feature","geometry":{"type":"Point","coordinates":[-70.24732,41.67732]},"properties":{"d":"2023-09"}},{"type":"Feature","geometry":{"type":"Point","coordinates":[-70.24336,41.67609]},"properties":{"d":"2024-08"}},{"type":"Feature","geometry":{"type":"Point","coordinates":[-70.23082,41.67566]},"properties":{"d":"2024-08"}},{"type":"Feature","geometry":{"type":"Point","coordinates":[-70.23059,41.67786]},"properties":{"d":"2024-10"}},{"type":"Feature","geometry":{"type":"Point","coordinates":[-70.23177,41.67516]},"properties":{"d":"2024-07"}},{"type":"Feature","geometry":{"type":"Point","coordinates":[-70.22123,41.67718]},"properties":{"d":"2024-12"}},{"type":"Feature","geometry":{"type":"Point","coordinates":[-70.22123,41.67667]},"properties":{"d":"2024-08"}},{"type":"Feature","geometry":{"type":"Point","coordinates":[-70.22156,41.67594]},"properties":{"d":"2024-08"}},{"type":"Feature","geometry":{"type":"Point","coordinates":[-70.22078,41.6752]},"properties":{"d":"2025-05"}},{"type":"Feature","geometry":{"type":"Point","coordinates":[-70.22205,41.67518]},"properties":{"d":"2023-09"}},{"type":"Feature","geometry":{"type":"Point","coordinates":[-70.2296,41.67543]},"properties":{"d":"2024-09"}},{"type":"Feature","geometry":{"type":"Point","coordinates":[-70.22425,41.67691]},"properties":{"d":"2024-11"}},{"type":"Feature","geometry":{"type":"Point","coordinates":[-70.22418,41.67815]},"properties":{"d":"2023-11"}},{"type":"Feature","geometry":{"type":"Point","coordinates":[-70.22325,41.6777]},"properties":{"d":"2023-09"}},{"type":"Feature","geometry":{"type":"Point","coordinates":[-70.22413,41.6776]},"properties":{"d":"2024-12"}},{"type":"Feature","geometry":{"type":"Point","coordinates":[-70.22311,41.67702]},"properties":{"d":"2023-11"}},{"type":"Feature","geometry":{"type":"Point","coordinates":[-70.22315,41.67945]},"properties":{"d":"2024-10"}},{"type":"Feature","geometry":{"type":"Point","coordinates":[-70.2275,41.67788]},"properties":{"d":"2023-11"}},{"type":"Feature","geometry":{"type":"Point","coordinates":[-70.22604,41.67798]},"properties":{"d":"2024-10"}},{"type":"Feature","geometry":{"type":"Point","coordinates":[-70.22513,41.67706]},"properties":{"d":"2023-12"}},{"type":"Feature","geometry":{"type":"Point","coordinates":[-70.22697,41.67695]},"properties":{"d":"2024-04"}},{"type":"Feature","geometry":{"type":"Point","coordinates":[-70.225,41.67662]},"properties":{"d":"2024-05"}},{"type":"Feature","geometry":{"type":"Point","coordinates":[-70.22374,41.67594]},"properties":{"d":"2024-04"}},{"type":"Feature","geometry":{"type":"Point","coordinates":[-70.22333,41.67475]},"properties":{"d":"2024-05"}},{"type":"Feature","geometry":{"type":"Point","coordinates":[-70.2235,41.67448]},"properties":{"d":"2023-12"}},{"type":"Feature","geometry":{"type":"Point","coordinates":[-70.22428,41.67534]},"properties":{"d":"2023-11"}},{"type":"Feature","geometry":{"type":"Point","coordinates":[-70.22669,41.67484]},"properties":{"d":"2023-09"}},{"type":"Feature","geometry":{"type":"Point","coordinates":[-70.22898,41.67721]},"properties":{"d":"2024-07"}},{"type":"Feature","geometry":{"type":"Point","coordinates":[-70.22582,41.67934]},"properties":{"d":"2024-04"}},{"type":"Feature","geometry":{"type":"Point","coordinates":[-70.22544,41.67941]},"properties":{"d":"2024-02"}},{"type":"Feature","geometry":{"type":"Point","coordinates":[-70.22879,41.67524]},"properties":{"d":"2023-12"}},{"type":"Feature","geometry":{"type":"Point","coordinates":[-70.22814,41.675]},"properties":{"d":"2023-09"}},{"type":"Feature","geometry":{"type":"Point","coordinates":[-70.22218,41.67896]},"properties":{"d":"2024-11"}},{"type":"Feature","geometry":{"type":"Point","coordinates":[-70.22209,41.6783]},"properties":{"d":"2024-06"}},{"type":"Feature","geometry":{"type":"Point","coordinates":[-70.22013,41.67953]},"properties":{"d":"2024-10"}},{"type":"Feature","geometry":{"type":"Point","coordinates":[-70.21029,41.67874]},"properties":{"d":"2023-12"}},{"type":"Feature","geometry":{"type":"Point","coordinates":[-70.2114,41.67861]},"properties":{"d":"2024-09"}},{"type":"Feature","geometry":{"type":"Point","coordinates":[-70.21011,41.67721]},"properties":{"d":"2024-08"}},{"type":"Feature","geometry":{"type":"Point","coordinates":[-70.21201,41.67581]},"properties":{"d":"2024-02"}},{"type":"Feature","geometry":{"type":"Point","coordinates":[-70.2113,41.67504]},"properties":{"d":"2024-10"}},{"type":"Feature","geometry":{"type":"Point","coordinates":[-70.20905,41.67462]},"properties":{"d":"2024-12"}},{"type":"Feature","geometry":{"type":"Point","coordinates":[-70.21485,41.67616]},"properties":{"d":"2024-03"}},{"type":"Feature","geometry":{"type":"Point","coordinates":[-70.21011,41.67477]},"properties":{"d":"2023-12"}},{"type":"Feature","geometry":{"type":"Point","coordinates":[-70.21048,41.67443]},"properties":{"d":"2023-12"}},{"type":"Feature","geometry":{"type":"Point","coordinates":[-70.21266,41.67511]},"properties":{"d":"2024-03"}},{"type":"Feature","geometry":{"type":"Point","coordinates":[-70.21437,41.67676]},"properties":{"d":"2024-06"}},{"type":"Feature","geometry":{"type":"Point","coordinates":[-70.21247,41.67938]},"properties":{"d":"2023-09"}},{"type":"Feature","geometry":{"type":"Point","coordinates":[-70.20885,41.67892]},"properties":{"d":"2023-11"}},{"type":"Feature","geometry":{"type":"Point","coordinates":[-70.20122,41.67896]},"properties":{"d":"2024-08"}},{"type":"Feature","geometry":{"type":"Point","coordinates":[-70.19957,41.67873]},"properties":{"d":"2024-06"}},{"type":"Feature","geometry":{"type":"Point","coordinates":[-70.20004,41.67866]},"properties":{"d":"2024-08"}},{"type":"Feature","geometry":{"type":"Point","coordinates":[-70.20087,41.67856]},"properties":{"d":"2024-02"}},{"type":"Feature","geometry":{"type":"Point","coordinates":[-70.19864,41.67733]},"properties":{"d":"2024-09"}},{"type":"Feature","geometry":{"type":"Point","coordinates":[-70.20757,41.67639]},"properties":{"d":"2024-05"}},{"type":"Feature","geometry":{"type":"Point","coordinates":[-70.19779,41.67673]},"properties":{"d":"2023-11"}},{"type":"Feature","geometry":{"type":"Point","coordinates":[-70.19868,41.67676]},"properties":{"d":"2024-05"}},{"type":"Feature","geometry":{"type":"Point","coordinates":[-70.19955,41.67553]},"properties":{"d":"2024-08"}},{"type":"Feature","geometry":{"type":"Point","coordinates":[-70.1992,41.67529]},"properties":{"d":"2024-10"}},{"type":"Feature","geometry":{"type":"Point","coordinates":[-70.19942,41.67478]},"properties":{"d":"2024-07"}},{"type":"Feature","geometry":{"type":"Point","coordinates":[-70.20756,41.67758]},"properties":{"d":"2024-09"}},{"type":"Feature","geometry":{"type":"Point","coordinates":[-70.19811,41.67464]},"properties":{"d":"2024-05"}},{"type":"Feature","geometry":{"type":"Point","coordinates":[-70.2,41.67467]},"properties":{"d":"2024-07"}},{"type":"Feature","geometry":{"type":"Point","coordinates":[-70.20284,41.67725]},"properties":{"d":"2024-05"}},{"type":"Feature","geometry":{"type":"Point","coordinates":[-70.20327,41.67719]},"properties":{"d":"2023-11"}},{"type":"Feature","geometry":{"type":"Point","coordinates":[-70.20311,41.6766]},"properties":{"d":"2024-10"}},{"type":"Feature","geometry":{"type":"Point","coordinates":[-70.20258,41.67437]},"properties":{"d":"2023-10"}},{"type":"Feature","geometry":{"type":"Point","coordinates":[-70.2042,41.67444]},"properties":{"d":"2024-01"}},{"type":"Feature","geometry":{"type":"Point","coordinates":[-70.20481,41.6743]},"properties":{"d":"2024-08"}},{"type":"Feature","geometry":{"type":"Point","coordinates":[-70.20486,41.67519]},"properties":{"d":"2024-06"}},{"type":"Feature","geometry":{"type":"Point","coordinates":[-70.20347,41.6758]},"properties":{"d":"2024-05"}},{"type":"Feature","geometry":{"type":"Point","coordinates":[-70.20686,41.67882]},"properties":{"d":"2023-12"}},{"type":"Feature","geometry":{"type":"Point","coordinates":[-70.2067,41.6782]},"properties":{"d":"2023-09"}},{"type":"Feature","geometry":{"type":"Point","coordinates":[-70.2062,41.67641]},"properties":{"d":"2024-09"}},{"type":"Feature","geometry":{"type":"Point","coordinates":[-70.20592,41.67701]},"properties":{"d":"2023-10"}},{"type":"Feature","geometry":{"type":"Point","coordinates":[-70.20643,41.67885]},"properties":{"d":"2023-10"}},{"type":"Feature","geometry":{"type":"Point","coordinates":[-70.20631,41.67971]},"properties":{"d":"2024-07"}},{"type":"Feature","geometry":{"type":"Point","coordinates":[-70.20549,41.67765]},"properties":{"d":"2024-10"}},{"type":"Feature","geometry":{"type":"Point","coordinates":[-70.20469,41.67637]},"properties":{"d":"2024-10"}},{"type":"Feature","geometry":{"type":"Point","coordinates":[-70.20514,41.678]},"properties":{"d":"2023-12"}},{"type":"Feature","geometry":{"type":"Point","coordinates":[-70.19183,41.67422]},"properties":{"d":"2023-09"}},{"type":"Feature","geometry":{"type":"Point","coordinates":[-70.19298,41.67481]},"properties":{"d":"2024-03"}},{"type":"Feature","geometry":{"type":"Point","coordinates":[-70.19393,41.67426]},"properties":{"d":"2024-11"}},{"type":"Feature","geometry":{"type":"Point","coordinates":[-70.19435,41.67449]},"properties":{"d":"2024-01"}},{"type":"Feature","geometry":{"type":"Point","coordinates":[-70.19582,41.67563]},"properties":{"d":"2024-07"}},{"type":"Feature","geometry":{"type":"Point","coordinates":[-70.19085,41.67922]},"properties":{"d":"2024-12"}},{"type":"Feature","geometry":{"type":"Point","coordinates":[-70.19023,41.67885]},"properties":{"d":"2023-12"}},{"type":"Feature","geometry":{"type":"Point","coordinates":[-70.18931,41.6765]},"properties":{"d":"2024-04"}},{"type":"Feature","geometry":{"type":"Point","coordinates":[-70.1895,41.67731]},"properties":{"d":"2024-11"}},{"type":"Feature","geometry":{"type":"Point","coordinates":[-70.18876,41.67796]},"properties":{"d":"2024-08"}},{"type":"Feature","geometry":{"type":"Point","coordinates":[-70.18829,41.67815]},"properties":{"d":"2024-05"}},{"type":"Feature","geometry":{"type":"Point","coordinates":[-70.18802,41.67697]},"properties":{"d":"2024-12"}},{"type":"Feature","geometry":{"type":"Point","coordinates":[-70.19721,41.6743]},"properties":{"d":"2023-09"}},{"type":"Feature","geometry":{"type":"Point","coordinates":[-70.17875,41.67898]},"properties":{"d":"2024-11"}},{"type":"Feature","geometry":{"type":"Point","coordinates":[-70.18032,41.6772]},"properties":{"d":"2023-09"}},{"type":"Feature","geometry":{"type":"Point","coordinates":[-70.18358,41.6746]},"properties":{"d":"2023-09"}},{"type":"Feature","geometry":{"type":"Point","coordinates":[-70.18238,41.6774]},"properties":{"d":"2023-09"}},{"type":"Feature","geometry":{"type":"Point","coordinates":[-70.18007,41.67904]},"properties":{"d":"2024-05"}},{"type":"Feature","geometry":{"type":"Point","coordinates":[-70.17982,41.67881]},"properties":{"d":"2024-10"}},{"type":"Feature","geometry":{"type":"Point","coordinates":[-70.17448,41.67646]},"properties":{"d":"2023-09"}},{"type":"Feature","geometry":{"type":"Point","coordinates":[-70.17461,41.67715]},"properties":{"d":"2024-02"}},{"type":"Feature","geometry":{"type":"Point","coordinates":[-70.17379,41.67884]},"properties":{"d":"2024-04"}},{"type":"Feature","geometry":{"type":"Point","coordinates":[-70.17235,41.67644]},"properties":{"d":"2023-10"}},{"type":"Feature","geometry":{"type":"Point","coordinates":[-70.22028,41.68117]},"properties":{"d":"2024-06"}},{"type":"Feature","geometry":{"type":"Point","coordinates":[-70.22039,41.68017]},"properties":{"d":"2023-09"}},{"type":"Feature","geometry":{"type":"Point","coordinates":[-70.22211,41.68085]},"properties":{"d":"2023-12"}},{"type":"Feature","geometry":{"type":"Point","coordinates":[-70.22255,41.6813]},"properties":{"d":"2024-12"}},{"type":"Feature","geometry":{"type":"Point","coordinates":[-70.22317,41.68201]},"properties":{"d":"2024-08"}},{"type":"Feature","geometry":{"type":"Point","coordinates":[-70.2234,41.68107]},"properties":{"d":"2024-09"}},{"type":"Feature","geometry":{"type":"Point","coordinates":[-70.22325,41.68013]},"properties":{"d":"2024-12"}},{"type":"Feature","geometry":{"type":"Point","coordinates":[-70.22441,41.68185]},"properties":{"d":"2024-12"}},{"type":"Feature","geometry":{"type":"Point","coordinates":[-70.22739,41.68061]},"properties":{"d":"2023-12"}},{"type":"Feature","geometry":{"type":"Point","coordinates":[-70.2285,41.68128]},"properties":{"d":"2023-10"}},{"type":"Feature","geometry":{"type":"Point","coordinates":[-70.22832,41.683]},"properties":{"d":"2024-05"}},{"type":"Feature","geometry":{"type":"Point","coordinates":[-70.22625,41.68298]},"properties":{"d":"2024-07"}},{"type":"Feature","geometry":{"type":"Point","coordinates":[-70.22329,41.68334]},"properties":{"d":"2024-07"}},{"type":"Feature","geometry":{"type":"Point","coordinates":[-70.22108,41.6833]},"properties":{"d":"2024-12"}},{"type":"Feature","geometry":{"type":"Point","coordinates":[-70.22072,41.68183]},"properties":{"d":"2024-06"}},{"type":"Feature","geometry":{"type":"Point","coordinates":[-70.22037,41.68157]},"properties":{"d":"2023-10"}},{"type":"Feature","geometry":{"type":"Point","coordinates":[-70.21002,41.68312]},"properties":{"d":"2024-04"}},{"type":"Feature","geometry":{"type":"Point","coordinates":[-70.21014,41.68367]},"properties":{"d":"2024-07"}},{"type":"Feature","geometry":{"type":"Point","coordinates":[-70.21187,41.68015]},"properties":{"d":"2023-11"}},{"type":"Feature","geometry":{"type":"Point","coordinates":[-70.21196,41.68058]},"properties":{"d":"2024-09"}},{"type":"Feature","geometry":{"type":"Point","coordinates":[-70.21203,41.68089]},"properties":{"d":"2024-12"}},{"type":"Feature","geometry":{"type":"Point","coordinates":[-70.21333,41.68211]},"properties":{"d":"2024-03"}},{"type":"Feature","geometry":{"type":"Point","coordinates":[-70.21345,41.68267]},"properties":{"d":"2023-09"}},{"type":"Feature","geometry":{"type":"Point","coordinates":[-70.21383,41.68282]},"properties":{"d":"2024-01"}},{"type":"Feature","geometry":{"type":"Point","coordinates":[-70.21425,41.6831]},"properties":{"d":"2024-04"}},{"type":"Feature","geometry":{"type":"Point","coordinates":[-70.20885,41.68203]},"properties":{"d":"2024-01"}},{"type":"Feature","geometry":{"type":"Point","coordinates":[-70.20907,41.68311]},"properties":{"d":"2023-09"}},{"type":"Feature","geometry":{"type":"Point","coordinates":[-70.20911,41.68332]},"properties":{"d":"2024-06"}},{"type":"Feature","geometry":{"type":"Point","coordinates":[-70.20916,41.68371]},"properties":{"d":"2024-10"}},{"type":"Feature","geometry":{"type":"Point","coordinates":[-70.20955,41.6835]},"properties":{"d":"2024-02"}},{"type":"Feature","geometry":{"type":"Point","coordinates":[-70.20385,41.68176]},"properties":{"d":"2024-06"}},{"type":"Feature","geometry":{"type":"Point","coordinates":[-70.20346,41.68418]},"properties":{"d":"2024-10"}},{"type":"Feature","geometry":{"type":"Point","coordinates":[-70.20235,41.68439]},"properties":{"d":"2024-01"}},{"type":"Feature","geometry":{"type":"Point","coordinates":[-70.20119,41.68439]},"properties":{"d":"2024-06"}},{"type":"Feature","geometry":{"type":"Point","coordinates":[-70.20034,41.68378]},"properties":{"d":"2024-03"}},{"type":"Feature","geometry":{"type":"Point","coordinates":[-70.20465,41.68234]},"properties":{"d":"2023-12"}},{"type":"Feature","geometry":{"type":"Point","coordinates":[-70.20055,41.68125]},"properties":{"d":"2024-09"}},{"type":"Feature","geometry":{"type":"Point","coordinates":[-70.2008,41.68255]},"properties":{"d":"2024-09"}},{"type":"Feature","geometry":{"type":"Point","coordinates":[-70.2023,41.68369]},"properties":{"d":"2024-03"}},{"type":"Feature","geometry":{"type":"Point","coordinates":[-70.20556,41.68299]},"properties":{"d":"2024-05"}},{"type":"Feature","geometry":{"type":"Point","coordinates":[-70.20608,41.68336]},"properties":{"d":"2023-09"}},{"type":"Feature","geometry":{"type":"Point","coordinates":[-70.20419,41.68373]},"properties":{"d":"2024-03"}},{"type":"Feature","geometry":{"type":"Point","coordinates":[-70.20285,41.68278]},"properties":{"d":"2024-05"}},{"type":"Feature","geometry":{"type":"Point","coordinates":[-70.20781,41.68361]},"properties":{"d":"2023-12"}},{"type":"Feature","geometry":{"type":"Point","coordinates":[-70.20418,41.68269]},"properties":{"d":"2024-11"}},{"type":"Feature","geometry":{"type":"Point","coordinates":[-70.20417,41.67973]},"properties":{"d":"2024-07"}},{"type":"Feature","geometry":{"type":"Point","coordinates":[-70.20531,41.68183]},"properties":{"d":"2024-07"}},{"type":"Feature","geometry":{"type":"Point","coordinates":[-70.20802,41.68239]},"properties":{"d":"2023-09"}},{"type":"Feature","geometry":{"type":"Point","coordinates":[-70.20438,41.68132]},"properties":{"d":"2024-01"}},{"type":"Feature","geometry":{"type":"Point","coordinates":[-70.18962,41.68439]},"properties":{"d":"2024-03"}},{"type":"Feature","geometry":{"type":"Point","coordinates":[-70.18906,41.68162]},"properties":{"d":"2024-08"}},{"type":"Feature","geometry":{"type":"Point","coordinates":[-70.19195,41.68388]},"properties":{"d":"2023-10"}},{"type":"Feature","geometry":{"type":"Point","coordinates":[-70.18886,41.68063]},"properties":{"d":"2024-02"}},{"type":"Feature","geometry":{"type":"Point","coordinates":[-70.19003,41.6796]},"properties":{"d":"2024-05"}},{"type":"Feature","geometry":{"type":"Point","coordinates":[-70.19292,41.6826]},"properties":{"d":"2024-06"}},{"type":"Feature","geometry":{"type":"Point","coordinates":[-70.19333,41.68278]},"properties":{"d":"2024-12"}},{"type":"Feature","geometry":{"type":"Point","coordinates":[-70.19563,41.68216]},"properties":{"d":"2024-10"}},{"type":"Feature","geometry":{"type":"Point","coordinates":[-70.19596,41.68312]},"properties":{"d":"2024-06"}},{"type":"Feature","geometry":{"type":"Point","coordinates":[-70.19533,41.68396]},"properties":{"d":"2023-10"}},{"type":"Feature","geometry":{"type":"Point","coordinates":[-70.19288,41.68198]},"properties":{"d":"2024-10"}},{"type":"Feature","geometry":{"type":"Point","coordinates":[-70.19233,41.6846]},"properties":{"d":"2024-04"}},{"type":"Feature","geometry":{"type":"Point","coordinates":[-70.19063,41.68435]},"properties":{"d":"2024-07"}},{"type":"Feature","geometry":{"type":"Point","coordinates":[-70.19107,41.68432]},"properties":{"d":"2024-11"}},{"type":"Feature","geometry":{"type":"Point","coordinates":[-70.25554,41.62809]},"properties":{"d":"2023-10"}},{"type":"Feature","geometry":{"type":"Point","coordinates":[-70.17666,41.68159]},"properties":{"d":"2023-10"}},{"type":"Feature","geometry":{"type":"Point","coordinates":[-70.17863,41.68055]},"properties":{"d":"2024-09"}},{"type":"Feature","geometry":{"type":"Point","coordinates":[-70.176,41.68061]},"properties":{"d":"2023-11"}},{"type":"Feature","geometry":{"type":"Point","coordinates":[-70.182,41.68304]},"properties":{"d":"2024-09"}},{"type":"Feature","geometry":{"type":"Point","coordinates":[-70.17618,41.68262]},"properties":{"d":"2023-10"}},{"type":"Feature","geometry":{"type":"Point","coordinates":[-70.17729,41.68391]},"properties":{"d":"2024-09"}},{"type":"Feature","geometry":{"type":"Point","coordinates":[-70.17637,41.68442]},"properties":{"d":"2024-04"}},{"type":"Feature","geometry":{"type":"Point","coordinates":[-70.17709,41.68426]},"properties":{"d":"2024-12"}},{"type":"Feature","geometry":{"type":"Point","coordinates":[-70.17741,41.68461]},"properties":{"d":"2024-11"}},{"type":"Feature","geometry":{"type":"Point","coordinates":[-70.17658,41.68481]},"properties":{"d":"2024-04"}},{"type":"Feature","geometry":{"type":"Point","coordinates":[-70.17602,41.68378]},"properties":{"d":"2024-12"}},{"type":"Feature","geometry":{"type":"Point","coordinates":[-70.17264,41.68159]},"properties":{"d":"2023-09"}},{"type":"Feature","geometry":{"type":"Point","coordinates":[-70.17404,41.68189]},"properties":{"d":"2024-08"}},{"type":"Feature","geometry":{"type":"Point","coordinates":[-70.17369,41.68203]},"properties":{"d":"2023-12"}},{"type":"Feature","geometry":{"type":"Point","coordinates":[-70.17449,41.68222]},"properties":{"d":"2023-12"}},{"type":"Feature","geometry":{"type":"Point","coordinates":[-70.16684,41.68214]},"properties":{"d":"2024-04"}},{"type":"Feature","geometry":{"type":"Point","coordinates":[-70.16451,41.68329]},"properties":{"d":"2024-01"}},{"type":"Feature","geometry":{"type":"Point","coordinates":[-70.16563,41.68196]},"properties":{"d":"2024-02"}},{"type":"Feature","geometry":{"type":"Point","coordinates":[-70.16512,41.68148]},"properties":{"d":"2024-10"}},{"type":"Feature","geometry":{"type":"Point","coordinates":[-70.16645,41.68037]},"properties":{"d":"2023-09"}},{"type":"Feature","geometry":{"type":"Point","coordinates":[-70.17456,41.68314]},"properties":{"d":"2024-10"}},{"type":"Feature","geometry":{"type":"Point","coordinates":[-70.16726,41.68131]},"properties":{"d":"2024-03"}},{"type":"Feature","geometry":{"type":"Point","coordinates":[-70.16736,41.68153]},"properties":{"d":"2024-10"}},{"type":"Feature","geometry":{"type":"Point","coordinates":[-70.17011,41.68068]},"properties":{"d":"2024-12"}},{"type":"Feature","geometry":{"type":"Point","coordinates":[-70.17013,41.67945]},"properties":{"d":"2023-09"}},{"type":"Feature","geometry":{"type":"Point","coordinates":[-70.17236,41.67938]},"properties":{"d":"2024-05"}},{"type":"Feature","geometry":{"type":"Point","coordinates":[-70.17381,41.67945]},"properties":{"d":"2024-07"}},{"type":"Feature","geometry":{"type":"Point","coordinates":[-70.17355,41.68008]},"properties":{"d":"2023-11"}},{"type":"Feature","geometry":{"type":"Point","coordinates":[-70.17177,41.6801]},"properties":{"d":"2024-07"}},{"type":"Feature","geometry":{"type":"Point","coordinates":[-70.17136,41.68025]},"properties":{"d":"2024-04"}},{"type":"Feature","geometry":{"type":"Point","coordinates":[-70.17096,41.68043]},"properties":{"d":"2024-04"}},{"type":"Feature","geometry":{"type":"Point","coordinates":[-70.17337,41.68239]},"properties":{"d":"2024-11"}},{"type":"Feature","geometry":{"type":"Point","coordinates":[-70.17435,41.68358]},"properties":{"d":"2024-07"}},{"type":"Feature","geometry":{"type":"Point","coordinates":[-70.17449,41.68386]},"properties":{"d":"2024-06"}},{"type":"Feature","geometry":{"type":"Point","coordinates":[-70.17332,41.68403]},"properties":{"d":"2024-08"}},{"type":"Feature","geometry":{"type":"Point","coordinates":[-70.17514,41.68219]},"properties":{"d":"2023-10"}},{"type":"Feature","geometry":{"type":"Point","coordinates":[-70.16929,41.68299]},"properties":{"d":"2023-11"}},{"type":"Feature","geometry":{"type":"Point","coordinates":[-70.16927,41.6823]},"properties":{"d":"2024-01"}},{"type":"Feature","geometry":{"type":"Point","coordinates":[-70.17146,41.68306]},"properties":{"d":"2024-11"}},{"type":"Feature","geometry":{"type":"Point","coordinates":[-70.16332,41.68146]},"properties":{"d":"2023-09"}},{"type":"Feature","geometry":{"type":"Point","coordinates":[-70.16177,41.68436]},"properties":{"d":"2024-07"}},{"type":"Feature","geometry":{"type":"Point","coordinates":[-70.25764,41.69074]},"properties":{"d":"2024-10"}},{"type":"Feature","geometry":{"type":"Point","coordinates":[-70.25871,41.69106]},"properties":{"d":"2024-05"}},{"type":"Feature","geometry":{"type":"Point","coordinates":[-70.26011,41.68982]},"properties":{"d":"2024-09"}},{"type":"Feature","geometry":{"type":"Point","coordinates":[-70.25765,41.69013]},"properties":{"d":"2024-09"}},{"type":"Feature","geometry":{"type":"Point","coordinates":[-70.23052,41.68901]},"properties":{"d":"2023-11"}},{"type":"Feature","geometry":{"type":"Point","coordinates":[-70.22369,41.69058]},"properties":{"d":"2023-09"}},{"type":"Feature","geometry":{"type":"Point","coordinates":[-70.22919,41.6893]},"properties":{"d":"2023-11"}},{"type":"Feature","geometry":{"type":"Point","coordinates":[-70.22913,41.69008]},"properties":{"d":"2024-11"}},{"type":"Feature","geometry":{"type":"Point","coordinates":[-70.20792,41.6899]},"properties":{"d":"2024-01"}},{"type":"Feature","geometry":{"type":"Point","coordinates":[-70.20356,41.68604]},"properties":{"d":"2024-11"}},{"type":"Feature","geometry":{"type":"Point","coordinates":[-70.20391,41.68593]},"properties":{"d":"2024-09"}},{"type":"Feature","geometry":{"type":"Point","coordinates":[-70.19929,41.68732]},"properties":{"d":"2024-12"}},{"type":"Feature","geometry":{"type":"Point","coordinates":[-70.19798,41.68713]},"properties":{"d":"2024-08"}},{"type":"Feature","geometry":{"type":"Point","coordinates":[-70.19771,41.68684]},"properties":{"d":"2024-05"}},{"type":"Feature","geometry":{"type":"Point","coordinates":[-70.19618,41.68791]},"properties":{"d":"2024-10"}},{"type":"Feature","geometry":{"type":"Point","coordinates":[-70.19169,41.6866]},"properties":{"d":"2024-08"}},{"type":"Feature","geometry":{"type":"Point","coordinates":[-70.18997,41.6857]},"properties":{"d":"2024-04"}},{"type":"Feature","geometry":{"type":"Point","coordinates":[-70.19178,41.68524]},"properties":{"d":"2024-04"}},{"type":"Feature","geometry":{"type":"Point","coordinates":[-70.19217,41.68519]},"properties":{"d":"2024-01"}}]}