{"type":"FeatureCollection","features":[{"type":"Feature","geometry":{"type":"Point","coordinates":[-70.46294,41.63711]},"properties":{"d":"2024-11"}},{"type":"Feature","geometry":{"type":"Point","coordinates":[-70.46549,41.63698]},"properties":{"d":"2024-01"}},{"type":"Feature","geometry":{"type":"Point","coordinates":[-70.46649,41.6362]},"properties":{"d":"2024-12"}},{"type":"Feature","geometry":{"type":"Point","coordinates":[-70.46563,41.63337]},"properties":{"d":"2024-07"}},{"type":"Feature","geometry":{"type":"Point","coordinates":[-70.46529,41.63409]},"properties":{"d":"2024-11"}},{"type":"Feature","geometry":{"type":"Point","coordinates":[-70.46647,41.63486]},"properties":{"d":"2024-08"}},{"type":"Feature","geometry":{"type":"Point","coordinates":[-70.46558,41.63588]},"properties":{"d":"2024-01"}},{"type":"Feature","geometry":{"type":"Point","coordinates":[-70.4656,41.63491]},"properties":{"d":"2024-07"}},{"type":"Feature","geometry":{"type":"Point","coordinates":[-70.4651,41.63547]},"properties":{"d":"2024-09"}},{"type":"Feature","geometry":{"type":"Point","coordinates":[-70.46373,41.63636]},"properties":{"d":"2023-12"}},{"type":"Feature","geometry":{"type":"Point","coordinates":[-70.4624,41.63538]},"properties":{"d":"2024-10"}},{"type":"Feature","geometry":{"type":"Point","coordinates":[-70.46205,41.63532]},"properties":{"d":"2023-10"}},{"type":"Feature","geometry":{"type":"Point","coordinates":[-70.46479,41.63443]},"properties":{"d":"2023-12"}},{"type":"Feature","geometry":{"type":"Point","coordinates":[-70.46346,41.63374]},"properties":{"d":"2024-01"}},{"type":"Feature","geometry":{"type":"Point","coordinates":[-70.45953,41.59836]},"properties":{"d":"2023-12"}},{"type":"Feature","geometry":{"type":"Point","coordinates":[-70.45921,41.59805]},"properties":{"d":"2024-04"}},{"type":"Feature","geometry":{"type":"Point","coordinates":[-70.45313,41.595]},"properties":{"d":"2024-01"}},{"type":"Feature","geometry":{"type":"Point","coordinates":[-70.46014,41.60424]},"properties":{"d":"2023-12"}},{"type":"Feature","geometry":{"type":"Point","coordinates":[-70.46029,41.60181]},"properties":{"d":"2024-08"}},{"type":"Feature","geometry":{"type":"Point","coordinates":[-70.4614,41.60241]},"properties":{"d":"2025-07"}},{"type":"Feature","geometry":{"type":"Point","coordinates":[-70.4582,41.60046]},"properties":{"d":"2025-09"}},{"type":"Feature","geometry":{"type":"Point","coordinates":[-70.46018,41.59936]},"properties":{"d":"2024-06"}},{"type":"Feature","geometry":{"type":"Point","coordinates":[-70.45443,41.60967]},"properties":{"d":"2024-12"}},{"type":"Feature","geometry":{"type":"Point","coordinates":[-70.45521,41.60748]},"properties":{"d":"2023-12"}},{"type":"Feature","geometry":{"type":"Point","coordinates":[-70.4557,41.60783]},"properties":{"d":"2024-09"}},{"type":"Feature","geometry":{"type":"Point","coordinates":[-70.45801,41.60562]},"properties":{"d":"2024-09"}},{"type":"Feature","geometry":{"type":"Point","coordinates":[-70.45904,41.60481]},"properties":{"d":"2024-01"}},{"type":"Feature","geometry":{"type":"Point","coordinates":[-70.45944,41.60462]},"properties":{"d":"2024-07"}},{"type":"Feature","geometry":{"type":"Point","coordinates":[-70.46021,41.60488]},"properties":{"d":"2024-06"}},{"type":"Feature","geometry":{"type":"Point","coordinates":[-70.45101,41.60922]},"properties":{"d":"2024-05"}},{"type":"Feature","geometry":{"type":"Point","coordinates":[-70.45288,41.61038]},"properties":{"d":"2024-12"}},{"type":"Feature","geometry":{"type":"Point","coordinates":[-70.45102,41.61233]},"properties":{"d":"2024-06"}},{"type":"Feature","geometry":{"type":"Point","coordinates":[-70.45035,41.61182]},"properties":{"d":"2024-02"}},{"type":"Feature","geometry":{"type":"Point","coordinates":[-70.45205,41.61378]},"properties":{"d":"2024-03"}},{"type":"Feature","geometry":{"type":"Point","coordinates":[-70.45207,41.61407]},"properties":{"d":"2024-08"}},{"type":"Feature","geometry":{"type":"Point","coordinates":[-70.45102,41.61258]},"properties":{"d":"2024-05"}},{"type":"Feature","geometry":{"type":"Point","coordinates":[-70.45143,41.63182]},"properties":{"d":"2024-10"}},{"type":"Feature","geometry":{"type":"Point","coordinates":[-70.45822,41.63495]},"properties":{"d":"2024-01"}},{"type":"Feature","geometry":{"type":"Point","coordinates":[-70.45095,41.63511]},"properties":{"d":"2024-03"}},{"type":"Feature","geometry":{"type":"Point","coordinates":[-70.45269,41.63688]},"properties":{"d":"2024-08"}},{"type":"Feature","geometry":{"type":"Point","coordinates":[-70.45439,41.63756]},"properties":{"d":"2023-09"}},{"type":"Feature","geometry":{"type":"Point","coordinates":[-70.45008,41.65915]},"properties":{"d":"2024-08"}},{"type":"Feature","geometry":{"type":"Point","coordinates":[-70.45073,41.65895]},"properties":{"d":"2024-04"}},{"type":"Feature","geometry":{"type":"Point","coordinates":[-70.45192,41.66316]},"properties":{"d":"2024-06"}},{"type":"Feature","geometry":{"type":"Point","coordinates":[-70.45228,41.66818]},"properties":{"d":"2024-10"}},{"type":"Feature","geometry":{"type":"Point","coordinates":[-70.45083,41.66868]},"properties":{"d":"2024-02"}},{"type":"Feature","geometry":{"type":"Point","coordinates":[-70.44974,41.66863]},"properties":{"d":"2024-11"}},{"type":"Feature","geometry":{"type":"Point","coordinates":[-70.44919,41.66854]},"properties":{"d":"2024-12"}},{"type":"Feature","geometry":{"type":"Point","coordinates":[-70.44957,41.67287]},"properties":{"d":"2024-10"}},{"type":"Feature","geometry":{"type":"Point","coordinates":[-70.44907,41.67139]},"properties":{"d":"2024-04"}},{"type":"Feature","geometry":{"type":"Point","coordinates":[-70.44895,41.59536]},"properties":{"d":"2023-11"}},{"type":"Feature","geometry":{"type":"Point","coordinates":[-70.44933,41.60852]},"properties":{"d":"2024-10"}},{"type":"Feature","geometry":{"type":"Point","coordinates":[-70.44484,41.60956]},"properties":{"d":"2024-03"}},{"type":"Feature","geometry":{"type":"Point","coordinates":[-70.44101,41.60649]},"properties":{"d":"2024-07"}},{"type":"Feature","geometry":{"type":"Point","coordinates":[-70.43997,41.60676]},"properties":{"d":"2025-01"}},{"type":"Feature","geometry":{"type":"Point","coordinates":[-70.43949,41.60762]},"properties":{"d":"2024-09"}},{"type":"Feature","geometry":{"type":"Point","coordinates":[-70.43935,41.60793]},"properties":{"d":"2023-12"}},{"type":"Feature","geometry":{"type":"Point","coordinates":[-70.44202,41.60677]},"properties":{"d":"2024-10"}},{"type":"Feature","geometry":{"type":"Point","coordinates":[-70.44368,41.60651]},"properties":{"d":"2023-12"}},{"type":"Feature","geometry":{"type":"Point","coordinates":[-70.4498,41.60763]},"properties":{"d":"2024-05"}},{"type":"Feature","geometry":{"type":"Point","coordinates":[-70.44755,41.60885]},"properties":{"d":"2023-11"}},{"type":"Feature","geometry":{"type":"Point","coordinates":[-70.44835,41.61164]},"properties":{"d":"2024-12"}},{"type":"Feature","geometry":{"type":"Point","coordinates":[-70.44671,41.613]},"properties":{"d":"2023-10"}},{"type":"Feature","geometry":{"type":"Point","coordinates":[-70.4479,41.61427]},"properties":{"d":"2024-01"}},{"type":"Feature","geometry":{"type":"Point","coordinates":[-70.44765,41.61458]},"properties":{"d":"2023-12"}},{"type":"Feature","geometry":{"type":"Point","coordinates":[-70.44649,41.61473]},"properties":{"d":"2024-10"}},{"type":"Feature","geometry":{"type":"Point","coordinates":[-70.44668,41.61443]},"properties":{"d":"2024-04"}},{"type":"Feature","geometry":{"type":"Point","coordinates":[-70.44424,41.61534]},"properties":{"d":"2024-05"}},{"type":"Feature","geometry":{"type":"Point","coordinates":[-70.44289,41.6148]},"properties":{"d":"2024-04"}},{"type":"Feature","geometry":{"type":"Point","coordinates":[-70.44389,41.61468]},"properties":{"d":"2024-03"}},{"type":"Feature","geometry":{"type":"Point","coordinates":[-70.44313,41.61403]},"properties":{"d":"2024-11"}},{"type":"Feature","geometry":{"type":"Point","coordinates":[-70.44175,41.61408]},"properties":{"d":"2024-03"}},{"type":"Feature","geometry":{"type":"Point","coordinates":[-70.44571,41.61225]},"properties":{"d":"2024-03"}},{"type":"Feature","geometry":{"type":"Point","coordinates":[-70.44598,41.61041]},"properties":{"d":"2023-09"}},{"type":"Feature","geometry":{"type":"Point","coordinates":[-70.4425,41.61048]},"properties":{"d":"2024-09"}},{"type":"Feature","geometry":{"type":"Point","coordinates":[-70.44571,41.61082]},"properties":{"d":"2025-08"}},{"type":"Feature","geometry":{"type":"Point","coordinates":[-70.44645,41.61041]},"properties":{"d":"2024-10"}},{"type":"Feature","geometry":{"type":"Point","coordinates":[-70.44108,41.61211]},"properties":{"d":"2023-10"}},{"type":"Feature","geometry":{"type":"Point","coordinates":[-70.44039,41.61162]},"properties":{"d":"2024-05"}},{"type":"Feature","geometry":{"type":"Point","coordinates":[-70.44363,41.61105]},"properties":{"d":"2024-01"}},{"type":"Feature","geometry":{"type":"Point","coordinates":[-70.44363,41.62027]},"properties":{"d":"2024-04"}},{"type":"Feature","geometry":{"type":"Point","coordinates":[-70.43916,41.62033]},"properties":{"d":"2024-01"}},{"type":"Feature","geometry":{"type":"Point","coordinates":[-70.43902,41.61998]},"properties":{"d":"2024-01"}},{"type":"Feature","geometry":{"type":"Point","coordinates":[-70.43937,41.62009]},"properties":{"d":"2024-09"}},{"type":"Feature","geometry":{"type":"Point","coordinates":[-70.44021,41.61895]},"properties":{"d":"2024-11"}},{"type":"Feature","geometry":{"type":"Point","coordinates":[-70.43954,41.6172]},"properties":{"d":"2023-10"}},{"type":"Feature","geometry":{"type":"Point","coordinates":[-70.44723,41.61803]},"properties":{"d":"2024-05"}},{"type":"Feature","geometry":{"type":"Point","coordinates":[-70.44611,41.6185]},"properties":{"d":"2024-04"}},{"type":"Feature","geometry":{"type":"Point","coordinates":[-70.44482,41.6185]},"properties":{"d":"2024-03"}},{"type":"Feature","geometry":{"type":"Point","coordinates":[-70.44045,41.61567]},"properties":{"d":"2023-12"}},{"type":"Feature","geometry":{"type":"Point","coordinates":[-70.44109,41.6172]},"properties":{"d":"2024-07"}},{"type":"Feature","geometry":{"type":"Point","coordinates":[-70.44132,41.61723]},"properties":{"d":"2024-09"}},{"type":"Feature","geometry":{"type":"Point","coordinates":[-70.445,41.61738]},"properties":{"d":"2024-06"}},{"type":"Feature","geometry":{"type":"Point","coordinates":[-70.44589,41.61743]},"properties":{"d":"2024-09"}},{"type":"Feature","geometry":{"type":"Point","coordinates":[-70.44636,41.61924]},"properties":{"d":"2024-10"}},{"type":"Feature","geometry":{"type":"Point","coordinates":[-70.44251,41.61774]},"properties":{"d":"2024-05"}},{"type":"Feature","geometry":{"type":"Point","coordinates":[-70.4397,41.62593]},"properties":{"d":"2024-10"}},{"type":"Feature","geometry":{"type":"Point","coordinates":[-70.4391,41.62603]},"properties":{"d":"2024-08"}},{"type":"Feature","geometry":{"type":"Point","coordinates":[-70.44034,41.62166]},"properties":{"d":"2024-11"}},{"type":"Feature","geometry":{"type":"Point","coordinates":[-70.4478,41.62224]},"properties":{"d":"2023-09"}},{"type":"Feature","geometry":{"type":"Point","coordinates":[-70.44774,41.6217]},"properties":{"d":"2024-05"}},{"type":"Feature","geometry":{"type":"Point","coordinates":[-70.44913,41.6259]},"properties":{"d":"2024-05"}},{"type":"Feature","geometry":{"type":"Point","coordinates":[-70.44863,41.62563]},"properties":{"d":"2024-11"}},{"type":"Feature","geometry":{"type":"Point","coordinates":[-70.44738,41.62545]},"properties":{"d":"2024-08"}},{"type":"Feature","geometry":{"type":"Point","coordinates":[-70.4466,41.62188]},"properties":{"d":"2024-01"}},{"type":"Feature","geometry":{"type":"Point","coordinates":[-70.4454,41.62418]},"properties":{"d":"2024-12"}},{"type":"Feature","geometry":{"type":"Point","coordinates":[-70.44336,41.62628]},"properties":{"d":"2024-05"}},{"type":"Feature","geometry":{"type":"Point","coordinates":[-70.44787,41.62911]},"properties":{"d":"2023-12"}},{"type":"Feature","geometry":{"type":"Point","coordinates":[-70.44335,41.62869]},"properties":{"d":"2024-09"}},{"type":"Feature","geometry":{"type":"Point","coordinates":[-70.44144,41.62841]},"properties":{"d":"2024-03"}},{"type":"Feature","geometry":{"type":"Point","coordinates":[-70.44596,41.63061]},"properties":{"d":"2024-10"}},{"type":"Feature","geometry":{"type":"Point","coordinates":[-70.44579,41.62956]},"properties":{"d":"2024-09"}},{"type":"Feature","geometry":{"type":"Point","coordinates":[-70.44562,41.62917]},"properties":{"d":"2024-08"}},{"type":"Feature","geometry":{"type":"Point","coordinates":[-70.44631,41.62665]},"properties":{"d":"2024-06"}},{"type":"Feature","geometry":{"type":"Point","coordinates":[-70.44613,41.62816]},"properties":{"d":"2024-01"}},{"type":"Feature","geometry":{"type":"Point","coordinates":[-70.449,41.63086]},"properties":{"d":"2024-03"}},{"type":"Feature","geometry":{"type":"Point","coordinates":[-70.44999,41.62831]},"properties":{"d":"2025-08"}},{"type":"Feature","geometry":{"type":"Point","coordinates":[-70.44831,41.62987]},"properties":{"d":"2023-12"}},{"type":"Feature","geometry":{"type":"Point","coordinates":[-70.45012,41.62713]},"properties":{"d":"2024-06"}},{"type":"Feature","geometry":{"type":"Point","coordinates":[-70.4496,41.63674]},"properties":{"d":"2024-02"}},{"type":"Feature","geometry":{"type":"Point","coordinates":[-70.44917,41.63563]},"properties":{"d":"2024-12"}},{"type":"Feature","geometry":{"type":"Point","coordinates":[-70.44849,41.63527]},"properties":{"d":"2024-09"}},{"type":"Feature","geometry":{"type":"Point","coordinates":[-70.4484,41.63495]},"properties":{"d":"2023-09"}},{"type":"Feature","geometry":{"type":"Point","coordinates":[-70.44684,41.63492]},"properties":{"d":"2023-09"}},{"type":"Feature","geometry":{"type":"Point","coordinates":[-70.44456,41.63543]},"properties":{"d":"2023-11"}},{"type":"Feature","geometry":{"type":"Point","coordinates":[-70.43906,41.64234]},"properties":{"d":"2024-12"}},{"type":"Feature","geometry":{"type":"Point","coordinates":[-70.44846,41.64212]},"properties":{"d":"2023-09"}},{"type":"Feature","geometry":{"type":"Point","coordinates":[-70.44826,41.64185]},"properties":{"d":"2023-11"}},{"type":"Feature","geometry":{"type":"Point","coordinates":[-70.44928,41.64059]},"properties":{"d":"2024-05"}},{"type":"Feature","geometry":{"type":"Point","coordinates":[-70.43944,41.6416]},"properties":{"d":"2024-07"}},{"type":"Feature","geometry":{"type":"Point","coordinates":[-70.44059,41.64104]},"properties":{"d":"2023-12"}},{"type":"Feature","geometry":{"type":"Point","coordinates":[-70.43916,41.64106]},"properties":{"d":"2024-01"}},{"type":"Feature","geometry":{"type":"Point","coordinates":[-70.44226,41.63873]},"properties":{"d":"2023-12"}},{"type":"Feature","geometry":{"type":"Point","coordinates":[-70.43957,41.64029]},"properties":{"d":"2024-09"}},{"type":"Feature","geometry":{"type":"Point","coordinates":[-70.43849,41.64097]},"properties":{"d":"2024-07"}},{"type":"Feature","geometry":{"type":"Point","coordinates":[-70.44145,41.63851]},"properties":{"d":"2024-02"}},{"type":"Feature","geometry":{"type":"Point","coordinates":[-70.4422,41.63752]},"properties":{"d":"2023-11"}},{"type":"Feature","geometry":{"type":"Point","coordinates":[-70.44075,41.6384]},"properties":{"d":"2024-08"}},{"type":"Feature","geometry":{"type":"Point","coordinates":[-70.43915,41.6386]},"properties":{"d":"2024-10"}},{"type":"Feature","geometry":{"type":"Point","coordinates":[-70.44551,41.6444]},"properties":{"d":"2024-01"}},{"type":"Feature","geometry":{"type":"Point","coordinates":[-70.44652,41.64587]},"properties":{"d":"2024-08"}},{"type":"Feature","geometry":{"type":"Point","coordinates":[-70.44537,41.648]},"properties":{"d":"2024-12"}},{"type":"Feature","geometry":{"type":"Point","coordinates":[-70.45049,41.64383]},"properties":{"d":"2023-11"}},{"type":"Feature","geometry":{"type":"Point","coordinates":[-70.45008,41.64445]},"properties":{"d":"2023-09"}},{"type":"Feature","geometry":{"type":"Point","coordinates":[-70.44878,41.64367]},"properties":{"d":"2023-12"}},{"type":"Feature","geometry":{"type":"Point","coordinates":[-70.44961,41.64398]},"properties":{"d":"2024-05"}},{"type":"Feature","geometry":{"type":"Point","coordinates":[-70.43983,41.64573]},"properties":{"d":"2023-09"}},{"type":"Feature","geometry":{"type":"Point","coordinates":[-70.44613,41.64787]},"properties":{"d":"2024-04"}},{"type":"Feature","geometry":{"type":"Point","coordinates":[-70.44253,41.65309]},"properties":{"d":"2024-06"}},{"type":"Feature","geometry":{"type":"Point","coordinates":[-70.44358,41.65185]},"properties":{"d":"2024-03"}},{"type":"Feature","geometry":{"type":"Point","coordinates":[-70.44439,41.65384]},"properties":{"d":"2023-12"}},{"type":"Feature","geometry":{"type":"Point","coordinates":[-70.44492,41.65004]},"properties":{"d":"2024-04"}},{"type":"Feature","geometry":{"type":"Point","coordinates":[-70.44618,41.65229]},"properties":{"d":"2024-05"}},{"type":"Feature","geometry":{"type":"Point","coordinates":[-70.44619,41.65296]},"properties":{"d":"2023-09"}},{"type":"Feature","geometry":{"type":"Point","coordinates":[-70.44699,41.65499]},"properties":{"d":"2023-09"}},{"type":"Feature","geometry":{"type":"Point","coordinates":[-70.44461,41.65598]},"properties":{"d":"2024-06"}},{"type":"Feature","geometry":{"type":"Point","coordinates":[-70.44512,41.65727]},"properties":{"d":"2024-03"}},{"type":"Feature","geometry":{"type":"Point","coordinates":[-70.44318,41.65814]},"properties":{"d":"2023-10"}},{"type":"Feature","geometry":{"type":"Point","coordinates":[-70.44095,41.65567]},"properties":{"d":"2023-09"}},{"type":"Feature","geometry":{"type":"Point","coordinates":[-70.44085,41.65398]},"properties":{"d":"2024-10"}},{"type":"Feature","geometry":{"type":"Point","coordinates":[-70.44244,41.6555]},"properties":{"d":"2024-12"}},{"type":"Feature","geometry":{"type":"Point","coordinates":[-70.44392,41.65676]},"properties":{"d":"2024-05"}},{"type":"Feature","geometry":{"type":"Point","coordinates":[-70.4411,41.66368]},"properties":{"d":"2024-08"}},{"type":"Feature","geometry":{"type":"Point","coordinates":[-70.45021,41.66324]},"properties":{"d":"2023-09"}},{"type":"Feature","geometry":{"type":"Point","coordinates":[-70.44238,41.66085]},"properties":{"d":"2024-03"}},{"type":"Feature","geometry":{"type":"Point","coordinates":[-70.44273,41.65937]},"properties":{"d":"2024-01"}},{"type":"Feature","geometry":{"type":"Point","coordinates":[-70.4433,41.66017]},"properties":{"d":"2024-08"}},{"type":"Feature","geometry":{"type":"Point","coordinates":[-70.44356,41.66101]},"properties":{"d":"2024-06"}},{"type":"Feature","geometry":{"type":"Point","coordinates":[-70.44005,41.66309]},"properties":{"d":"2024-06"}},{"type":"Feature","geometry":{"type":"Point","coordinates":[-70.44801,41.66155]},"properties":{"d":"2024-08"}},{"type":"Feature","geometry":{"type":"Point","coordinates":[-70.44784,41.66846]},"properties":{"d":"2024-12"}},{"type":"Feature","geometry":{"type":"Point","coordinates":[-70.44835,41.66882]},"properties":{"d":"2024-12"}},{"type":"Feature","geometry":{"type":"Point","coordinates":[-70.43834,41.67015]},"properties":{"d":"2024-09"}},{"type":"Feature","geometry":{"type":"Point","coordinates":[-70.43821,41.66896]},"properties":{"d":"2023-11"}},{"type":"Feature","geometry":{"type":"Point","coordinates":[-70.44545,41.67207]},"properties":{"d":"2023-09"}},{"type":"Feature","geometry":{"type":"Point","coordinates":[-70.44419,41.67258]},"properties":{"d":"2023-12"}},{"type":"Feature","geometry":{"type":"Point","coordinates":[-70.44366,41.6744]},"properties":{"d":"2024-05"}},{"type":"Feature","geometry":{"type":"Point","coordinates":[-70.4385,41.67525]},"properties":{"d":"2023-11"}},{"type":"Feature","geometry":{"type":"Point","coordinates":[-70.44192,41.67528]},"properties":{"d":"2024-07"}},{"type":"Feature","geometry":{"type":"Point","coordinates":[-70.44129,41.6748]},"properties":{"d":"2024-05"}},{"type":"Feature","geometry":{"type":"Point","coordinates":[-70.44327,41.6753]},"properties":{"d":"2024-10"}},{"type":"Feature","geometry":{"type":"Point","coordinates":[-70.44395,41.67465]},"properties":{"d":"2024-01"}},{"type":"Feature","geometry":{"type":"Point","coordinates":[-70.44511,41.67404]},"properties":{"d":"2024-12"}},{"type":"Feature","geometry":{"type":"Point","coordinates":[-70.44525,41.67487]},"properties":{"d":"2024-02"}},{"type":"Feature","geometry":{"type":"Point","coordinates":[-70.44646,41.67419]},"properties":{"d":"2024-08"}},{"type":"Feature","geometry":{"type":"Point","coordinates":[-70.44878,41.67322]},"properties":{"d":"2023-12"}},{"type":"Feature","geometry":{"type":"Point","coordinates":[-70.44841,41.67148]},"properties":{"d":"2023-10"}},{"type":"Feature","geometry":{"type":"Point","coordinates":[-70.44189,41.6733]},"properties":{"d":"2024-03"}},{"type":"Feature","geometry":{"type":"Point","coordinates":[-70.43949,41.67429]},"properties":{"d":"2023-10"}},{"type":"Feature","geometry":{"type":"Point","coordinates":[-70.43863,41.67157]},"properties":{"d":"2024-09"}},{"type":"Feature","geometry":{"type":"Point","coordinates":[-70.44486,41.67723]},"properties":{"d":"2024-05"}},{"type":"Feature","geometry":{"type":"Point","coordinates":[-70.44257,41.67928]},"properties":{"d":"2024-06"}},{"type":"Feature","geometry":{"type":"Point","coordinates":[-70.43988,41.68079]},"properties":{"d":"2024-09"}},{"type":"Feature","geometry":{"type":"Point","coordinates":[-70.43907,41.6797]},"properties":{"d":"2024-09"}},{"type":"Feature","geometry":{"type":"Point","coordinates":[-70.43817,41.60849]},"properties":{"d":"2025-01"}},{"type":"Feature","geometry":{"type":"Point","coordinates":[-70.43815,41.60913]},"properties":{"d":"2024-05"}},{"type":"Feature","geometry":{"type":"Point","coordinates":[-70.43463,41.60975]},"properties":{"d":"2024-12"}},{"type":"Feature","geometry":{"type":"Point","coordinates":[-70.43797,41.61009]},"properties":{"d":"2023-12"}},{"type":"Feature","geometry":{"type":"Point","coordinates":[-70.43806,41.60979]},"properties":{"d":"2024-06"}},{"type":"Feature","geometry":{"type":"Point","coordinates":[-70.43794,41.60752]},"properties":{"d":"2024-07"}},{"type":"Feature","geometry":{"type":"Point","coordinates":[-70.43872,41.60755]},"properties":{"d":"2024-07"}},{"type":"Feature","geometry":{"type":"Point","coordinates":[-70.43816,41.61131]},"properties":{"d":"2024-08"}},{"type":"Feature","geometry":{"type":"Point","coordinates":[-70.43796,41.61237]},"properties":{"d":"2024-05"}},{"type":"Feature","geometry":{"type":"Point","coordinates":[-70.43744,41.61474]},"properties":{"d":"2023-11"}},{"type":"Feature","geometry":{"type":"Point","coordinates":[-70.4378,41.61462]},"properties":{"d":"2024-08"}},{"type":"Feature","geometry":{"type":"Point","coordinates":[-70.43627,41.61319]},"properties":{"d":"2024-03"}},{"type":"Feature","geometry":{"type":"Point","coordinates":[-70.43679,41.61293]},"properties":{"d":"2024-07"}},{"type":"Feature","geometry":{"type":"Point","coordinates":[-70.43636,41.61293]},"properties":{"d":"2024-03"}},{"type":"Feature","geometry":{"type":"Point","coordinates":[-70.43669,41.61594]},"properties":{"d":"2024-03"}},{"type":"Feature","geometry":{"type":"Point","coordinates":[-70.43608,41.62077]},"properties":{"d":"2024-11"}},{"type":"Feature","geometry":{"type":"Point","coordinates":[-70.43337,41.61697]},"properties":{"d":"2024-09"}},{"type":"Feature","geometry":{"type":"Point","coordinates":[-70.43576,41.61725]},"properties":{"d":"2024-06"}},{"type":"Feature","geometry":{"type":"Point","coordinates":[-70.43557,41.62117]},"properties":{"d":"2023-10"}},{"type":"Feature","geometry":{"type":"Point","coordinates":[-70.43614,41.6219]},"properties":{"d":"2024-09"}},{"type":"Feature","geometry":{"type":"Point","coordinates":[-70.43703,41.62252]},"properties":{"d":"2024-11"}},{"type":"Feature","geometry":{"type":"Point","coordinates":[-70.43625,41.62297]},"properties":{"d":"2024-06"}},{"type":"Feature","geometry":{"type":"Point","coordinates":[-70.438,41.62608]},"properties":{"d":"2023-10"}},{"type":"Feature","geometry":{"type":"Point","coordinates":[-70.43672,41.62549]},"properties":{"d":"2023-10"}},{"type":"Feature","geometry":{"type":"Point","coordinates":[-70.43166,41.62753]},"properties":{"d":"2024-02"}},{"type":"Feature","geometry":{"type":"Point","coordinates":[-70.43089,41.63136]},"properties":{"d":"2024-05"}},{"type":"Feature","geometry":{"type":"Point","coordinates":[-70.42862,41.63328]},"properties":{"d":"2024-11"}},{"type":"Feature","geometry":{"type":"Point","coordinates":[-70.43168,41.63285]},"properties":{"d":"2024-05"}},{"type":"Feature","geometry":{"type":"Point","coordinates":[-70.43213,41.63346]},"properties":{"d":"2023-11"}},{"type":"Feature","geometry":{"type":"Point","coordinates":[-70.42809,41.63212]},"properties":{"d":"2024-01"}},{"type":"Feature","geometry":{"type":"Point","coordinates":[-70.43726,41.64052]},"properties":{"d":"2024-05"}},{"type":"Feature","geometry":{"type":"Point","coordinates":[-70.43751,41.64081]},"properties":{"d":"2024-01"}},{"type":"Feature","geometry":{"type":"Point","coordinates":[-70.43774,41.64016]},"properties":{"d":"2024-04"}},{"type":"Feature","geometry":{"type":"Point","coordinates":[-70.43642,41.64253]},"properties":{"d":"2024-02"}},{"type":"Feature","geometry":{"type":"Point","coordinates":[-70.43471,41.64226]},"properties":{"d":"2024-07"}},{"type":"Feature","geometry":{"type":"Point","coordinates":[-70.42757,41.64225]},"properties":{"d":"2024-07"}},{"type":"Feature","geometry":{"type":"Point","coordinates":[-70.42783,41.64158]},"properties":{"d":"2024-10"}},{"type":"Feature","geometry":{"type":"Point","coordinates":[-70.4285,41.64025]},"properties":{"d":"2024-01"}},{"type":"Feature","geometry":{"type":"Point","coordinates":[-70.42967,41.64099]},"properties":{"d":"2024-03"}},{"type":"Feature","geometry":{"type":"Point","coordinates":[-70.42874,41.64105]},"properties":{"d":"2023-11"}},{"type":"Feature","geometry":{"type":"Point","coordinates":[-70.42922,41.64009]},"properties":{"d":"2023-09"}},{"type":"Feature","geometry":{"type":"Point","coordinates":[-70.42995,41.63761]},"properties":{"d":"2024-01"}},{"type":"Feature","geometry":{"type":"Point","coordinates":[-70.43106,41.63843]},"properties":{"d":"2024-07"}},{"type":"Feature","geometry":{"type":"Point","coordinates":[-70.43125,41.63808]},"properties":{"d":"2024-01"}},{"type":"Feature","geometry":{"type":"Point","coordinates":[-70.43156,41.63901]},"properties":{"d":"2024-11"}},{"type":"Feature","geometry":{"type":"Point","coordinates":[-70.43058,41.64504]},"properties":{"d":"2024-09"}},{"type":"Feature","geometry":{"type":"Point","coordinates":[-70.42941,41.64492]},"properties":{"d":"2024-04"}},{"type":"Feature","geometry":{"type":"Point","coordinates":[-70.43572,41.64266]},"properties":{"d":"2024-12"}},{"type":"Feature","geometry":{"type":"Point","coordinates":[-70.43725,41.64506]},"properties":{"d":"2024-02"}},{"type":"Feature","geometry":{"type":"Point","coordinates":[-70.43247,41.6477]},"properties":{"d":"2023-10"}},{"type":"Feature","geometry":{"type":"Point","coordinates":[-70.4307,41.64771]},"properties":{"d":"2024-07"}},{"type":"Feature","geometry":{"type":"Point","coordinates":[-70.43697,41.64403]},"properties":{"d":"2024-05"}},{"type":"Feature","geometry":{"type":"Point","coordinates":[-70.43791,41.64617]},"properties":{"d":"2024-02"}},{"type":"Feature","geometry":{"type":"Point","coordinates":[-70.43717,41.64639]},"properties":{"d":"2024-12"}},{"type":"Feature","geometry":{"type":"Point","coordinates":[-70.42855,41.6439]},"properties":{"d":"2024-07"}},{"type":"Feature","geometry":{"type":"Point","coordinates":[-70.42913,41.64898]},"properties":{"d":"2024-04"}},{"type":"Feature","geometry":{"type":"Point","coordinates":[-70.43012,41.64873]},"properties":{"d":"2024-12"}},{"type":"Feature","geometry":{"type":"Point","coordinates":[-70.43097,41.64941]},"properties":{"d":"2023-09"}},{"type":"Feature","geometry":{"type":"Point","coordinates":[-70.43632,41.66401]},"properties":{"d":"2024-10"}},{"type":"Feature","geometry":{"type":"Point","coordinates":[-70.43594,41.66396]},"properties":{"d":"2023-10"}},{"type":"Feature","geometry":{"type":"Point","coordinates":[-70.43423,41.6635]},"properties":{"d":"2024-08"}},{"type":"Feature","geometry":{"type":"Point","coordinates":[-70.43651,41.66335]},"properties":{"d":"2023-10"}},{"type":"Feature","geometry":{"type":"Point","coordinates":[-70.43809,41.66397]},"properties":{"d":"2024-09"}},{"type":"Feature","geometry":{"type":"Point","coordinates":[-70.43151,41.65975]},"properties":{"d":"2024-03"}},{"type":"Feature","geometry":{"type":"Point","coordinates":[-70.43318,41.6611]},"properties":{"d":"2024-01"}},{"type":"Feature","geometry":{"type":"Point","coordinates":[-70.42837,41.6626]},"properties":{"d":"2024-02"}},{"type":"Feature","geometry":{"type":"Point","coordinates":[-70.42829,41.66212]},"properties":{"d":"2024-10"}},{"type":"Feature","geometry":{"type":"Point","coordinates":[-70.42897,41.6615]},"properties":{"d":"2023-09"}},{"type":"Feature","geometry":{"type":"Point","coordinates":[-70.4301,41.66445]},"properties":{"d":"2024-06"}},{"type":"Feature","geometry":{"type":"Point","coordinates":[-70.43489,41.66076]},"properties":{"d":"2023-09"}},{"type":"Feature","geometry":{"type":"Point","coordinates":[-70.43125,41.6681]},"properties":{"d":"2024-12"}},{"type":"Feature","geometry":{"type":"Point","coordinates":[-70.43079,41.6669]},"properties":{"d":"2023-10"}},{"type":"Feature","geometry":{"type":"Point","coordinates":[-70.43595,41.6675]},"properties":{"d":"2023-10"}},{"type":"Feature","geometry":{"type":"Point","coordinates":[-70.43708,41.6693]},"properties":{"d":"2024-01"}},{"type":"Feature","geometry":{"type":"Point","coordinates":[-70.43161,41.67591]},"properties":{"d":"2024-11"}},{"type":"Feature","geometry":{"type":"Point","coordinates":[-70.43753,41.67206]},"properties":{"d":"2024-04"}},{"type":"Feature","geometry":{"type":"Point","coordinates":[-70.43574,41.67206]},"properties":{"d":"2024-01"}},{"type":"Feature","geometry":{"type":"Point","coordinates":[-70.43612,41.67297]},"properties":{"d":"2024-08"}},{"type":"Feature","geometry":{"type":"Point","coordinates":[-70.43598,41.67124]},"properties":{"d":"2023-12"}},{"type":"Feature","geometry":{"type":"Point","coordinates":[-70.42807,41.6706]},"properties":{"d":"2024-06"}},{"type":"Feature","geometry":{"type":"Point","coordinates":[-70.43333,41.67741]},"properties":{"d":"2024-01"}},{"type":"Feature","geometry":{"type":"Point","coordinates":[-70.43404,41.67747]},"properties":{"d":"2024-02"}},{"type":"Feature","geometry":{"type":"Point","coordinates":[-70.43276,41.6765]},"properties":{"d":"2024-10"}},{"type":"Feature","geometry":{"type":"Point","coordinates":[-70.43572,41.6759]},"properties":{"d":"2025-02"}},{"type":"Feature","geometry":{"type":"Point","coordinates":[-70.43317,41.68028]},"properties":{"d":"2024-10"}},{"type":"Feature","geometry":{"type":"Point","coordinates":[-70.431,41.67923]},"properties":{"d":"2024-08"}},{"type":"Feature","geometry":{"type":"Point","coordinates":[-70.43102,41.68039]},"properties":{"d":"2023-11"}},{"type":"Feature","geometry":{"type":"Point","coordinates":[-70.4299,41.67851]},"properties":{"d":"2024-09"}},{"type":"Feature","geometry":{"type":"Point","coordinates":[-70.4297,41.67948]},"properties":{"d":"2023-11"}},{"type":"Feature","geometry":{"type":"Point","coordinates":[-70.42829,41.68065]},"properties":{"d":"2024-12"}},{"type":"Feature","geometry":{"type":"Point","coordinates":[-70.43581,41.67815]},"properties":{"d":"2024-09"}},{"type":"Feature","geometry":{"type":"Point","coordinates":[-70.43624,41.67961]},"properties":{"d":"2024-02"}},{"type":"Feature","geometry":{"type":"Point","coordinates":[-70.43551,41.67907]},"properties":{"d":"2024-05"}},{"type":"Feature","geometry":{"type":"Point","coordinates":[-70.43516,41.68525]},"properties":{"d":"2024-10"}},{"type":"Feature","geometry":{"type":"Point","coordinates":[-70.43792,41.68271]},"properties":{"d":"2024-06"}},{"type":"Feature","geometry":{"type":"Point","coordinates":[-70.43058,41.68327]},"properties":{"d":"2024-10"}},{"type":"Feature","geometry":{"type":"Point","coordinates":[-70.42966,41.68235]},"properties":{"d":"2024-11"}},{"type":"Feature","geometry":{"type":"Point","coordinates":[-70.42954,41.68378]},"properties":{"d":"2024-08"}},{"type":"Feature","geometry":{"type":"Point","coordinates":[-70.42748,41.68258]},"properties":{"d":"2024-08"}},{"type":"Feature","geometry":{"type":"Point","coordinates":[-70.4369,41.6824]},"properties":{"d":"2024-05"}},{"type":"Feature","geometry":{"type":"Point","coordinates":[-70.43515,41.68336]},"properties":{"d":"2023-10"}},{"type":"Feature","geometry":{"type":"Point","coordinates":[-70.43361,41.68421]},"properties":{"d":"2024-09"}},{"type":"Feature","geometry":{"type":"Point","coordinates":[-70.43243,41.68536]},"properties":{"d":"2023-10"}},{"type":"Feature","geometry":{"type":"Point","coordinates":[-70.42881,41.68523]},"properties":{"d":"2024-07"}},{"type":"Feature","geometry":{"type":"Point","coordinates":[-70.4292,41.68487]},"properties":{"d":"2024-05"}},{"type":"Feature","geometry":{"type":"Point","coordinates":[-70.42797,41.6841]},"properties":{"d":"2024-09"}},{"type":"Feature","geometry":{"type":"Point","coordinates":[-70.42738,41.6859]},"properties":{"d":"2024-12"}},{"type":"Feature","geometry":{"type":"Point","coordinates":[-70.43424,41.68681]},"properties":{"d":"2024-04"}},{"type":"Feature","geometry":{"type":"Point","coordinates":[-70.43,41.68807]},"properties":{"d":"2023-09"}},{"type":"Feature","geometry":{"type":"Point","coordinates":[-70.42759,41.68667]},"properties":{"d":"2023-12"}},{"type":"Feature","geometry":{"type":"Point","coordinates":[-70.41826,41.61421]},"properties":{"d":"2024-04"}},{"type":"Feature","geometry":{"type":"Point","coordinates":[-70.41747,41.61202]},"properties":{"d":"2023-10"}},{"type":"Feature","geometry":{"type":"Point","coordinates":[-70.41713,41.61372]},"properties":{"d":"2023-12"}},{"type":"Feature","geometry":{"type":"Point","coordinates":[-70.42211,41.62815]},"properties":{"d":"2023-10"}},{"type":"Feature","geometry":{"type":"Point","coordinates":[-70.42112,41.62988]},"properties":{"d":"2024-12"}},{"type":"Feature","geometry":{"type":"Point","coordinates":[-70.4243,41.6272]},"properties":{"d":"2024-09"}},{"type":"Feature","geometry":{"type":"Point","coordinates":[-70.41923,41.6338]},"properties":{"d":"2024-11"}},{"type":"Feature","geometry":{"type":"Point","coordinates":[-70.41891,41.6334]},"properties":{"d":"2023-10"}},{"type":"Feature","geometry":{"type":"Point","coordinates":[-70.41749,41.63201]},"properties":{"d":"2023-11"}},{"type":"Feature","geometry":{"type":"Point","coordinates":[-70.41899,41.63478]},"properties":{"d":"2024-08"}},{"type":"Feature","geometry":{"type":"Point","coordinates":[-70.41717,41.63311]},"properties":{"d":"2024-11"}},{"type":"Feature","geometry":{"type":"Point","coordinates":[-70.4176,41.63416]},"properties":{"d":"2024-06"}},{"type":"Feature","geometry":{"type":"Point","coordinates":[-70.41656,41.63387]},"properties":{"d":"2024-10"}},{"type":"Feature","geometry":{"type":"Point","coordinates":[-70.4235,41.64115]},"properties":{"d":"2023-09"}},{"type":"Feature","geometry":{"type":"Point","coordinates":[-70.41947,41.63975]},"properties":{"d":"2023-11"}},{"type":"Feature","geometry":{"type":"Point","coordinates":[-70.42386,41.63839]},"properties":{"d":"2024-01"}},{"type":"Feature","geometry":{"type":"Point","coordinates":[-70.4224,41.63875]},"properties":{"d":"2024-06"}},{"type":"Feature","geometry":{"type":"Point","coordinates":[-70.42184,41.63888]},"properties":{"d":"2024-08"}},{"type":"Feature","geometry":{"type":"Point","coordinates":[-70.42048,41.63899]},"properties":{"d":"2024-06"}},{"type":"Feature","geometry":{"type":"Point","coordinates":[-70.41992,41.63733]},"properties":{"d":"2024-09"}},{"type":"Feature","geometry":{"type":"Point","coordinates":[-70.42645,41.64263]},"properties":{"d":"2024-08"}},{"type":"Feature","geometry":{"type":"Point","coordinates":[-70.42447,41.64102]},"properties":{"d":"2024-01"}},{"type":"Feature","geometry":{"type":"Point","coordinates":[-70.41816,41.64089]},"properties":{"d":"2024-07"}},{"type":"Feature","geometry":{"type":"Point","coordinates":[-70.4174,41.63891]},"properties":{"d":"2024-12"}},{"type":"Feature","geometry":{"type":"Point","coordinates":[-70.42578,41.64557]},"properties":{"d":"2024-12"}},{"type":"Feature","geometry":{"type":"Point","coordinates":[-70.41937,41.64334]},"properties":{"d":"2024-12"}},{"type":"Feature","geometry":{"type":"Point","coordinates":[-70.41972,41.64457]},"properties":{"d":"2024-11"}},{"type":"Feature","geometry":{"type":"Point","coordinates":[-70.41848,41.64375]},"properties":{"d":"2024-10"}},{"type":"Feature","geometry":{"type":"Point","coordinates":[-70.41838,41.6434]},"properties":{"d":"2024-10"}},{"type":"Feature","geometry":{"type":"Point","coordinates":[-70.41748,41.64743]},"properties":{"d":"2023-11"}},{"type":"Feature","geometry":{"type":"Point","coordinates":[-70.41999,41.64737]},"properties":{"d":"2023-12"}},{"type":"Feature","geometry":{"type":"Point","coordinates":[-70.42015,41.6457]},"properties":{"d":"2023-09"}},{"type":"Feature","geometry":{"type":"Point","coordinates":[-70.42054,41.64423]},"properties":{"d":"2024-11"}},{"type":"Feature","geometry":{"type":"Point","coordinates":[-70.42086,41.64318]},"properties":{"d":"2024-08"}},{"type":"Feature","geometry":{"type":"Point","coordinates":[-70.4215,41.64443]},"properties":{"d":"2024-10"}},{"type":"Feature","geometry":{"type":"Point","coordinates":[-70.42381,41.64502]},"properties":{"d":"2024-11"}},{"type":"Feature","geometry":{"type":"Point","coordinates":[-70.42314,41.6444]},"properties":{"d":"2024-01"}},{"type":"Feature","geometry":{"type":"Point","coordinates":[-70.42261,41.64416]},"properties":{"d":"2024-10"}},{"type":"Feature","geometry":{"type":"Point","coordinates":[-70.42508,41.64265]},"properties":{"d":"2023-09"}},{"type":"Feature","geometry":{"type":"Point","coordinates":[-70.42529,41.64451]},"properties":{"d":"2024-12"}},{"type":"Feature","geometry":{"type":"Point","coordinates":[-70.41844,41.64986]},"properties":{"d":"2024-06"}},{"type":"Feature","geometry":{"type":"Point","coordinates":[-70.41858,41.64833]},"properties":{"d":"2024-11"}},{"type":"Feature","geometry":{"type":"Point","coordinates":[-70.41907,41.65819]},"properties":{"d":"2024-10"}},{"type":"Feature","geometry":{"type":"Point","coordinates":[-70.41988,41.65753]},"properties":{"d":"2024-12"}},{"type":"Feature","geometry":{"type":"Point","coordinates":[-70.42201,41.65894]},"properties":{"d":"2024-05"}},{"type":"Feature","geometry":{"type":"Point","coordinates":[-70.41968,41.65846]},"properties":{"d":"2023-12"}},{"type":"Feature","geometry":{"type":"Point","coordinates":[-70.42361,41.66362]},"properties":{"d":"2024-11"}},{"type":"Feature","geometry":{"type":"Point","coordinates":[-70.41995,41.6684]},"properties":{"d":"2024-10"}},{"type":"Feature","geometry":{"type":"Point","coordinates":[-70.41963,41.66615]},"properties":{"d":"2024-05"}},{"type":"Feature","geometry":{"type":"Point","coordinates":[-70.41882,41.66541]},"properties":{"d":"2024-03"}},{"type":"Feature","geometry":{"type":"Point","coordinates":[-70.4271,41.66522]},"properties":{"d":"2024-11"}},{"type":"Feature","geometry":{"type":"Point","coordinates":[-70.42673,41.66499]},"properties":{"d":"2024-09"}},{"type":"Feature","geometry":{"type":"Point","coordinates":[-70.42466,41.67004]},"properties":{"d":"2024-05"}},{"type":"Feature","geometry":{"type":"Point","coordinates":[-70.42309,41.66774]},"properties":{"d":"2024-01"}},{"type":"Feature","geometry":{"type":"Point","coordinates":[-70.42192,41.668]},"properties":{"d":"2024-03"}},{"type":"Feature","geometry":{"type":"Point","coordinates":[-70.42328,41.66914]},"properties":{"d":"2024-11"}},{"type":"Feature","geometry":{"type":"Point","coordinates":[-70.42446,41.67414]},"properties":{"d":"2024-12"}},{"type":"Feature","geometry":{"type":"Point","coordinates":[-70.42129,41.67189]},"properties":{"d":"2024-04"}},{"type":"Feature","geometry":{"type":"Point","coordinates":[-70.42522,41.67874]},"properties":{"d":"2024-01"}},{"type":"Feature","geometry":{"type":"Point","coordinates":[-70.42337,41.6789]},"properties":{"d":"2024-02"}},{"type":"Feature","geometry":{"type":"Point","coordinates":[-70.42197,41.67572]},"properties":{"d":"2024-09"}},{"type":"Feature","geometry":{"type":"Point","coordinates":[-70.42139,41.67897]},"properties":{"d":"2024-07"}},{"type":"Feature","geometry":{"type":"Point","coordinates":[-70.41879,41.68087]},"properties":{"d":"2024-03"}},{"type":"Feature","geometry":{"type":"Point","coordinates":[-70.42164,41.68095]},"properties":{"d":"2024-01"}},{"type":"Feature","geometry":{"type":"Point","coordinates":[-70.42398,41.67616]},"properties":{"d":"2024-06"}},{"type":"Feature","geometry":{"type":"Point","coordinates":[-70.42653,41.67761]},"properties":{"d":"2024-01"}},{"type":"Feature","geometry":{"type":"Point","coordinates":[-70.41885,41.68333]},"properties":{"d":"2025-01"}},{"type":"Feature","geometry":{"type":"Point","coordinates":[-70.42654,41.6815]},"properties":{"d":"2024-09"}},{"type":"Feature","geometry":{"type":"Point","coordinates":[-70.42482,41.68112]},"properties":{"d":"2024-09"}},{"type":"Feature","geometry":{"type":"Point","coordinates":[-70.42378,41.68236]},"properties":{"d":"2024-12"}},{"type":"Feature","geometry":{"type":"Point","coordinates":[-70.42288,41.68376]},"properties":{"d":"2023-12"}},{"type":"Feature","geometry":{"type":"Point","coordinates":[-70.4221,41.68298]},"properties":{"d":"2024-05"}},{"type":"Feature","geometry":{"type":"Point","coordinates":[-70.41659,41.6857]},"properties":{"d":"2023-12"}},{"type":"Feature","geometry":{"type":"Point","coordinates":[-70.41678,41.686]},"properties":{"d":"2024-03"}},{"type":"Feature","geometry":{"type":"Point","coordinates":[-70.42526,41.682]},"properties":{"d":"2023-11"}},{"type":"Feature","geometry":{"type":"Point","coordinates":[-70.42419,41.6843]},"properties":{"d":"2024-08"}},{"type":"Feature","geometry":{"type":"Point","coordinates":[-70.42374,41.68485]},"properties":{"d":"2024-03"}},{"type":"Feature","geometry":{"type":"Point","coordinates":[-70.42683,41.68662]},"properties":{"d":"2024-11"}},{"type":"Feature","geometry":{"type":"Point","coordinates":[-70.42345,41.6877]},"properties":{"d":"2024-08"}},{"type":"Feature","geometry":{"type":"Point","coordinates":[-70.41592,41.68682]},"properties":{"d":"2024-01"}},{"type":"Feature","geometry":{"type":"Point","coordinates":[-70.41374,41.61232]},"properties":{"d":"2023-12"}},{"type":"Feature","geometry":{"type":"Point","coordinates":[-70.41572,41.61674]},"properties":{"d":"2024-05"}},{"type":"Feature","geometry":{"type":"Point","coordinates":[-70.41562,41.61514]},"properties":{"d":"2024-08"}},{"type":"Feature","geometry":{"type":"Point","coordinates":[-70.40987,41.61845]},"properties":{"d":"2024-09"}},{"type":"Feature","geometry":{"type":"Point","coordinates":[-70.41338,41.62106]},"properties":{"d":"2024-05"}},{"type":"Feature","geometry":{"type":"Point","coordinates":[-70.41225,41.62086]},"properties":{"d":"2024-08"}},{"type":"Feature","geometry":{"type":"Point","coordinates":[-70.4118,41.62137]},"properties":{"d":"2024-07"}},{"type":"Feature","geometry":{"type":"Point","coordinates":[-70.41131,41.62301]},"properties":{"d":"2024-07"}},{"type":"Feature","geometry":{"type":"Point","coordinates":[-70.41431,41.63077]},"properties":{"d":"2024-12"}},{"type":"Feature","geometry":{"type":"Point","coordinates":[-70.41259,41.62692]},"properties":{"d":"2024-08"}},{"type":"Feature","geometry":{"type":"Point","coordinates":[-70.41563,41.63583]},"properties":{"d":"2023-10"}},{"type":"Feature","geometry":{"type":"Point","coordinates":[-70.41564,41.63353]},"properties":{"d":"2024-03"}},{"type":"Feature","geometry":{"type":"Point","coordinates":[-70.41499,41.63234]},"properties":{"d":"2024-05"}},{"type":"Feature","geometry":{"type":"Point","coordinates":[-70.41304,41.63242]},"properties":{"d":"2024-01"}},{"type":"Feature","geometry":{"type":"Point","coordinates":[-70.40707,41.64103]},"properties":{"d":"2023-11"}},{"type":"Feature","geometry":{"type":"Point","coordinates":[-70.40817,41.64111]},"properties":{"d":"2024-07"}},{"type":"Feature","geometry":{"type":"Point","coordinates":[-70.41603,41.64136]},"properties":{"d":"2023-11"}},{"type":"Feature","geometry":{"type":"Point","coordinates":[-70.41386,41.64434]},"properties":{"d":"2024-08"}},{"type":"Feature","geometry":{"type":"Point","coordinates":[-70.41291,41.64503]},"properties":{"d":"2024-02"}},{"type":"Feature","geometry":{"type":"Point","coordinates":[-70.41643,41.64684]},"properties":{"d":"2023-10"}},{"type":"Feature","geometry":{"type":"Point","coordinates":[-70.41426,41.64707]},"properties":{"d":"2024-06"}},{"type":"Feature","geometry":{"type":"Point","coordinates":[-70.41553,41.64361]},"properties":{"d":"2024-06"}},{"type":"Feature","geometry":{"type":"Point","coordinates":[-70.41598,41.64271]},"properties":{"d":"2024-04"}},{"type":"Feature","geometry":{"type":"Point","coordinates":[-70.41249,41.65287]},"properties":{"d":"2024-07"}},{"type":"Feature","geometry":{"type":"Point","coordinates":[-70.41279,41.65257]},"properties":{"d":"2024-10"}},{"type":"Feature","geometry":{"type":"Point","coordinates":[-70.41202,41.65333]},"properties":{"d":"2024-07"}},{"type":"Feature","geometry":{"type":"Point","coordinates":[-70.41394,41.652]},"properties":{"d":"2024-09"}},{"type":"Feature","geometry":{"type":"Point","coordinates":[-70.40862,41.65312]},"properties":{"d":"2024-07"}},{"type":"Feature","geometry":{"type":"Point","coordinates":[-70.41421,41.65551]},"properties":{"d":"2023-09"}},{"type":"Feature","geometry":{"type":"Point","coordinates":[-70.41191,41.65684]},"properties":{"d":"2023-09"}},{"type":"Feature","geometry":{"type":"Point","coordinates":[-70.41139,41.6581]},"properties":{"d":"2024-01"}},{"type":"Feature","geometry":{"type":"Point","coordinates":[-70.40632,41.65779]},"properties":{"d":"2024-12"}},{"type":"Feature","geometry":{"type":"Point","coordinates":[-70.40631,41.65524]},"properties":{"d":"2024-10"}},{"type":"Feature","geometry":{"type":"Point","coordinates":[-70.40749,41.65553]},"properties":{"d":"2024-11"}},{"type":"Feature","geometry":{"type":"Point","coordinates":[-70.41524,41.65953]},"properties":{"d":"2024-05"}},{"type":"Feature","geometry":{"type":"Point","coordinates":[-70.41383,41.66347]},"properties":{"d":"2024-01"}},{"type":"Feature","geometry":{"type":"Point","coordinates":[-70.41576,41.66352]},"properties":{"d":"2024-01"}},{"type":"Feature","geometry":{"type":"Point","coordinates":[-70.4117,41.66002]},"properties":{"d":"2024-02"}},{"type":"Feature","geometry":{"type":"Point","coordinates":[-70.41488,41.65988]},"properties":{"d":"2023-11"}},{"type":"Feature","geometry":{"type":"Point","coordinates":[-70.41537,41.66661]},"properties":{"d":"2024-09"}},{"type":"Feature","geometry":{"type":"Point","coordinates":[-70.41466,41.66652]},"properties":{"d":"2024-08"}},{"type":"Feature","geometry":{"type":"Point","coordinates":[-70.41121,41.67136]},"properties":{"d":"2024-08"}},{"type":"Feature","geometry":{"type":"Point","coordinates":[-70.40641,41.67307]},"properties":{"d":"2023-10"}},{"type":"Feature","geometry":{"type":"Point","coordinates":[-70.40608,41.68085]},"properties":{"d":"2024-01"}},{"type":"Feature","geometry":{"type":"Point","coordinates":[-70.40966,41.67962]},"properties":{"d":"2024-11"}},{"type":"Feature","geometry":{"type":"Point","coordinates":[-70.41109,41.68522]},"properties":{"d":"2023-10"}},{"type":"Feature","geometry":{"type":"Point","coordinates":[-70.4054,41.71388]},"properties":{"d":"2024-09"}},{"type":"Feature","geometry":{"type":"Point","coordinates":[-70.4079,41.70937]},"properties":{"d":"2024-01"}},{"type":"Feature","geometry":{"type":"Point","coordinates":[-70.40588,41.71679]},"properties":{"d":"2023-09"}},{"type":"Feature","geometry":{"type":"Point","coordinates":[-70.39953,41.60813]},"properties":{"d":"2024-07"}},{"type":"Feature","geometry":{"type":"Point","coordinates":[-70.39684,41.61625]},"properties":{"d":"2023-10"}},{"type":"Feature","geometry":{"type":"Point","coordinates":[-70.40367,41.62462]},"properties":{"d":"2024-01"}},{"type":"Feature","geometry":{"type":"Point","coordinates":[-70.40509,41.62562]},"properties":{"d":"2024-12"}},{"type":"Feature","geometry":{"type":"Point","coordinates":[-70.40135,41.62366]},"properties":{"d":"2024-05"}},{"type":"Feature","geometry":{"type":"Point","coordinates":[-70.4045,41.62292]},"properties":{"d":"2024-11"}},{"type":"Feature","geometry":{"type":"Point","coordinates":[-70.40588,41.62173]},"properties":{"d":"2024-01"}},{"type":"Feature","geometry":{"type":"Point","coordinates":[-70.39899,41.62244]},"properties":{"d":"2024-05"}},{"type":"Feature","geometry":{"type":"Point","coordinates":[-70.40169,41.62246]},"properties":{"d":"2024-05"}},{"type":"Feature","geometry":{"type":"Point","coordinates":[-70.40015,41.63559]},"properties":{"d":"2024-09"}},{"type":"Feature","geometry":{"type":"Point","coordinates":[-70.40464,41.64137]},"properties":{"d":"2024-08"}},{"type":"Feature","geometry":{"type":"Point","coordinates":[-70.39884,41.63741]},"properties":{"d":"2024-12"}},{"type":"Feature","geometry":{"type":"Point","coordinates":[-70.40195,41.63837]},"properties":{"d":"2024-01"}},{"type":"Feature","geometry":{"type":"Point","coordinates":[-70.40515,41.64268]},"properties":{"d":"2024-11"}},{"type":"Feature","geometry":{"type":"Point","coordinates":[-70.40129,41.64349]},"properties":{"d":"2024-01"}},{"type":"Feature","geometry":{"type":"Point","coordinates":[-70.39448,41.64764]},"properties":{"d":"2024-11"}},{"type":"Feature","geometry":{"type":"Point","coordinates":[-70.39582,41.64251]},"properties":{"d":"2023-09"}},{"type":"Feature","geometry":{"type":"Point","coordinates":[-70.39529,41.64459]},"properties":{"d":"2024-08"}},{"type":"Feature","geometry":{"type":"Point","coordinates":[-70.39891,41.65096]},"properties":{"d":"2024-10"}},{"type":"Feature","geometry":{"type":"Point","coordinates":[-70.40591,41.65079]},"properties":{"d":"2024-08"}},{"type":"Feature","geometry":{"type":"Point","coordinates":[-70.39699,41.65202]},"properties":{"d":"2024-10"}},{"type":"Feature","geometry":{"type":"Point","coordinates":[-70.39561,41.65179]},"properties":{"d":"2023-10"}},{"type":"Feature","geometry":{"type":"Point","coordinates":[-70.39445,41.65057]},"properties":{"d":"2024-03"}},{"type":"Feature","geometry":{"type":"Point","coordinates":[-70.39519,41.64885]},"properties":{"d":"2024-03"}},{"type":"Feature","geometry":{"type":"Point","coordinates":[-70.40393,41.65701]},"properties":{"d":"2023-11"}},{"type":"Feature","geometry":{"type":"Point","coordinates":[-70.40362,41.65643]},"properties":{"d":"2023-11"}},{"type":"Feature","geometry":{"type":"Point","coordinates":[-70.40263,41.6563]},"properties":{"d":"2024-09"}},{"type":"Feature","geometry":{"type":"Point","coordinates":[-70.40172,41.65772]},"properties":{"d":"2023-11"}},{"type":"Feature","geometry":{"type":"Point","coordinates":[-70.40129,41.65888]},"properties":{"d":"2024-08"}},{"type":"Feature","geometry":{"type":"Point","coordinates":[-70.40561,41.65954]},"properties":{"d":"2024-08"}},{"type":"Feature","geometry":{"type":"Point","coordinates":[-70.40356,41.66187]},"properties":{"d":"2024-05"}},{"type":"Feature","geometry":{"type":"Point","coordinates":[-70.4036,41.65983]},"properties":{"d":"2024-10"}},{"type":"Feature","geometry":{"type":"Point","coordinates":[-70.40163,41.6616]},"properties":{"d":"2024-04"}},{"type":"Feature","geometry":{"type":"Point","coordinates":[-70.40396,41.66736]},"properties":{"d":"2024-12"}},{"type":"Feature","geometry":{"type":"Point","coordinates":[-70.39933,41.66994]},"properties":{"d":"2024-10"}},{"type":"Feature","geometry":{"type":"Point","coordinates":[-70.40254,41.66835]},"properties":{"d":"2023-09"}},{"type":"Feature","geometry":{"type":"Point","coordinates":[-70.4025,41.6666]},"properties":{"d":"2024-11"}},{"type":"Feature","geometry":{"type":"Point","coordinates":[-70.40205,41.66633]},"properties":{"d":"2024-07"}},{"type":"Feature","geometry":{"type":"Point","coordinates":[-70.39589,41.66845]},"properties":{"d":"2025-06"}},{"type":"Feature","geometry":{"type":"Point","coordinates":[-70.39696,41.66919]},"properties":{"d":"2023-10"}},{"type":"Feature","geometry":{"type":"Point","coordinates":[-70.40285,41.66575]},"properties":{"d":"2024-05"}},{"type":"Feature","geometry":{"type":"Point","coordinates":[-70.40124,41.66576]},"properties":{"d":"2024-10"}},{"type":"Feature","geometry":{"type":"Point","coordinates":[-70.40054,41.66906]},"properties":{"d":"2024-07"}},{"type":"Feature","geometry":{"type":"Point","coordinates":[-70.39963,41.66705]},"properties":{"d":"2024-02"}},{"type":"Feature","geometry":{"type":"Point","coordinates":[-70.39959,41.66676]},"properties":{"d":"2024-05"}},{"type":"Feature","geometry":{"type":"Point","coordinates":[-70.39606,41.66974]},"properties":{"d":"2024-06"}},{"type":"Feature","geometry":{"type":"Point","coordinates":[-70.39714,41.6653]},"properties":{"d":"2024-10"}},{"type":"Feature","geometry":{"type":"Point","coordinates":[-70.40164,41.67426]},"properties":{"d":"2024-03"}},{"type":"Feature","geometry":{"type":"Point","coordinates":[-70.39753,41.67423]},"properties":{"d":"2024-11"}},{"type":"Feature","geometry":{"type":"Point","coordinates":[-70.39613,41.67379]},"properties":{"d":"2024-08"}},{"type":"Feature","geometry":{"type":"Point","coordinates":[-70.40266,41.67094]},"properties":{"d":"2024-08"}},{"type":"Feature","geometry":{"type":"Point","coordinates":[-70.40185,41.67231]},"properties":{"d":"2023-11"}},{"type":"Feature","geometry":{"type":"Point","coordinates":[-70.4018,41.67352]},"properties":{"d":"2024-09"}},{"type":"Feature","geometry":{"type":"Point","coordinates":[-70.40053,41.67074]},"properties":{"d":"2024-07"}},{"type":"Feature","geometry":{"type":"Point","coordinates":[-70.39977,41.67268]},"properties":{"d":"2024-05"}},{"type":"Feature","geometry":{"type":"Point","coordinates":[-70.39884,41.67114]},"properties":{"d":"2024-04"}},{"type":"Feature","geometry":{"type":"Point","coordinates":[-70.39929,41.67424]},"properties":{"d":"2024-08"}},{"type":"Feature","geometry":{"type":"Point","coordinates":[-70.39798,41.67131]},"properties":{"d":"2024-07"}},{"type":"Feature","geometry":{"type":"Point","coordinates":[-70.39826,41.67377]},"properties":{"d":"2024-07"}},{"type":"Feature","geometry":{"type":"Point","coordinates":[-70.39835,41.6741]},"properties":{"d":"2024-07"}},{"type":"Feature","geometry":{"type":"Point","coordinates":[-70.39674,41.67135]},"properties":{"d":"2024-06"}},{"type":"Feature","geometry":{"type":"Point","coordinates":[-70.39884,41.67258]},"properties":{"d":"2024-07"}},{"type":"Feature","geometry":{"type":"Point","coordinates":[-70.4014,41.67205]},"properties":{"d":"2023-12"}},{"type":"Feature","geometry":{"type":"Point","coordinates":[-70.39634,41.67013]},"properties":{"d":"2024-07"}},{"type":"Feature","geometry":{"type":"Point","coordinates":[-70.39685,41.67442]},"properties":{"d":"2024-09"}},{"type":"Feature","geometry":{"type":"Point","coordinates":[-70.40279,41.67908]},"properties":{"d":"2024-06"}},{"type":"Feature","geometry":{"type":"Point","coordinates":[-70.40041,41.68064]},"properties":{"d":"2024-10"}},{"type":"Feature","geometry":{"type":"Point","coordinates":[-70.40121,41.68106]},"properties":{"d":"2024-04"}},{"type":"Feature","geometry":{"type":"Point","coordinates":[-70.40065,41.6787]},"properties":{"d":"2024-10"}},{"type":"Feature","geometry":{"type":"Point","coordinates":[-70.39779,41.67806]},"properties":{"d":"2024-04"}},{"type":"Feature","geometry":{"type":"Point","coordinates":[-70.39544,41.67819]},"properties":{"d":"2024-04"}},{"type":"Feature","geometry":{"type":"Point","coordinates":[-70.39517,41.67688]},"properties":{"d":"2024-08"}},{"type":"Feature","geometry":{"type":"Point","coordinates":[-70.3964,41.67722]},"properties":{"d":"2024-09"}},{"type":"Feature","geometry":{"type":"Point","coordinates":[-70.40024,41.67727]},"properties":{"d":"2024-05"}},{"type":"Feature","geometry":{"type":"Point","coordinates":[-70.40008,41.67547]},"properties":{"d":"2023-10"}},{"type":"Feature","geometry":{"type":"Point","coordinates":[-70.39907,41.67587]},"properties":{"d":"2024-06"}},{"type":"Feature","geometry":{"type":"Point","coordinates":[-70.40377,41.67794]},"properties":{"d":"2023-10"}},{"type":"Feature","geometry":{"type":"Point","coordinates":[-70.40293,41.67695]},"properties":{"d":"2024-09"}},{"type":"Feature","geometry":{"type":"Point","coordinates":[-70.39826,41.678]},"properties":{"d":"2024-07"}},{"type":"Feature","geometry":{"type":"Point","coordinates":[-70.3968,41.68804]},"properties":{"d":"2024-06"}},{"type":"Feature","geometry":{"type":"Point","coordinates":[-70.39713,41.70798]},"properties":{"d":"2024-09"}},{"type":"Feature","geometry":{"type":"Point","coordinates":[-70.40256,41.70993]},"properties":{"d":"2023-10"}},{"type":"Feature","geometry":{"type":"Point","coordinates":[-70.39336,41.71112]},"properties":{"d":"2023-10"}},{"type":"Feature","geometry":{"type":"Point","coordinates":[-70.39823,41.71239]},"properties":{"d":"2023-12"}},{"type":"Feature","geometry":{"type":"Point","coordinates":[-70.39664,41.71175]},"properties":{"d":"2024-10"}},{"type":"Feature","geometry":{"type":"Point","coordinates":[-70.3992,41.70904]},"properties":{"d":"2023-10"}},{"type":"Feature","geometry":{"type":"Point","coordinates":[-70.40082,41.7103]},"properties":{"d":"2024-06"}},{"type":"Feature","geometry":{"type":"Point","coordinates":[-70.39868,41.71066]},"properties":{"d":"2025-07"}},{"type":"Feature","geometry":{"type":"Point","coordinates":[-70.39642,41.71769]},"properties":{"d":"2024-11"}},{"type":"Feature","geometry":{"type":"Point","coordinates":[-70.39793,41.71678]},"properties":{"d":"2024-02"}},{"type":"Feature","geometry":{"type":"Point","coordinates":[-70.40012,41.71777]},"properties":{"d":"2024-07"}},{"type":"Feature","geometry":{"type":"Point","coordinates":[-70.4014,41.71888]},"properties":{"d":"2024-05"}},{"type":"Feature","geometry":{"type":"Point","coordinates":[-70.39731,41.71388]},"properties":{"d":"2024-09"}},{"type":"Feature","geometry":{"type":"Point","coordinates":[-70.40419,41.71546]},"properties":{"d":"2024-09"}},{"type":"Feature","geometry":{"type":"Point","coordinates":[-70.40257,41.71607]},"properties":{"d":"2023-12"}},{"type":"Feature","geometry":{"type":"Point","coordinates":[-70.4021,41.71618]},"properties":{"d":"2023-12"}},{"type":"Feature","geometry":{"type":"Point","coordinates":[-70.39286,41.71637]},"properties":{"d":"2024-08"}},{"type":"Feature","geometry":{"type":"Point","coordinates":[-70.39479,41.72007]},"properties":{"d":"2024-06"}},{"type":"Feature","geometry":{"type":"Point","coordinates":[-70.39378,41.72278]},"properties":{"d":"2024-04"}},{"type":"Feature","geometry":{"type":"Point","coordinates":[-70.39794,41.72158]},"properties":{"d":"2024-03"}},{"type":"Feature","geometry":{"type":"Point","coordinates":[-70.39565,41.72129]},"properties":{"d":"2024-04"}},{"type":"Feature","geometry":{"type":"Point","coordinates":[-70.39616,41.72276]},"properties":{"d":"2023-11"}},{"type":"Feature","geometry":{"type":"Point","coordinates":[-70.39833,41.72237]},"properties":{"d":"2024-08"}},{"type":"Feature","geometry":{"type":"Point","coordinates":[-70.39383,41.60897]},"properties":{"d":"2024-06"}},{"type":"Feature","geometry":{"type":"Point","coordinates":[-70.39363,41.60832]},"properties":{"d":"2024-06"}},{"type":"Feature","geometry":{"type":"Point","coordinates":[-70.39389,41.61296]},"properties":{"d":"2024-03"}},{"type":"Feature","geometry":{"type":"Point","coordinates":[-70.38642,41.61471]},"properties":{"d":"2024-08"}},{"type":"Feature","geometry":{"type":"Point","coordinates":[-70.38568,41.61098]},"properties":{"d":"2024-07"}},{"type":"Feature","geometry":{"type":"Point","coordinates":[-70.3931,41.61363]},"properties":{"d":"2024-11"}},{"type":"Feature","geometry":{"type":"Point","coordinates":[-70.39006,41.61584]},"properties":{"d":"2024-10"}},{"type":"Feature","geometry":{"type":"Point","coordinates":[-70.38914,41.61484]},"properties":{"d":"2024-12"}},{"type":"Feature","geometry":{"type":"Point","coordinates":[-70.38845,41.61488]},"properties":{"d":"2024-06"}},{"type":"Feature","geometry":{"type":"Point","coordinates":[-70.38675,41.61535]},"properties":{"d":"2024-02"}},{"type":"Feature","geometry":{"type":"Point","coordinates":[-70.39034,41.61526]},"properties":{"d":"2024-01"}},{"type":"Feature","geometry":{"type":"Point","coordinates":[-70.39281,41.62392]},"properties":{"d":"2024-12"}},{"type":"Feature","geometry":{"type":"Point","coordinates":[-70.39238,41.62503]},"properties":{"d":"2024-12"}},{"type":"Feature","geometry":{"type":"Point","coordinates":[-70.39273,41.62549]},"properties":{"d":"2024-05"}},{"type":"Feature","geometry":{"type":"Point","coordinates":[-70.38765,41.6253]},"properties":{"d":"2023-10"}},{"type":"Feature","geometry":{"type":"Point","coordinates":[-70.38438,41.62344]},"properties":{"d":"2024-11"}},{"type":"Feature","geometry":{"type":"Point","coordinates":[-70.38465,41.62122]},"properties":{"d":"2024-03"}},{"type":"Feature","geometry":{"type":"Point","coordinates":[-70.38685,41.62418]},"properties":{"d":"2024-11"}},{"type":"Feature","geometry":{"type":"Point","coordinates":[-70.39016,41.62382]},"properties":{"d":"2024-07"}},{"type":"Feature","geometry":{"type":"Point","coordinates":[-70.39083,41.62354]},"properties":{"d":"2024-11"}},{"type":"Feature","geometry":{"type":"Point","coordinates":[-70.39206,41.62209]},"properties":{"d":"2025-10"}},{"type":"Feature","geometry":{"type":"Point","coordinates":[-70.38687,41.62396]},"properties":{"d":"2024-11"}},{"type":"Feature","geometry":{"type":"Point","coordinates":[-70.39058,41.62468]},"properties":{"d":"2024-05"}},{"type":"Feature","geometry":{"type":"Point","coordinates":[-70.39072,41.62918]},"properties":{"d":"2024-07"}},{"type":"Feature","geometry":{"type":"Point","coordinates":[-70.38879,41.6295]},"properties":{"d":"2023-12"}},{"type":"Feature","geometry":{"type":"Point","coordinates":[-70.38526,41.62725]},"properties":{"d":"2023-09"}},{"type":"Feature","geometry":{"type":"Point","coordinates":[-70.39274,41.62832]},"properties":{"d":"2023-10"}},{"type":"Feature","geometry":{"type":"Point","coordinates":[-70.38793,41.62894]},"properties":{"d":"2024-08"}},{"type":"Feature","geometry":{"type":"Point","coordinates":[-70.38927,41.62993]},"properties":{"d":"2024-09"}},{"type":"Feature","geometry":{"type":"Point","coordinates":[-70.38977,41.63283]},"properties":{"d":"2024-03"}},{"type":"Feature","geometry":{"type":"Point","coordinates":[-70.38869,41.63598]},"properties":{"d":"2024-05"}},{"type":"Feature","geometry":{"type":"Point","coordinates":[-70.38517,41.6359]},"properties":{"d":"2023-10"}},{"type":"Feature","geometry":{"type":"Point","coordinates":[-70.38508,41.6366]},"properties":{"d":"2023-11"}},{"type":"Feature","geometry":{"type":"Point","coordinates":[-70.38468,41.63571]},"properties":{"d":"2024-04"}},{"type":"Feature","geometry":{"type":"Point","coordinates":[-70.38479,41.63296]},"properties":{"d":"2024-01"}},{"type":"Feature","geometry":{"type":"Point","coordinates":[-70.38543,41.63202]},"properties":{"d":"2024-09"}},{"type":"Feature","geometry":{"type":"Point","coordinates":[-70.38452,41.63365]},"properties":{"d":"2024-04"}},{"type":"Feature","geometry":{"type":"Point","coordinates":[-70.38333,41.63473]},"properties":{"d":"2024-10"}},{"type":"Feature","geometry":{"type":"Point","coordinates":[-70.38474,41.63496]},"properties":{"d":"2023-10"}},{"type":"Feature","geometry":{"type":"Point","coordinates":[-70.38621,41.63631]},"properties":{"d":"2024-06"}},{"type":"Feature","geometry":{"type":"Point","coordinates":[-70.38615,41.63609]},"properties":{"d":"2024-11"}},{"type":"Feature","geometry":{"type":"Point","coordinates":[-70.38582,41.63589]},"properties":{"d":"2024-08"}},{"type":"Feature","geometry":{"type":"Point","coordinates":[-70.38682,41.63897]},"properties":{"d":"2024-04"}},{"type":"Feature","geometry":{"type":"Point","coordinates":[-70.38565,41.63844]},"properties":{"d":"2024-11"}},{"type":"Feature","geometry":{"type":"Point","coordinates":[-70.38336,41.64012]},"properties":{"d":"2023-11"}},{"type":"Feature","geometry":{"type":"Point","coordinates":[-70.38407,41.64064]},"properties":{"d":"2024-12"}},{"type":"Feature","geometry":{"type":"Point","coordinates":[-70.39361,41.64056]},"properties":{"d":"2023-11"}},{"type":"Feature","geometry":{"type":"Point","coordinates":[-70.38407,41.64136]},"properties":{"d":"2023-10"}},{"type":"Feature","geometry":{"type":"Point","coordinates":[-70.38478,41.64505]},"properties":{"d":"2024-06"}},{"type":"Feature","geometry":{"type":"Point","coordinates":[-70.38362,41.64527]},"properties":{"d":"2023-10"}},{"type":"Feature","geometry":{"type":"Point","coordinates":[-70.38402,41.64406]},"properties":{"d":"2024-12"}},{"type":"Feature","geometry":{"type":"Point","coordinates":[-70.38801,41.64407]},"properties":{"d":"2024-07"}},{"type":"Feature","geometry":{"type":"Point","coordinates":[-70.38385,41.64507]},"properties":{"d":"2024-04"}},{"type":"Feature","geometry":{"type":"Point","coordinates":[-70.38831,41.64679]},"properties":{"d":"2024-03"}},{"type":"Feature","geometry":{"type":"Point","coordinates":[-70.38852,41.64742]},"properties":{"d":"2024-03"}},{"type":"Feature","geometry":{"type":"Point","coordinates":[-70.38844,41.64613]},"properties":{"d":"2024-11"}},{"type":"Feature","geometry":{"type":"Point","coordinates":[-70.38602,41.64751]},"properties":{"d":"2024-05"}},{"type":"Feature","geometry":{"type":"Point","coordinates":[-70.38812,41.64562]},"properties":{"d":"2023-09"}},{"type":"Feature","geometry":{"type":"Point","coordinates":[-70.38658,41.64643]},"properties":{"d":"2024-09"}},{"type":"Feature","geometry":{"type":"Point","coordinates":[-70.38744,41.64498]},"properties":{"d":"2024-06"}},{"type":"Feature","geometry":{"type":"Point","coordinates":[-70.38616,41.64702]},"properties":{"d":"2023-10"}},{"type":"Feature","geometry":{"type":"Point","coordinates":[-70.38658,41.64514]},"properties":{"d":"2024-10"}},{"type":"Feature","geometry":{"type":"Point","coordinates":[-70.38672,41.64481]},"properties":{"d":"2024-02"}},{"type":"Feature","geometry":{"type":"Point","coordinates":[-70.39468,41.64329]},"properties":{"d":"2024-02"}},{"type":"Feature","geometry":{"type":"Point","coordinates":[-70.38513,41.65196]},"properties":{"d":"2024-08"}},{"type":"Feature","geometry":{"type":"Point","coordinates":[-70.38758,41.65015]},"properties":{"d":"2024-05"}},{"type":"Feature","geometry":{"type":"Point","coordinates":[-70.38616,41.65003]},"properties":{"d":"2023-11"}},{"type":"Feature","geometry":{"type":"Point","coordinates":[-70.3891,41.64911]},"properties":{"d":"2024-06"}},{"type":"Feature","geometry":{"type":"Point","coordinates":[-70.38902,41.64787]},"properties":{"d":"2024-10"}},{"type":"Feature","geometry":{"type":"Point","coordinates":[-70.38628,41.65187]},"properties":{"d":"2023-10"}},{"type":"Feature","geometry":{"type":"Point","coordinates":[-70.38906,41.65066]},"properties":{"d":"2024-06"}},{"type":"Feature","geometry":{"type":"Point","coordinates":[-70.3937,41.65311]},"properties":{"d":"2023-09"}},{"type":"Feature","geometry":{"type":"Point","coordinates":[-70.39356,41.65118]},"properties":{"d":"2023-11"}},{"type":"Feature","geometry":{"type":"Point","coordinates":[-70.39166,41.65781]},"properties":{"d":"2024-11"}},{"type":"Feature","geometry":{"type":"Point","coordinates":[-70.3887,41.6535]},"properties":{"d":"2023-12"}},{"type":"Feature","geometry":{"type":"Point","coordinates":[-70.38893,41.65461]},"properties":{"d":"2024-06"}},{"type":"Feature","geometry":{"type":"Point","coordinates":[-70.38475,41.65731]},"properties":{"d":"2024-03"}},{"type":"Feature","geometry":{"type":"Point","coordinates":[-70.38384,41.65747]},"properties":{"d":"2024-04"}},{"type":"Feature","geometry":{"type":"Point","coordinates":[-70.38451,41.6578]},"properties":{"d":"2024-12"}},{"type":"Feature","geometry":{"type":"Point","coordinates":[-70.38533,41.65559]},"properties":{"d":"2024-03"}},{"type":"Feature","geometry":{"type":"Point","coordinates":[-70.38528,41.65592]},"properties":{"d":"2024-06"}},{"type":"Feature","geometry":{"type":"Point","coordinates":[-70.38546,41.65717]},"properties":{"d":"2023-10"}},{"type":"Feature","geometry":{"type":"Point","coordinates":[-70.38642,41.65667]},"properties":{"d":"2024-07"}},{"type":"Feature","geometry":{"type":"Point","coordinates":[-70.38788,41.65644]},"properties":{"d":"2024-11"}},{"type":"Feature","geometry":{"type":"Point","coordinates":[-70.38694,41.65645]},"properties":{"d":"2023-11"}},{"type":"Feature","geometry":{"type":"Point","coordinates":[-70.38609,41.65582]},"properties":{"d":"2024-10"}},{"type":"Feature","geometry":{"type":"Point","coordinates":[-70.38369,41.66238]},"properties":{"d":"2024-09"}},{"type":"Feature","geometry":{"type":"Point","coordinates":[-70.38874,41.66348]},"properties":{"d":"2024-02"}},{"type":"Feature","geometry":{"type":"Point","coordinates":[-70.38594,41.66327]},"properties":{"d":"2024-01"}},{"type":"Feature","geometry":{"type":"Point","coordinates":[-70.38534,41.66386]},"properties":{"d":"2024-11"}},{"type":"Feature","geometry":{"type":"Point","coordinates":[-70.39205,41.66714]},"properties":{"d":"2024-03"}},{"type":"Feature","geometry":{"type":"Point","coordinates":[-70.39154,41.66744]},"properties":{"d":"2024-04"}},{"type":"Feature","geometry":{"type":"Point","coordinates":[-70.39187,41.66656]},"properties":{"d":"2024-06"}},{"type":"Feature","geometry":{"type":"Point","coordinates":[-70.38907,41.6665]},"properties":{"d":"2024-10"}},{"type":"Feature","geometry":{"type":"Point","coordinates":[-70.38725,41.66783]},"properties":{"d":"2024-09"}},{"type":"Feature","geometry":{"type":"Point","coordinates":[-70.38707,41.66944]},"properties":{"d":"2024-06"}},{"type":"Feature","geometry":{"type":"Point","coordinates":[-70.38518,41.66939]},"properties":{"d":"2024-01"}},{"type":"Feature","geometry":{"type":"Point","coordinates":[-70.38399,41.6696]},"properties":{"d":"2024-06"}},{"type":"Feature","geometry":{"type":"Point","coordinates":[-70.39075,41.66483]},"properties":{"d":"2024-12"}},{"type":"Feature","geometry":{"type":"Point","coordinates":[-70.38458,41.66887]},"properties":{"d":"2024-03"}},{"type":"Feature","geometry":{"type":"Point","coordinates":[-70.38538,41.66894]},"properties":{"d":"2024-08"}},{"type":"Feature","geometry":{"type":"Point","coordinates":[-70.3872,41.66452]},"properties":{"d":"2024-01"}},{"type":"Feature","geometry":{"type":"Point","coordinates":[-70.38687,41.66659]},"properties":{"d":"2024-01"}},{"type":"Feature","geometry":{"type":"Point","coordinates":[-70.38952,41.67307]},"properties":{"d":"2024-01"}},{"type":"Feature","geometry":{"type":"Point","coordinates":[-70.38405,41.67274]},"properties":{"d":"2024-01"}},{"type":"Feature","geometry":{"type":"Point","coordinates":[-70.3884,41.67168]},"properties":{"d":"2024-01"}},{"type":"Feature","geometry":{"type":"Point","coordinates":[-70.38378,41.67206]},"properties":{"d":"2023-12"}},{"type":"Feature","geometry":{"type":"Point","coordinates":[-70.3917,41.67442]},"properties":{"d":"2023-09"}},{"type":"Feature","geometry":{"type":"Point","coordinates":[-70.39084,41.67378]},"properties":{"d":"2024-10"}},{"type":"Feature","geometry":{"type":"Point","coordinates":[-70.39025,41.67457]},"properties":{"d":"2024-05"}},{"type":"Feature","geometry":{"type":"Point","coordinates":[-70.3837,41.6785]},"properties":{"d":"2024-04"}},{"type":"Feature","geometry":{"type":"Point","coordinates":[-70.38416,41.67576]},"properties":{"d":"2024-11"}},{"type":"Feature","geometry":{"type":"Point","coordinates":[-70.39076,41.67746]},"properties":{"d":"2023-12"}},{"type":"Feature","geometry":{"type":"Point","coordinates":[-70.39194,41.67705]},"properties":{"d":"2024-01"}},{"type":"Feature","geometry":{"type":"Point","coordinates":[-70.39055,41.67577]},"properties":{"d":"2024-10"}},{"type":"Feature","geometry":{"type":"Point","coordinates":[-70.38469,41.68434]},"properties":{"d":"2024-04"}},{"type":"Feature","geometry":{"type":"Point","coordinates":[-70.38673,41.6878]},"properties":{"d":"2024-04"}},{"type":"Feature","geometry":{"type":"Point","coordinates":[-70.38662,41.68621]},"properties":{"d":"2024-10"}},{"type":"Feature","geometry":{"type":"Point","coordinates":[-70.38697,41.68836]},"properties":{"d":"2024-12"}},{"type":"Feature","geometry":{"type":"Point","coordinates":[-70.39003,41.70034]},"properties":{"d":"2024-12"}},{"type":"Feature","geometry":{"type":"Point","coordinates":[-70.38854,41.70264]},"properties":{"d":"2023-12"}},{"type":"Feature","geometry":{"type":"Point","coordinates":[-70.39216,41.70779]},"properties":{"d":"2024-05"}},{"type":"Feature","geometry":{"type":"Point","coordinates":[-70.39077,41.70815]},"properties":{"d":"2024-07"}},{"type":"Feature","geometry":{"type":"Point","coordinates":[-70.386,41.704]},"properties":{"d":"2024-02"}},{"type":"Feature","geometry":{"type":"Point","coordinates":[-70.38586,41.70679]},"properties":{"d":"2023-09"}},{"type":"Feature","geometry":{"type":"Point","coordinates":[-70.38534,41.70652]},"properties":{"d":"2024-05"}},{"type":"Feature","geometry":{"type":"Point","coordinates":[-70.39275,41.70807]},"properties":{"d":"2023-10"}},{"type":"Feature","geometry":{"type":"Point","coordinates":[-70.38747,41.71113]},"properties":{"d":"2024-06"}},{"type":"Feature","geometry":{"type":"Point","coordinates":[-70.38314,41.71085]},"properties":{"d":"2024-11"}},{"type":"Feature","geometry":{"type":"Point","coordinates":[-70.3832,41.71234]},"properties":{"d":"2024-08"}},{"type":"Feature","geometry":{"type":"Point","coordinates":[-70.39059,41.71334]},"properties":{"d":"2024-04"}},{"type":"Feature","geometry":{"type":"Point","coordinates":[-70.38673,41.71027]},"properties":{"d":"2023-12"}},{"type":"Feature","geometry":{"type":"Point","coordinates":[-70.38411,41.71535]},"properties":{"d":"2024-03"}},{"type":"Feature","geometry":{"type":"Point","coordinates":[-70.38214,41.71909]},"properties":{"d":"2024-02"}},{"type":"Feature","geometry":{"type":"Point","coordinates":[-70.39054,41.71646]},"properties":{"d":"2023-09"}},{"type":"Feature","geometry":{"type":"Point","coordinates":[-70.38687,41.71441]},"properties":{"d":"2024-06"}},{"type":"Feature","geometry":{"type":"Point","coordinates":[-70.39271,41.71822]},"properties":{"d":"2024-10"}},{"type":"Feature","geometry":{"type":"Point","coordinates":[-70.39044,41.71917]},"properties":{"d":"2023-11"}},{"type":"Feature","geometry":{"type":"Point","coordinates":[-70.38971,41.73254]},"properties":{"d":"2024-04"}},{"type":"Feature","geometry":{"type":"Point","coordinates":[-70.38704,41.73587]},"properties":{"d":"2024-11"}},{"type":"Feature","geometry":{"type":"Point","coordinates":[-70.38826,41.73413]},"properties":{"d":"2024-11"}},{"type":"Feature","geometry":{"type":"Point","coordinates":[-70.38996,41.73048]},"properties":{"d":"2023-09"}},{"type":"Feature","geometry":{"type":"Point","coordinates":[-70.38756,41.73373]},"properties":{"d":"2023-12"}},{"type":"Feature","geometry":{"type":"Point","coordinates":[-70.38753,41.7324]},"properties":{"d":"2023-09"}},{"type":"Feature","geometry":{"type":"Point","coordinates":[-70.38542,41.73212]},"properties":{"d":"2024-02"}},{"type":"Feature","geometry":{"type":"Point","coordinates":[-70.38755,41.7316]},"properties":{"d":"2023-09"}},{"type":"Feature","geometry":{"type":"Point","coordinates":[-70.38738,41.73103]},"properties":{"d":"2024-02"}},{"type":"Feature","geometry":{"type":"Point","coordinates":[-70.38394,41.61117]},"properties":{"d":"2024-05"}},{"type":"Feature","geometry":{"type":"Point","coordinates":[-70.3748,41.61943]},"properties":{"d":"2024-08"}},{"type":"Feature","geometry":{"type":"Point","coordinates":[-70.37471,41.61864]},"properties":{"d":"2023-11"}},{"type":"Feature","geometry":{"type":"Point","coordinates":[-70.3734,41.61583]},"properties":{"d":"2024-09"}},{"type":"Feature","geometry":{"type":"Point","coordinates":[-70.37364,41.61495]},"properties":{"d":"2024-12"}},{"type":"Feature","geometry":{"type":"Point","coordinates":[-70.38276,41.62523]},"properties":{"d":"2024-10"}},{"type":"Feature","geometry":{"type":"Point","coordinates":[-70.38242,41.62262]},"properties":{"d":"2023-11"}},{"type":"Feature","geometry":{"type":"Point","coordinates":[-70.38136,41.62082]},"properties":{"d":"2024-01"}},{"type":"Feature","geometry":{"type":"Point","coordinates":[-70.38118,41.62133]},"properties":{"d":"2023-10"}},{"type":"Feature","geometry":{"type":"Point","coordinates":[-70.38246,41.62411]},"properties":{"d":"2023-12"}},{"type":"Feature","geometry":{"type":"Point","coordinates":[-70.38194,41.6252]},"properties":{"d":"2024-11"}},{"type":"Feature","geometry":{"type":"Point","coordinates":[-70.38156,41.62258]},"properties":{"d":"2024-11"}},{"type":"Feature","geometry":{"type":"Point","coordinates":[-70.38135,41.6231]},"properties":{"d":"2024-05"}},{"type":"Feature","geometry":{"type":"Point","coordinates":[-70.38071,41.62287]},"properties":{"d":"2024-08"}},{"type":"Feature","geometry":{"type":"Point","coordinates":[-70.38035,41.62288]},"properties":{"d":"2024-07"}},{"type":"Feature","geometry":{"type":"Point","coordinates":[-70.37756,41.62155]},"properties":{"d":"2024-10"}},{"type":"Feature","geometry":{"type":"Point","coordinates":[-70.37712,41.62202]},"properties":{"d":"2024-06"}},{"type":"Feature","geometry":{"type":"Point","coordinates":[-70.37647,41.62231]},"properties":{"d":"2023-10"}},{"type":"Feature","geometry":{"type":"Point","coordinates":[-70.37719,41.62269]},"properties":{"d":"2024-12"}},{"type":"Feature","geometry":{"type":"Point","coordinates":[-70.37414,41.62226]},"properties":{"d":"2024-11"}},{"type":"Feature","geometry":{"type":"Point","coordinates":[-70.37632,41.62431]},"properties":{"d":"2024-06"}},{"type":"Feature","geometry":{"type":"Point","coordinates":[-70.38258,41.62168]},"properties":{"d":"2025-07"}},{"type":"Feature","geometry":{"type":"Point","coordinates":[-70.37958,41.62022]},"properties":{"d":"2024-04"}},{"type":"Feature","geometry":{"type":"Point","coordinates":[-70.37612,41.62365]},"properties":{"d":"2024-01"}},{"type":"Feature","geometry":{"type":"Point","coordinates":[-70.38346,41.62638]},"properties":{"d":"2023-11"}},{"type":"Feature","geometry":{"type":"Point","coordinates":[-70.38082,41.63088]},"properties":{"d":"2024-12"}},{"type":"Feature","geometry":{"type":"Point","coordinates":[-70.38252,41.63108]},"properties":{"d":"2024-03"}},{"type":"Feature","geometry":{"type":"Point","coordinates":[-70.37797,41.63117]},"properties":{"d":"2024-05"}},{"type":"Feature","geometry":{"type":"Point","coordinates":[-70.37807,41.63079]},"properties":{"d":"2024-08"}},{"type":"Feature","geometry":{"type":"Point","coordinates":[-70.37666,41.63047]},"properties":{"d":"2024-06"}},{"type":"Feature","geometry":{"type":"Point","coordinates":[-70.37531,41.63108]},"properties":{"d":"2024-09"}},{"type":"Feature","geometry":{"type":"Point","coordinates":[-70.37482,41.63131]},"properties":{"d":"2024-07"}},{"type":"Feature","geometry":{"type":"Point","coordinates":[-70.37448,41.63096]},"properties":{"d":"2024-08"}},{"type":"Feature","geometry":{"type":"Point","coordinates":[-70.38195,41.6335]},"properties":{"d":"2024-10"}},{"type":"Feature","geometry":{"type":"Point","coordinates":[-70.38315,41.63584]},"properties":{"d":"2024-07"}},{"type":"Feature","geometry":{"type":"Point","coordinates":[-70.38205,41.63489]},"properties":{"d":"2024-07"}},{"type":"Feature","geometry":{"type":"Point","coordinates":[-70.38044,41.63173]},"properties":{"d":"2024-10"}},{"type":"Feature","geometry":{"type":"Point","coordinates":[-70.37805,41.6337]},"properties":{"d":"2024-11"}},{"type":"Feature","geometry":{"type":"Point","coordinates":[-70.37518,41.63537]},"properties":{"d":"2023-10"}},{"type":"Feature","geometry":{"type":"Point","coordinates":[-70.3733,41.63364]},"properties":{"d":"2023-10"}},{"type":"Feature","geometry":{"type":"Point","coordinates":[-70.37338,41.63394]},"properties":{"d":"2024-06"}},{"type":"Feature","geometry":{"type":"Point","coordinates":[-70.37397,41.6318]},"properties":{"d":"2024-12"}},{"type":"Feature","geometry":{"type":"Point","coordinates":[-70.37678,41.6338]},"properties":{"d":"2024-08"}},{"type":"Feature","geometry":{"type":"Point","coordinates":[-70.3729,41.6348]},"properties":{"d":"2023-12"}},{"type":"Feature","geometry":{"type":"Point","coordinates":[-70.37392,41.63529]},"properties":{"d":"2024-02"}},{"type":"Feature","geometry":{"type":"Point","coordinates":[-70.38303,41.63884]},"properties":{"d":"2024-06"}},{"type":"Feature","geometry":{"type":"Point","coordinates":[-70.37254,41.63756]},"properties":{"d":"2023-10"}},{"type":"Feature","geometry":{"type":"Point","coordinates":[-70.38302,41.63826]},"properties":{"d":"2024-06"}},{"type":"Feature","geometry":{"type":"Point","coordinates":[-70.37722,41.64187]},"properties":{"d":"2024-08"}},{"type":"Feature","geometry":{"type":"Point","coordinates":[-70.38317,41.64511]},"properties":{"d":"2024-07"}},{"type":"Feature","geometry":{"type":"Point","coordinates":[-70.38132,41.64682]},"properties":{"d":"2024-09"}},{"type":"Feature","geometry":{"type":"Point","coordinates":[-70.3725,41.6429]},"properties":{"d":"2024-03"}},{"type":"Feature","geometry":{"type":"Point","coordinates":[-70.38186,41.6476]},"properties":{"d":"2024-03"}},{"type":"Feature","geometry":{"type":"Point","coordinates":[-70.37504,41.64384]},"properties":{"d":"2024-06"}},{"type":"Feature","geometry":{"type":"Point","coordinates":[-70.38208,41.64275]},"properties":{"d":"2024-07"}},{"type":"Feature","geometry":{"type":"Point","coordinates":[-70.38279,41.65048]},"properties":{"d":"2024-05"}},{"type":"Feature","geometry":{"type":"Point","coordinates":[-70.38139,41.65013]},"properties":{"d":"2024-05"}},{"type":"Feature","geometry":{"type":"Point","coordinates":[-70.38087,41.65189]},"properties":{"d":"2024-01"}},{"type":"Feature","geometry":{"type":"Point","coordinates":[-70.38168,41.65084]},"properties":{"d":"2024-09"}},{"type":"Feature","geometry":{"type":"Point","coordinates":[-70.38151,41.65061]},"properties":{"d":"2023-12"}},{"type":"Feature","geometry":{"type":"Point","coordinates":[-70.38079,41.65158]},"properties":{"d":"2024-04"}},{"type":"Feature","geometry":{"type":"Point","coordinates":[-70.37761,41.6581]},"properties":{"d":"2024-07"}},{"type":"Feature","geometry":{"type":"Point","coordinates":[-70.38146,41.65606]},"properties":{"d":"2023-12"}},{"type":"Feature","geometry":{"type":"Point","coordinates":[-70.38257,41.65519]},"properties":{"d":"2024-11"}},{"type":"Feature","geometry":{"type":"Point","coordinates":[-70.38171,41.65747]},"properties":{"d":"2024-03"}},{"type":"Feature","geometry":{"type":"Point","coordinates":[-70.38281,41.6572]},"properties":{"d":"2023-09"}},{"type":"Feature","geometry":{"type":"Point","coordinates":[-70.37814,41.65663]},"properties":{"d":"2024-07"}},{"type":"Feature","geometry":{"type":"Point","coordinates":[-70.37823,41.65343]},"properties":{"d":"2024-06"}},{"type":"Feature","geometry":{"type":"Point","coordinates":[-70.37802,41.65365]},"properties":{"d":"2024-12"}},{"type":"Feature","geometry":{"type":"Point","coordinates":[-70.37824,41.65418]},"properties":{"d":"2024-02"}},{"type":"Feature","geometry":{"type":"Point","coordinates":[-70.37723,41.66219]},"properties":{"d":"2024-05"}},{"type":"Feature","geometry":{"type":"Point","coordinates":[-70.3781,41.66141]},"properties":{"d":"2024-10"}},{"type":"Feature","geometry":{"type":"Point","coordinates":[-70.383,41.66265]},"properties":{"d":"2024-01"}},{"type":"Feature","geometry":{"type":"Point","coordinates":[-70.3748,41.66359]},"properties":{"d":"2024-02"}},{"type":"Feature","geometry":{"type":"Point","coordinates":[-70.37408,41.66334]},"properties":{"d":"2024-01"}},{"type":"Feature","geometry":{"type":"Point","coordinates":[-70.38335,41.66293]},"properties":{"d":"2024-07"}},{"type":"Feature","geometry":{"type":"Point","coordinates":[-70.38072,41.6617]},"properties":{"d":"2024-09"}},{"type":"Feature","geometry":{"type":"Point","coordinates":[-70.38011,41.65878]},"properties":{"d":"2024-01"}},{"type":"Feature","geometry":{"type":"Point","coordinates":[-70.38091,41.65911]},"properties":{"d":"2024-10"}},{"type":"Feature","geometry":{"type":"Point","coordinates":[-70.37237,41.66071]},"properties":{"d":"2024-06"}},{"type":"Feature","geometry":{"type":"Point","coordinates":[-70.38049,41.65897]},"properties":{"d":"2024-12"}},{"type":"Feature","geometry":{"type":"Point","coordinates":[-70.3814,41.65918]},"properties":{"d":"2024-08"}},{"type":"Feature","geometry":{"type":"Point","coordinates":[-70.37252,41.66877]},"properties":{"d":"2024-10"}},{"type":"Feature","geometry":{"type":"Point","coordinates":[-70.37346,41.66856]},"properties":{"d":"2024-12"}},{"type":"Feature","geometry":{"type":"Point","coordinates":[-70.37229,41.66416]},"properties":{"d":"2024-12"}},{"type":"Feature","geometry":{"type":"Point","coordinates":[-70.37468,41.66475]},"properties":{"d":"2024-12"}},{"type":"Feature","geometry":{"type":"Point","coordinates":[-70.37286,41.66772]},"properties":{"d":"2024-10"}},{"type":"Feature","geometry":{"type":"Point","coordinates":[-70.37313,41.66538]},"properties":{"d":"2024-11"}},{"type":"Feature","geometry":{"type":"Point","coordinates":[-70.37267,41.66691]},"properties":{"d":"2024-02"}},{"type":"Feature","geometry":{"type":"Point","coordinates":[-70.38241,41.66463]},"properties":{"d":"2024-04"}},{"type":"Feature","geometry":{"type":"Point","coordinates":[-70.3755,41.66776]},"properties":{"d":"2024-11"}},{"type":"Feature","geometry":{"type":"Point","coordinates":[-70.37477,41.66807]},"properties":{"d":"2024-08"}},{"type":"Feature","geometry":{"type":"Point","coordinates":[-70.3742,41.66799]},"properties":{"d":"2024-05"}},{"type":"Feature","geometry":{"type":"Point","coordinates":[-70.37445,41.66776]},"properties":{"d":"2024-05"}},{"type":"Feature","geometry":{"type":"Point","coordinates":[-70.37501,41.66736]},"properties":{"d":"2024-01"}},{"type":"Feature","geometry":{"type":"Point","coordinates":[-70.37596,41.66592]},"properties":{"d":"2024-02"}},{"type":"Feature","geometry":{"type":"Point","coordinates":[-70.37404,41.66736]},"properties":{"d":"2024-05"}},{"type":"Feature","geometry":{"type":"Point","coordinates":[-70.37707,41.66651]},"properties":{"d":"2024-02"}},{"type":"Feature","geometry":{"type":"Point","coordinates":[-70.37672,41.6662]},"properties":{"d":"2024-05"}},{"type":"Feature","geometry":{"type":"Point","coordinates":[-70.37681,41.6648]},"properties":{"d":"2025-05"}},{"type":"Feature","geometry":{"type":"Point","coordinates":[-70.37652,41.6642]},"properties":{"d":"2024-07"}},{"type":"Feature","geometry":{"type":"Point","coordinates":[-70.38102,41.67201]},"properties":{"d":"2024-10"}},{"type":"Feature","geometry":{"type":"Point","coordinates":[-70.3799,41.67363]},"properties":{"d":"2024-03"}},{"type":"Feature","geometry":{"type":"Point","coordinates":[-70.37866,41.67317]},"properties":{"d":"2024-06"}},{"type":"Feature","geometry":{"type":"Point","coordinates":[-70.37972,41.67295]},"properties":{"d":"2024-07"}},{"type":"Feature","geometry":{"type":"Point","coordinates":[-70.37486,41.67423]},"properties":{"d":"2023-09"}},{"type":"Feature","geometry":{"type":"Point","coordinates":[-70.37216,41.67299]},"properties":{"d":"2024-03"}},{"type":"Feature","geometry":{"type":"Point","coordinates":[-70.37525,41.6737]},"properties":{"d":"2023-10"}},{"type":"Feature","geometry":{"type":"Point","coordinates":[-70.37885,41.67397]},"properties":{"d":"2024-07"}},{"type":"Feature","geometry":{"type":"Point","coordinates":[-70.38266,41.67142]},"properties":{"d":"2024-09"}},{"type":"Feature","geometry":{"type":"Point","coordinates":[-70.38163,41.67296]},"properties":{"d":"2023-10"}},{"type":"Feature","geometry":{"type":"Point","coordinates":[-70.37978,41.67461]},"properties":{"d":"2024-11"}},{"type":"Feature","geometry":{"type":"Point","coordinates":[-70.3822,41.67114]},"properties":{"d":"2024-07"}},{"type":"Feature","geometry":{"type":"Point","coordinates":[-70.37285,41.66988]},"properties":{"d":"2024-08"}},{"type":"Feature","geometry":{"type":"Point","coordinates":[-70.37178,41.6701]},"properties":{"d":"2024-03"}},{"type":"Feature","geometry":{"type":"Point","coordinates":[-70.37482,41.6703]},"properties":{"d":"2024-09"}},{"type":"Feature","geometry":{"type":"Point","coordinates":[-70.37383,41.67037]},"properties":{"d":"2024-11"}},{"type":"Feature","geometry":{"type":"Point","coordinates":[-70.37447,41.66972]},"properties":{"d":"2024-05"}},{"type":"Feature","geometry":{"type":"Point","coordinates":[-70.37481,41.66935]},"properties":{"d":"2024-01"}},{"type":"Feature","geometry":{"type":"Point","coordinates":[-70.37573,41.66981]},"properties":{"d":"2024-06"}},{"type":"Feature","geometry":{"type":"Point","coordinates":[-70.38114,41.67449]},"properties":{"d":"2023-09"}},{"type":"Feature","geometry":{"type":"Point","coordinates":[-70.38225,41.67299]},"properties":{"d":"2024-06"}},{"type":"Feature","geometry":{"type":"Point","coordinates":[-70.38247,41.67268]},"properties":{"d":"2024-03"}},{"type":"Feature","geometry":{"type":"Point","coordinates":[-70.38217,41.67449]},"properties":{"d":"2024-05"}},{"type":"Feature","geometry":{"type":"Point","coordinates":[-70.37438,41.67483]},"properties":{"d":"2024-11"}},{"type":"Feature","geometry":{"type":"Point","coordinates":[-70.37668,41.67747]},"properties":{"d":"2024-03"}},{"type":"Feature","geometry":{"type":"Point","coordinates":[-70.38081,41.67922]},"properties":{"d":"2024-08"}},{"type":"Feature","geometry":{"type":"Point","coordinates":[-70.38086,41.67833]},"properties":{"d":"2023-09"}},{"type":"Feature","geometry":{"type":"Point","coordinates":[-70.37888,41.67605]},"properties":{"d":"2024-08"}},{"type":"Feature","geometry":{"type":"Point","coordinates":[-70.38217,41.67549]},"properties":{"d":"2024-10"}},{"type":"Feature","geometry":{"type":"Point","coordinates":[-70.3771,41.68213]},"properties":{"d":"2023-09"}},{"type":"Feature","geometry":{"type":"Point","coordinates":[-70.37551,41.68373]},"properties":{"d":"2023-12"}},{"type":"Feature","geometry":{"type":"Point","coordinates":[-70.3733,41.68386]},"properties":{"d":"2024-09"}},{"type":"Feature","geometry":{"type":"Point","coordinates":[-70.37299,41.68393]},"properties":{"d":"2024-10"}},{"type":"Feature","geometry":{"type":"Point","coordinates":[-70.37403,41.68453]},"properties":{"d":"2024-06"}},{"type":"Feature","geometry":{"type":"Point","coordinates":[-70.3741,41.68523]},"properties":{"d":"2023-11"}},{"type":"Feature","geometry":{"type":"Point","coordinates":[-70.37208,41.68561]},"properties":{"d":"2024-06"}},{"type":"Feature","geometry":{"type":"Point","coordinates":[-70.37539,41.68276]},"properties":{"d":"2024-01"}},{"type":"Feature","geometry":{"type":"Point","coordinates":[-70.37397,41.68186]},"properties":{"d":"2024-11"}},{"type":"Feature","geometry":{"type":"Point","coordinates":[-70.37649,41.68691]},"properties":{"d":"2023-09"}},{"type":"Feature","geometry":{"type":"Point","coordinates":[-70.38014,41.68857]},"properties":{"d":"2024-06"}},{"type":"Feature","geometry":{"type":"Point","coordinates":[-70.37963,41.68925]},"properties":{"d":"2023-12"}},{"type":"Feature","geometry":{"type":"Point","coordinates":[-70.37879,41.69161]},"properties":{"d":"2023-12"}},{"type":"Feature","geometry":{"type":"Point","coordinates":[-70.37871,41.6875]},"properties":{"d":"2023-10"}},{"type":"Feature","geometry":{"type":"Point","coordinates":[-70.37826,41.6865]},"properties":{"d":"2024-09"}},{"type":"Feature","geometry":{"type":"Point","coordinates":[-70.37252,41.69613]},"properties":{"d":"2024-04"}},{"type":"Feature","geometry":{"type":"Point","coordinates":[-70.37193,41.69457]},"properties":{"d":"2024-08"}},{"type":"Feature","geometry":{"type":"Point","coordinates":[-70.37631,41.69409]},"properties":{"d":"2024-07"}},{"type":"Feature","geometry":{"type":"Point","coordinates":[-70.37731,41.69547]},"properties":{"d":"2023-11"}},{"type":"Feature","geometry":{"type":"Point","coordinates":[-70.38041,41.69717]},"properties":{"d":"2024-12"}},{"type":"Feature","geometry":{"type":"Point","coordinates":[-70.37788,41.70684]},"properties":{"d":"2023-09"}},{"type":"Feature","geometry":{"type":"Point","coordinates":[-70.3749,41.70456]},"properties":{"d":"2024-12"}},{"type":"Feature","geometry":{"type":"Point","coordinates":[-70.37679,41.7085]},"properties":{"d":"2024-01"}},{"type":"Feature","geometry":{"type":"Point","coordinates":[-70.37481,41.71108]},"properties":{"d":"2024-07"}},{"type":"Feature","geometry":{"type":"Point","coordinates":[-70.379,41.71095]},"properties":{"d":"2024-05"}},{"type":"Feature","geometry":{"type":"Point","coordinates":[-70.37092,41.61923]},"properties":{"d":"2024-02"}},{"type":"Feature","geometry":{"type":"Point","coordinates":[-70.37165,41.6195]},"properties":{"d":"2024-12"}},{"type":"Feature","geometry":{"type":"Point","coordinates":[-70.36896,41.61777]},"properties":{"d":"2023-12"}},{"type":"Feature","geometry":{"type":"Point","coordinates":[-70.3713,41.62079]},"properties":{"d":"2024-06"}},{"type":"Feature","geometry":{"type":"Point","coordinates":[-70.37278,41.63077]},"properties":{"d":"2023-09"}},{"type":"Feature","geometry":{"type":"Point","coordinates":[-70.37249,41.63331]},"properties":{"d":"2024-10"}},{"type":"Feature","geometry":{"type":"Point","coordinates":[-70.37232,41.63398]},"properties":{"d":"2024-10"}},{"type":"Feature","geometry":{"type":"Point","coordinates":[-70.37097,41.63302]},"properties":{"d":"2024-03"}},{"type":"Feature","geometry":{"type":"Point","coordinates":[-70.36683,41.63647]},"properties":{"d":"2024-05"}},{"type":"Feature","geometry":{"type":"Point","coordinates":[-70.37238,41.63617]},"properties":{"d":"2024-02"}},{"type":"Feature","geometry":{"type":"Point","coordinates":[-70.36801,41.6361]},"properties":{"d":"2024-11"}},{"type":"Feature","geometry":{"type":"Point","coordinates":[-70.3671,41.6337]},"properties":{"d":"2024-07"}},{"type":"Feature","geometry":{"type":"Point","coordinates":[-70.36391,41.6332]},"properties":{"d":"2024-07"}},{"type":"Feature","geometry":{"type":"Point","coordinates":[-70.37129,41.6348]},"properties":{"d":"2024-07"}},{"type":"Feature","geometry":{"type":"Point","coordinates":[-70.37296,41.63966]},"properties":{"d":"2023-11"}},{"type":"Feature","geometry":{"type":"Point","coordinates":[-70.37205,41.63897]},"properties":{"d":"2024-02"}},{"type":"Feature","geometry":{"type":"Point","coordinates":[-70.36818,41.63787]},"properties":{"d":"2024-05"}},{"type":"Feature","geometry":{"type":"Point","coordinates":[-70.3643,41.63678]},"properties":{"d":"2024-07"}},{"type":"Feature","geometry":{"type":"Point","coordinates":[-70.36502,41.63678]},"properties":{"d":"2023-10"}},{"type":"Feature","geometry":{"type":"Point","coordinates":[-70.3652,41.64059]},"properties":{"d":"2024-06"}},{"type":"Feature","geometry":{"type":"Point","coordinates":[-70.36628,41.64045]},"properties":{"d":"2024-11"}},{"type":"Feature","geometry":{"type":"Point","coordinates":[-70.36901,41.63705]},"properties":{"d":"2024-06"}},{"type":"Feature","geometry":{"type":"Point","coordinates":[-70.36948,41.63682]},"properties":{"d":"2024-06"}},{"type":"Feature","geometry":{"type":"Point","coordinates":[-70.36939,41.63817]},"properties":{"d":"2023-11"}},{"type":"Feature","geometry":{"type":"Point","coordinates":[-70.36986,41.63776]},"properties":{"d":"2024-12"}},{"type":"Feature","geometry":{"type":"Point","coordinates":[-70.37003,41.63688]},"properties":{"d":"2024-10"}},{"type":"Feature","geometry":{"type":"Point","coordinates":[-70.37017,41.63904]},"properties":{"d":"2024-07"}},{"type":"Feature","geometry":{"type":"Point","coordinates":[-70.36786,41.63827]},"properties":{"d":"2024-07"}},{"type":"Feature","geometry":{"type":"Point","coordinates":[-70.36307,41.63795]},"properties":{"d":"2024-02"}},{"type":"Feature","geometry":{"type":"Point","coordinates":[-70.36936,41.64732]},"properties":{"d":"2024-08"}},{"type":"Feature","geometry":{"type":"Point","coordinates":[-70.36887,41.64687]},"properties":{"d":"2024-09"}},{"type":"Feature","geometry":{"type":"Point","coordinates":[-70.36759,41.64729]},"properties":{"d":"2023-09"}},{"type":"Feature","geometry":{"type":"Point","coordinates":[-70.3651,41.64679]},"properties":{"d":"2024-05"}},{"type":"Feature","geometry":{"type":"Point","coordinates":[-70.36561,41.64741]},"properties":{"d":"2024-08"}},{"type":"Feature","geometry":{"type":"Point","coordinates":[-70.37062,41.6448]},"properties":{"d":"2024-01"}},{"type":"Feature","geometry":{"type":"Point","coordinates":[-70.36778,41.64648]},"properties":{"d":"2023-11"}},{"type":"Feature","geometry":{"type":"Point","coordinates":[-70.36679,41.64654]},"properties":{"d":"2024-09"}},{"type":"Feature","geometry":{"type":"Point","coordinates":[-70.36432,41.64481]},"properties":{"d":"2024-08"}},{"type":"Feature","geometry":{"type":"Point","coordinates":[-70.36836,41.65068]},"properties":{"d":"2024-06"}},{"type":"Feature","geometry":{"type":"Point","coordinates":[-70.36666,41.65069]},"properties":{"d":"2024-01"}},{"type":"Feature","geometry":{"type":"Point","coordinates":[-70.36963,41.65008]},"properties":{"d":"2024-09"}},{"type":"Feature","geometry":{"type":"Point","coordinates":[-70.36931,41.64962]},"properties":{"d":"2024-01"}},{"type":"Feature","geometry":{"type":"Point","coordinates":[-70.36947,41.64895]},"properties":{"d":"2023-09"}},{"type":"Feature","geometry":{"type":"Point","coordinates":[-70.36639,41.64779]},"properties":{"d":"2024-08"}},{"type":"Feature","geometry":{"type":"Point","coordinates":[-70.3674,41.64785]},"properties":{"d":"2024-08"}},{"type":"Feature","geometry":{"type":"Point","coordinates":[-70.3698,41.65206]},"properties":{"d":"2024-09"}},{"type":"Feature","geometry":{"type":"Point","coordinates":[-70.36988,41.65087]},"properties":{"d":"2023-10"}},{"type":"Feature","geometry":{"type":"Point","coordinates":[-70.37009,41.65151]},"properties":{"d":"2024-12"}},{"type":"Feature","geometry":{"type":"Point","coordinates":[-70.36899,41.65161]},"properties":{"d":"2024-07"}},{"type":"Feature","geometry":{"type":"Point","coordinates":[-70.3666,41.64929]},"properties":{"d":"2024-06"}},{"type":"Feature","geometry":{"type":"Point","coordinates":[-70.36884,41.65047]},"properties":{"d":"2023-11"}},{"type":"Feature","geometry":{"type":"Point","coordinates":[-70.36847,41.65032]},"properties":{"d":"2024-07"}},{"type":"Feature","geometry":{"type":"Point","coordinates":[-70.36132,41.6569]},"properties":{"d":"2024-06"}},{"type":"Feature","geometry":{"type":"Point","coordinates":[-70.3653,41.65716]},"properties":{"d":"2025-09"}},{"type":"Feature","geometry":{"type":"Point","coordinates":[-70.36823,41.65613]},"properties":{"d":"2024-06"}},{"type":"Feature","geometry":{"type":"Point","coordinates":[-70.3686,41.65651]},"properties":{"d":"2024-12"}},{"type":"Feature","geometry":{"type":"Point","coordinates":[-70.37043,41.65539]},"properties":{"d":"2024-10"}},{"type":"Feature","geometry":{"type":"Point","coordinates":[-70.37271,41.65598]},"properties":{"d":"2024-09"}},{"type":"Feature","geometry":{"type":"Point","coordinates":[-70.37069,41.65808]},"properties":{"d":"2024-04"}},{"type":"Feature","geometry":{"type":"Point","coordinates":[-70.37023,41.6571]},"properties":{"d":"2024-06"}},{"type":"Feature","geometry":{"type":"Point","coordinates":[-70.36958,41.65726]},"properties":{"d":"2024-08"}},{"type":"Feature","geometry":{"type":"Point","coordinates":[-70.36427,41.65842]},"properties":{"d":"2024-01"}},{"type":"Feature","geometry":{"type":"Point","coordinates":[-70.36856,41.65852]},"properties":{"d":"2024-07"}},{"type":"Feature","geometry":{"type":"Point","coordinates":[-70.36783,41.6583]},"properties":{"d":"2024-03"}},{"type":"Feature","geometry":{"type":"Point","coordinates":[-70.36148,41.66316]},"properties":{"d":"2024-05"}},{"type":"Feature","geometry":{"type":"Point","coordinates":[-70.36134,41.66368]},"properties":{"d":"2024-11"}},{"type":"Feature","geometry":{"type":"Point","coordinates":[-70.36571,41.66237]},"properties":{"d":"2024-11"}},{"type":"Feature","geometry":{"type":"Point","coordinates":[-70.36575,41.66272]},"properties":{"d":"2023-12"}},{"type":"Feature","geometry":{"type":"Point","coordinates":[-70.36802,41.66299]},"properties":{"d":"2024-12"}},{"type":"Feature","geometry":{"type":"Point","coordinates":[-70.36836,41.66342]},"properties":{"d":"2024-07"}},{"type":"Feature","geometry":{"type":"Point","coordinates":[-70.36901,41.6632]},"properties":{"d":"2023-11"}},{"type":"Feature","geometry":{"type":"Point","coordinates":[-70.37148,41.66131]},"properties":{"d":"2024-06"}},{"type":"Feature","geometry":{"type":"Point","coordinates":[-70.37091,41.6617]},"properties":{"d":"2024-05"}},{"type":"Feature","geometry":{"type":"Point","coordinates":[-70.36809,41.6625]},"properties":{"d":"2024-12"}},{"type":"Feature","geometry":{"type":"Point","coordinates":[-70.36765,41.66157]},"properties":{"d":"2024-10"}},{"type":"Feature","geometry":{"type":"Point","coordinates":[-70.36856,41.66112]},"properties":{"d":"2023-09"}},{"type":"Feature","geometry":{"type":"Point","coordinates":[-70.36813,41.66108]},"properties":{"d":"2023-12"}},{"type":"Feature","geometry":{"type":"Point","coordinates":[-70.36774,41.66105]},"properties":{"d":"2024-03"}},{"type":"Feature","geometry":{"type":"Point","coordinates":[-70.36536,41.65866]},"properties":{"d":"2023-11"}},{"type":"Feature","geometry":{"type":"Point","coordinates":[-70.36878,41.65897]},"properties":{"d":"2024-10"}},{"type":"Feature","geometry":{"type":"Point","coordinates":[-70.36371,41.66379]},"properties":{"d":"2023-11"}},{"type":"Feature","geometry":{"type":"Point","coordinates":[-70.36337,41.66344]},"properties":{"d":"2024-02"}},{"type":"Feature","geometry":{"type":"Point","coordinates":[-70.37071,41.66775]},"properties":{"d":"2024-01"}},{"type":"Feature","geometry":{"type":"Point","coordinates":[-70.37034,41.66892]},"properties":{"d":"2024-04"}},{"type":"Feature","geometry":{"type":"Point","coordinates":[-70.37155,41.66918]},"properties":{"d":"2024-10"}},{"type":"Feature","geometry":{"type":"Point","coordinates":[-70.3717,41.66894]},"properties":{"d":"2024-03"}},{"type":"Feature","geometry":{"type":"Point","coordinates":[-70.37196,41.66773]},"properties":{"d":"2023-10"}},{"type":"Feature","geometry":{"type":"Point","coordinates":[-70.37081,41.66705]},"properties":{"d":"2023-09"}},{"type":"Feature","geometry":{"type":"Point","coordinates":[-70.36695,41.66676]},"properties":{"d":"2024-10"}},{"type":"Feature","geometry":{"type":"Point","coordinates":[-70.36744,41.66641]},"properties":{"d":"2024-03"}},{"type":"Feature","geometry":{"type":"Point","coordinates":[-70.36753,41.66568]},"properties":{"d":"2023-11"}},{"type":"Feature","geometry":{"type":"Point","coordinates":[-70.36781,41.66484]},"properties":{"d":"2024-12"}},{"type":"Feature","geometry":{"type":"Point","coordinates":[-70.36794,41.66412]},"properties":{"d":"2024-01"}},{"type":"Feature","geometry":{"type":"Point","coordinates":[-70.36544,41.66934]},"properties":{"d":"2024-06"}},{"type":"Feature","geometry":{"type":"Point","coordinates":[-70.36414,41.66938]},"properties":{"d":"2023-09"}},{"type":"Feature","geometry":{"type":"Point","coordinates":[-70.36362,41.66935]},"properties":{"d":"2024-04"}},{"type":"Feature","geometry":{"type":"Point","coordinates":[-70.36478,41.66833]},"properties":{"d":"2024-07"}},{"type":"Feature","geometry":{"type":"Point","coordinates":[-70.36493,41.66726]},"properties":{"d":"2024-01"}},{"type":"Feature","geometry":{"type":"Point","coordinates":[-70.36422,41.66711]},"properties":{"d":"2024-04"}},{"type":"Feature","geometry":{"type":"Point","coordinates":[-70.36522,41.66635]},"properties":{"d":"2024-04"}},{"type":"Feature","geometry":{"type":"Point","coordinates":[-70.36655,41.66407]},"properties":{"d":"2023-11"}},{"type":"Feature","geometry":{"type":"Point","coordinates":[-70.36665,41.66595]},"properties":{"d":"2024-09"}},{"type":"Feature","geometry":{"type":"Point","coordinates":[-70.36679,41.66564]},"properties":{"d":"2024-08"}},{"type":"Feature","geometry":{"type":"Point","coordinates":[-70.36697,41.6651]},"properties":{"d":"2023-11"}},{"type":"Feature","geometry":{"type":"Point","coordinates":[-70.3671,41.66405]},"properties":{"d":"2024-03"}},{"type":"Feature","geometry":{"type":"Point","coordinates":[-70.36311,41.66871]},"properties":{"d":"2024-05"}},{"type":"Feature","geometry":{"type":"Point","coordinates":[-70.36351,41.66736]},"properties":{"d":"2024-02"}},{"type":"Feature","geometry":{"type":"Point","coordinates":[-70.36383,41.66632]},"properties":{"d":"2024-01"}},{"type":"Feature","geometry":{"type":"Point","coordinates":[-70.36507,41.66535]},"properties":{"d":"2024-03"}},{"type":"Feature","geometry":{"type":"Point","coordinates":[-70.36413,41.66518]},"properties":{"d":"2024-03"}},{"type":"Feature","geometry":{"type":"Point","coordinates":[-70.36803,41.66944]},"properties":{"d":"2024-10"}},{"type":"Feature","geometry":{"type":"Point","coordinates":[-70.36975,41.66677]},"properties":{"d":"2024-05"}},{"type":"Feature","geometry":{"type":"Point","coordinates":[-70.36855,41.66622]},"properties":{"d":"2024-04"}},{"type":"Feature","geometry":{"type":"Point","coordinates":[-70.36666,41.66829]},"properties":{"d":"2024-02"}},{"type":"Feature","geometry":{"type":"Point","coordinates":[-70.36646,41.66855]},"properties":{"d":"2024-11"}},{"type":"Feature","geometry":{"type":"Point","coordinates":[-70.366,41.66897]},"properties":{"d":"2024-04"}},{"type":"Feature","geometry":{"type":"Point","coordinates":[-70.36722,41.66939]},"properties":{"d":"2024-07"}},{"type":"Feature","geometry":{"type":"Point","coordinates":[-70.36744,41.66911]},"properties":{"d":"2024-07"}},{"type":"Feature","geometry":{"type":"Point","coordinates":[-70.36815,41.66829]},"properties":{"d":"2024-12"}},{"type":"Feature","geometry":{"type":"Point","coordinates":[-70.36869,41.66699]},"properties":{"d":"2024-03"}},{"type":"Feature","geometry":{"type":"Point","coordinates":[-70.36768,41.66819]},"properties":{"d":"2024-10"}},{"type":"Feature","geometry":{"type":"Point","coordinates":[-70.36301,41.66442]},"properties":{"d":"2024-12"}},{"type":"Feature","geometry":{"type":"Point","coordinates":[-70.36299,41.66533]},"properties":{"d":"2023-09"}},{"type":"Feature","geometry":{"type":"Point","coordinates":[-70.36359,41.66551]},"properties":{"d":"2024-12"}},{"type":"Feature","geometry":{"type":"Point","coordinates":[-70.37178,41.6746]},"properties":{"d":"2024-04"}},{"type":"Feature","geometry":{"type":"Point","coordinates":[-70.36742,41.67149]},"properties":{"d":"2024-11"}},{"type":"Feature","geometry":{"type":"Point","coordinates":[-70.36924,41.66972]},"properties":{"d":"2024-03"}},{"type":"Feature","geometry":{"type":"Point","coordinates":[-70.36862,41.67072]},"properties":{"d":"2024-09"}},{"type":"Feature","geometry":{"type":"Point","coordinates":[-70.36816,41.67147]},"properties":{"d":"2024-11"}},{"type":"Feature","geometry":{"type":"Point","coordinates":[-70.36979,41.67322]},"properties":{"d":"2023-12"}},{"type":"Feature","geometry":{"type":"Point","coordinates":[-70.36797,41.6731]},"properties":{"d":"2024-02"}},{"type":"Feature","geometry":{"type":"Point","coordinates":[-70.36177,41.67313]},"properties":{"d":"2024-11"}},{"type":"Feature","geometry":{"type":"Point","coordinates":[-70.36313,41.6743]},"properties":{"d":"2023-12"}},{"type":"Feature","geometry":{"type":"Point","coordinates":[-70.36438,41.67468]},"properties":{"d":"2024-06"}},{"type":"Feature","geometry":{"type":"Point","coordinates":[-70.3623,41.67506]},"properties":{"d":"2024-10"}},{"type":"Feature","geometry":{"type":"Point","coordinates":[-70.36351,41.67534]},"properties":{"d":"2023-09"}},{"type":"Feature","geometry":{"type":"Point","coordinates":[-70.37269,41.67107]},"properties":{"d":"2023-12"}},{"type":"Feature","geometry":{"type":"Point","coordinates":[-70.37188,41.67056]},"properties":{"d":"2024-12"}},{"type":"Feature","geometry":{"type":"Point","coordinates":[-70.36455,41.67355]},"properties":{"d":"2024-11"}},{"type":"Feature","geometry":{"type":"Point","coordinates":[-70.3642,41.67268]},"properties":{"d":"2024-04"}},{"type":"Feature","geometry":{"type":"Point","coordinates":[-70.36444,41.67247]},"properties":{"d":"2024-05"}},{"type":"Feature","geometry":{"type":"Point","coordinates":[-70.36501,41.67312]},"properties":{"d":"2024-11"}},{"type":"Feature","geometry":{"type":"Point","coordinates":[-70.36515,41.67274]},"properties":{"d":"2024-12"}},{"type":"Feature","geometry":{"type":"Point","coordinates":[-70.36578,41.67154]},"properties":{"d":"2024-11"}},{"type":"Feature","geometry":{"type":"Point","coordinates":[-70.36595,41.67099]},"properties":{"d":"2024-10"}},{"type":"Feature","geometry":{"type":"Point","coordinates":[-70.36389,41.66992]},"properties":{"d":"2024-08"}},{"type":"Feature","geometry":{"type":"Point","coordinates":[-70.36664,41.67206]},"properties":{"d":"2024-01"}},{"type":"Feature","geometry":{"type":"Point","coordinates":[-70.36778,41.66988]},"properties":{"d":"2024-01"}},{"type":"Feature","geometry":{"type":"Point","coordinates":[-70.36653,41.67099]},"properties":{"d":"2024-12"}},{"type":"Feature","geometry":{"type":"Point","coordinates":[-70.36697,41.66953]},"properties":{"d":"2024-10"}},{"type":"Feature","geometry":{"type":"Point","coordinates":[-70.36735,41.67335]},"properties":{"d":"2024-08"}},{"type":"Feature","geometry":{"type":"Point","coordinates":[-70.36823,41.67829]},"properties":{"d":"2024-06"}},{"type":"Feature","geometry":{"type":"Point","coordinates":[-70.36714,41.67821]},"properties":{"d":"2024-10"}},{"type":"Feature","geometry":{"type":"Point","coordinates":[-70.36692,41.67835]},"properties":{"d":"2023-12"}},{"type":"Feature","geometry":{"type":"Point","coordinates":[-70.36472,41.67749]},"properties":{"d":"2024-08"}},{"type":"Feature","geometry":{"type":"Point","coordinates":[-70.36648,41.67717]},"properties":{"d":"2024-07"}},{"type":"Feature","geometry":{"type":"Point","coordinates":[-70.36709,41.67703]},"properties":{"d":"2024-07"}},{"type":"Feature","geometry":{"type":"Point","coordinates":[-70.36175,41.67688]},"properties":{"d":"2024-12"}},{"type":"Feature","geometry":{"type":"Point","coordinates":[-70.36131,41.67707]},"properties":{"d":"2024-10"}},{"type":"Feature","geometry":{"type":"Point","coordinates":[-70.36292,41.67637]},"properties":{"d":"2024-02"}},{"type":"Feature","geometry":{"type":"Point","coordinates":[-70.36819,41.6826]},"properties":{"d":"2024-10"}},{"type":"Feature","geometry":{"type":"Point","coordinates":[-70.36925,41.68275]},"properties":{"d":"2024-08"}},{"type":"Feature","geometry":{"type":"Point","coordinates":[-70.37052,41.68303]},"properties":{"d":"2023-09"}},{"type":"Feature","geometry":{"type":"Point","coordinates":[-70.37077,41.68299]},"properties":{"d":"2023-11"}},{"type":"Feature","geometry":{"type":"Point","coordinates":[-70.37107,41.68295]},"properties":{"d":"2023-12"}},{"type":"Feature","geometry":{"type":"Point","coordinates":[-70.37115,41.68383]},"properties":{"d":"2024-11"}},{"type":"Feature","geometry":{"type":"Point","coordinates":[-70.37086,41.68398]},"properties":{"d":"2024-11"}},{"type":"Feature","geometry":{"type":"Point","coordinates":[-70.36387,41.68468]},"properties":{"d":"2024-05"}},{"type":"Feature","geometry":{"type":"Point","coordinates":[-70.36209,41.68339]},"properties":{"d":"2025-01"}},{"type":"Feature","geometry":{"type":"Point","coordinates":[-70.36415,41.68288]},"properties":{"d":"2024-11"}},{"type":"Feature","geometry":{"type":"Point","coordinates":[-70.37181,41.6866]},"properties":{"d":"2024-03"}},{"type":"Feature","geometry":{"type":"Point","coordinates":[-70.36331,41.69657]},"properties":{"d":"2023-12"}},{"type":"Feature","geometry":{"type":"Point","coordinates":[-70.36147,41.70225]},"properties":{"d":"2024-06"}},{"type":"Feature","geometry":{"type":"Point","coordinates":[-70.3613,41.63334]},"properties":{"d":"2024-09"}},{"type":"Feature","geometry":{"type":"Point","coordinates":[-70.3571,41.63612]},"properties":{"d":"2024-04"}},{"type":"Feature","geometry":{"type":"Point","coordinates":[-70.35751,41.63836]},"properties":{"d":"2023-11"}},{"type":"Feature","geometry":{"type":"Point","coordinates":[-70.35682,41.63796]},"properties":{"d":"2024-11"}},{"type":"Feature","geometry":{"type":"Point","coordinates":[-70.3552,41.63674]},"properties":{"d":"2024-11"}},{"type":"Feature","geometry":{"type":"Point","coordinates":[-70.3572,41.63705]},"properties":{"d":"2024-10"}},{"type":"Feature","geometry":{"type":"Point","coordinates":[-70.35691,41.64161]},"properties":{"d":"2024-08"}},{"type":"Feature","geometry":{"type":"Point","coordinates":[-70.3592,41.64588]},"properties":{"d":"2024-11"}},{"type":"Feature","geometry":{"type":"Point","coordinates":[-70.35977,41.64629]},"properties":{"d":"2024-08"}},{"type":"Feature","geometry":{"type":"Point","coordinates":[-70.3602,41.64681]},"properties":{"d":"2023-11"}},{"type":"Feature","geometry":{"type":"Point","coordinates":[-70.35128,41.64278]},"properties":{"d":"2024-05"}},{"type":"Feature","geometry":{"type":"Point","coordinates":[-70.35855,41.64452]},"properties":{"d":"2024-07"}},{"type":"Feature","geometry":{"type":"Point","coordinates":[-70.35149,41.6463]},"properties":{"d":"2024-05"}},{"type":"Feature","geometry":{"type":"Point","coordinates":[-70.35346,41.64363]},"properties":{"d":"2024-04"}},{"type":"Feature","geometry":{"type":"Point","coordinates":[-70.35216,41.64352]},"properties":{"d":"2023-11"}},{"type":"Feature","geometry":{"type":"Point","coordinates":[-70.35618,41.64481]},"properties":{"d":"2023-09"}},{"type":"Feature","geometry":{"type":"Point","coordinates":[-70.35463,41.64313]},"properties":{"d":"2023-11"}},{"type":"Feature","geometry":{"type":"Point","coordinates":[-70.35688,41.65219]},"properties":{"d":"2024-02"}},{"type":"Feature","geometry":{"type":"Point","coordinates":[-70.35585,41.65274]},"properties":{"d":"2024-02"}},{"type":"Feature","geometry":{"type":"Point","coordinates":[-70.35479,41.65289]},"properties":{"d":"2023-11"}},{"type":"Feature","geometry":{"type":"Point","coordinates":[-70.35597,41.65198]},"properties":{"d":"2024-12"}},{"type":"Feature","geometry":{"type":"Point","coordinates":[-70.35733,41.65181]},"properties":{"d":"2024-07"}},{"type":"Feature","geometry":{"type":"Point","coordinates":[-70.35142,41.64801]},"properties":{"d":"2024-02"}},{"type":"Feature","geometry":{"type":"Point","coordinates":[-70.3537,41.64773]},"properties":{"d":"2023-12"}},{"type":"Feature","geometry":{"type":"Point","coordinates":[-70.3543,41.64842]},"properties":{"d":"2024-09"}},{"type":"Feature","geometry":{"type":"Point","coordinates":[-70.35878,41.64825]},"properties":{"d":"2024-02"}},{"type":"Feature","geometry":{"type":"Point","coordinates":[-70.35912,41.64778]},"properties":{"d":"2024-02"}},{"type":"Feature","geometry":{"type":"Point","coordinates":[-70.35143,41.65148]},"properties":{"d":"2024-05"}},{"type":"Feature","geometry":{"type":"Point","coordinates":[-70.35065,41.6514]},"properties":{"d":"2024-05"}},{"type":"Feature","geometry":{"type":"Point","coordinates":[-70.35278,41.6495]},"properties":{"d":"2024-02"}},{"type":"Feature","geometry":{"type":"Point","coordinates":[-70.35692,41.6475]},"properties":{"d":"2023-09"}},{"type":"Feature","geometry":{"type":"Point","coordinates":[-70.35764,41.65277]},"properties":{"d":"2024-11"}},{"type":"Feature","geometry":{"type":"Point","coordinates":[-70.35912,41.64995]},"properties":{"d":"2023-11"}},{"type":"Feature","geometry":{"type":"Point","coordinates":[-70.35975,41.6496]},"properties":{"d":"2024-10"}},{"type":"Feature","geometry":{"type":"Point","coordinates":[-70.3615,41.65012]},"properties":{"d":"2024-07"}},{"type":"Feature","geometry":{"type":"Point","coordinates":[-70.36131,41.64938]},"properties":{"d":"2024-12"}},{"type":"Feature","geometry":{"type":"Point","coordinates":[-70.3527,41.64764]},"properties":{"d":"2023-09"}},{"type":"Feature","geometry":{"type":"Point","coordinates":[-70.35974,41.65264]},"properties":{"d":"2024-11"}},{"type":"Feature","geometry":{"type":"Point","coordinates":[-70.36001,41.65572]},"properties":{"d":"2024-06"}},{"type":"Feature","geometry":{"type":"Point","coordinates":[-70.36014,41.65811]},"properties":{"d":"2023-09"}},{"type":"Feature","geometry":{"type":"Point","coordinates":[-70.35987,41.65837]},"properties":{"d":"2024-09"}},{"type":"Feature","geometry":{"type":"Point","coordinates":[-70.35412,41.65736]},"properties":{"d":"2023-12"}},{"type":"Feature","geometry":{"type":"Point","coordinates":[-70.35135,41.65579]},"properties":{"d":"2024-08"}},{"type":"Feature","geometry":{"type":"Point","coordinates":[-70.35083,41.65529]},"properties":{"d":"2024-08"}},{"type":"Feature","geometry":{"type":"Point","coordinates":[-70.35146,41.65437]},"properties":{"d":"2023-09"}},{"type":"Feature","geometry":{"type":"Point","coordinates":[-70.35336,41.65458]},"properties":{"d":"2024-03"}},{"type":"Feature","geometry":{"type":"Point","coordinates":[-70.35616,41.65318]},"properties":{"d":"2024-06"}},{"type":"Feature","geometry":{"type":"Point","coordinates":[-70.35597,41.65341]},"properties":{"d":"2023-09"}},{"type":"Feature","geometry":{"type":"Point","coordinates":[-70.35556,41.65384]},"properties":{"d":"2024-12"}},{"type":"Feature","geometry":{"type":"Point","coordinates":[-70.35656,41.65321]},"properties":{"d":"2024-09"}},{"type":"Feature","geometry":{"type":"Point","coordinates":[-70.35335,41.65809]},"properties":{"d":"2023-10"}},{"type":"Feature","geometry":{"type":"Point","coordinates":[-70.35616,41.65369]},"properties":{"d":"2024-05"}},{"type":"Feature","geometry":{"type":"Point","coordinates":[-70.35597,41.65392]},"properties":{"d":"2024-08"}},{"type":"Feature","geometry":{"type":"Point","coordinates":[-70.3552,41.65486]},"properties":{"d":"2024-12"}},{"type":"Feature","geometry":{"type":"Point","coordinates":[-70.35075,41.65741]},"properties":{"d":"2024-11"}},{"type":"Feature","geometry":{"type":"Point","coordinates":[-70.35772,41.65345]},"properties":{"d":"2023-11"}},{"type":"Feature","geometry":{"type":"Point","coordinates":[-70.35432,41.65514]},"properties":{"d":"2024-09"}},{"type":"Feature","geometry":{"type":"Point","coordinates":[-70.35914,41.65317]},"properties":{"d":"2024-03"}},{"type":"Feature","geometry":{"type":"Point","coordinates":[-70.36039,41.65932]},"properties":{"d":"2023-11"}},{"type":"Feature","geometry":{"type":"Point","coordinates":[-70.36089,41.66012]},"properties":{"d":"2024-02"}},{"type":"Feature","geometry":{"type":"Point","coordinates":[-70.36007,41.66039]},"properties":{"d":"2023-12"}},{"type":"Feature","geometry":{"type":"Point","coordinates":[-70.35776,41.66064]},"properties":{"d":"2024-01"}},{"type":"Feature","geometry":{"type":"Point","coordinates":[-70.35799,41.65992]},"properties":{"d":"2024-02"}},{"type":"Feature","geometry":{"type":"Point","coordinates":[-70.35819,41.65935]},"properties":{"d":"2024-11"}},{"type":"Feature","geometry":{"type":"Point","coordinates":[-70.35718,41.65899]},"properties":{"d":"2024-01"}},{"type":"Feature","geometry":{"type":"Point","coordinates":[-70.35452,41.65857]},"properties":{"d":"2024-10"}},{"type":"Feature","geometry":{"type":"Point","coordinates":[-70.35238,41.66147]},"properties":{"d":"2024-03"}},{"type":"Feature","geometry":{"type":"Point","coordinates":[-70.35141,41.66312]},"properties":{"d":"2024-10"}},{"type":"Feature","geometry":{"type":"Point","coordinates":[-70.35137,41.66263]},"properties":{"d":"2023-12"}},{"type":"Feature","geometry":{"type":"Point","coordinates":[-70.35286,41.6599]},"properties":{"d":"2024-01"}},{"type":"Feature","geometry":{"type":"Point","coordinates":[-70.35461,41.65956]},"properties":{"d":"2024-11"}},{"type":"Feature","geometry":{"type":"Point","coordinates":[-70.35952,41.66162]},"properties":{"d":"2024-03"}},{"type":"Feature","geometry":{"type":"Point","coordinates":[-70.35027,41.66119]},"properties":{"d":"2023-11"}},{"type":"Feature","geometry":{"type":"Point","coordinates":[-70.35887,41.66301]},"properties":{"d":"2023-12"}},{"type":"Feature","geometry":{"type":"Point","coordinates":[-70.36043,41.66329]},"properties":{"d":"2023-09"}},{"type":"Feature","geometry":{"type":"Point","coordinates":[-70.35077,41.66023]},"properties":{"d":"2024-06"}},{"type":"Feature","geometry":{"type":"Point","coordinates":[-70.3531,41.66252]},"properties":{"d":"2024-07"}},{"type":"Feature","geometry":{"type":"Point","coordinates":[-70.35679,41.6655]},"properties":{"d":"2023-10"}},{"type":"Feature","geometry":{"type":"Point","coordinates":[-70.35077,41.66475]},"properties":{"d":"2024-02"}},{"type":"Feature","geometry":{"type":"Point","coordinates":[-70.35196,41.66611]},"properties":{"d":"2024-01"}},{"type":"Feature","geometry":{"type":"Point","coordinates":[-70.35434,41.66486]},"properties":{"d":"2023-12"}},{"type":"Feature","geometry":{"type":"Point","coordinates":[-70.35299,41.66472]},"properties":{"d":"2024-08"}},{"type":"Feature","geometry":{"type":"Point","coordinates":[-70.35277,41.6678]},"properties":{"d":"2023-10"}},{"type":"Feature","geometry":{"type":"Point","coordinates":[-70.36079,41.66897]},"properties":{"d":"2023-11"}},{"type":"Feature","geometry":{"type":"Point","coordinates":[-70.35489,41.6676]},"properties":{"d":"2024-01"}},{"type":"Feature","geometry":{"type":"Point","coordinates":[-70.35387,41.66863]},"properties":{"d":"2024-05"}},{"type":"Feature","geometry":{"type":"Point","coordinates":[-70.35482,41.66512]},"properties":{"d":"2023-11"}},{"type":"Feature","geometry":{"type":"Point","coordinates":[-70.35554,41.66515]},"properties":{"d":"2024-02"}},{"type":"Feature","geometry":{"type":"Point","coordinates":[-70.35835,41.66459]},"properties":{"d":"2024-06"}},{"type":"Feature","geometry":{"type":"Point","coordinates":[-70.35851,41.66408]},"properties":{"d":"2024-07"}},{"type":"Feature","geometry":{"type":"Point","coordinates":[-70.35984,41.66573]},"properties":{"d":"2024-08"}},{"type":"Feature","geometry":{"type":"Point","coordinates":[-70.35944,41.66618]},"properties":{"d":"2024-05"}},{"type":"Feature","geometry":{"type":"Point","coordinates":[-70.35958,41.66647]},"properties":{"d":"2024-11"}},{"type":"Feature","geometry":{"type":"Point","coordinates":[-70.35907,41.66837]},"properties":{"d":"2024-03"}},{"type":"Feature","geometry":{"type":"Point","coordinates":[-70.35254,41.67335]},"properties":{"d":"2024-08"}},{"type":"Feature","geometry":{"type":"Point","coordinates":[-70.35051,41.67258]},"properties":{"d":"2024-03"}},{"type":"Feature","geometry":{"type":"Point","coordinates":[-70.35063,41.6732]},"properties":{"d":"2024-07"}},{"type":"Feature","geometry":{"type":"Point","coordinates":[-70.35136,41.67421]},"properties":{"d":"2023-12"}},{"type":"Feature","geometry":{"type":"Point","coordinates":[-70.35167,41.67098]},"properties":{"d":"2024-05"}},{"type":"Feature","geometry":{"type":"Point","coordinates":[-70.35026,41.6695]},"properties":{"d":"2024-01"}},{"type":"Feature","geometry":{"type":"Point","coordinates":[-70.35149,41.67042]},"properties":{"d":"2024-02"}},{"type":"Feature","geometry":{"type":"Point","coordinates":[-70.35169,41.67345]},"properties":{"d":"2024-11"}},{"type":"Feature","geometry":{"type":"Point","coordinates":[-70.35752,41.6717]},"properties":{"d":"2023-11"}},{"type":"Feature","geometry":{"type":"Point","coordinates":[-70.35665,41.67325]},"properties":{"d":"2024-10"}},{"type":"Feature","geometry":{"type":"Point","coordinates":[-70.35998,41.66987]},"properties":{"d":"2024-02"}},{"type":"Feature","geometry":{"type":"Point","coordinates":[-70.35941,41.66955]},"properties":{"d":"2023-12"}},{"type":"Feature","geometry":{"type":"Point","coordinates":[-70.35939,41.66984]},"properties":{"d":"2024-05"}},{"type":"Feature","geometry":{"type":"Point","coordinates":[-70.35966,41.67244]},"properties":{"d":"2024-10"}},{"type":"Feature","geometry":{"type":"Point","coordinates":[-70.35353,41.66992]},"properties":{"d":"2024-01"}},{"type":"Feature","geometry":{"type":"Point","coordinates":[-70.35879,41.67364]},"properties":{"d":"2024-11"}},{"type":"Feature","geometry":{"type":"Point","coordinates":[-70.35914,41.67062]},"properties":{"d":"2023-10"}},{"type":"Feature","geometry":{"type":"Point","coordinates":[-70.35437,41.67113]},"properties":{"d":"2024-04"}},{"type":"Feature","geometry":{"type":"Point","coordinates":[-70.36041,41.67308]},"properties":{"d":"2023-11"}},{"type":"Feature","geometry":{"type":"Point","coordinates":[-70.35551,41.67205]},"properties":{"d":"2024-04"}},{"type":"Feature","geometry":{"type":"Point","coordinates":[-70.35568,41.67238]},"properties":{"d":"2024-02"}},{"type":"Feature","geometry":{"type":"Point","coordinates":[-70.35423,41.67257]},"properties":{"d":"2024-06"}},{"type":"Feature","geometry":{"type":"Point","coordinates":[-70.35399,41.67213]},"properties":{"d":"2024-06"}},{"type":"Feature","geometry":{"type":"Point","coordinates":[-70.35032,41.67877]},"properties":{"d":"2024-04"}},{"type":"Feature","geometry":{"type":"Point","coordinates":[-70.35347,41.6783]},"properties":{"d":"2024-07"}},{"type":"Feature","geometry":{"type":"Point","coordinates":[-70.35603,41.6752]},"properties":{"d":"2024-11"}},{"type":"Feature","geometry":{"type":"Point","coordinates":[-70.35822,41.67583]},"properties":{"d":"2024-04"}},{"type":"Feature","geometry":{"type":"Point","coordinates":[-70.35632,41.67934]},"properties":{"d":"2024-11"}},{"type":"Feature","geometry":{"type":"Point","coordinates":[-70.35437,41.67966]},"properties":{"d":"2025-03"}},{"type":"Feature","geometry":{"type":"Point","coordinates":[-70.3549,41.67858]},"properties":{"d":"2024-09"}},{"type":"Feature","geometry":{"type":"Point","coordinates":[-70.35493,41.67815]},"properties":{"d":"2024-04"}},{"type":"Feature","geometry":{"type":"Point","coordinates":[-70.35522,41.67804]},"properties":{"d":"2024-03"}},{"type":"Feature","geometry":{"type":"Point","coordinates":[-70.35556,41.67664]},"properties":{"d":"2024-11"}},{"type":"Feature","geometry":{"type":"Point","coordinates":[-70.35412,41.68036]},"properties":{"d":"2024-10"}},{"type":"Feature","geometry":{"type":"Point","coordinates":[-70.35789,41.67942]},"properties":{"d":"2024-01"}},{"type":"Feature","geometry":{"type":"Point","coordinates":[-70.36117,41.67836]},"properties":{"d":"2024-06"}},{"type":"Feature","geometry":{"type":"Point","coordinates":[-70.35809,41.67775]},"properties":{"d":"2024-03"}},{"type":"Feature","geometry":{"type":"Point","coordinates":[-70.35881,41.67856]},"properties":{"d":"2024-04"}},{"type":"Feature","geometry":{"type":"Point","coordinates":[-70.35843,41.67866]},"properties":{"d":"2024-07"}},{"type":"Feature","geometry":{"type":"Point","coordinates":[-70.36011,41.67539]},"properties":{"d":"2023-12"}},{"type":"Feature","geometry":{"type":"Point","coordinates":[-70.35521,41.6763]},"properties":{"d":"2024-10"}},{"type":"Feature","geometry":{"type":"Point","coordinates":[-70.3539,41.67909]},"properties":{"d":"2024-07"}},{"type":"Feature","geometry":{"type":"Point","coordinates":[-70.35988,41.6806]},"properties":{"d":"2024-02"}},{"type":"Feature","geometry":{"type":"Point","coordinates":[-70.35985,41.68179]},"properties":{"d":"2024-01"}},{"type":"Feature","geometry":{"type":"Point","coordinates":[-70.35959,41.68251]},"properties":{"d":"2024-07"}},{"type":"Feature","geometry":{"type":"Point","coordinates":[-70.35874,41.68098]},"properties":{"d":"2024-02"}},{"type":"Feature","geometry":{"type":"Point","coordinates":[-70.35749,41.68348]},"properties":{"d":"2024-08"}},{"type":"Feature","geometry":{"type":"Point","coordinates":[-70.35389,41.68113]},"properties":{"d":"2024-07"}},{"type":"Feature","geometry":{"type":"Point","coordinates":[-70.35048,41.68238]},"properties":{"d":"2024-04"}},{"type":"Feature","geometry":{"type":"Point","coordinates":[-70.35046,41.68216]},"properties":{"d":"2024-03"}},{"type":"Feature","geometry":{"type":"Point","coordinates":[-70.35079,41.68205]},"properties":{"d":"2023-09"}},{"type":"Feature","geometry":{"type":"Point","coordinates":[-70.35105,41.68229]},"properties":{"d":"2024-12"}},{"type":"Feature","geometry":{"type":"Point","coordinates":[-70.3523,41.68183]},"properties":{"d":"2024-08"}},{"type":"Feature","geometry":{"type":"Point","coordinates":[-70.35288,41.68129]},"properties":{"d":"2024-10"}},{"type":"Feature","geometry":{"type":"Point","coordinates":[-70.35291,41.68067]},"properties":{"d":"2024-10"}},{"type":"Feature","geometry":{"type":"Point","coordinates":[-70.35038,41.69054]},"properties":{"d":"2024-04"}},{"type":"Feature","geometry":{"type":"Point","coordinates":[-70.35516,41.69414]},"properties":{"d":"2025-10"}},{"type":"Feature","geometry":{"type":"Point","coordinates":[-70.35671,41.69932]},"properties":{"d":"2024-11"}},{"type":"Feature","geometry":{"type":"Point","coordinates":[-70.35324,41.69754]},"properties":{"d":"2024-05"}},{"type":"Feature","geometry":{"type":"Point","coordinates":[-70.36021,41.70217]},"properties":{"d":"2024-04"}},{"type":"Feature","geometry":{"type":"Point","coordinates":[-70.35675,41.70072]},"properties":{"d":"2023-09"}},{"type":"Feature","geometry":{"type":"Point","coordinates":[-70.35066,41.63611]},"properties":{"d":"2023-11"}},{"type":"Feature","geometry":{"type":"Point","coordinates":[-70.34575,41.63633]},"properties":{"d":"2024-01"}},{"type":"Feature","geometry":{"type":"Point","coordinates":[-70.34611,41.63628]},"properties":{"d":"2024-04"}},{"type":"Feature","geometry":{"type":"Point","coordinates":[-70.34847,41.63596]},"properties":{"d":"2024-06"}},{"type":"Feature","geometry":{"type":"Point","coordinates":[-70.34591,41.63828]},"properties":{"d":"2024-07"}},{"type":"Feature","geometry":{"type":"Point","coordinates":[-70.34526,41.63864]},"properties":{"d":"2024-08"}},{"type":"Feature","geometry":{"type":"Point","coordinates":[-70.34462,41.63879]},"properties":{"d":"2024-07"}},{"type":"Feature","geometry":{"type":"Point","coordinates":[-70.3476,41.63766]},"properties":{"d":"2024-06"}},{"type":"Feature","geometry":{"type":"Point","coordinates":[-70.34245,41.63818]},"properties":{"d":"2023-11"}},{"type":"Feature","geometry":{"type":"Point","coordinates":[-70.34814,41.64338]},"properties":{"d":"2024-11"}},{"type":"Feature","geometry":{"type":"Point","coordinates":[-70.34728,41.64609]},"properties":{"d":"2024-03"}},{"type":"Feature","geometry":{"type":"Point","coordinates":[-70.34228,41.6467]},"properties":{"d":"2023-12"}},{"type":"Feature","geometry":{"type":"Point","coordinates":[-70.34372,41.64632]},"properties":{"d":"2023-09"}},{"type":"Feature","geometry":{"type":"Point","coordinates":[-70.34358,41.64435]},"properties":{"d":"2024-06"}},{"type":"Feature","geometry":{"type":"Point","coordinates":[-70.34221,41.64367]},"properties":{"d":"2023-10"}},{"type":"Feature","geometry":{"type":"Point","coordinates":[-70.34091,41.64666]},"properties":{"d":"2024-05"}},{"type":"Feature","geometry":{"type":"Point","coordinates":[-70.34146,41.64629]},"properties":{"d":"2024-09"}},{"type":"Feature","geometry":{"type":"Point","coordinates":[-70.34857,41.65118]},"properties":{"d":"2023-09"}},{"type":"Feature","geometry":{"type":"Point","coordinates":[-70.34032,41.64815]},"properties":{"d":"2024-07"}},{"type":"Feature","geometry":{"type":"Point","coordinates":[-70.34532,41.65141]},"properties":{"d":"2024-02"}},{"type":"Feature","geometry":{"type":"Point","coordinates":[-70.34645,41.65176]},"properties":{"d":"2024-06"}},{"type":"Feature","geometry":{"type":"Point","coordinates":[-70.34062,41.64858]},"properties":{"d":"2023-12"}},{"type":"Feature","geometry":{"type":"Point","coordinates":[-70.33972,41.64785]},"properties":{"d":"2024-08"}},{"type":"Feature","geometry":{"type":"Point","coordinates":[-70.34051,41.65555]},"properties":{"d":"2024-08"}},{"type":"Feature","geometry":{"type":"Point","coordinates":[-70.33979,41.65812]},"properties":{"d":"2024-04"}},{"type":"Feature","geometry":{"type":"Point","coordinates":[-70.34116,41.6552]},"properties":{"d":"2024-01"}},{"type":"Feature","geometry":{"type":"Point","coordinates":[-70.33985,41.65562]},"properties":{"d":"2024-05"}},{"type":"Feature","geometry":{"type":"Point","coordinates":[-70.34179,41.65335]},"properties":{"d":"2023-09"}},{"type":"Feature","geometry":{"type":"Point","coordinates":[-70.3429,41.65626]},"properties":{"d":"2023-10"}},{"type":"Feature","geometry":{"type":"Point","coordinates":[-70.34582,41.65521]},"properties":{"d":"2024-02"}},{"type":"Feature","geometry":{"type":"Point","coordinates":[-70.34751,41.65393]},"properties":{"d":"2024-11"}},{"type":"Feature","geometry":{"type":"Point","coordinates":[-70.3481,41.65335]},"properties":{"d":"2024-09"}},{"type":"Feature","geometry":{"type":"Point","coordinates":[-70.34692,41.65603]},"properties":{"d":"2024-10"}},{"type":"Feature","geometry":{"type":"Point","coordinates":[-70.34573,41.65445]},"properties":{"d":"2024-06"}},{"type":"Feature","geometry":{"type":"Point","coordinates":[-70.34616,41.65399]},"properties":{"d":"2023-12"}},{"type":"Feature","geometry":{"type":"Point","coordinates":[-70.34642,41.6542]},"properties":{"d":"2024-04"}},{"type":"Feature","geometry":{"type":"Point","coordinates":[-70.35022,41.66057]},"properties":{"d":"2024-12"}},{"type":"Feature","geometry":{"type":"Point","coordinates":[-70.34566,41.66299]},"properties":{"d":"2024-10"}},{"type":"Feature","geometry":{"type":"Point","coordinates":[-70.34446,41.66311]},"properties":{"d":"2024-11"}},{"type":"Feature","geometry":{"type":"Point","coordinates":[-70.34513,41.66101]},"properties":{"d":"2024-01"}},{"type":"Feature","geometry":{"type":"Point","coordinates":[-70.34202,41.6606]},"properties":{"d":"2024-05"}},{"type":"Feature","geometry":{"type":"Point","coordinates":[-70.34116,41.66274]},"properties":{"d":"2024-10"}},{"type":"Feature","geometry":{"type":"Point","coordinates":[-70.33939,41.65967]},"properties":{"d":"2024-02"}},{"type":"Feature","geometry":{"type":"Point","coordinates":[-70.33961,41.65945]},"properties":{"d":"2024-07"}},{"type":"Feature","geometry":{"type":"Point","coordinates":[-70.34018,41.65903]},"properties":{"d":"2024-02"}},{"type":"Feature","geometry":{"type":"Point","coordinates":[-70.34175,41.65884]},"properties":{"d":"2023-10"}},{"type":"Feature","geometry":{"type":"Point","coordinates":[-70.34712,41.66054]},"properties":{"d":"2024-02"}},{"type":"Feature","geometry":{"type":"Point","coordinates":[-70.34704,41.66032]},"properties":{"d":"2024-08"}},{"type":"Feature","geometry":{"type":"Point","coordinates":[-70.34856,41.65939]},"properties":{"d":"2024-08"}},{"type":"Feature","geometry":{"type":"Point","coordinates":[-70.34675,41.66266]},"properties":{"d":"2024-10"}},{"type":"Feature","geometry":{"type":"Point","coordinates":[-70.34521,41.65964]},"properties":{"d":"2024-07"}},{"type":"Feature","geometry":{"type":"Point","coordinates":[-70.34626,41.66053]},"properties":{"d":"2023-11"}},{"type":"Feature","geometry":{"type":"Point","coordinates":[-70.3466,41.66707]},"properties":{"d":"2024-07"}},{"type":"Feature","geometry":{"type":"Point","coordinates":[-70.34634,41.66626]},"properties":{"d":"2024-04"}},{"type":"Feature","geometry":{"type":"Point","coordinates":[-70.34861,41.67035]},"properties":{"d":"2024-06"}},{"type":"Feature","geometry":{"type":"Point","coordinates":[-70.34939,41.67254]},"properties":{"d":"2024-11"}},{"type":"Feature","geometry":{"type":"Point","coordinates":[-70.34872,41.67276]},"properties":{"d":"2023-12"}},{"type":"Feature","geometry":{"type":"Point","coordinates":[-70.34352,41.68394]},"properties":{"d":"2024-06"}},{"type":"Feature","geometry":{"type":"Point","coordinates":[-70.34092,41.68409]},"properties":{"d":"2024-11"}},{"type":"Feature","geometry":{"type":"Point","coordinates":[-70.34941,41.69003]},"properties":{"d":"2024-04"}},{"type":"Feature","geometry":{"type":"Point","coordinates":[-70.3495,41.69046]},"properties":{"d":"2024-12"}},{"type":"Feature","geometry":{"type":"Point","coordinates":[-70.34832,41.68831]},"properties":{"d":"2024-05"}},{"type":"Feature","geometry":{"type":"Point","coordinates":[-70.33857,41.68585]},"properties":{"d":"2024-03"}},{"type":"Feature","geometry":{"type":"Point","coordinates":[-70.34902,41.6925]},"properties":{"d":"2023-10"}},{"type":"Feature","geometry":{"type":"Point","coordinates":[-70.3473,41.69286]},"properties":{"d":"2023-10"}},{"type":"Feature","geometry":{"type":"Point","coordinates":[-70.34693,41.69298]},"properties":{"d":"2024-11"}},{"type":"Feature","geometry":{"type":"Point","coordinates":[-70.34688,41.69598]},"properties":{"d":"2023-10"}},{"type":"Feature","geometry":{"type":"Point","coordinates":[-70.3443,41.69419]},"properties":{"d":"2023-11"}},{"type":"Feature","geometry":{"type":"Point","coordinates":[-70.34781,41.69479]},"properties":{"d":"2024-06"}},{"type":"Feature","geometry":{"type":"Point","coordinates":[-70.33941,41.69538]},"properties":{"d":"2024-02"}},{"type":"Feature","geometry":{"type":"Point","coordinates":[-70.34764,41.69713]},"properties":{"d":"2024-08"}},{"type":"Feature","geometry":{"type":"Point","coordinates":[-70.34682,41.69736]},"properties":{"d":"2024-10"}},{"type":"Feature","geometry":{"type":"Point","coordinates":[-70.34223,41.69821]},"properties":{"d":"2024-01"}},{"type":"Feature","geometry":{"type":"Point","coordinates":[-70.33095,41.63621]},"properties":{"d":"2024-10"}},{"type":"Feature","geometry":{"type":"Point","coordinates":[-70.32977,41.63614]},"properties":{"d":"2024-01"}},{"type":"Feature","geometry":{"type":"Point","coordinates":[-70.33497,41.63867]},"properties":{"d":"2024-08"}},{"type":"Feature","geometry":{"type":"Point","coordinates":[-70.33331,41.64058]},"properties":{"d":"2024-05"}},{"type":"Feature","geometry":{"type":"Point","coordinates":[-70.33316,41.64077]},"properties":{"d":"2024-01"}},{"type":"Feature","geometry":{"type":"Point","coordinates":[-70.33036,41.64126]},"properties":{"d":"2023-11"}},{"type":"Feature","geometry":{"type":"Point","coordinates":[-70.33002,41.64176]},"properties":{"d":"2024-11"}},{"type":"Feature","geometry":{"type":"Point","coordinates":[-70.3291,41.64152]},"properties":{"d":"2024-03"}},{"type":"Feature","geometry":{"type":"Point","coordinates":[-70.32953,41.63927]},"properties":{"d":"2024-11"}},{"type":"Feature","geometry":{"type":"Point","coordinates":[-70.32998,41.64633]},"properties":{"d":"2024-04"}},{"type":"Feature","geometry":{"type":"Point","coordinates":[-70.32945,41.64394]},"properties":{"d":"2023-12"}},{"type":"Feature","geometry":{"type":"Point","coordinates":[-70.32891,41.64274]},"properties":{"d":"2024-04"}},{"type":"Feature","geometry":{"type":"Point","coordinates":[-70.32896,41.64239]},"properties":{"d":"2024-10"}},{"type":"Feature","geometry":{"type":"Point","coordinates":[-70.33255,41.64649]},"properties":{"d":"2024-05"}},{"type":"Feature","geometry":{"type":"Point","coordinates":[-70.33428,41.6453]},"properties":{"d":"2024-01"}},{"type":"Feature","geometry":{"type":"Point","coordinates":[-70.33381,41.64296]},"properties":{"d":"2024-09"}},{"type":"Feature","geometry":{"type":"Point","coordinates":[-70.33093,41.64416]},"properties":{"d":"2024-05"}},{"type":"Feature","geometry":{"type":"Point","coordinates":[-70.33362,41.64418]},"properties":{"d":"2024-01"}},{"type":"Feature","geometry":{"type":"Point","coordinates":[-70.33928,41.64601]},"properties":{"d":"2024-05"}},{"type":"Feature","geometry":{"type":"Point","coordinates":[-70.33731,41.65182]},"properties":{"d":"2024-04"}},{"type":"Feature","geometry":{"type":"Point","coordinates":[-70.33574,41.65231]},"properties":{"d":"2024-10"}},{"type":"Feature","geometry":{"type":"Point","coordinates":[-70.3328,41.65269]},"properties":{"d":"2024-07"}},{"type":"Feature","geometry":{"type":"Point","coordinates":[-70.33053,41.6512]},"properties":{"d":"2023-11"}},{"type":"Feature","geometry":{"type":"Point","coordinates":[-70.33067,41.65011]},"properties":{"d":"2024-06"}},{"type":"Feature","geometry":{"type":"Point","coordinates":[-70.33113,41.65101]},"properties":{"d":"2024-07"}},{"type":"Feature","geometry":{"type":"Point","coordinates":[-70.33531,41.64884]},"properties":{"d":"2023-10"}},{"type":"Feature","geometry":{"type":"Point","coordinates":[-70.33755,41.64808]},"properties":{"d":"2023-10"}},{"type":"Feature","geometry":{"type":"Point","coordinates":[-70.33743,41.64983]},"properties":{"d":"2024-11"}},{"type":"Feature","geometry":{"type":"Point","coordinates":[-70.33994,41.64908]},"properties":{"d":"2024-12"}},{"type":"Feature","geometry":{"type":"Point","coordinates":[-70.3306,41.65067]},"properties":{"d":"2023-11"}},{"type":"Feature","geometry":{"type":"Point","coordinates":[-70.33912,41.65194]},"properties":{"d":"2023-09"}},{"type":"Feature","geometry":{"type":"Point","coordinates":[-70.33528,41.64911]},"properties":{"d":"2024-10"}},{"type":"Feature","geometry":{"type":"Point","coordinates":[-70.32961,41.65016]},"properties":{"d":"2024-11"}},{"type":"Feature","geometry":{"type":"Point","coordinates":[-70.3296,41.64966]},"properties":{"d":"2024-11"}},{"type":"Feature","geometry":{"type":"Point","coordinates":[-70.33461,41.64961]},"properties":{"d":"2024-04"}},{"type":"Feature","geometry":{"type":"Point","coordinates":[-70.33313,41.64842]},"properties":{"d":"2024-01"}},{"type":"Feature","geometry":{"type":"Point","coordinates":[-70.33613,41.6502]},"properties":{"d":"2024-05"}},{"type":"Feature","geometry":{"type":"Point","coordinates":[-70.33739,41.65329]},"properties":{"d":"2023-10"}},{"type":"Feature","geometry":{"type":"Point","coordinates":[-70.33452,41.65332]},"properties":{"d":"2024-10"}},{"type":"Feature","geometry":{"type":"Point","coordinates":[-70.33454,41.65441]},"properties":{"d":"2024-08"}},{"type":"Feature","geometry":{"type":"Point","coordinates":[-70.33287,41.65461]},"properties":{"d":"2024-04"}},{"type":"Feature","geometry":{"type":"Point","coordinates":[-70.33225,41.65362]},"properties":{"d":"2024-10"}},{"type":"Feature","geometry":{"type":"Point","coordinates":[-70.33338,41.65326]},"properties":{"d":"2024-08"}},{"type":"Feature","geometry":{"type":"Point","coordinates":[-70.33089,41.65306]},"properties":{"d":"2024-02"}},{"type":"Feature","geometry":{"type":"Point","coordinates":[-70.33063,41.65703]},"properties":{"d":"2024-09"}},{"type":"Feature","geometry":{"type":"Point","coordinates":[-70.33439,41.65725]},"properties":{"d":"2024-09"}},{"type":"Feature","geometry":{"type":"Point","coordinates":[-70.3382,41.65654]},"properties":{"d":"2024-11"}},{"type":"Feature","geometry":{"type":"Point","coordinates":[-70.33925,41.65651]},"properties":{"d":"2024-10"}},{"type":"Feature","geometry":{"type":"Point","coordinates":[-70.33642,41.65784]},"properties":{"d":"2024-09"}},{"type":"Feature","geometry":{"type":"Point","coordinates":[-70.33667,41.65964]},"properties":{"d":"2024-10"}},{"type":"Feature","geometry":{"type":"Point","coordinates":[-70.33611,41.66012]},"properties":{"d":"2024-08"}},{"type":"Feature","geometry":{"type":"Point","coordinates":[-70.33758,41.6595]},"properties":{"d":"2024-12"}},{"type":"Feature","geometry":{"type":"Point","coordinates":[-70.33123,41.66019]},"properties":{"d":"2024-08"}},{"type":"Feature","geometry":{"type":"Point","coordinates":[-70.33222,41.65993]},"properties":{"d":"2024-04"}},{"type":"Feature","geometry":{"type":"Point","coordinates":[-70.33256,41.65885]},"properties":{"d":"2024-08"}},{"type":"Feature","geometry":{"type":"Point","coordinates":[-70.32874,41.66441]},"properties":{"d":"2023-11"}},{"type":"Feature","geometry":{"type":"Point","coordinates":[-70.33043,41.66424]},"properties":{"d":"2023-11"}},{"type":"Feature","geometry":{"type":"Point","coordinates":[-70.33428,41.66836]},"properties":{"d":"2023-12"}},{"type":"Feature","geometry":{"type":"Point","coordinates":[-70.33677,41.67446]},"properties":{"d":"2024-10"}},{"type":"Feature","geometry":{"type":"Point","coordinates":[-70.33308,41.66953]},"properties":{"d":"2024-06"}},{"type":"Feature","geometry":{"type":"Point","coordinates":[-70.33326,41.67232]},"properties":{"d":"2023-12"}},{"type":"Feature","geometry":{"type":"Point","coordinates":[-70.33213,41.67236]},"properties":{"d":"2024-10"}},{"type":"Feature","geometry":{"type":"Point","coordinates":[-70.33063,41.67207]},"properties":{"d":"2024-05"}},{"type":"Feature","geometry":{"type":"Point","coordinates":[-70.32876,41.67302]},"properties":{"d":"2024-04"}},{"type":"Feature","geometry":{"type":"Point","coordinates":[-70.33204,41.6718]},"properties":{"d":"2023-09"}},{"type":"Feature","geometry":{"type":"Point","coordinates":[-70.33245,41.66985]},"properties":{"d":"2024-03"}},{"type":"Feature","geometry":{"type":"Point","coordinates":[-70.33158,41.67182]},"properties":{"d":"2024-12"}},{"type":"Feature","geometry":{"type":"Point","coordinates":[-70.33767,41.6787]},"properties":{"d":"2025-11"}},{"type":"Feature","geometry":{"type":"Point","coordinates":[-70.33574,41.67788]},"properties":{"d":"2024-10"}},{"type":"Feature","geometry":{"type":"Point","coordinates":[-70.32881,41.67496]},"properties":{"d":"2024-11"}},{"type":"Feature","geometry":{"type":"Point","coordinates":[-70.33018,41.67639]},"properties":{"d":"2024-05"}},{"type":"Feature","geometry":{"type":"Point","coordinates":[-70.33071,41.67799]},"properties":{"d":"2024-01"}},{"type":"Feature","geometry":{"type":"Point","coordinates":[-70.32906,41.67573]},"properties":{"d":"2024-06"}},{"type":"Feature","geometry":{"type":"Point","coordinates":[-70.32884,41.679]},"properties":{"d":"2024-03"}},{"type":"Feature","geometry":{"type":"Point","coordinates":[-70.32909,41.67871]},"properties":{"d":"2024-01"}},{"type":"Feature","geometry":{"type":"Point","coordinates":[-70.33695,41.68092]},"properties":{"d":"2024-05"}},{"type":"Feature","geometry":{"type":"Point","coordinates":[-70.33203,41.68226]},"properties":{"d":"2024-07"}},{"type":"Feature","geometry":{"type":"Point","coordinates":[-70.33158,41.6815]},"properties":{"d":"2023-12"}},{"type":"Feature","geometry":{"type":"Point","coordinates":[-70.33284,41.68205]},"properties":{"d":"2024-11"}},{"type":"Feature","geometry":{"type":"Point","coordinates":[-70.32911,41.68248]},"properties":{"d":"2024-08"}},{"type":"Feature","geometry":{"type":"Point","coordinates":[-70.33247,41.7001]},"properties":{"d":"2024-10"}},{"type":"Feature","geometry":{"type":"Point","coordinates":[-70.33076,41.69981]},"properties":{"d":"2024-05"}},{"type":"Feature","geometry":{"type":"Point","coordinates":[-70.33102,41.69665]},"properties":{"d":"2023-11"}},{"type":"Feature","geometry":{"type":"Point","coordinates":[-70.33115,41.69705]},"properties":{"d":"2024-10"}},{"type":"Feature","geometry":{"type":"Point","coordinates":[-70.33114,41.69776]},"properties":{"d":"2024-12"}},{"type":"Feature","geometry":{"type":"Point","coordinates":[-70.33417,41.69992]},"properties":{"d":"2024-05"}},{"type":"Feature","geometry":{"type":"Point","coordinates":[-70.32526,41.63475]},"properties":{"d":"2024-09"}},{"type":"Feature","geometry":{"type":"Point","coordinates":[-70.32324,41.63173]},"properties":{"d":"2024-10"}},{"type":"Feature","geometry":{"type":"Point","coordinates":[-70.32197,41.63503]},"properties":{"d":"2024-12"}},{"type":"Feature","geometry":{"type":"Point","coordinates":[-70.32163,41.63633]},"properties":{"d":"2024-09"}},{"type":"Feature","geometry":{"type":"Point","coordinates":[-70.32028,41.63438]},"properties":{"d":"2023-12"}},{"type":"Feature","geometry":{"type":"Point","coordinates":[-70.31938,41.63598]},"properties":{"d":"2024-01"}},{"type":"Feature","geometry":{"type":"Point","coordinates":[-70.31951,41.63487]},"properties":{"d":"2024-02"}},{"type":"Feature","geometry":{"type":"Point","coordinates":[-70.32435,41.63649]},"properties":{"d":"2024-03"}},{"type":"Feature","geometry":{"type":"Point","coordinates":[-70.32772,41.63967]},"properties":{"d":"2024-12"}},{"type":"Feature","geometry":{"type":"Point","coordinates":[-70.32792,41.64089]},"properties":{"d":"2024-09"}},{"type":"Feature","geometry":{"type":"Point","coordinates":[-70.32729,41.63929]},"properties":{"d":"2024-07"}},{"type":"Feature","geometry":{"type":"Point","coordinates":[-70.32672,41.63956]},"properties":{"d":"2024-09"}},{"type":"Feature","geometry":{"type":"Point","coordinates":[-70.32293,41.64146]},"properties":{"d":"2024-09"}},{"type":"Feature","geometry":{"type":"Point","coordinates":[-70.31941,41.63948]},"properties":{"d":"2023-11"}},{"type":"Feature","geometry":{"type":"Point","coordinates":[-70.3187,41.64131]},"properties":{"d":"2024-02"}},{"type":"Feature","geometry":{"type":"Point","coordinates":[-70.31852,41.63835]},"properties":{"d":"2024-01"}},{"type":"Feature","geometry":{"type":"Point","coordinates":[-70.31836,41.63773]},"properties":{"d":"2023-09"}},{"type":"Feature","geometry":{"type":"Point","coordinates":[-70.31822,41.63716]},"properties":{"d":"2023-12"}},{"type":"Feature","geometry":{"type":"Point","coordinates":[-70.31954,41.6366]},"properties":{"d":"2024-01"}},{"type":"Feature","geometry":{"type":"Point","coordinates":[-70.31911,41.63864]},"properties":{"d":"2024-09"}},{"type":"Feature","geometry":{"type":"Point","coordinates":[-70.31958,41.63692]},"properties":{"d":"2024-08"}},{"type":"Feature","geometry":{"type":"Point","coordinates":[-70.31994,41.63687]},"properties":{"d":"2024-09"}},{"type":"Feature","geometry":{"type":"Point","coordinates":[-70.32133,41.6367]},"properties":{"d":"2024-11"}},{"type":"Feature","geometry":{"type":"Point","coordinates":[-70.32169,41.63666]},"properties":{"d":"2024-07"}},{"type":"Feature","geometry":{"type":"Point","coordinates":[-70.31915,41.63898]},"properties":{"d":"2024-09"}},{"type":"Feature","geometry":{"type":"Point","coordinates":[-70.32003,41.63877]},"properties":{"d":"2024-03"}},{"type":"Feature","geometry":{"type":"Point","coordinates":[-70.32507,41.63696]},"properties":{"d":"2024-04"}},{"type":"Feature","geometry":{"type":"Point","coordinates":[-70.32642,41.63753]},"properties":{"d":"2024-12"}},{"type":"Feature","geometry":{"type":"Point","coordinates":[-70.32515,41.63992]},"properties":{"d":"2024-07"}},{"type":"Feature","geometry":{"type":"Point","coordinates":[-70.3271,41.6429]},"properties":{"d":"2024-03"}},{"type":"Feature","geometry":{"type":"Point","coordinates":[-70.32533,41.64447]},"properties":{"d":"2024-12"}},{"type":"Feature","geometry":{"type":"Point","coordinates":[-70.32706,41.64336]},"properties":{"d":"2023-10"}},{"type":"Feature","geometry":{"type":"Point","coordinates":[-70.32827,41.64226]},"properties":{"d":"2024-12"}},{"type":"Feature","geometry":{"type":"Point","coordinates":[-70.32841,41.64343]},"properties":{"d":"2024-01"}},{"type":"Feature","geometry":{"type":"Point","coordinates":[-70.32863,41.64411]},"properties":{"d":"2024-02"}},{"type":"Feature","geometry":{"type":"Point","coordinates":[-70.32763,41.64446]},"properties":{"d":"2024-11"}},{"type":"Feature","geometry":{"type":"Point","coordinates":[-70.32755,41.64505]},"properties":{"d":"2024-03"}},{"type":"Feature","geometry":{"type":"Point","coordinates":[-70.3278,41.64584]},"properties":{"d":"2024-07"}},{"type":"Feature","geometry":{"type":"Point","coordinates":[-70.32605,41.64548]},"properties":{"d":"2024-08"}},{"type":"Feature","geometry":{"type":"Point","coordinates":[-70.32394,41.64589]},"properties":{"d":"2024-01"}},{"type":"Feature","geometry":{"type":"Point","coordinates":[-70.32351,41.64654]},"properties":{"d":"2024-06"}},{"type":"Feature","geometry":{"type":"Point","coordinates":[-70.32517,41.64372]},"properties":{"d":"2024-08"}},{"type":"Feature","geometry":{"type":"Point","coordinates":[-70.32308,41.64198]},"properties":{"d":"2024-12"}},{"type":"Feature","geometry":{"type":"Point","coordinates":[-70.32569,41.64268]},"properties":{"d":"2023-10"}},{"type":"Feature","geometry":{"type":"Point","coordinates":[-70.3186,41.64566]},"properties":{"d":"2023-12"}},{"type":"Feature","geometry":{"type":"Point","coordinates":[-70.31955,41.64485]},"properties":{"d":"2024-06"}},{"type":"Feature","geometry":{"type":"Point","coordinates":[-70.32,41.64378]},"properties":{"d":"2024-02"}},{"type":"Feature","geometry":{"type":"Point","coordinates":[-70.31865,41.6466]},"properties":{"d":"2024-08"}},{"type":"Feature","geometry":{"type":"Point","coordinates":[-70.31802,41.64671]},"properties":{"d":"2023-12"}},{"type":"Feature","geometry":{"type":"Point","coordinates":[-70.32392,41.64256]},"properties":{"d":"2024-08"}},{"type":"Feature","geometry":{"type":"Point","coordinates":[-70.32354,41.64259]},"properties":{"d":"2024-01"}},{"type":"Feature","geometry":{"type":"Point","coordinates":[-70.3251,41.64616]},"properties":{"d":"2023-11"}},{"type":"Feature","geometry":{"type":"Point","coordinates":[-70.31762,41.64353]},"properties":{"d":"2024-01"}},{"type":"Feature","geometry":{"type":"Point","coordinates":[-70.32021,41.64308]},"properties":{"d":"2024-03"}},{"type":"Feature","geometry":{"type":"Point","coordinates":[-70.32733,41.64653]},"properties":{"d":"2024-08"}},{"type":"Feature","geometry":{"type":"Point","coordinates":[-70.32638,41.65235]},"properties":{"d":"2024-08"}},{"type":"Feature","geometry":{"type":"Point","coordinates":[-70.32632,41.64952]},"properties":{"d":"2023-12"}},{"type":"Feature","geometry":{"type":"Point","coordinates":[-70.32828,41.64727]},"properties":{"d":"2024-07"}},{"type":"Feature","geometry":{"type":"Point","coordinates":[-70.32491,41.65183]},"properties":{"d":"2024-06"}},{"type":"Feature","geometry":{"type":"Point","coordinates":[-70.32168,41.65153]},"properties":{"d":"2024-01"}},{"type":"Feature","geometry":{"type":"Point","coordinates":[-70.32106,41.65116]},"properties":{"d":"2023-12"}},{"type":"Feature","geometry":{"type":"Point","coordinates":[-70.32387,41.65018]},"properties":{"d":"2024-02"}},{"type":"Feature","geometry":{"type":"Point","coordinates":[-70.32005,41.64957]},"properties":{"d":"2023-10"}},{"type":"Feature","geometry":{"type":"Point","coordinates":[-70.31908,41.6499]},"properties":{"d":"2024-10"}},{"type":"Feature","geometry":{"type":"Point","coordinates":[-70.32376,41.64742]},"properties":{"d":"2024-05"}},{"type":"Feature","geometry":{"type":"Point","coordinates":[-70.32394,41.64808]},"properties":{"d":"2024-12"}},{"type":"Feature","geometry":{"type":"Point","coordinates":[-70.32596,41.6517]},"properties":{"d":"2024-07"}},{"type":"Feature","geometry":{"type":"Point","coordinates":[-70.32606,41.65093]},"properties":{"d":"2024-08"}},{"type":"Feature","geometry":{"type":"Point","coordinates":[-70.32226,41.64983]},"properties":{"d":"2023-12"}},{"type":"Feature","geometry":{"type":"Point","coordinates":[-70.32268,41.65032]},"properties":{"d":"2024-04"}},{"type":"Feature","geometry":{"type":"Point","coordinates":[-70.32004,41.64843]},"properties":{"d":"2023-11"}},{"type":"Feature","geometry":{"type":"Point","coordinates":[-70.32468,41.64706]},"properties":{"d":"2024-08"}},{"type":"Feature","geometry":{"type":"Point","coordinates":[-70.3282,41.65302]},"properties":{"d":"2024-08"}},{"type":"Feature","geometry":{"type":"Point","coordinates":[-70.32788,41.65521]},"properties":{"d":"2023-10"}},{"type":"Feature","geometry":{"type":"Point","coordinates":[-70.32627,41.65333]},"properties":{"d":"2024-09"}},{"type":"Feature","geometry":{"type":"Point","coordinates":[-70.32688,41.65457]},"properties":{"d":"2024-08"}},{"type":"Feature","geometry":{"type":"Point","coordinates":[-70.32678,41.65316]},"properties":{"d":"2024-05"}},{"type":"Feature","geometry":{"type":"Point","coordinates":[-70.32587,41.6534]},"properties":{"d":"2024-05"}},{"type":"Feature","geometry":{"type":"Point","coordinates":[-70.32384,41.65239]},"properties":{"d":"2023-10"}},{"type":"Feature","geometry":{"type":"Point","coordinates":[-70.32435,41.65835]},"properties":{"d":"2024-01"}},{"type":"Feature","geometry":{"type":"Point","coordinates":[-70.32382,41.65765]},"properties":{"d":"2024-09"}},{"type":"Feature","geometry":{"type":"Point","coordinates":[-70.31733,41.65415]},"properties":{"d":"2024-07"}},{"type":"Feature","geometry":{"type":"Point","coordinates":[-70.32427,41.65571]},"properties":{"d":"2024-11"}},{"type":"Feature","geometry":{"type":"Point","coordinates":[-70.3238,41.65682]},"properties":{"d":"2024-02"}},{"type":"Feature","geometry":{"type":"Point","coordinates":[-70.3233,41.65669]},"properties":{"d":"2023-11"}},{"type":"Feature","geometry":{"type":"Point","coordinates":[-70.32469,41.65269]},"properties":{"d":"2024-01"}},{"type":"Feature","geometry":{"type":"Point","coordinates":[-70.32608,41.65436]},"properties":{"d":"2024-08"}},{"type":"Feature","geometry":{"type":"Point","coordinates":[-70.3229,41.65257]},"properties":{"d":"2024-04"}},{"type":"Feature","geometry":{"type":"Point","coordinates":[-70.32247,41.66084]},"properties":{"d":"2024-11"}},{"type":"Feature","geometry":{"type":"Point","coordinates":[-70.32792,41.66323]},"properties":{"d":"2024-10"}},{"type":"Feature","geometry":{"type":"Point","coordinates":[-70.32094,41.66058]},"properties":{"d":"2024-04"}},{"type":"Feature","geometry":{"type":"Point","coordinates":[-70.3217,41.66086]},"properties":{"d":"2023-11"}},{"type":"Feature","geometry":{"type":"Point","coordinates":[-70.32032,41.66251]},"properties":{"d":"2024-10"}},{"type":"Feature","geometry":{"type":"Point","coordinates":[-70.3214,41.66301]},"properties":{"d":"2024-01"}},{"type":"Feature","geometry":{"type":"Point","coordinates":[-70.3273,41.66332]},"properties":{"d":"2025-03"}},{"type":"Feature","geometry":{"type":"Point","coordinates":[-70.32572,41.66109]},"properties":{"d":"2024-04"}},{"type":"Feature","geometry":{"type":"Point","coordinates":[-70.32374,41.66301]},"properties":{"d":"2024-10"}},{"type":"Feature","geometry":{"type":"Point","coordinates":[-70.32511,41.66294]},"properties":{"d":"2024-05"}},{"type":"Feature","geometry":{"type":"Point","coordinates":[-70.31762,41.6619]},"properties":{"d":"2024-10"}},{"type":"Feature","geometry":{"type":"Point","coordinates":[-70.328,41.66441]},"properties":{"d":"2024-01"}},{"type":"Feature","geometry":{"type":"Point","coordinates":[-70.32651,41.66755]},"properties":{"d":"2023-12"}},{"type":"Feature","geometry":{"type":"Point","coordinates":[-70.32525,41.66777]},"properties":{"d":"2024-11"}},{"type":"Feature","geometry":{"type":"Point","coordinates":[-70.32427,41.66793]},"properties":{"d":"2024-09"}},{"type":"Feature","geometry":{"type":"Point","coordinates":[-70.32557,41.6652]},"properties":{"d":"2024-06"}},{"type":"Feature","geometry":{"type":"Point","coordinates":[-70.32389,41.6691]},"properties":{"d":"2024-01"}},{"type":"Feature","geometry":{"type":"Point","coordinates":[-70.31996,41.66902]},"properties":{"d":"2024-09"}},{"type":"Feature","geometry":{"type":"Point","coordinates":[-70.3209,41.66601]},"properties":{"d":"2024-07"}},{"type":"Feature","geometry":{"type":"Point","coordinates":[-70.32063,41.66871]},"properties":{"d":"2024-11"}},{"type":"Feature","geometry":{"type":"Point","coordinates":[-70.32196,41.66778]},"properties":{"d":"2024-07"}},{"type":"Feature","geometry":{"type":"Point","coordinates":[-70.32337,41.66556]},"properties":{"d":"2024-05"}},{"type":"Feature","geometry":{"type":"Point","coordinates":[-70.32259,41.6651]},"properties":{"d":"2024-06"}},{"type":"Feature","geometry":{"type":"Point","coordinates":[-70.3187,41.66371]},"properties":{"d":"2024-02"}},{"type":"Feature","geometry":{"type":"Point","coordinates":[-70.32262,41.6654]},"properties":{"d":"2024-01"}},{"type":"Feature","geometry":{"type":"Point","coordinates":[-70.321,41.66757]},"properties":{"d":"2024-04"}},{"type":"Feature","geometry":{"type":"Point","coordinates":[-70.31907,41.66472]},"properties":{"d":"2024-11"}},{"type":"Feature","geometry":{"type":"Point","coordinates":[-70.31926,41.66668]},"properties":{"d":"2024-11"}},{"type":"Feature","geometry":{"type":"Point","coordinates":[-70.319,41.66772]},"properties":{"d":"2024-12"}},{"type":"Feature","geometry":{"type":"Point","coordinates":[-70.31876,41.667]},"properties":{"d":"2024-02"}},{"type":"Feature","geometry":{"type":"Point","coordinates":[-70.32606,41.66746]},"properties":{"d":"2024-02"}},{"type":"Feature","geometry":{"type":"Point","coordinates":[-70.31704,41.667]},"properties":{"d":"2024-04"}},{"type":"Feature","geometry":{"type":"Point","coordinates":[-70.31763,41.66567]},"properties":{"d":"2024-05"}},{"type":"Feature","geometry":{"type":"Point","coordinates":[-70.31733,41.66459]},"properties":{"d":"2024-02"}},{"type":"Feature","geometry":{"type":"Point","coordinates":[-70.32324,41.67147]},"properties":{"d":"2024-08"}},{"type":"Feature","geometry":{"type":"Point","coordinates":[-70.31992,41.67169]},"properties":{"d":"2024-01"}},{"type":"Feature","geometry":{"type":"Point","coordinates":[-70.3195,41.6719]},"properties":{"d":"2024-04"}},{"type":"Feature","geometry":{"type":"Point","coordinates":[-70.3203,41.67375]},"properties":{"d":"2024-11"}},{"type":"Feature","geometry":{"type":"Point","coordinates":[-70.32005,41.67442]},"properties":{"d":"2023-09"}},{"type":"Feature","geometry":{"type":"Point","coordinates":[-70.31867,41.67387]},"properties":{"d":"2025-06"}},{"type":"Feature","geometry":{"type":"Point","coordinates":[-70.31821,41.67303]},"properties":{"d":"2024-06"}},{"type":"Feature","geometry":{"type":"Point","coordinates":[-70.31811,41.67048]},"properties":{"d":"2024-08"}},{"type":"Feature","geometry":{"type":"Point","coordinates":[-70.31793,41.67016]},"properties":{"d":"2024-08"}},{"type":"Feature","geometry":{"type":"Point","coordinates":[-70.31782,41.66978]},"properties":{"d":"2024-11"}},{"type":"Feature","geometry":{"type":"Point","coordinates":[-70.31938,41.67049]},"properties":{"d":"2024-10"}},{"type":"Feature","geometry":{"type":"Point","coordinates":[-70.32081,41.67163]},"properties":{"d":"2024-12"}},{"type":"Feature","geometry":{"type":"Point","coordinates":[-70.32031,41.67189]},"properties":{"d":"2024-04"}},{"type":"Feature","geometry":{"type":"Point","coordinates":[-70.32527,41.6725]},"properties":{"d":"2024-07"}},{"type":"Feature","geometry":{"type":"Point","coordinates":[-70.32571,41.67263]},"properties":{"d":"2023-10"}},{"type":"Feature","geometry":{"type":"Point","coordinates":[-70.32826,41.67436]},"properties":{"d":"2023-11"}},{"type":"Feature","geometry":{"type":"Point","coordinates":[-70.32742,41.67412]},"properties":{"d":"2024-01"}},{"type":"Feature","geometry":{"type":"Point","coordinates":[-70.32195,41.67231]},"properties":{"d":"2024-12"}},{"type":"Feature","geometry":{"type":"Point","coordinates":[-70.32102,41.67116]},"properties":{"d":"2023-10"}},{"type":"Feature","geometry":{"type":"Point","coordinates":[-70.32225,41.66952]},"properties":{"d":"2024-06"}},{"type":"Feature","geometry":{"type":"Point","coordinates":[-70.32101,41.66981]},"properties":{"d":"2024-04"}},{"type":"Feature","geometry":{"type":"Point","coordinates":[-70.32253,41.6692]},"properties":{"d":"2024-09"}},{"type":"Feature","geometry":{"type":"Point","coordinates":[-70.31754,41.67291]},"properties":{"d":"2024-04"}},{"type":"Feature","geometry":{"type":"Point","coordinates":[-70.32818,41.67579]},"properties":{"d":"2023-10"}},{"type":"Feature","geometry":{"type":"Point","coordinates":[-70.32533,41.67987]},"properties":{"d":"2024-04"}},{"type":"Feature","geometry":{"type":"Point","coordinates":[-70.32623,41.67983]},"properties":{"d":"2024-01"}},{"type":"Feature","geometry":{"type":"Point","coordinates":[-70.32765,41.67991]},"properties":{"d":"2024-12"}},{"type":"Feature","geometry":{"type":"Point","coordinates":[-70.32669,41.70089]},"properties":{"d":"2024-07"}},{"type":"Feature","geometry":{"type":"Point","coordinates":[-70.32414,41.70075]},"properties":{"d":"2023-11"}},{"type":"Feature","geometry":{"type":"Point","coordinates":[-70.32252,41.70263]},"properties":{"d":"2024-12"}},{"type":"Feature","geometry":{"type":"Point","coordinates":[-70.32203,41.70325]},"properties":{"d":"2024-01"}},{"type":"Feature","geometry":{"type":"Point","coordinates":[-70.32203,41.70727]},"properties":{"d":"2024-06"}},{"type":"Feature","geometry":{"type":"Point","coordinates":[-70.32069,41.70631]},"properties":{"d":"2024-03"}},{"type":"Feature","geometry":{"type":"Point","coordinates":[-70.31806,41.70272]},"properties":{"d":"2023-12"}},{"type":"Feature","geometry":{"type":"Point","coordinates":[-70.31832,41.70398]},"properties":{"d":"2024-10"}},{"type":"Feature","geometry":{"type":"Point","coordinates":[-70.31979,41.70426]},"properties":{"d":"2024-10"}},{"type":"Feature","geometry":{"type":"Point","coordinates":[-70.31886,41.70352]},"properties":{"d":"2024-06"}},{"type":"Feature","geometry":{"type":"Point","coordinates":[-70.32306,41.70716]},"properties":{"d":"2024-06"}},{"type":"Feature","geometry":{"type":"Point","coordinates":[-70.31759,41.70554]},"properties":{"d":"2024-06"}},{"type":"Feature","geometry":{"type":"Point","coordinates":[-70.32869,41.70907]},"properties":{"d":"2024-12"}},{"type":"Feature","geometry":{"type":"Point","coordinates":[-70.32404,41.70863]},"properties":{"d":"2024-07"}},{"type":"Feature","geometry":{"type":"Point","coordinates":[-70.31755,41.70772]},"properties":{"d":"2024-10"}},{"type":"Feature","geometry":{"type":"Point","coordinates":[-70.32382,41.70767]},"properties":{"d":"2024-07"}},{"type":"Feature","geometry":{"type":"Point","coordinates":[-70.31373,41.62755]},"properties":{"d":"2024-01"}},{"type":"Feature","geometry":{"type":"Point","coordinates":[-70.31743,41.63543]},"properties":{"d":"2024-01"}},{"type":"Feature","geometry":{"type":"Point","coordinates":[-70.31757,41.63809]},"properties":{"d":"2023-11"}},{"type":"Feature","geometry":{"type":"Point","coordinates":[-70.31683,41.63883]},"properties":{"d":"2024-08"}},{"type":"Feature","geometry":{"type":"Point","coordinates":[-70.31691,41.64116]},"properties":{"d":"2024-07"}},{"type":"Feature","geometry":{"type":"Point","coordinates":[-70.31435,41.6411]},"properties":{"d":"2023-12"}},{"type":"Feature","geometry":{"type":"Point","coordinates":[-70.31336,41.64115]},"properties":{"d":"2024-03"}},{"type":"Feature","geometry":{"type":"Point","coordinates":[-70.30711,41.638]},"properties":{"d":"2024-02"}},{"type":"Feature","geometry":{"type":"Point","coordinates":[-70.30738,41.63808]},"properties":{"d":"2024-07"}},{"type":"Feature","geometry":{"type":"Point","coordinates":[-70.30922,41.64028]},"properties":{"d":"2024-11"}},{"type":"Feature","geometry":{"type":"Point","coordinates":[-70.31097,41.63987]},"properties":{"d":"2024-04"}},{"type":"Feature","geometry":{"type":"Point","coordinates":[-70.3075,41.63715]},"properties":{"d":"2024-12"}},{"type":"Feature","geometry":{"type":"Point","coordinates":[-70.31233,41.64058]},"properties":{"d":"2024-08"}},{"type":"Feature","geometry":{"type":"Point","coordinates":[-70.31225,41.6415]},"properties":{"d":"2024-09"}},{"type":"Feature","geometry":{"type":"Point","coordinates":[-70.30926,41.6417]},"properties":{"d":"2023-10"}},{"type":"Feature","geometry":{"type":"Point","coordinates":[-70.31762,41.64488]},"properties":{"d":"2023-10"}},{"type":"Feature","geometry":{"type":"Point","coordinates":[-70.3172,41.64464]},"properties":{"d":"2024-04"}},{"type":"Feature","geometry":{"type":"Point","coordinates":[-70.3164,41.64585]},"properties":{"d":"2024-10"}},{"type":"Feature","geometry":{"type":"Point","coordinates":[-70.31653,41.64384]},"properties":{"d":"2024-01"}},{"type":"Feature","geometry":{"type":"Point","coordinates":[-70.3162,41.64415]},"properties":{"d":"2024-06"}},{"type":"Feature","geometry":{"type":"Point","coordinates":[-70.31589,41.64467]},"properties":{"d":"2024-03"}},{"type":"Feature","geometry":{"type":"Point","coordinates":[-70.31594,41.64177]},"properties":{"d":"2024-03"}},{"type":"Feature","geometry":{"type":"Point","coordinates":[-70.31551,41.64634]},"properties":{"d":"2024-12"}},{"type":"Feature","geometry":{"type":"Point","coordinates":[-70.31337,41.64254]},"properties":{"d":"2023-10"}},{"type":"Feature","geometry":{"type":"Point","coordinates":[-70.31278,41.64227]},"properties":{"d":"2023-11"}},{"type":"Feature","geometry":{"type":"Point","coordinates":[-70.31108,41.6426]},"properties":{"d":"2024-09"}},{"type":"Feature","geometry":{"type":"Point","coordinates":[-70.31104,41.64239]},"properties":{"d":"2024-04"}},{"type":"Feature","geometry":{"type":"Point","coordinates":[-70.31092,41.64353]},"properties":{"d":"2023-09"}},{"type":"Feature","geometry":{"type":"Point","coordinates":[-70.30943,41.64213]},"properties":{"d":"2024-07"}},{"type":"Feature","geometry":{"type":"Point","coordinates":[-70.30976,41.64197]},"properties":{"d":"2024-09"}},{"type":"Feature","geometry":{"type":"Point","coordinates":[-70.30686,41.64624]},"properties":{"d":"2024-09"}},{"type":"Feature","geometry":{"type":"Point","coordinates":[-70.30687,41.64538]},"properties":{"d":"2023-12"}},{"type":"Feature","geometry":{"type":"Point","coordinates":[-70.3076,41.64563]},"properties":{"d":"2023-12"}},{"type":"Feature","geometry":{"type":"Point","coordinates":[-70.30687,41.64668]},"properties":{"d":"2023-11"}},{"type":"Feature","geometry":{"type":"Point","coordinates":[-70.3171,41.64369]},"properties":{"d":"2024-10"}},{"type":"Feature","geometry":{"type":"Point","coordinates":[-70.31616,41.64445]},"properties":{"d":"2024-01"}},{"type":"Feature","geometry":{"type":"Point","coordinates":[-70.30841,41.64595]},"properties":{"d":"2024-07"}},{"type":"Feature","geometry":{"type":"Point","coordinates":[-70.31755,41.64437]},"properties":{"d":"2024-10"}},{"type":"Feature","geometry":{"type":"Point","coordinates":[-70.31186,41.64463]},"properties":{"d":"2024-03"}},{"type":"Feature","geometry":{"type":"Point","coordinates":[-70.31276,41.64461]},"properties":{"d":"2023-09"}},{"type":"Feature","geometry":{"type":"Point","coordinates":[-70.31283,41.64395]},"properties":{"d":"2024-10"}},{"type":"Feature","geometry":{"type":"Point","coordinates":[-70.31272,41.64338]},"properties":{"d":"2024-03"}},{"type":"Feature","geometry":{"type":"Point","coordinates":[-70.31319,41.647]},"properties":{"d":"2024-02"}},{"type":"Feature","geometry":{"type":"Point","coordinates":[-70.31233,41.64554]},"properties":{"d":"2024-02"}},{"type":"Feature","geometry":{"type":"Point","coordinates":[-70.3138,41.64575]},"properties":{"d":"2024-04"}},{"type":"Feature","geometry":{"type":"Point","coordinates":[-70.31303,41.64597]},"properties":{"d":"2024-12"}},{"type":"Feature","geometry":{"type":"Point","coordinates":[-70.31367,41.64615]},"properties":{"d":"2024-12"}},{"type":"Feature","geometry":{"type":"Point","coordinates":[-70.31379,41.64675]},"properties":{"d":"2024-12"}},{"type":"Feature","geometry":{"type":"Point","coordinates":[-70.31265,41.65081]},"properties":{"d":"2024-09"}},{"type":"Feature","geometry":{"type":"Point","coordinates":[-70.31271,41.65102]},"properties":{"d":"2023-10"}},{"type":"Feature","geometry":{"type":"Point","coordinates":[-70.30818,41.65147]},"properties":{"d":"2024-01"}},{"type":"Feature","geometry":{"type":"Point","coordinates":[-70.30759,41.65131]},"properties":{"d":"2024-03"}},{"type":"Feature","geometry":{"type":"Point","coordinates":[-70.31069,41.64822]},"properties":{"d":"2024-04"}},{"type":"Feature","geometry":{"type":"Point","coordinates":[-70.31028,41.64711]},"properties":{"d":"2023-10"}},{"type":"Feature","geometry":{"type":"Point","coordinates":[-70.31119,41.64722]},"properties":{"d":"2023-11"}},{"type":"Feature","geometry":{"type":"Point","coordinates":[-70.30691,41.65237]},"properties":{"d":"2023-11"}},{"type":"Feature","geometry":{"type":"Point","coordinates":[-70.31266,41.65189]},"properties":{"d":"2024-02"}},{"type":"Feature","geometry":{"type":"Point","coordinates":[-70.30861,41.65088]},"properties":{"d":"2024-07"}},{"type":"Feature","geometry":{"type":"Point","coordinates":[-70.3178,41.64784]},"properties":{"d":"2024-06"}},{"type":"Feature","geometry":{"type":"Point","coordinates":[-70.31455,41.64815]},"properties":{"d":"2024-06"}},{"type":"Feature","geometry":{"type":"Point","coordinates":[-70.3169,41.65264]},"properties":{"d":"2024-01"}},{"type":"Feature","geometry":{"type":"Point","coordinates":[-70.31663,41.65412]},"properties":{"d":"2024-12"}},{"type":"Feature","geometry":{"type":"Point","coordinates":[-70.31353,41.65605]},"properties":{"d":"2024-11"}},{"type":"Feature","geometry":{"type":"Point","coordinates":[-70.31371,41.65361]},"properties":{"d":"2024-02"}},{"type":"Feature","geometry":{"type":"Point","coordinates":[-70.31299,41.6539]},"properties":{"d":"2024-10"}},{"type":"Feature","geometry":{"type":"Point","coordinates":[-70.31199,41.6542]},"properties":{"d":"2024-12"}},{"type":"Feature","geometry":{"type":"Point","coordinates":[-70.31128,41.65687]},"properties":{"d":"2024-11"}},{"type":"Feature","geometry":{"type":"Point","coordinates":[-70.30749,41.65424]},"properties":{"d":"2024-11"}},{"type":"Feature","geometry":{"type":"Point","coordinates":[-70.30731,41.65479]},"properties":{"d":"2024-11"}},{"type":"Feature","geometry":{"type":"Point","coordinates":[-70.31461,41.65538]},"properties":{"d":"2024-01"}},{"type":"Feature","geometry":{"type":"Point","coordinates":[-70.3126,41.65384]},"properties":{"d":"2024-01"}},{"type":"Feature","geometry":{"type":"Point","coordinates":[-70.30781,41.65575]},"properties":{"d":"2024-07"}},{"type":"Feature","geometry":{"type":"Point","coordinates":[-70.3083,41.65414]},"properties":{"d":"2023-11"}},{"type":"Feature","geometry":{"type":"Point","coordinates":[-70.30838,41.65386]},"properties":{"d":"2024-11"}},{"type":"Feature","geometry":{"type":"Point","coordinates":[-70.31527,41.65554]},"properties":{"d":"2024-10"}},{"type":"Feature","geometry":{"type":"Point","coordinates":[-70.31463,41.65582]},"properties":{"d":"2024-12"}},{"type":"Feature","geometry":{"type":"Point","coordinates":[-70.31592,41.65352]},"properties":{"d":"2023-12"}},{"type":"Feature","geometry":{"type":"Point","coordinates":[-70.31601,41.65333]},"properties":{"d":"2024-11"}},{"type":"Feature","geometry":{"type":"Point","coordinates":[-70.31152,41.65281]},"properties":{"d":"2025-01"}},{"type":"Feature","geometry":{"type":"Point","coordinates":[-70.31078,41.65537]},"properties":{"d":"2024-09"}},{"type":"Feature","geometry":{"type":"Point","coordinates":[-70.31025,41.65688]},"properties":{"d":"2024-05"}},{"type":"Feature","geometry":{"type":"Point","coordinates":[-70.30973,41.65644]},"properties":{"d":"2024-12"}},{"type":"Feature","geometry":{"type":"Point","coordinates":[-70.31016,41.65296]},"properties":{"d":"2023-10"}},{"type":"Feature","geometry":{"type":"Point","coordinates":[-70.31487,41.66225]},"properties":{"d":"2024-11"}},{"type":"Feature","geometry":{"type":"Point","coordinates":[-70.3135,41.66177]},"properties":{"d":"2024-10"}},{"type":"Feature","geometry":{"type":"Point","coordinates":[-70.31338,41.66215]},"properties":{"d":"2024-06"}},{"type":"Feature","geometry":{"type":"Point","coordinates":[-70.31125,41.66341]},"properties":{"d":"2024-10"}},{"type":"Feature","geometry":{"type":"Point","coordinates":[-70.30698,41.66195]},"properties":{"d":"2024-09"}},{"type":"Feature","geometry":{"type":"Point","coordinates":[-70.30935,41.66144]},"properties":{"d":"2023-10"}},{"type":"Feature","geometry":{"type":"Point","coordinates":[-70.3127,41.65887]},"properties":{"d":"2023-09"}},{"type":"Feature","geometry":{"type":"Point","coordinates":[-70.31459,41.65992]},"properties":{"d":"2024-12"}},{"type":"Feature","geometry":{"type":"Point","coordinates":[-70.3113,41.65951]},"properties":{"d":"2024-03"}},{"type":"Feature","geometry":{"type":"Point","coordinates":[-70.31101,41.66254]},"properties":{"d":"2024-11"}},{"type":"Feature","geometry":{"type":"Point","coordinates":[-70.30733,41.6595]},"properties":{"d":"2024-12"}},{"type":"Feature","geometry":{"type":"Point","coordinates":[-70.30949,41.6632]},"properties":{"d":"2024-01"}},{"type":"Feature","geometry":{"type":"Point","coordinates":[-70.31067,41.66026]},"properties":{"d":"2024-07"}},{"type":"Feature","geometry":{"type":"Point","coordinates":[-70.31001,41.65766]},"properties":{"d":"2023-12"}},{"type":"Feature","geometry":{"type":"Point","coordinates":[-70.30982,41.65994]},"properties":{"d":"2024-08"}},{"type":"Feature","geometry":{"type":"Point","coordinates":[-70.31023,41.65991]},"properties":{"d":"2023-10"}},{"type":"Feature","geometry":{"type":"Point","coordinates":[-70.31371,41.6689]},"properties":{"d":"2024-01"}},{"type":"Feature","geometry":{"type":"Point","coordinates":[-70.31466,41.66737]},"properties":{"d":"2024-12"}},{"type":"Feature","geometry":{"type":"Point","coordinates":[-70.31372,41.6657]},"properties":{"d":"2024-04"}},{"type":"Feature","geometry":{"type":"Point","coordinates":[-70.31417,41.66567]},"properties":{"d":"2024-07"}},{"type":"Feature","geometry":{"type":"Point","coordinates":[-70.3099,41.66634]},"properties":{"d":"2024-11"}},{"type":"Feature","geometry":{"type":"Point","coordinates":[-70.30953,41.66884]},"properties":{"d":"2024-12"}},{"type":"Feature","geometry":{"type":"Point","coordinates":[-70.31176,41.66552]},"properties":{"d":"2024-11"}},{"type":"Feature","geometry":{"type":"Point","coordinates":[-70.30989,41.66392]},"properties":{"d":"2024-04"}},{"type":"Feature","geometry":{"type":"Point","coordinates":[-70.30903,41.66507]},"properties":{"d":"2024-04"}},{"type":"Feature","geometry":{"type":"Point","coordinates":[-70.30893,41.66535]},"properties":{"d":"2023-11"}},{"type":"Feature","geometry":{"type":"Point","coordinates":[-70.31142,41.66513]},"properties":{"d":"2024-02"}},{"type":"Feature","geometry":{"type":"Point","coordinates":[-70.31119,41.66585]},"properties":{"d":"2024-04"}},{"type":"Feature","geometry":{"type":"Point","coordinates":[-70.31712,41.66359]},"properties":{"d":"2024-05"}},{"type":"Feature","geometry":{"type":"Point","coordinates":[-70.3165,41.66577]},"properties":{"d":"2024-02"}},{"type":"Feature","geometry":{"type":"Point","coordinates":[-70.31235,41.66814]},"properties":{"d":"2024-06"}},{"type":"Feature","geometry":{"type":"Point","coordinates":[-70.31181,41.66738]},"properties":{"d":"2023-10"}},{"type":"Feature","geometry":{"type":"Point","coordinates":[-70.31142,41.66689]},"properties":{"d":"2023-11"}},{"type":"Feature","geometry":{"type":"Point","coordinates":[-70.31313,41.66816]},"properties":{"d":"2024-07"}},{"type":"Feature","geometry":{"type":"Point","coordinates":[-70.31242,41.66891]},"properties":{"d":"2024-07"}},{"type":"Feature","geometry":{"type":"Point","coordinates":[-70.31555,41.6679]},"properties":{"d":"2025-06"}},{"type":"Feature","geometry":{"type":"Point","coordinates":[-70.31536,41.66853]},"properties":{"d":"2023-12"}},{"type":"Feature","geometry":{"type":"Point","coordinates":[-70.31659,41.67068]},"properties":{"d":"2024-07"}},{"type":"Feature","geometry":{"type":"Point","coordinates":[-70.31676,41.67241]},"properties":{"d":"2024-03"}},{"type":"Feature","geometry":{"type":"Point","coordinates":[-70.31515,41.6737]},"properties":{"d":"2024-12"}},{"type":"Feature","geometry":{"type":"Point","coordinates":[-70.31016,41.6694]},"properties":{"d":"2023-09"}},{"type":"Feature","geometry":{"type":"Point","coordinates":[-70.30859,41.67032]},"properties":{"d":"2024-09"}},{"type":"Feature","geometry":{"type":"Point","coordinates":[-70.30873,41.66985]},"properties":{"d":"2024-08"}},{"type":"Feature","geometry":{"type":"Point","coordinates":[-70.30884,41.66949]},"properties":{"d":"2023-11"}},{"type":"Feature","geometry":{"type":"Point","coordinates":[-70.31392,41.6707]},"properties":{"d":"2024-07"}},{"type":"Feature","geometry":{"type":"Point","coordinates":[-70.31338,41.6711]},"properties":{"d":"2024-05"}},{"type":"Feature","geometry":{"type":"Point","coordinates":[-70.31584,41.672]},"properties":{"d":"2024-09"}},{"type":"Feature","geometry":{"type":"Point","coordinates":[-70.31652,41.66953]},"properties":{"d":"2024-10"}},{"type":"Feature","geometry":{"type":"Point","coordinates":[-70.31241,41.67206]},"properties":{"d":"2023-12"}},{"type":"Feature","geometry":{"type":"Point","coordinates":[-70.31204,41.67249]},"properties":{"d":"2023-12"}},{"type":"Feature","geometry":{"type":"Point","coordinates":[-70.30912,41.67119]},"properties":{"d":"2024-11"}},{"type":"Feature","geometry":{"type":"Point","coordinates":[-70.31044,41.6698]},"properties":{"d":"2024-10"}},{"type":"Feature","geometry":{"type":"Point","coordinates":[-70.3083,41.67008]},"properties":{"d":"2024-02"}},{"type":"Feature","geometry":{"type":"Point","coordinates":[-70.308,41.66947]},"properties":{"d":"2024-04"}},{"type":"Feature","geometry":{"type":"Point","coordinates":[-70.31478,41.67278]},"properties":{"d":"2024-09"}},{"type":"Feature","geometry":{"type":"Point","coordinates":[-70.31507,41.67084]},"properties":{"d":"2024-12"}},{"type":"Feature","geometry":{"type":"Point","coordinates":[-70.31255,41.67052]},"properties":{"d":"2024-03"}},{"type":"Feature","geometry":{"type":"Point","coordinates":[-70.31142,41.67012]},"properties":{"d":"2023-11"}},{"type":"Feature","geometry":{"type":"Point","coordinates":[-70.31468,41.67503]},"properties":{"d":"2024-09"}},{"type":"Feature","geometry":{"type":"Point","coordinates":[-70.30893,41.68772]},"properties":{"d":"2024-05"}},{"type":"Feature","geometry":{"type":"Point","coordinates":[-70.31155,41.69076]},"properties":{"d":"2023-12"}},{"type":"Feature","geometry":{"type":"Point","coordinates":[-70.31067,41.69128]},"properties":{"d":"2024-03"}},{"type":"Feature","geometry":{"type":"Point","coordinates":[-70.3122,41.6934]},"properties":{"d":"2023-09"}},{"type":"Feature","geometry":{"type":"Point","coordinates":[-70.30868,41.69957]},"properties":{"d":"2024-07"}},{"type":"Feature","geometry":{"type":"Point","coordinates":[-70.30881,41.69886]},"properties":{"d":"2024-11"}},{"type":"Feature","geometry":{"type":"Point","coordinates":[-70.31369,41.70148]},"properties":{"d":"2024-02"}},{"type":"Feature","geometry":{"type":"Point","coordinates":[-70.31076,41.70383]},"properties":{"d":"2024-06"}},{"type":"Feature","geometry":{"type":"Point","coordinates":[-70.3124,41.70355]},"properties":{"d":"2023-11"}},{"type":"Feature","geometry":{"type":"Point","coordinates":[-70.31315,41.7032]},"properties":{"d":"2024-03"}},{"type":"Feature","geometry":{"type":"Point","coordinates":[-70.31342,41.70206]},"properties":{"d":"2024-05"}},{"type":"Feature","geometry":{"type":"Point","coordinates":[-70.31538,41.70376]},"properties":{"d":"2024-12"}},{"type":"Feature","geometry":{"type":"Point","coordinates":[-70.31287,41.70247]},"properties":{"d":"2024-06"}},{"type":"Feature","geometry":{"type":"Point","coordinates":[-70.30869,41.70759]},"properties":{"d":"2024-11"}},{"type":"Feature","geometry":{"type":"Point","coordinates":[-70.30748,41.70829]},"properties":{"d":"2024-05"}},{"type":"Feature","geometry":{"type":"Point","coordinates":[-70.30657,41.63008]},"properties":{"d":"2024-11"}},{"type":"Feature","geometry":{"type":"Point","coordinates":[-70.30686,41.63016]},"properties":{"d":"2024-11"}},{"type":"Feature","geometry":{"type":"Point","coordinates":[-70.30558,41.63045]},"properties":{"d":"2024-09"}},{"type":"Feature","geometry":{"type":"Point","coordinates":[-70.30658,41.6309]},"properties":{"d":"2024-11"}},{"type":"Feature","geometry":{"type":"Point","coordinates":[-70.30496,41.63167]},"properties":{"d":"2023-09"}},{"type":"Feature","geometry":{"type":"Point","coordinates":[-70.30132,41.63279]},"properties":{"d":"2024-03"}},{"type":"Feature","geometry":{"type":"Point","coordinates":[-70.30222,41.63329]},"properties":{"d":"2024-12"}},{"type":"Feature","geometry":{"type":"Point","coordinates":[-70.30137,41.63356]},"properties":{"d":"2024-05"}},{"type":"Feature","geometry":{"type":"Point","coordinates":[-70.3001,41.63333]},"properties":{"d":"2024-09"}},{"type":"Feature","geometry":{"type":"Point","coordinates":[-70.30017,41.63368]},"properties":{"d":"2024-09"}},{"type":"Feature","geometry":{"type":"Point","coordinates":[-70.29842,41.63398]},"properties":{"d":"2024-10"}},{"type":"Feature","geometry":{"type":"Point","coordinates":[-70.30643,41.63651]},"properties":{"d":"2024-07"}},{"type":"Feature","geometry":{"type":"Point","coordinates":[-70.30513,41.64008]},"properties":{"d":"2024-02"}},{"type":"Feature","geometry":{"type":"Point","coordinates":[-70.30292,41.63987]},"properties":{"d":"2024-11"}},{"type":"Feature","geometry":{"type":"Point","coordinates":[-70.3017,41.64049]},"properties":{"d":"2024-02"}},{"type":"Feature","geometry":{"type":"Point","coordinates":[-70.30048,41.64004]},"properties":{"d":"2024-12"}},{"type":"Feature","geometry":{"type":"Point","coordinates":[-70.30123,41.64085]},"properties":{"d":"2023-09"}},{"type":"Feature","geometry":{"type":"Point","coordinates":[-70.30221,41.6386]},"properties":{"d":"2024-04"}},{"type":"Feature","geometry":{"type":"Point","coordinates":[-70.30193,41.63775]},"properties":{"d":"2024-04"}},{"type":"Feature","geometry":{"type":"Point","coordinates":[-70.29887,41.64079]},"properties":{"d":"2024-10"}},{"type":"Feature","geometry":{"type":"Point","coordinates":[-70.2968,41.64067]},"properties":{"d":"2024-11"}},{"type":"Feature","geometry":{"type":"Point","coordinates":[-70.29959,41.64003]},"properties":{"d":"2024-05"}},{"type":"Feature","geometry":{"type":"Point","coordinates":[-70.30248,41.63864]},"properties":{"d":"2024-09"}},{"type":"Feature","geometry":{"type":"Point","coordinates":[-70.30191,41.63703]},"properties":{"d":"2023-10"}},{"type":"Feature","geometry":{"type":"Point","coordinates":[-70.30614,41.6391]},"properties":{"d":"2024-10"}},{"type":"Feature","geometry":{"type":"Point","coordinates":[-70.30428,41.64349]},"properties":{"d":"2024-07"}},{"type":"Feature","geometry":{"type":"Point","coordinates":[-70.30442,41.64587]},"properties":{"d":"2024-04"}},{"type":"Feature","geometry":{"type":"Point","coordinates":[-70.30155,41.64595]},"properties":{"d":"2024-12"}},{"type":"Feature","geometry":{"type":"Point","coordinates":[-70.304,41.64515]},"properties":{"d":"2023-11"}},{"type":"Feature","geometry":{"type":"Point","coordinates":[-70.303,41.64287]},"properties":{"d":"2024-08"}},{"type":"Feature","geometry":{"type":"Point","coordinates":[-70.30225,41.64363]},"properties":{"d":"2024-11"}},{"type":"Feature","geometry":{"type":"Point","coordinates":[-70.30208,41.64228]},"properties":{"d":"2024-09"}},{"type":"Feature","geometry":{"type":"Point","coordinates":[-70.30222,41.64204]},"properties":{"d":"2024-04"}},{"type":"Feature","geometry":{"type":"Point","coordinates":[-70.30142,41.64251]},"properties":{"d":"2023-09"}},{"type":"Feature","geometry":{"type":"Point","coordinates":[-70.30007,41.64308]},"properties":{"d":"2024-09"}},{"type":"Feature","geometry":{"type":"Point","coordinates":[-70.29934,41.64417]},"properties":{"d":"2024-03"}},{"type":"Feature","geometry":{"type":"Point","coordinates":[-70.30072,41.64248]},"properties":{"d":"2023-09"}},{"type":"Feature","geometry":{"type":"Point","coordinates":[-70.3027,41.64677]},"properties":{"d":"2023-09"}},{"type":"Feature","geometry":{"type":"Point","coordinates":[-70.30475,41.64375]},"properties":{"d":"2024-09"}},{"type":"Feature","geometry":{"type":"Point","coordinates":[-70.30603,41.64976]},"properties":{"d":"2024-07"}},{"type":"Feature","geometry":{"type":"Point","coordinates":[-70.30584,41.65179]},"properties":{"d":"2024-03"}},{"type":"Feature","geometry":{"type":"Point","coordinates":[-70.30445,41.64975]},"properties":{"d":"2024-03"}},{"type":"Feature","geometry":{"type":"Point","coordinates":[-70.30055,41.64942]},"properties":{"d":"2024-10"}},{"type":"Feature","geometry":{"type":"Point","coordinates":[-70.30075,41.64975]},"properties":{"d":"2024-07"}},{"type":"Feature","geometry":{"type":"Point","coordinates":[-70.29812,41.65168]},"properties":{"d":"2024-11"}},{"type":"Feature","geometry":{"type":"Point","coordinates":[-70.29984,41.65094]},"properties":{"d":"2024-09"}},{"type":"Feature","geometry":{"type":"Point","coordinates":[-70.29932,41.64963]},"properties":{"d":"2024-09"}},{"type":"Feature","geometry":{"type":"Point","coordinates":[-70.30531,41.64882]},"properties":{"d":"2023-09"}},{"type":"Feature","geometry":{"type":"Point","coordinates":[-70.3061,41.65004]},"properties":{"d":"2024-12"}},{"type":"Feature","geometry":{"type":"Point","coordinates":[-70.30205,41.65148]},"properties":{"d":"2024-09"}},{"type":"Feature","geometry":{"type":"Point","coordinates":[-70.30155,41.65198]},"properties":{"d":"2024-08"}},{"type":"Feature","geometry":{"type":"Point","coordinates":[-70.30139,41.6518]},"properties":{"d":"2023-12"}},{"type":"Feature","geometry":{"type":"Point","coordinates":[-70.29672,41.65086]},"properties":{"d":"2024-12"}},{"type":"Feature","geometry":{"type":"Point","coordinates":[-70.3022,41.65018]},"properties":{"d":"2024-10"}},{"type":"Feature","geometry":{"type":"Point","coordinates":[-70.2998,41.64874]},"properties":{"d":"2024-12"}},{"type":"Feature","geometry":{"type":"Point","coordinates":[-70.30377,41.65285]},"properties":{"d":"2023-12"}},{"type":"Feature","geometry":{"type":"Point","coordinates":[-70.30124,41.65487]},"properties":{"d":"2024-02"}},{"type":"Feature","geometry":{"type":"Point","coordinates":[-70.29958,41.65753]},"properties":{"d":"2023-11"}},{"type":"Feature","geometry":{"type":"Point","coordinates":[-70.29677,41.65701]},"properties":{"d":"2024-08"}},{"type":"Feature","geometry":{"type":"Point","coordinates":[-70.29656,41.65639]},"properties":{"d":"2024-07"}},{"type":"Feature","geometry":{"type":"Point","coordinates":[-70.29596,41.65417]},"properties":{"d":"2023-09"}},{"type":"Feature","geometry":{"type":"Point","coordinates":[-70.30428,41.65471]},"properties":{"d":"2023-09"}},{"type":"Feature","geometry":{"type":"Point","coordinates":[-70.30065,41.655]},"properties":{"d":"2024-05"}},{"type":"Feature","geometry":{"type":"Point","coordinates":[-70.29752,41.65496]},"properties":{"d":"2023-10"}},{"type":"Feature","geometry":{"type":"Point","coordinates":[-70.29778,41.65324]},"properties":{"d":"2023-12"}},{"type":"Feature","geometry":{"type":"Point","coordinates":[-70.30347,41.65644]},"properties":{"d":"2024-03"}},{"type":"Feature","geometry":{"type":"Point","coordinates":[-70.30388,41.65702]},"properties":{"d":"2023-10"}},{"type":"Feature","geometry":{"type":"Point","coordinates":[-70.30232,41.65639]},"properties":{"d":"2024-06"}},{"type":"Feature","geometry":{"type":"Point","coordinates":[-70.30255,41.65279]},"properties":{"d":"2024-08"}},{"type":"Feature","geometry":{"type":"Point","coordinates":[-70.29928,41.65277]},"properties":{"d":"2024-12"}},{"type":"Feature","geometry":{"type":"Point","coordinates":[-70.30098,41.65298]},"properties":{"d":"2023-11"}},{"type":"Feature","geometry":{"type":"Point","coordinates":[-70.29724,41.66065]},"properties":{"d":"2024-12"}},{"type":"Feature","geometry":{"type":"Point","coordinates":[-70.2996,41.65831]},"properties":{"d":"2024-03"}},{"type":"Feature","geometry":{"type":"Point","coordinates":[-70.30033,41.65849]},"properties":{"d":"2024-07"}},{"type":"Feature","geometry":{"type":"Point","coordinates":[-70.29995,41.65968]},"properties":{"d":"2024-08"}},{"type":"Feature","geometry":{"type":"Point","coordinates":[-70.29772,41.66094]},"properties":{"d":"2024-06"}},{"type":"Feature","geometry":{"type":"Point","coordinates":[-70.30162,41.66276]},"properties":{"d":"2024-10"}},{"type":"Feature","geometry":{"type":"Point","coordinates":[-70.29668,41.65967]},"properties":{"d":"2024-03"}},{"type":"Feature","geometry":{"type":"Point","coordinates":[-70.29713,41.65982]},"properties":{"d":"2024-05"}},{"type":"Feature","geometry":{"type":"Point","coordinates":[-70.2975,41.6589]},"properties":{"d":"2023-10"}},{"type":"Feature","geometry":{"type":"Point","coordinates":[-70.29775,41.65809]},"properties":{"d":"2024-11"}},{"type":"Feature","geometry":{"type":"Point","coordinates":[-70.29698,41.65801]},"properties":{"d":"2024-03"}},{"type":"Feature","geometry":{"type":"Point","coordinates":[-70.2959,41.65925]},"properties":{"d":"2024-04"}},{"type":"Feature","geometry":{"type":"Point","coordinates":[-70.29695,41.65874]},"properties":{"d":"2024-04"}},{"type":"Feature","geometry":{"type":"Point","coordinates":[-70.30439,41.66111]},"properties":{"d":"2024-09"}},{"type":"Feature","geometry":{"type":"Point","coordinates":[-70.30529,41.66101]},"properties":{"d":"2024-07"}},{"type":"Feature","geometry":{"type":"Point","coordinates":[-70.3015,41.65856]},"properties":{"d":"2023-11"}},{"type":"Feature","geometry":{"type":"Point","coordinates":[-70.30096,41.66156]},"properties":{"d":"2024-07"}},{"type":"Feature","geometry":{"type":"Point","coordinates":[-70.29915,41.65779]},"properties":{"d":"2024-08"}},{"type":"Feature","geometry":{"type":"Point","coordinates":[-70.29829,41.65779]},"properties":{"d":"2024-08"}},{"type":"Feature","geometry":{"type":"Point","coordinates":[-70.30195,41.65783]},"properties":{"d":"2023-10"}},{"type":"Feature","geometry":{"type":"Point","coordinates":[-70.30191,41.66018]},"properties":{"d":"2024-05"}},{"type":"Feature","geometry":{"type":"Point","coordinates":[-70.30213,41.6611]},"properties":{"d":"2023-12"}},{"type":"Feature","geometry":{"type":"Point","coordinates":[-70.30287,41.67071]},"properties":{"d":"2024-04"}},{"type":"Feature","geometry":{"type":"Point","coordinates":[-70.30294,41.67048]},"properties":{"d":"2024-04"}},{"type":"Feature","geometry":{"type":"Point","coordinates":[-70.30237,41.67046]},"properties":{"d":"2023-11"}},{"type":"Feature","geometry":{"type":"Point","coordinates":[-70.30381,41.68935]},"properties":{"d":"2024-10"}},{"type":"Feature","geometry":{"type":"Point","coordinates":[-70.2966,41.68954]},"properties":{"d":"2025-12"}},{"type":"Feature","geometry":{"type":"Point","coordinates":[-70.29744,41.68788]},"properties":{"d":"2024-01"}},{"type":"Feature","geometry":{"type":"Point","coordinates":[-70.29464,41.68767]},"properties":{"d":"2023-12"}},{"type":"Feature","geometry":{"type":"Point","coordinates":[-70.29579,41.68809]},"properties":{"d":"2024-11"}},{"type":"Feature","geometry":{"type":"Point","coordinates":[-70.29602,41.68917]},"properties":{"d":"2024-10"}},{"type":"Feature","geometry":{"type":"Point","coordinates":[-70.29582,41.69005]},"properties":{"d":"2024-01"}},{"type":"Feature","geometry":{"type":"Point","coordinates":[-70.29584,41.69089]},"properties":{"d":"2023-11"}},{"type":"Feature","geometry":{"type":"Point","coordinates":[-70.30204,41.68815]},"properties":{"d":"2024-09"}},{"type":"Feature","geometry":{"type":"Point","coordinates":[-70.30407,41.69388]},"properties":{"d":"2024-12"}},{"type":"Feature","geometry":{"type":"Point","coordinates":[-70.30542,41.69476]},"properties":{"d":"2024-12"}},{"type":"Feature","geometry":{"type":"Point","coordinates":[-70.30161,41.69632]},"properties":{"d":"2024-10"}},{"type":"Feature","geometry":{"type":"Point","coordinates":[-70.3027,41.69401]},"properties":{"d":"2023-09"}},{"type":"Feature","geometry":{"type":"Point","coordinates":[-70.29855,41.69295]},"properties":{"d":"2024-04"}},{"type":"Feature","geometry":{"type":"Point","coordinates":[-70.29717,41.69528]},"properties":{"d":"2024-12"}},{"type":"Feature","geometry":{"type":"Point","coordinates":[-70.297,41.69466]},"properties":{"d":"2024-06"}},{"type":"Feature","geometry":{"type":"Point","coordinates":[-70.29643,41.69436]},"properties":{"d":"2024-09"}},{"type":"Feature","geometry":{"type":"Point","coordinates":[-70.29532,41.69335]},"properties":{"d":"2023-09"}},{"type":"Feature","geometry":{"type":"Point","coordinates":[-70.29747,41.69242]},"properties":{"d":"2024-06"}},{"type":"Feature","geometry":{"type":"Point","coordinates":[-70.30455,41.69579]},"properties":{"d":"2024-04"}},{"type":"Feature","geometry":{"type":"Point","coordinates":[-70.30506,41.69605]},"properties":{"d":"2023-12"}},{"type":"Feature","geometry":{"type":"Point","coordinates":[-70.30545,41.69554]},"properties":{"d":"2024-06"}},{"type":"Feature","geometry":{"type":"Point","coordinates":[-70.29832,41.6908]},"properties":{"d":"2024-04"}},{"type":"Feature","geometry":{"type":"Point","coordinates":[-70.30055,41.70015]},"properties":{"d":"2023-12"}},{"type":"Feature","geometry":{"type":"Point","coordinates":[-70.29687,41.69992]},"properties":{"d":"2024-09"}},{"type":"Feature","geometry":{"type":"Point","coordinates":[-70.30154,41.69697]},"properties":{"d":"2024-10"}},{"type":"Feature","geometry":{"type":"Point","coordinates":[-70.29763,41.7009]},"properties":{"d":"2024-08"}},{"type":"Feature","geometry":{"type":"Point","coordinates":[-70.2972,41.7008]},"properties":{"d":"2024-07"}},{"type":"Feature","geometry":{"type":"Point","coordinates":[-70.29567,41.70436]},"properties":{"d":"2024-11"}},{"type":"Feature","geometry":{"type":"Point","coordinates":[-70.29764,41.70826]},"properties":{"d":"2024-01"}},{"type":"Feature","geometry":{"type":"Point","coordinates":[-70.2978,41.70772]},"properties":{"d":"2024-08"}},{"type":"Feature","geometry":{"type":"Point","coordinates":[-70.29751,41.70737]},"properties":{"d":"2024-12"}},{"type":"Feature","geometry":{"type":"Point","coordinates":[-70.29735,41.70792]},"properties":{"d":"2024-05"}},{"type":"Feature","geometry":{"type":"Point","coordinates":[-70.29728,41.7082]},"properties":{"d":"2024-07"}},{"type":"Feature","geometry":{"type":"Point","coordinates":[-70.29687,41.70908]},"properties":{"d":"2025-10"}},{"type":"Feature","geometry":{"type":"Point","coordinates":[-70.29662,41.70926]},"properties":{"d":"2025-02"}},{"type":"Feature","geometry":{"type":"Point","coordinates":[-70.29622,41.70875]},"properties":{"d":"2024-07"}},{"type":"Feature","geometry":{"type":"Point","coordinates":[-70.29663,41.70725]},"properties":{"d":"2024-04"}},{"type":"Feature","geometry":{"type":"Point","coordinates":[-70.29634,41.70829]},"properties":{"d":"2023-10"}},{"type":"Feature","geometry":{"type":"Point","coordinates":[-70.29602,41.70757]},"properties":{"d":"2024-05"}},{"type":"Feature","geometry":{"type":"Point","coordinates":[-70.29558,41.70778]},"properties":{"d":"2024-09"}},{"type":"Feature","geometry":{"type":"Point","coordinates":[-70.29324,41.63732]},"properties":{"d":"2024-11"}},{"type":"Feature","geometry":{"type":"Point","coordinates":[-70.29372,41.63725]},"properties":{"d":"2024-01"}},{"type":"Feature","geometry":{"type":"Point","coordinates":[-70.29358,41.63768]},"properties":{"d":"2023-10"}},{"type":"Feature","geometry":{"type":"Point","coordinates":[-70.29332,41.63765]},"properties":{"d":"2024-11"}},{"type":"Feature","geometry":{"type":"Point","coordinates":[-70.29196,41.63708]},"properties":{"d":"2023-11"}},{"type":"Feature","geometry":{"type":"Point","coordinates":[-70.29206,41.63834]},"properties":{"d":"2023-09"}},{"type":"Feature","geometry":{"type":"Point","coordinates":[-70.2915,41.64091]},"properties":{"d":"2024-07"}},{"type":"Feature","geometry":{"type":"Point","coordinates":[-70.28954,41.64116]},"properties":{"d":"2024-11"}},{"type":"Feature","geometry":{"type":"Point","coordinates":[-70.28778,41.64061]},"properties":{"d":"2024-06"}},{"type":"Feature","geometry":{"type":"Point","coordinates":[-70.28917,41.63928]},"properties":{"d":"2024-04"}},{"type":"Feature","geometry":{"type":"Point","coordinates":[-70.28843,41.63916]},"properties":{"d":"2023-11"}},{"type":"Feature","geometry":{"type":"Point","coordinates":[-70.28632,41.64041]},"properties":{"d":"2024-03"}},{"type":"Feature","geometry":{"type":"Point","coordinates":[-70.28619,41.63879]},"properties":{"d":"2024-09"}},{"type":"Feature","geometry":{"type":"Point","coordinates":[-70.28622,41.639]},"properties":{"d":"2024-11"}},{"type":"Feature","geometry":{"type":"Point","coordinates":[-70.28626,41.63916]},"properties":{"d":"2024-03"}},{"type":"Feature","geometry":{"type":"Point","coordinates":[-70.28629,41.63749]},"properties":{"d":"2023-12"}},{"type":"Feature","geometry":{"type":"Point","coordinates":[-70.28726,41.63787]},"properties":{"d":"2023-09"}},{"type":"Feature","geometry":{"type":"Point","coordinates":[-70.28697,41.63715]},"properties":{"d":"2023-09"}},{"type":"Feature","geometry":{"type":"Point","coordinates":[-70.28804,41.63683]},"properties":{"d":"2024-05"}},{"type":"Feature","geometry":{"type":"Point","coordinates":[-70.28747,41.6381]},"properties":{"d":"2024-08"}},{"type":"Feature","geometry":{"type":"Point","coordinates":[-70.28836,41.63875]},"properties":{"d":"2024-04"}},{"type":"Feature","geometry":{"type":"Point","coordinates":[-70.28541,41.63564]},"properties":{"d":"2024-02"}},{"type":"Feature","geometry":{"type":"Point","coordinates":[-70.28586,41.63573]},"properties":{"d":"2024-01"}},{"type":"Feature","geometry":{"type":"Point","coordinates":[-70.28966,41.63671]},"properties":{"d":"2023-10"}},{"type":"Feature","geometry":{"type":"Point","coordinates":[-70.28587,41.64105]},"properties":{"d":"2024-12"}},{"type":"Feature","geometry":{"type":"Point","coordinates":[-70.28912,41.6366]},"properties":{"d":"2024-06"}},{"type":"Feature","geometry":{"type":"Point","coordinates":[-70.2919,41.63897]},"properties":{"d":"2024-06"}},{"type":"Feature","geometry":{"type":"Point","coordinates":[-70.29411,41.63887]},"properties":{"d":"2024-08"}},{"type":"Feature","geometry":{"type":"Point","coordinates":[-70.29455,41.63885]},"properties":{"d":"2024-07"}},{"type":"Feature","geometry":{"type":"Point","coordinates":[-70.29227,41.64004]},"properties":{"d":"2024-02"}},{"type":"Feature","geometry":{"type":"Point","coordinates":[-70.29162,41.64171]},"properties":{"d":"2024-11"}},{"type":"Feature","geometry":{"type":"Point","coordinates":[-70.293,41.64305]},"properties":{"d":"2024-04"}},{"type":"Feature","geometry":{"type":"Point","coordinates":[-70.29162,41.64438]},"properties":{"d":"2024-01"}},{"type":"Feature","geometry":{"type":"Point","coordinates":[-70.29184,41.64438]},"properties":{"d":"2024-01"}},{"type":"Feature","geometry":{"type":"Point","coordinates":[-70.29192,41.64636]},"properties":{"d":"2023-11"}},{"type":"Feature","geometry":{"type":"Point","coordinates":[-70.29333,41.64609]},"properties":{"d":"2024-11"}},{"type":"Feature","geometry":{"type":"Point","coordinates":[-70.29333,41.64508]},"properties":{"d":"2024-02"}},{"type":"Feature","geometry":{"type":"Point","coordinates":[-70.28974,41.64552]},"properties":{"d":"2024-06"}},{"type":"Feature","geometry":{"type":"Point","coordinates":[-70.29017,41.64515]},"properties":{"d":"2024-09"}},{"type":"Feature","geometry":{"type":"Point","coordinates":[-70.28629,41.6467]},"properties":{"d":"2024-11"}},{"type":"Feature","geometry":{"type":"Point","coordinates":[-70.28542,41.64476]},"properties":{"d":"2024-10"}},{"type":"Feature","geometry":{"type":"Point","coordinates":[-70.28675,41.64373]},"properties":{"d":"2023-10"}},{"type":"Feature","geometry":{"type":"Point","coordinates":[-70.28698,41.64327]},"properties":{"d":"2024-12"}},{"type":"Feature","geometry":{"type":"Point","coordinates":[-70.29024,41.64232]},"properties":{"d":"2024-04"}},{"type":"Feature","geometry":{"type":"Point","coordinates":[-70.28536,41.64204]},"properties":{"d":"2023-12"}},{"type":"Feature","geometry":{"type":"Point","coordinates":[-70.28556,41.6417]},"properties":{"d":"2025-01"}},{"type":"Feature","geometry":{"type":"Point","coordinates":[-70.29017,41.64598]},"properties":{"d":"2023-10"}},{"type":"Feature","geometry":{"type":"Point","coordinates":[-70.28991,41.64631]},"properties":{"d":"2024-10"}},{"type":"Feature","geometry":{"type":"Point","coordinates":[-70.29086,41.64518]},"properties":{"d":"2024-04"}},{"type":"Feature","geometry":{"type":"Point","coordinates":[-70.29275,41.647]},"properties":{"d":"2023-11"}},{"type":"Feature","geometry":{"type":"Point","coordinates":[-70.29219,41.64686]},"properties":{"d":"2024-12"}},{"type":"Feature","geometry":{"type":"Point","coordinates":[-70.28847,41.64725]},"properties":{"d":"2024-10"}},{"type":"Feature","geometry":{"type":"Point","coordinates":[-70.28654,41.64733]},"properties":{"d":"2024-05"}},{"type":"Feature","geometry":{"type":"Point","coordinates":[-70.28757,41.64731]},"properties":{"d":"2024-10"}},{"type":"Feature","geometry":{"type":"Point","coordinates":[-70.28488,41.64886]},"properties":{"d":"2024-11"}},{"type":"Feature","geometry":{"type":"Point","coordinates":[-70.28898,41.64695]},"properties":{"d":"2024-03"}},{"type":"Feature","geometry":{"type":"Point","coordinates":[-70.28872,41.64906]},"properties":{"d":"2024-01"}},{"type":"Feature","geometry":{"type":"Point","coordinates":[-70.29385,41.65678]},"properties":{"d":"2024-12"}},{"type":"Feature","geometry":{"type":"Point","coordinates":[-70.29513,41.65791]},"properties":{"d":"2024-09"}},{"type":"Feature","geometry":{"type":"Point","coordinates":[-70.2952,41.65683]},"properties":{"d":"2023-09"}},{"type":"Feature","geometry":{"type":"Point","coordinates":[-70.28916,41.65736]},"properties":{"d":"2024-10"}},{"type":"Feature","geometry":{"type":"Point","coordinates":[-70.28862,41.65733]},"properties":{"d":"2024-09"}},{"type":"Feature","geometry":{"type":"Point","coordinates":[-70.28946,41.65767]},"properties":{"d":"2024-10"}},{"type":"Feature","geometry":{"type":"Point","coordinates":[-70.28578,41.65703]},"properties":{"d":"2024-05"}},{"type":"Feature","geometry":{"type":"Point","coordinates":[-70.28515,41.65652]},"properties":{"d":"2024-01"}},{"type":"Feature","geometry":{"type":"Point","coordinates":[-70.28895,41.65617]},"properties":{"d":"2024-01"}},{"type":"Feature","geometry":{"type":"Point","coordinates":[-70.28987,41.65618]},"properties":{"d":"2024-05"}},{"type":"Feature","geometry":{"type":"Point","coordinates":[-70.28987,41.65487]},"properties":{"d":"2024-01"}},{"type":"Feature","geometry":{"type":"Point","coordinates":[-70.28859,41.6544]},"properties":{"d":"2024-12"}},{"type":"Feature","geometry":{"type":"Point","coordinates":[-70.28869,41.65577]},"properties":{"d":"2024-10"}},{"type":"Feature","geometry":{"type":"Point","coordinates":[-70.2884,41.65506]},"properties":{"d":"2024-09"}},{"type":"Feature","geometry":{"type":"Point","coordinates":[-70.28538,41.65514]},"properties":{"d":"2024-12"}},{"type":"Feature","geometry":{"type":"Point","coordinates":[-70.28598,41.655]},"properties":{"d":"2024-11"}},{"type":"Feature","geometry":{"type":"Point","coordinates":[-70.29514,41.65351]},"properties":{"d":"2024-05"}},{"type":"Feature","geometry":{"type":"Point","coordinates":[-70.29458,41.65853]},"properties":{"d":"2024-07"}},{"type":"Feature","geometry":{"type":"Point","coordinates":[-70.29394,41.66137]},"properties":{"d":"2024-09"}},{"type":"Feature","geometry":{"type":"Point","coordinates":[-70.2934,41.66061]},"properties":{"d":"2024-11"}},{"type":"Feature","geometry":{"type":"Point","coordinates":[-70.29352,41.65793]},"properties":{"d":"2024-09"}},{"type":"Feature","geometry":{"type":"Point","coordinates":[-70.28881,41.66162]},"properties":{"d":"2024-04"}},{"type":"Feature","geometry":{"type":"Point","coordinates":[-70.2885,41.66176]},"properties":{"d":"2024-05"}},{"type":"Feature","geometry":{"type":"Point","coordinates":[-70.28825,41.66173]},"properties":{"d":"2024-12"}},{"type":"Feature","geometry":{"type":"Point","coordinates":[-70.2889,41.66201]},"properties":{"d":"2024-12"}},{"type":"Feature","geometry":{"type":"Point","coordinates":[-70.29017,41.66113]},"properties":{"d":"2023-11"}},{"type":"Feature","geometry":{"type":"Point","coordinates":[-70.29152,41.66082]},"properties":{"d":"2023-11"}},{"type":"Feature","geometry":{"type":"Point","coordinates":[-70.2914,41.66113]},"properties":{"d":"2024-10"}},{"type":"Feature","geometry":{"type":"Point","coordinates":[-70.29074,41.66291]},"properties":{"d":"2023-11"}},{"type":"Feature","geometry":{"type":"Point","coordinates":[-70.29027,41.66225]},"properties":{"d":"2023-10"}},{"type":"Feature","geometry":{"type":"Point","coordinates":[-70.29006,41.66185]},"properties":{"d":"2024-05"}},{"type":"Feature","geometry":{"type":"Point","coordinates":[-70.28969,41.66252]},"properties":{"d":"2023-09"}},{"type":"Feature","geometry":{"type":"Point","coordinates":[-70.28918,41.6627]},"properties":{"d":"2024-05"}},{"type":"Feature","geometry":{"type":"Point","coordinates":[-70.28819,41.66286]},"properties":{"d":"2024-07"}},{"type":"Feature","geometry":{"type":"Point","coordinates":[-70.28754,41.66159]},"properties":{"d":"2024-04"}},{"type":"Feature","geometry":{"type":"Point","coordinates":[-70.28443,41.66137]},"properties":{"d":"2024-09"}},{"type":"Feature","geometry":{"type":"Point","coordinates":[-70.28656,41.65979]},"properties":{"d":"2023-12"}},{"type":"Feature","geometry":{"type":"Point","coordinates":[-70.28645,41.66038]},"properties":{"d":"2023-12"}},{"type":"Feature","geometry":{"type":"Point","coordinates":[-70.28747,41.6608]},"properties":{"d":"2024-09"}},{"type":"Feature","geometry":{"type":"Point","coordinates":[-70.28818,41.6602]},"properties":{"d":"2024-08"}},{"type":"Feature","geometry":{"type":"Point","coordinates":[-70.28824,41.65992]},"properties":{"d":"2024-12"}},{"type":"Feature","geometry":{"type":"Point","coordinates":[-70.28779,41.65817]},"properties":{"d":"2024-09"}},{"type":"Feature","geometry":{"type":"Point","coordinates":[-70.29374,41.66199]},"properties":{"d":"2024-11"}},{"type":"Feature","geometry":{"type":"Point","coordinates":[-70.2888,41.66026]},"properties":{"d":"2024-10"}},{"type":"Feature","geometry":{"type":"Point","coordinates":[-70.29202,41.66279]},"properties":{"d":"2023-11"}},{"type":"Feature","geometry":{"type":"Point","coordinates":[-70.29212,41.66249]},"properties":{"d":"2024-07"}},{"type":"Feature","geometry":{"type":"Point","coordinates":[-70.29243,41.66074]},"properties":{"d":"2023-11"}},{"type":"Feature","geometry":{"type":"Point","coordinates":[-70.29267,41.65848]},"properties":{"d":"2024-10"}},{"type":"Feature","geometry":{"type":"Point","coordinates":[-70.29292,41.66158]},"properties":{"d":"2024-10"}},{"type":"Feature","geometry":{"type":"Point","coordinates":[-70.29064,41.65848]},"properties":{"d":"2024-07"}},{"type":"Feature","geometry":{"type":"Point","coordinates":[-70.28985,41.66363]},"properties":{"d":"2023-11"}},{"type":"Feature","geometry":{"type":"Point","coordinates":[-70.29056,41.66337]},"properties":{"d":"2024-09"}},{"type":"Feature","geometry":{"type":"Point","coordinates":[-70.2924,41.69436]},"properties":{"d":"2024-11"}},{"type":"Feature","geometry":{"type":"Point","coordinates":[-70.2925,41.69311]},"properties":{"d":"2024-05"}},{"type":"Feature","geometry":{"type":"Point","coordinates":[-70.29044,41.69076]},"properties":{"d":"2024-08"}},{"type":"Feature","geometry":{"type":"Point","coordinates":[-70.29069,41.69172]},"properties":{"d":"2024-08"}},{"type":"Feature","geometry":{"type":"Point","coordinates":[-70.28974,41.6917]},"properties":{"d":"2024-03"}},{"type":"Feature","geometry":{"type":"Point","coordinates":[-70.29065,41.69454]},"properties":{"d":"2024-06"}},{"type":"Feature","geometry":{"type":"Point","coordinates":[-70.28723,41.69387]},"properties":{"d":"2024-02"}},{"type":"Feature","geometry":{"type":"Point","coordinates":[-70.28755,41.69481]},"properties":{"d":"2024-03"}},{"type":"Feature","geometry":{"type":"Point","coordinates":[-70.29404,41.69377]},"properties":{"d":"2024-05"}},{"type":"Feature","geometry":{"type":"Point","coordinates":[-70.29482,41.69162]},"properties":{"d":"2024-07"}},{"type":"Feature","geometry":{"type":"Point","coordinates":[-70.29494,41.69419]},"properties":{"d":"2024-11"}},{"type":"Feature","geometry":{"type":"Point","coordinates":[-70.29278,41.69822]},"properties":{"d":"2024-03"}},{"type":"Feature","geometry":{"type":"Point","coordinates":[-70.28861,41.7013]},"properties":{"d":"2023-12"}},{"type":"Feature","geometry":{"type":"Point","coordinates":[-70.28718,41.70062]},"properties":{"d":"2024-08"}},{"type":"Feature","geometry":{"type":"Point","coordinates":[-70.29036,41.69894]},"properties":{"d":"2023-10"}},{"type":"Feature","geometry":{"type":"Point","coordinates":[-70.29457,41.69666]},"properties":{"d":"2024-02"}},{"type":"Feature","geometry":{"type":"Point","coordinates":[-70.29239,41.70017]},"properties":{"d":"2024-03"}},{"type":"Feature","geometry":{"type":"Point","coordinates":[-70.28913,41.7051]},"properties":{"d":"2024-07"}},{"type":"Feature","geometry":{"type":"Point","coordinates":[-70.29036,41.7067]},"properties":{"d":"2024-03"}},{"type":"Feature","geometry":{"type":"Point","coordinates":[-70.28438,41.70213]},"properties":{"d":"2024-09"}},{"type":"Feature","geometry":{"type":"Point","coordinates":[-70.29233,41.7032]},"properties":{"d":"2024-03"}},{"type":"Feature","geometry":{"type":"Point","coordinates":[-70.28939,41.70254]},"properties":{"d":"2024-01"}},{"type":"Feature","geometry":{"type":"Point","coordinates":[-70.29278,41.7093]},"properties":{"d":"2023-12"}},{"type":"Feature","geometry":{"type":"Point","coordinates":[-70.29304,41.70885]},"properties":{"d":"2024-03"}},{"type":"Feature","geometry":{"type":"Point","coordinates":[-70.29352,41.70757]},"properties":{"d":"2023-09"}},{"type":"Feature","geometry":{"type":"Point","coordinates":[-70.29164,41.70973]},"properties":{"d":"2024-07"}},{"type":"Feature","geometry":{"type":"Point","coordinates":[-70.29213,41.70892]},"properties":{"d":"2024-09"}},{"type":"Feature","geometry":{"type":"Point","coordinates":[-70.29257,41.70821]},"properties":{"d":"2024-07"}},{"type":"Feature","geometry":{"type":"Point","coordinates":[-70.29156,41.70922]},"properties":{"d":"2024-07"}},{"type":"Feature","geometry":{"type":"Point","coordinates":[-70.29165,41.70907]},"properties":{"d":"2024-03"}},{"type":"Feature","geometry":{"type":"Point","coordinates":[-70.29107,41.70946]},"properties":{"d":"2025-07"}},{"type":"Feature","geometry":{"type":"Point","coordinates":[-70.29226,41.70749]},"properties":{"d":"2024-04"}},{"type":"Feature","geometry":{"type":"Point","coordinates":[-70.28983,41.70912]},"properties":{"d":"2024-01"}},{"type":"Feature","geometry":{"type":"Point","coordinates":[-70.28477,41.6398]},"properties":{"d":"2024-11"}},{"type":"Feature","geometry":{"type":"Point","coordinates":[-70.28487,41.64022]},"properties":{"d":"2024-04"}},{"type":"Feature","geometry":{"type":"Point","coordinates":[-70.2825,41.64059]},"properties":{"d":"2024-07"}},{"type":"Feature","geometry":{"type":"Point","coordinates":[-70.28288,41.64104]},"properties":{"d":"2024-02"}},{"type":"Feature","geometry":{"type":"Point","coordinates":[-70.28191,41.64032]},"properties":{"d":"2024-12"}},{"type":"Feature","geometry":{"type":"Point","coordinates":[-70.28086,41.641]},"properties":{"d":"2024-11"}},{"type":"Feature","geometry":{"type":"Point","coordinates":[-70.28104,41.63971]},"properties":{"d":"2024-04"}},{"type":"Feature","geometry":{"type":"Point","coordinates":[-70.28156,41.63827]},"properties":{"d":"2024-09"}},{"type":"Feature","geometry":{"type":"Point","coordinates":[-70.28208,41.63632]},"properties":{"d":"2024-12"}},{"type":"Feature","geometry":{"type":"Point","coordinates":[-70.28211,41.6362]},"properties":{"d":"2024-12"}},{"type":"Feature","geometry":{"type":"Point","coordinates":[-70.28299,41.63653]},"properties":{"d":"2025-05"}},{"type":"Feature","geometry":{"type":"Point","coordinates":[-70.28334,41.63885]},"properties":{"d":"2024-02"}},{"type":"Feature","geometry":{"type":"Point","coordinates":[-70.28343,41.63928]},"properties":{"d":"2024-12"}},{"type":"Feature","geometry":{"type":"Point","coordinates":[-70.28163,41.63926]},"properties":{"d":"2024-12"}},{"type":"Feature","geometry":{"type":"Point","coordinates":[-70.28256,41.6386]},"properties":{"d":"2024-08"}},{"type":"Feature","geometry":{"type":"Point","coordinates":[-70.28264,41.63917]},"properties":{"d":"2024-07"}},{"type":"Feature","geometry":{"type":"Point","coordinates":[-70.28009,41.64414]},"properties":{"d":"2024-01"}},{"type":"Feature","geometry":{"type":"Point","coordinates":[-70.27774,41.64582]},"properties":{"d":"2023-12"}},{"type":"Feature","geometry":{"type":"Point","coordinates":[-70.27718,41.64609]},"properties":{"d":"2023-10"}},{"type":"Feature","geometry":{"type":"Point","coordinates":[-70.27714,41.64571]},"properties":{"d":"2023-12"}},{"type":"Feature","geometry":{"type":"Point","coordinates":[-70.27646,41.64507]},"properties":{"d":"2024-08"}},{"type":"Feature","geometry":{"type":"Point","coordinates":[-70.27402,41.64361]},"properties":{"d":"2024-10"}},{"type":"Feature","geometry":{"type":"Point","coordinates":[-70.27669,41.64472]},"properties":{"d":"2024-11"}},{"type":"Feature","geometry":{"type":"Point","coordinates":[-70.27717,41.6446]},"properties":{"d":"2024-02"}},{"type":"Feature","geometry":{"type":"Point","coordinates":[-70.27588,41.64339]},"properties":{"d":"2024-07"}},{"type":"Feature","geometry":{"type":"Point","coordinates":[-70.27798,41.64251]},"properties":{"d":"2023-11"}},{"type":"Feature","geometry":{"type":"Point","coordinates":[-70.27948,41.64356]},"properties":{"d":"2024-07"}},{"type":"Feature","geometry":{"type":"Point","coordinates":[-70.28205,41.64353]},"properties":{"d":"2024-02"}},{"type":"Feature","geometry":{"type":"Point","coordinates":[-70.27545,41.64397]},"properties":{"d":"2023-12"}},{"type":"Feature","geometry":{"type":"Point","coordinates":[-70.27708,41.64728]},"properties":{"d":"2024-10"}},{"type":"Feature","geometry":{"type":"Point","coordinates":[-70.27857,41.64721]},"properties":{"d":"2024-10"}},{"type":"Feature","geometry":{"type":"Point","coordinates":[-70.28285,41.6571]},"properties":{"d":"2024-06"}},{"type":"Feature","geometry":{"type":"Point","coordinates":[-70.28401,41.66115]},"properties":{"d":"2024-10"}},{"type":"Feature","geometry":{"type":"Point","coordinates":[-70.2822,41.66019]},"properties":{"d":"2024-09"}},{"type":"Feature","geometry":{"type":"Point","coordinates":[-70.28162,41.66063]},"properties":{"d":"2024-06"}},{"type":"Feature","geometry":{"type":"Point","coordinates":[-70.28167,41.66047]},"properties":{"d":"2023-11"}},{"type":"Feature","geometry":{"type":"Point","coordinates":[-70.28247,41.65789]},"properties":{"d":"2024-04"}},{"type":"Feature","geometry":{"type":"Point","coordinates":[-70.27606,41.65938]},"properties":{"d":"2024-10"}},{"type":"Feature","geometry":{"type":"Point","coordinates":[-70.27477,41.658]},"properties":{"d":"2024-12"}},{"type":"Feature","geometry":{"type":"Point","coordinates":[-70.27514,41.65853]},"properties":{"d":"2023-12"}},{"type":"Feature","geometry":{"type":"Point","coordinates":[-70.27505,41.65807]},"properties":{"d":"2024-12"}},{"type":"Feature","geometry":{"type":"Point","coordinates":[-70.27423,41.69062]},"properties":{"d":"2024-06"}},{"type":"Feature","geometry":{"type":"Point","coordinates":[-70.27428,41.6888]},"properties":{"d":"2023-09"}},{"type":"Feature","geometry":{"type":"Point","coordinates":[-70.27595,41.68964]},"properties":{"d":"2024-06"}},{"type":"Feature","geometry":{"type":"Point","coordinates":[-70.27643,41.69034]},"properties":{"d":"2024-08"}},{"type":"Feature","geometry":{"type":"Point","coordinates":[-70.27584,41.69044]},"properties":{"d":"2024-03"}},{"type":"Feature","geometry":{"type":"Point","coordinates":[-70.28161,41.69501]},"properties":{"d":"2024-07"}},{"type":"Feature","geometry":{"type":"Point","coordinates":[-70.27734,41.69322]},"properties":{"d":"2024-02"}},{"type":"Feature","geometry":{"type":"Point","coordinates":[-70.27727,41.69258]},"properties":{"d":"2024-10"}},{"type":"Feature","geometry":{"type":"Point","coordinates":[-70.27626,41.69566]},"properties":{"d":"2024-06"}},{"type":"Feature","geometry":{"type":"Point","coordinates":[-70.28066,41.69146]},"properties":{"d":"2024-08"}},{"type":"Feature","geometry":{"type":"Point","coordinates":[-70.27677,41.6912]},"properties":{"d":"2024-01"}},{"type":"Feature","geometry":{"type":"Point","coordinates":[-70.27444,41.69135]},"properties":{"d":"2024-12"}},{"type":"Feature","geometry":{"type":"Point","coordinates":[-70.28414,41.69926]},"properties":{"d":"2023-09"}},{"type":"Feature","geometry":{"type":"Point","coordinates":[-70.27379,41.70161]},"properties":{"d":"2024-07"}},{"type":"Feature","geometry":{"type":"Point","coordinates":[-70.27858,41.69909]},"properties":{"d":"2023-11"}},{"type":"Feature","geometry":{"type":"Point","coordinates":[-70.28022,41.69883]},"properties":{"d":"2024-08"}},{"type":"Feature","geometry":{"type":"Point","coordinates":[-70.27835,41.69975]},"properties":{"d":"2024-10"}},{"type":"Feature","geometry":{"type":"Point","coordinates":[-70.28142,41.70442]},"properties":{"d":"2024-12"}},{"type":"Feature","geometry":{"type":"Point","coordinates":[-70.27911,41.70429]},"properties":{"d":"2024-10"}},{"type":"Feature","geometry":{"type":"Point","coordinates":[-70.27894,41.70321]},"properties":{"d":"2024-10"}},{"type":"Feature","geometry":{"type":"Point","coordinates":[-70.28209,41.70878]},"properties":{"d":"2023-09"}},{"type":"Feature","geometry":{"type":"Point","coordinates":[-70.27202,41.66508]},"properties":{"d":"2024-07"}},{"type":"Feature","geometry":{"type":"Point","coordinates":[-70.27221,41.66501]},"properties":{"d":"2023-09"}},{"type":"Feature","geometry":{"type":"Point","coordinates":[-70.26727,41.67127]},"properties":{"d":"2024-09"}},{"type":"Feature","geometry":{"type":"Point","coordinates":[-70.26546,41.68889]},"properties":{"d":"2024-10"}},{"type":"Feature","geometry":{"type":"Point","coordinates":[-70.26546,41.69309]},"properties":{"d":"2023-09"}},{"type":"Feature","geometry":{"type":"Point","coordinates":[-70.27081,41.69013]},"properties":{"d":"2024-08"}},{"type":"Feature","geometry":{"type":"Point","coordinates":[-70.26194,41.69583]},"properties":{"d":"2024-07"}},{"type":"Feature","geometry":{"type":"Point","coordinates":[-70.26265,41.69441]},"properties":{"d":"2024-06"}},{"type":"Feature","geometry":{"type":"Point","coordinates":[-70.27037,41.69223]},"properties":{"d":"2024-01"}},{"type":"Feature","geometry":{"type":"Point","coordinates":[-70.27052,41.69323]},"properties":{"d":"2024-08"}},{"type":"Feature","geometry":{"type":"Point","coordinates":[-70.26791,41.69354]},"properties":{"d":"2024-10"}},{"type":"Feature","geometry":{"type":"Point","coordinates":[-70.26741,41.69326]},"properties":{"d":"2024-10"}},{"type":"Feature","geometry":{"type":"Point","coordinates":[-70.26637,41.69312]},"properties":{"d":"2024-09"}},{"type":"Feature","geometry":{"type":"Point","coordinates":[-70.26645,41.69398]},"properties":{"d":"2023-10"}},{"type":"Feature","geometry":{"type":"Point","coordinates":[-70.27076,41.69445]},"properties":{"d":"2024-01"}},{"type":"Feature","geometry":{"type":"Point","coordinates":[-70.26452,41.69183]},"properties":{"d":"2024-03"}},{"type":"Feature","geometry":{"type":"Point","coordinates":[-70.26691,41.70099]},"properties":{"d":"2024-05"}},{"type":"Feature","geometry":{"type":"Point","coordinates":[-70.26954,41.70024]},"properties":{"d":"2024-08"}},{"type":"Feature","geometry":{"type":"Point","coordinates":[-70.26367,41.69989]},"properties":{"d":"2024-05"}},{"type":"Feature","geometry":{"type":"Point","coordinates":[-70.2639,41.69929]},"properties":{"d":"2024-06"}},{"type":"Feature","geometry":{"type":"Point","coordinates":[-70.26483,41.69653]},"properties":{"d":"2024-12"}},{"type":"Feature","geometry":{"type":"Point","coordinates":[-70.26423,41.6962]},"properties":{"d":"2024-11"}},{"type":"Feature","geometry":{"type":"Point","coordinates":[-70.26386,41.69741]},"properties":{"d":"2023-09"}},{"type":"Feature","geometry":{"type":"Point","coordinates":[-70.26303,41.69993]},"properties":{"d":"2024-02"}},{"type":"Feature","geometry":{"type":"Point","coordinates":[-70.27177,41.70277]},"properties":{"d":"2023-10"}},{"type":"Feature","geometry":{"type":"Point","coordinates":[-70.26486,41.70436]},"properties":{"d":"2023-09"}},{"type":"Feature","geometry":{"type":"Point","coordinates":[-70.26396,41.70331]},"properties":{"d":"2024-02"}},{"type":"Feature","geometry":{"type":"Point","coordinates":[-70.26458,41.7022]},"properties":{"d":"2024-10"}},{"type":"Feature","geometry":{"type":"Point","coordinates":[-70.26412,41.70238]},"properties":{"d":"2024-05"}},{"type":"Feature","geometry":{"type":"Point","coordinates":[-70.26841,41.70458]},"properties":{"d":"2024-04"}},{"type":"Feature","geometry":{"type":"Point","coordinates":[-70.26643,41.70952]},"properties":{"d":"2024-10"}},{"type":"Feature","geometry":{"type":"Point","coordinates":[-70.26967,41.70852]},"properties":{"d":"2024-01"}},{"type":"Feature","geometry":{"type":"Point","coordinates":[-70.26547,41.71116]},"properties":{"d":"2024-09"}},{"type":"Feature","geometry":{"type":"Point","coordinates":[-70.26085,41.69437]},"properties":{"d":"2024-08"}},{"type":"Feature","geometry":{"type":"Point","coordinates":[-70.26001,41.69461]},"properties":{"d":"2024-11"}},{"type":"Feature","geometry":{"type":"Point","coordinates":[-70.26179,41.69765]},"properties":{"d":"2024-02"}}]}