{"type":"FeatureCollection","features":[{"type":"Feature","geometry":{"type":"Point","coordinates":[-70.17891,41.6552]},"properties":{"d":"2023-11"}},{"type":"Feature","geometry":{"type":"Point","coordinates":[-70.1778,41.65492]},"properties":{"d":"2023-10"}},{"type":"Feature","geometry":{"type":"Point","coordinates":[-70.17343,41.6537]},"properties":{"d":"2024-10"}},{"type":"Feature","geometry":{"type":"Point","coordinates":[-70.16779,41.65257]},"properties":{"d":"2024-12"}},{"type":"Feature","geometry":{"type":"Point","coordinates":[-70.16455,41.65409]},"properties":{"d":"2024-05"}},{"type":"Feature","geometry":{"type":"Point","coordinates":[-70.16309,41.6547]},"properties":{"d":"2024-04"}},{"type":"Feature","geometry":{"type":"Point","coordinates":[-70.16088,41.65459]},"properties":{"d":"2024-08"}},{"type":"Feature","geometry":{"type":"Point","coordinates":[-70.15898,41.65423]},"properties":{"d":"2023-10"}},{"type":"Feature","geometry":{"type":"Point","coordinates":[-70.15864,41.65364]},"properties":{"d":"2024-09"}},{"type":"Feature","geometry":{"type":"Point","coordinates":[-70.15821,41.65433]},"properties":{"d":"2024-09"}},{"type":"Feature","geometry":{"type":"Point","coordinates":[-70.15728,41.6542]},"properties":{"d":"2024-02"}},{"type":"Feature","geometry":{"type":"Point","coordinates":[-70.15422,41.65256]},"properties":{"d":"2024-08"}},{"type":"Feature","geometry":{"type":"Point","coordinates":[-70.15277,41.65134]},"properties":{"d":"2024-01"}},{"type":"Feature","geometry":{"type":"Point","coordinates":[-70.15203,41.65411]},"properties":{"d":"2024-06"}},{"type":"Feature","geometry":{"type":"Point","coordinates":[-70.15137,41.65493]},"properties":{"d":"2024-08"}},{"type":"Feature","geometry":{"type":"Point","coordinates":[-70.15162,41.65161]},"properties":{"d":"2024-05"}},{"type":"Feature","geometry":{"type":"Point","coordinates":[-70.15118,41.6516]},"properties":{"d":"2024-11"}},{"type":"Feature","geometry":{"type":"Point","coordinates":[-70.14789,41.65484]},"properties":{"d":"2024-10"}},{"type":"Feature","geometry":{"type":"Point","coordinates":[-70.14953,41.65401]},"properties":{"d":"2024-04"}},{"type":"Feature","geometry":{"type":"Point","coordinates":[-70.14943,41.65421]},"properties":{"d":"2023-10"}},{"type":"Feature","geometry":{"type":"Point","coordinates":[-70.14923,41.65466]},"properties":{"d":"2024-03"}},{"type":"Feature","geometry":{"type":"Point","coordinates":[-70.14914,41.65485]},"properties":{"d":"2024-10"}},{"type":"Feature","geometry":{"type":"Point","coordinates":[-70.15079,41.65331]},"properties":{"d":"2024-02"}},{"type":"Feature","geometry":{"type":"Point","coordinates":[-70.14799,41.65386]},"properties":{"d":"2023-10"}},{"type":"Feature","geometry":{"type":"Point","coordinates":[-70.14705,41.65459]},"properties":{"d":"2024-05"}},{"type":"Feature","geometry":{"type":"Point","coordinates":[-70.14695,41.65396]},"properties":{"d":"2023-11"}},{"type":"Feature","geometry":{"type":"Point","coordinates":[-70.14665,41.65458]},"properties":{"d":"2024-10"}},{"type":"Feature","geometry":{"type":"Point","coordinates":[-70.14618,41.65332]},"properties":{"d":"2024-08"}},{"type":"Feature","geometry":{"type":"Point","coordinates":[-70.1463,41.65232]},"properties":{"d":"2024-08"}},{"type":"Feature","geometry":{"type":"Point","coordinates":[-70.1441,41.65421]},"properties":{"d":"2024-10"}},{"type":"Feature","geometry":{"type":"Point","coordinates":[-70.14485,41.65091]},"properties":{"d":"2024-06"}},{"type":"Feature","geometry":{"type":"Point","coordinates":[-70.14281,41.65366]},"properties":{"d":"2024-03"}},{"type":"Feature","geometry":{"type":"Point","coordinates":[-70.14216,41.65359]},"properties":{"d":"2024-08"}},{"type":"Feature","geometry":{"type":"Point","coordinates":[-70.13607,41.65388]},"properties":{"d":"2023-10"}},{"type":"Feature","geometry":{"type":"Point","coordinates":[-70.13602,41.6541]},"properties":{"d":"2023-10"}},{"type":"Feature","geometry":{"type":"Point","coordinates":[-70.13475,41.6539]},"properties":{"d":"2024-08"}},{"type":"Feature","geometry":{"type":"Point","coordinates":[-70.13329,41.65471]},"properties":{"d":"2024-11"}},{"type":"Feature","geometry":{"type":"Point","coordinates":[-70.13488,41.65319]},"properties":{"d":"2024-06"}},{"type":"Feature","geometry":{"type":"Point","coordinates":[-70.13518,41.65343]},"properties":{"d":"2023-09"}},{"type":"Feature","geometry":{"type":"Point","coordinates":[-70.12805,41.6545]},"properties":{"d":"2023-12"}},{"type":"Feature","geometry":{"type":"Point","coordinates":[-70.18593,41.65691]},"properties":{"d":"2024-04"}},{"type":"Feature","geometry":{"type":"Point","coordinates":[-70.18154,41.65913]},"properties":{"d":"2023-10"}},{"type":"Feature","geometry":{"type":"Point","coordinates":[-70.18195,41.65823]},"properties":{"d":"2024-02"}},{"type":"Feature","geometry":{"type":"Point","coordinates":[-70.18231,41.65802]},"properties":{"d":"2023-10"}},{"type":"Feature","geometry":{"type":"Point","coordinates":[-70.18225,41.65759]},"properties":{"d":"2024-09"}},{"type":"Feature","geometry":{"type":"Point","coordinates":[-70.18273,41.6567]},"properties":{"d":"2023-10"}},{"type":"Feature","geometry":{"type":"Point","coordinates":[-70.18251,41.6555]},"properties":{"d":"2024-07"}},{"type":"Feature","geometry":{"type":"Point","coordinates":[-70.17812,41.65856]},"properties":{"d":"2023-11"}},{"type":"Feature","geometry":{"type":"Point","coordinates":[-70.17642,41.65752]},"properties":{"d":"2024-10"}},{"type":"Feature","geometry":{"type":"Point","coordinates":[-70.17745,41.6578]},"properties":{"d":"2024-10"}},{"type":"Feature","geometry":{"type":"Point","coordinates":[-70.17848,41.65807]},"properties":{"d":"2024-10"}},{"type":"Feature","geometry":{"type":"Point","coordinates":[-70.1786,41.65782]},"properties":{"d":"2024-12"}},{"type":"Feature","geometry":{"type":"Point","coordinates":[-70.17783,41.65762]},"properties":{"d":"2023-12"}},{"type":"Feature","geometry":{"type":"Point","coordinates":[-70.17731,41.65748]},"properties":{"d":"2023-09"}},{"type":"Feature","geometry":{"type":"Point","coordinates":[-70.17705,41.65741]},"properties":{"d":"2024-10"}},{"type":"Feature","geometry":{"type":"Point","coordinates":[-70.17632,41.65683]},"properties":{"d":"2024-11"}},{"type":"Feature","geometry":{"type":"Point","coordinates":[-70.1777,41.6572]},"properties":{"d":"2023-10"}},{"type":"Feature","geometry":{"type":"Point","coordinates":[-70.17963,41.65772]},"properties":{"d":"2024-03"}},{"type":"Feature","geometry":{"type":"Point","coordinates":[-70.18009,41.65755]},"properties":{"d":"2023-11"}},{"type":"Feature","geometry":{"type":"Point","coordinates":[-70.17836,41.65712]},"properties":{"d":"2024-02"}},{"type":"Feature","geometry":{"type":"Point","coordinates":[-70.17781,41.65697]},"properties":{"d":"2024-03"}},{"type":"Feature","geometry":{"type":"Point","coordinates":[-70.1777,41.65655]},"properties":{"d":"2023-09"}},{"type":"Feature","geometry":{"type":"Point","coordinates":[-70.17919,41.65669]},"properties":{"d":"2024-11"}},{"type":"Feature","geometry":{"type":"Point","coordinates":[-70.17891,41.65661]},"properties":{"d":"2023-10"}},{"type":"Feature","geometry":{"type":"Point","coordinates":[-70.17809,41.65639]},"properties":{"d":"2024-10"}},{"type":"Feature","geometry":{"type":"Point","coordinates":[-70.17643,41.65595]},"properties":{"d":"2024-08"}},{"type":"Feature","geometry":{"type":"Point","coordinates":[-70.17686,41.65569]},"properties":{"d":"2023-12"}},{"type":"Feature","geometry":{"type":"Point","coordinates":[-70.17714,41.65576]},"properties":{"d":"2024-10"}},{"type":"Feature","geometry":{"type":"Point","coordinates":[-70.17891,41.65599]},"properties":{"d":"2024-05"}},{"type":"Feature","geometry":{"type":"Point","coordinates":[-70.17864,41.65591]},"properties":{"d":"2024-11"}},{"type":"Feature","geometry":{"type":"Point","coordinates":[-70.17697,41.65547]},"properties":{"d":"2023-11"}},{"type":"Feature","geometry":{"type":"Point","coordinates":[-70.17875,41.65555]},"properties":{"d":"2024-11"}},{"type":"Feature","geometry":{"type":"Point","coordinates":[-70.17521,41.65525]},"properties":{"d":"2024-06"}},{"type":"Feature","geometry":{"type":"Point","coordinates":[-70.17561,41.65638]},"properties":{"d":"2024-07"}},{"type":"Feature","geometry":{"type":"Point","coordinates":[-70.17281,41.65835]},"properties":{"d":"2024-06"}},{"type":"Feature","geometry":{"type":"Point","coordinates":[-70.17348,41.65932]},"properties":{"d":"2024-04"}},{"type":"Feature","geometry":{"type":"Point","coordinates":[-70.17494,41.65752]},"properties":{"d":"2024-03"}},{"type":"Feature","geometry":{"type":"Point","coordinates":[-70.16809,41.65803]},"properties":{"d":"2024-07"}},{"type":"Feature","geometry":{"type":"Point","coordinates":[-70.1621,41.65876]},"properties":{"d":"2023-10"}},{"type":"Feature","geometry":{"type":"Point","coordinates":[-70.16324,41.65667]},"properties":{"d":"2024-11"}},{"type":"Feature","geometry":{"type":"Point","coordinates":[-70.1624,41.65668]},"properties":{"d":"2024-07"}},{"type":"Feature","geometry":{"type":"Point","coordinates":[-70.15886,41.65627]},"properties":{"d":"2024-07"}},{"type":"Feature","geometry":{"type":"Point","coordinates":[-70.15741,41.65725]},"properties":{"d":"2024-02"}},{"type":"Feature","geometry":{"type":"Point","coordinates":[-70.15743,41.65836]},"properties":{"d":"2024-02"}},{"type":"Feature","geometry":{"type":"Point","coordinates":[-70.15829,41.65508]},"properties":{"d":"2023-12"}},{"type":"Feature","geometry":{"type":"Point","coordinates":[-70.15715,41.65656]},"properties":{"d":"2024-11"}},{"type":"Feature","geometry":{"type":"Point","coordinates":[-70.15222,41.65826]},"properties":{"d":"2024-08"}},{"type":"Feature","geometry":{"type":"Point","coordinates":[-70.15206,41.65858]},"properties":{"d":"2024-08"}},{"type":"Feature","geometry":{"type":"Point","coordinates":[-70.15544,41.65759]},"properties":{"d":"2024-10"}},{"type":"Feature","geometry":{"type":"Point","coordinates":[-70.15046,41.65883]},"properties":{"d":"2023-12"}},{"type":"Feature","geometry":{"type":"Point","coordinates":[-70.15138,41.6585]},"properties":{"d":"2024-08"}},{"type":"Feature","geometry":{"type":"Point","coordinates":[-70.15121,41.65846]},"properties":{"d":"2024-06"}},{"type":"Feature","geometry":{"type":"Point","coordinates":[-70.15095,41.6584]},"properties":{"d":"2024-08"}},{"type":"Feature","geometry":{"type":"Point","coordinates":[-70.15111,41.65771]},"properties":{"d":"2023-11"}},{"type":"Feature","geometry":{"type":"Point","coordinates":[-70.15117,41.65751]},"properties":{"d":"2024-11"}},{"type":"Feature","geometry":{"type":"Point","coordinates":[-70.15153,41.65755]},"properties":{"d":"2024-01"}},{"type":"Feature","geometry":{"type":"Point","coordinates":[-70.15116,41.65682]},"properties":{"d":"2024-06"}},{"type":"Feature","geometry":{"type":"Point","coordinates":[-70.15049,41.65574]},"properties":{"d":"2024-02"}},{"type":"Feature","geometry":{"type":"Point","coordinates":[-70.15041,41.65501]},"properties":{"d":"2023-10"}},{"type":"Feature","geometry":{"type":"Point","coordinates":[-70.14957,41.655]},"properties":{"d":"2024-10"}},{"type":"Feature","geometry":{"type":"Point","coordinates":[-70.1489,41.65537]},"properties":{"d":"2024-02"}},{"type":"Feature","geometry":{"type":"Point","coordinates":[-70.14845,41.65513]},"properties":{"d":"2023-09"}},{"type":"Feature","geometry":{"type":"Point","coordinates":[-70.14818,41.65701]},"properties":{"d":"2023-12"}},{"type":"Feature","geometry":{"type":"Point","coordinates":[-70.14908,41.65851]},"properties":{"d":"2024-04"}},{"type":"Feature","geometry":{"type":"Point","coordinates":[-70.14894,41.65766]},"properties":{"d":"2024-04"}},{"type":"Feature","geometry":{"type":"Point","coordinates":[-70.14897,41.65746]},"properties":{"d":"2024-07"}},{"type":"Feature","geometry":{"type":"Point","coordinates":[-70.14912,41.65717]},"properties":{"d":"2023-12"}},{"type":"Feature","geometry":{"type":"Point","coordinates":[-70.15003,41.6568]},"properties":{"d":"2024-08"}},{"type":"Feature","geometry":{"type":"Point","coordinates":[-70.14798,41.65883]},"properties":{"d":"2024-03"}},{"type":"Feature","geometry":{"type":"Point","coordinates":[-70.14781,41.65785]},"properties":{"d":"2024-08"}},{"type":"Feature","geometry":{"type":"Point","coordinates":[-70.14677,41.65839]},"properties":{"d":"2024-07"}},{"type":"Feature","geometry":{"type":"Point","coordinates":[-70.1473,41.65658]},"properties":{"d":"2024-06"}},{"type":"Feature","geometry":{"type":"Point","coordinates":[-70.14638,41.65852]},"properties":{"d":"2024-10"}},{"type":"Feature","geometry":{"type":"Point","coordinates":[-70.1464,41.65719]},"properties":{"d":"2024-10"}},{"type":"Feature","geometry":{"type":"Point","coordinates":[-70.14458,41.65717]},"properties":{"d":"2024-01"}},{"type":"Feature","geometry":{"type":"Point","coordinates":[-70.14451,41.65632]},"properties":{"d":"2023-10"}},{"type":"Feature","geometry":{"type":"Point","coordinates":[-70.14621,41.65626]},"properties":{"d":"2024-05"}},{"type":"Feature","geometry":{"type":"Point","coordinates":[-70.14714,41.6554]},"properties":{"d":"2024-08"}},{"type":"Feature","geometry":{"type":"Point","coordinates":[-70.1427,41.65776]},"properties":{"d":"2024-01"}},{"type":"Feature","geometry":{"type":"Point","coordinates":[-70.14022,41.65818]},"properties":{"d":"2024-09"}},{"type":"Feature","geometry":{"type":"Point","coordinates":[-70.14283,41.65579]},"properties":{"d":"2024-01"}},{"type":"Feature","geometry":{"type":"Point","coordinates":[-70.14269,41.65618]},"properties":{"d":"2024-03"}},{"type":"Feature","geometry":{"type":"Point","coordinates":[-70.14327,41.65668]},"properties":{"d":"2024-11"}},{"type":"Feature","geometry":{"type":"Point","coordinates":[-70.14382,41.65621]},"properties":{"d":"2024-11"}},{"type":"Feature","geometry":{"type":"Point","coordinates":[-70.13762,41.65891]},"properties":{"d":"2024-11"}},{"type":"Feature","geometry":{"type":"Point","coordinates":[-70.13541,41.65701]},"properties":{"d":"2024-07"}},{"type":"Feature","geometry":{"type":"Point","coordinates":[-70.13521,41.65571]},"properties":{"d":"2024-05"}},{"type":"Feature","geometry":{"type":"Point","coordinates":[-70.13518,41.65587]},"properties":{"d":"2024-08"}},{"type":"Feature","geometry":{"type":"Point","coordinates":[-70.13512,41.65742]},"properties":{"d":"2024-10"}},{"type":"Feature","geometry":{"type":"Point","coordinates":[-70.13343,41.65701]},"properties":{"d":"2024-11"}},{"type":"Feature","geometry":{"type":"Point","coordinates":[-70.1335,41.65643]},"properties":{"d":"2023-12"}},{"type":"Feature","geometry":{"type":"Point","coordinates":[-70.13358,41.6559]},"properties":{"d":"2024-01"}},{"type":"Feature","geometry":{"type":"Point","coordinates":[-70.13322,41.6556]},"properties":{"d":"2024-10"}},{"type":"Feature","geometry":{"type":"Point","coordinates":[-70.13318,41.6559]},"properties":{"d":"2024-08"}},{"type":"Feature","geometry":{"type":"Point","coordinates":[-70.13294,41.65736]},"properties":{"d":"2024-10"}},{"type":"Feature","geometry":{"type":"Point","coordinates":[-70.13261,41.6575]},"properties":{"d":"2024-02"}},{"type":"Feature","geometry":{"type":"Point","coordinates":[-70.13267,41.65722]},"properties":{"d":"2023-12"}},{"type":"Feature","geometry":{"type":"Point","coordinates":[-70.13287,41.65558]},"properties":{"d":"2024-08"}},{"type":"Feature","geometry":{"type":"Point","coordinates":[-70.1317,41.65663]},"properties":{"d":"2024-01"}},{"type":"Feature","geometry":{"type":"Point","coordinates":[-70.13032,41.65619]},"properties":{"d":"2024-05"}},{"type":"Feature","geometry":{"type":"Point","coordinates":[-70.13035,41.65493]},"properties":{"d":"2024-10"}},{"type":"Feature","geometry":{"type":"Point","coordinates":[-70.12891,41.65628]},"properties":{"d":"2023-10"}},{"type":"Feature","geometry":{"type":"Point","coordinates":[-70.12971,41.65483]},"properties":{"d":"2024-11"}},{"type":"Feature","geometry":{"type":"Point","coordinates":[-70.12853,41.65802]},"properties":{"d":"2024-07"}},{"type":"Feature","geometry":{"type":"Point","coordinates":[-70.12393,41.65523]},"properties":{"d":"2024-05"}},{"type":"Feature","geometry":{"type":"Point","coordinates":[-70.12489,41.65658]},"properties":{"d":"2024-03"}},{"type":"Feature","geometry":{"type":"Point","coordinates":[-70.12535,41.65828]},"properties":{"d":"2024-06"}},{"type":"Feature","geometry":{"type":"Point","coordinates":[-70.12598,41.65812]},"properties":{"d":"2024-04"}},{"type":"Feature","geometry":{"type":"Point","coordinates":[-70.12633,41.6581]},"properties":{"d":"2024-03"}},{"type":"Feature","geometry":{"type":"Point","coordinates":[-70.12603,41.65672]},"properties":{"d":"2023-12"}},{"type":"Feature","geometry":{"type":"Point","coordinates":[-70.12804,41.65477]},"properties":{"d":"2023-10"}},{"type":"Feature","geometry":{"type":"Point","coordinates":[-70.12333,41.65712]},"properties":{"d":"2024-07"}},{"type":"Feature","geometry":{"type":"Point","coordinates":[-70.12151,41.65789]},"properties":{"d":"2024-07"}},{"type":"Feature","geometry":{"type":"Point","coordinates":[-70.12173,41.65675]},"properties":{"d":"2024-09"}},{"type":"Feature","geometry":{"type":"Point","coordinates":[-70.18336,41.66186]},"properties":{"d":"2024-09"}},{"type":"Feature","geometry":{"type":"Point","coordinates":[-70.18166,41.6625]},"properties":{"d":"2024-11"}},{"type":"Feature","geometry":{"type":"Point","coordinates":[-70.18106,41.65987]},"properties":{"d":"2024-05"}},{"type":"Feature","geometry":{"type":"Point","coordinates":[-70.18374,41.66017]},"properties":{"d":"2023-10"}},{"type":"Feature","geometry":{"type":"Point","coordinates":[-70.17918,41.65986]},"properties":{"d":"2024-02"}},{"type":"Feature","geometry":{"type":"Point","coordinates":[-70.18003,41.66189]},"properties":{"d":"2024-09"}},{"type":"Feature","geometry":{"type":"Point","coordinates":[-70.18028,41.66164]},"properties":{"d":"2024-11"}},{"type":"Feature","geometry":{"type":"Point","coordinates":[-70.17676,41.66314]},"properties":{"d":"2024-06"}},{"type":"Feature","geometry":{"type":"Point","coordinates":[-70.17376,41.66238]},"properties":{"d":"2024-08"}},{"type":"Feature","geometry":{"type":"Point","coordinates":[-70.17344,41.6621]},"properties":{"d":"2024-04"}},{"type":"Feature","geometry":{"type":"Point","coordinates":[-70.17338,41.66311]},"properties":{"d":"2023-10"}},{"type":"Feature","geometry":{"type":"Point","coordinates":[-70.176,41.66302]},"properties":{"d":"2023-10"}},{"type":"Feature","geometry":{"type":"Point","coordinates":[-70.17538,41.6629]},"properties":{"d":"2024-04"}},{"type":"Feature","geometry":{"type":"Point","coordinates":[-70.16997,41.66272]},"properties":{"d":"2024-04"}},{"type":"Feature","geometry":{"type":"Point","coordinates":[-70.1602,41.6631]},"properties":{"d":"2023-09"}},{"type":"Feature","geometry":{"type":"Point","coordinates":[-70.16118,41.66228]},"properties":{"d":"2024-01"}},{"type":"Feature","geometry":{"type":"Point","coordinates":[-70.16099,41.66211]},"properties":{"d":"2023-10"}},{"type":"Feature","geometry":{"type":"Point","coordinates":[-70.15982,41.66055]},"properties":{"d":"2024-09"}},{"type":"Feature","geometry":{"type":"Point","coordinates":[-70.16246,41.6611]},"properties":{"d":"2023-12"}},{"type":"Feature","geometry":{"type":"Point","coordinates":[-70.16284,41.66056]},"properties":{"d":"2023-10"}},{"type":"Feature","geometry":{"type":"Point","coordinates":[-70.16318,41.65914]},"properties":{"d":"2024-02"}},{"type":"Feature","geometry":{"type":"Point","coordinates":[-70.15926,41.66271]},"properties":{"d":"2024-09"}},{"type":"Feature","geometry":{"type":"Point","coordinates":[-70.15913,41.66225]},"properties":{"d":"2024-10"}},{"type":"Feature","geometry":{"type":"Point","coordinates":[-70.15968,41.6622]},"properties":{"d":"2023-10"}},{"type":"Feature","geometry":{"type":"Point","coordinates":[-70.15943,41.66115]},"properties":{"d":"2024-03"}},{"type":"Feature","geometry":{"type":"Point","coordinates":[-70.15675,41.6595]},"properties":{"d":"2024-06"}},{"type":"Feature","geometry":{"type":"Point","coordinates":[-70.15781,41.66004]},"properties":{"d":"2024-02"}},{"type":"Feature","geometry":{"type":"Point","coordinates":[-70.1577,41.66116]},"properties":{"d":"2024-11"}},{"type":"Feature","geometry":{"type":"Point","coordinates":[-70.15657,41.66228]},"properties":{"d":"2023-09"}},{"type":"Feature","geometry":{"type":"Point","coordinates":[-70.15643,41.6625]},"properties":{"d":"2024-10"}},{"type":"Feature","geometry":{"type":"Point","coordinates":[-70.15687,41.66093]},"properties":{"d":"2024-11"}},{"type":"Feature","geometry":{"type":"Point","coordinates":[-70.15596,41.66081]},"properties":{"d":"2024-07"}},{"type":"Feature","geometry":{"type":"Point","coordinates":[-70.15507,41.66223]},"properties":{"d":"2024-09"}},{"type":"Feature","geometry":{"type":"Point","coordinates":[-70.15528,41.66059]},"properties":{"d":"2024-08"}},{"type":"Feature","geometry":{"type":"Point","coordinates":[-70.15534,41.66034]},"properties":{"d":"2023-09"}},{"type":"Feature","geometry":{"type":"Point","coordinates":[-70.15452,41.66071]},"properties":{"d":"2024-01"}},{"type":"Feature","geometry":{"type":"Point","coordinates":[-70.15415,41.66153]},"properties":{"d":"2023-09"}},{"type":"Feature","geometry":{"type":"Point","coordinates":[-70.15342,41.65925]},"properties":{"d":"2024-10"}},{"type":"Feature","geometry":{"type":"Point","coordinates":[-70.15534,41.65935]},"properties":{"d":"2024-11"}},{"type":"Feature","geometry":{"type":"Point","coordinates":[-70.15521,41.65969]},"properties":{"d":"2024-10"}},{"type":"Feature","geometry":{"type":"Point","coordinates":[-70.15236,41.66177]},"properties":{"d":"2024-06"}},{"type":"Feature","geometry":{"type":"Point","coordinates":[-70.15028,41.65947]},"properties":{"d":"2024-06"}},{"type":"Feature","geometry":{"type":"Point","coordinates":[-70.14836,41.65992]},"properties":{"d":"2024-09"}},{"type":"Feature","geometry":{"type":"Point","coordinates":[-70.15187,41.66227]},"properties":{"d":"2024-08"}},{"type":"Feature","geometry":{"type":"Point","coordinates":[-70.14893,41.65959]},"properties":{"d":"2024-06"}},{"type":"Feature","geometry":{"type":"Point","coordinates":[-70.15093,41.65986]},"properties":{"d":"2024-04"}},{"type":"Feature","geometry":{"type":"Point","coordinates":[-70.14856,41.66187]},"properties":{"d":"2024-04"}},{"type":"Feature","geometry":{"type":"Point","coordinates":[-70.14821,41.661]},"properties":{"d":"2024-11"}},{"type":"Feature","geometry":{"type":"Point","coordinates":[-70.14773,41.66014]},"properties":{"d":"2024-05"}},{"type":"Feature","geometry":{"type":"Point","coordinates":[-70.14667,41.66188]},"properties":{"d":"2024-05"}},{"type":"Feature","geometry":{"type":"Point","coordinates":[-70.14652,41.66149]},"properties":{"d":"2024-06"}},{"type":"Feature","geometry":{"type":"Point","coordinates":[-70.14762,41.6596]},"properties":{"d":"2024-03"}},{"type":"Feature","geometry":{"type":"Point","coordinates":[-70.14522,41.66181]},"properties":{"d":"2024-10"}},{"type":"Feature","geometry":{"type":"Point","coordinates":[-70.14458,41.66232]},"properties":{"d":"2024-11"}},{"type":"Feature","geometry":{"type":"Point","coordinates":[-70.14519,41.66105]},"properties":{"d":"2024-07"}},{"type":"Feature","geometry":{"type":"Point","coordinates":[-70.1455,41.65912]},"properties":{"d":"2024-03"}},{"type":"Feature","geometry":{"type":"Point","coordinates":[-70.14523,41.6597]},"properties":{"d":"2023-09"}},{"type":"Feature","geometry":{"type":"Point","coordinates":[-70.14486,41.65964]},"properties":{"d":"2024-04"}},{"type":"Feature","geometry":{"type":"Point","coordinates":[-70.14671,41.66018]},"properties":{"d":"2024-02"}},{"type":"Feature","geometry":{"type":"Point","coordinates":[-70.14387,41.66089]},"properties":{"d":"2023-11"}},{"type":"Feature","geometry":{"type":"Point","coordinates":[-70.14199,41.66204]},"properties":{"d":"2023-09"}},{"type":"Feature","geometry":{"type":"Point","coordinates":[-70.14123,41.6599]},"properties":{"d":"2023-11"}},{"type":"Feature","geometry":{"type":"Point","coordinates":[-70.14051,41.6617]},"properties":{"d":"2024-07"}},{"type":"Feature","geometry":{"type":"Point","coordinates":[-70.14072,41.65888]},"properties":{"d":"2024-09"}},{"type":"Feature","geometry":{"type":"Point","coordinates":[-70.14291,41.66141]},"properties":{"d":"2024-02"}},{"type":"Feature","geometry":{"type":"Point","coordinates":[-70.14265,41.66207]},"properties":{"d":"2023-11"}},{"type":"Feature","geometry":{"type":"Point","coordinates":[-70.13938,41.6626]},"properties":{"d":"2024-08"}},{"type":"Feature","geometry":{"type":"Point","coordinates":[-70.1393,41.662]},"properties":{"d":"2024-08"}},{"type":"Feature","geometry":{"type":"Point","coordinates":[-70.13925,41.66214]},"properties":{"d":"2024-12"}},{"type":"Feature","geometry":{"type":"Point","coordinates":[-70.13789,41.66209]},"properties":{"d":"2023-12"}},{"type":"Feature","geometry":{"type":"Point","coordinates":[-70.13749,41.66158]},"properties":{"d":"2024-11"}},{"type":"Feature","geometry":{"type":"Point","coordinates":[-70.13706,41.66169]},"properties":{"d":"2024-11"}},{"type":"Feature","geometry":{"type":"Point","coordinates":[-70.13597,41.65998]},"properties":{"d":"2023-12"}},{"type":"Feature","geometry":{"type":"Point","coordinates":[-70.13672,41.65909]},"properties":{"d":"2024-07"}},{"type":"Feature","geometry":{"type":"Point","coordinates":[-70.13666,41.6593]},"properties":{"d":"2024-05"}},{"type":"Feature","geometry":{"type":"Point","coordinates":[-70.13659,41.65952]},"properties":{"d":"2024-02"}},{"type":"Feature","geometry":{"type":"Point","coordinates":[-70.1362,41.6608]},"properties":{"d":"2024-01"}},{"type":"Feature","geometry":{"type":"Point","coordinates":[-70.13707,41.66035]},"properties":{"d":"2024-01"}},{"type":"Feature","geometry":{"type":"Point","coordinates":[-70.13711,41.66127]},"properties":{"d":"2024-03"}},{"type":"Feature","geometry":{"type":"Point","coordinates":[-70.13778,41.66066]},"properties":{"d":"2024-09"}},{"type":"Feature","geometry":{"type":"Point","coordinates":[-70.13855,41.6591]},"properties":{"d":"2023-12"}},{"type":"Feature","geometry":{"type":"Point","coordinates":[-70.13945,41.6588]},"properties":{"d":"2024-07"}},{"type":"Feature","geometry":{"type":"Point","coordinates":[-70.13943,41.66113]},"properties":{"d":"2024-02"}},{"type":"Feature","geometry":{"type":"Point","coordinates":[-70.13957,41.66073]},"properties":{"d":"2023-10"}},{"type":"Feature","geometry":{"type":"Point","coordinates":[-70.13982,41.65998]},"properties":{"d":"2023-12"}},{"type":"Feature","geometry":{"type":"Point","coordinates":[-70.13974,41.66146]},"properties":{"d":"2023-10"}},{"type":"Feature","geometry":{"type":"Point","coordinates":[-70.13827,41.66174]},"properties":{"d":"2024-07"}},{"type":"Feature","geometry":{"type":"Point","coordinates":[-70.1386,41.66213]},"properties":{"d":"2024-05"}},{"type":"Feature","geometry":{"type":"Point","coordinates":[-70.13854,41.66231]},"properties":{"d":"2024-07"}},{"type":"Feature","geometry":{"type":"Point","coordinates":[-70.13563,41.66124]},"properties":{"d":"2024-11"}},{"type":"Feature","geometry":{"type":"Point","coordinates":[-70.13576,41.66078]},"properties":{"d":"2024-11"}},{"type":"Feature","geometry":{"type":"Point","coordinates":[-70.13306,41.65907]},"properties":{"d":"2024-08"}},{"type":"Feature","geometry":{"type":"Point","coordinates":[-70.13284,41.65936]},"properties":{"d":"2024-10"}},{"type":"Feature","geometry":{"type":"Point","coordinates":[-70.13282,41.66043]},"properties":{"d":"2023-09"}},{"type":"Feature","geometry":{"type":"Point","coordinates":[-70.12921,41.66232]},"properties":{"d":"2024-09"}},{"type":"Feature","geometry":{"type":"Point","coordinates":[-70.12864,41.66264]},"properties":{"d":"2023-12"}},{"type":"Feature","geometry":{"type":"Point","coordinates":[-70.12969,41.66049]},"properties":{"d":"2024-03"}},{"type":"Feature","geometry":{"type":"Point","coordinates":[-70.13083,41.65907]},"properties":{"d":"2024-07"}},{"type":"Feature","geometry":{"type":"Point","coordinates":[-70.12798,41.66289]},"properties":{"d":"2024-07"}},{"type":"Feature","geometry":{"type":"Point","coordinates":[-70.12694,41.66256]},"properties":{"d":"2024-05"}},{"type":"Feature","geometry":{"type":"Point","coordinates":[-70.12718,41.66048]},"properties":{"d":"2024-05"}},{"type":"Feature","geometry":{"type":"Point","coordinates":[-70.12766,41.66238]},"properties":{"d":"2024-03"}},{"type":"Feature","geometry":{"type":"Point","coordinates":[-70.12688,41.66227]},"properties":{"d":"2024-03"}},{"type":"Feature","geometry":{"type":"Point","coordinates":[-70.12632,41.65951]},"properties":{"d":"2024-01"}},{"type":"Feature","geometry":{"type":"Point","coordinates":[-70.12355,41.66202]},"properties":{"d":"2023-12"}},{"type":"Feature","geometry":{"type":"Point","coordinates":[-70.12355,41.66177]},"properties":{"d":"2023-12"}},{"type":"Feature","geometry":{"type":"Point","coordinates":[-70.12352,41.66157]},"properties":{"d":"2023-12"}},{"type":"Feature","geometry":{"type":"Point","coordinates":[-70.12348,41.66134]},"properties":{"d":"2023-12"}},{"type":"Feature","geometry":{"type":"Point","coordinates":[-70.12345,41.6611]},"properties":{"d":"2023-12"}},{"type":"Feature","geometry":{"type":"Point","coordinates":[-70.12344,41.66092]},"properties":{"d":"2023-12"}},{"type":"Feature","geometry":{"type":"Point","coordinates":[-70.12342,41.66071]},"properties":{"d":"2023-12"}},{"type":"Feature","geometry":{"type":"Point","coordinates":[-70.12341,41.66055]},"properties":{"d":"2023-12"}},{"type":"Feature","geometry":{"type":"Point","coordinates":[-70.12313,41.66092]},"properties":{"d":"2024-05"}},{"type":"Feature","geometry":{"type":"Point","coordinates":[-70.12328,41.6616]},"properties":{"d":"2024-05"}},{"type":"Feature","geometry":{"type":"Point","coordinates":[-70.12244,41.66117]},"properties":{"d":"2024-02"}},{"type":"Feature","geometry":{"type":"Point","coordinates":[-70.12366,41.65863]},"properties":{"d":"2023-10"}},{"type":"Feature","geometry":{"type":"Point","coordinates":[-70.17873,41.66404]},"properties":{"d":"2024-10"}},{"type":"Feature","geometry":{"type":"Point","coordinates":[-70.17182,41.66335]},"properties":{"d":"2023-11"}},{"type":"Feature","geometry":{"type":"Point","coordinates":[-70.17231,41.66338]},"properties":{"d":"2024-07"}},{"type":"Feature","geometry":{"type":"Point","coordinates":[-70.1708,41.66343]},"properties":{"d":"2024-04"}},{"type":"Feature","geometry":{"type":"Point","coordinates":[-70.16782,41.66604]},"properties":{"d":"2023-11"}},{"type":"Feature","geometry":{"type":"Point","coordinates":[-70.1681,41.66541]},"properties":{"d":"2023-11"}},{"type":"Feature","geometry":{"type":"Point","coordinates":[-70.16068,41.66381]},"properties":{"d":"2024-05"}},{"type":"Feature","geometry":{"type":"Point","coordinates":[-70.15799,41.66434]},"properties":{"d":"2024-11"}},{"type":"Feature","geometry":{"type":"Point","coordinates":[-70.15751,41.66315]},"properties":{"d":"2023-09"}},{"type":"Feature","geometry":{"type":"Point","coordinates":[-70.15863,41.66368]},"properties":{"d":"2023-11"}},{"type":"Feature","geometry":{"type":"Point","coordinates":[-70.15885,41.6639]},"properties":{"d":"2024-05"}},{"type":"Feature","geometry":{"type":"Point","coordinates":[-70.15989,41.66411]},"properties":{"d":"2024-09"}},{"type":"Feature","geometry":{"type":"Point","coordinates":[-70.15657,41.66349]},"properties":{"d":"2023-09"}},{"type":"Feature","geometry":{"type":"Point","coordinates":[-70.15587,41.66334]},"properties":{"d":"2024-06"}},{"type":"Feature","geometry":{"type":"Point","coordinates":[-70.15511,41.66511]},"properties":{"d":"2024-09"}},{"type":"Feature","geometry":{"type":"Point","coordinates":[-70.15397,41.66662]},"properties":{"d":"2024-10"}},{"type":"Feature","geometry":{"type":"Point","coordinates":[-70.15564,41.66406]},"properties":{"d":"2023-10"}},{"type":"Feature","geometry":{"type":"Point","coordinates":[-70.15482,41.66495]},"properties":{"d":"2024-08"}},{"type":"Feature","geometry":{"type":"Point","coordinates":[-70.15419,41.66335]},"properties":{"d":"2024-08"}},{"type":"Feature","geometry":{"type":"Point","coordinates":[-70.15478,41.66433]},"properties":{"d":"2024-02"}},{"type":"Feature","geometry":{"type":"Point","coordinates":[-70.15394,41.66444]},"properties":{"d":"2023-11"}},{"type":"Feature","geometry":{"type":"Point","coordinates":[-70.15286,41.66381]},"properties":{"d":"2024-06"}},{"type":"Feature","geometry":{"type":"Point","coordinates":[-70.15257,41.6642]},"properties":{"d":"2024-02"}},{"type":"Feature","geometry":{"type":"Point","coordinates":[-70.15276,41.66586]},"properties":{"d":"2024-04"}},{"type":"Feature","geometry":{"type":"Point","coordinates":[-70.15274,41.66651]},"properties":{"d":"2023-12"}},{"type":"Feature","geometry":{"type":"Point","coordinates":[-70.15324,41.66619]},"properties":{"d":"2024-05"}},{"type":"Feature","geometry":{"type":"Point","coordinates":[-70.15068,41.6662]},"properties":{"d":"2024-11"}},{"type":"Feature","geometry":{"type":"Point","coordinates":[-70.14933,41.66698]},"properties":{"d":"2024-02"}},{"type":"Feature","geometry":{"type":"Point","coordinates":[-70.14932,41.66626]},"properties":{"d":"2024-05"}},{"type":"Feature","geometry":{"type":"Point","coordinates":[-70.14908,41.66596]},"properties":{"d":"2024-02"}},{"type":"Feature","geometry":{"type":"Point","coordinates":[-70.14962,41.66533]},"properties":{"d":"2023-11"}},{"type":"Feature","geometry":{"type":"Point","coordinates":[-70.14982,41.66512]},"properties":{"d":"2024-08"}},{"type":"Feature","geometry":{"type":"Point","coordinates":[-70.15005,41.66491]},"properties":{"d":"2023-12"}},{"type":"Feature","geometry":{"type":"Point","coordinates":[-70.15126,41.66389]},"properties":{"d":"2024-07"}},{"type":"Feature","geometry":{"type":"Point","coordinates":[-70.15149,41.66489]},"properties":{"d":"2023-09"}},{"type":"Feature","geometry":{"type":"Point","coordinates":[-70.15128,41.66529]},"properties":{"d":"2024-11"}},{"type":"Feature","geometry":{"type":"Point","coordinates":[-70.15067,41.66577]},"properties":{"d":"2024-04"}},{"type":"Feature","geometry":{"type":"Point","coordinates":[-70.14934,41.6646]},"properties":{"d":"2023-12"}},{"type":"Feature","geometry":{"type":"Point","coordinates":[-70.14428,41.66636]},"properties":{"d":"2024-01"}},{"type":"Feature","geometry":{"type":"Point","coordinates":[-70.14571,41.66414]},"properties":{"d":"2023-12"}},{"type":"Feature","geometry":{"type":"Point","coordinates":[-70.14563,41.66382]},"properties":{"d":"2023-11"}},{"type":"Feature","geometry":{"type":"Point","coordinates":[-70.14505,41.66407]},"properties":{"d":"2023-11"}},{"type":"Feature","geometry":{"type":"Point","coordinates":[-70.14561,41.66294]},"properties":{"d":"2024-06"}},{"type":"Feature","geometry":{"type":"Point","coordinates":[-70.14523,41.66292]},"properties":{"d":"2023-12"}},{"type":"Feature","geometry":{"type":"Point","coordinates":[-70.14166,41.66423]},"properties":{"d":"2024-06"}},{"type":"Feature","geometry":{"type":"Point","coordinates":[-70.14148,41.66455]},"properties":{"d":"2023-09"}},{"type":"Feature","geometry":{"type":"Point","coordinates":[-70.14117,41.66532]},"properties":{"d":"2024-05"}},{"type":"Feature","geometry":{"type":"Point","coordinates":[-70.14098,41.66421]},"properties":{"d":"2024-11"}},{"type":"Feature","geometry":{"type":"Point","coordinates":[-70.1435,41.66337]},"properties":{"d":"2024-10"}},{"type":"Feature","geometry":{"type":"Point","coordinates":[-70.14321,41.6641]},"properties":{"d":"2023-11"}},{"type":"Feature","geometry":{"type":"Point","coordinates":[-70.14306,41.66442]},"properties":{"d":"2024-06"}},{"type":"Feature","geometry":{"type":"Point","coordinates":[-70.14297,41.6646]},"properties":{"d":"2023-09"}},{"type":"Feature","geometry":{"type":"Point","coordinates":[-70.14368,41.66462]},"properties":{"d":"2024-07"}},{"type":"Feature","geometry":{"type":"Point","coordinates":[-70.13779,41.66672]},"properties":{"d":"2024-09"}},{"type":"Feature","geometry":{"type":"Point","coordinates":[-70.13902,41.66361]},"properties":{"d":"2024-05"}},{"type":"Feature","geometry":{"type":"Point","coordinates":[-70.13941,41.66375]},"properties":{"d":"2024-03"}},{"type":"Feature","geometry":{"type":"Point","coordinates":[-70.13961,41.66321]},"properties":{"d":"2024-05"}},{"type":"Feature","geometry":{"type":"Point","coordinates":[-70.13993,41.66343]},"properties":{"d":"2023-11"}},{"type":"Feature","geometry":{"type":"Point","coordinates":[-70.13955,41.66443]},"properties":{"d":"2024-09"}},{"type":"Feature","geometry":{"type":"Point","coordinates":[-70.1379,41.66411]},"properties":{"d":"2024-02"}},{"type":"Feature","geometry":{"type":"Point","coordinates":[-70.1285,41.66293]},"properties":{"d":"2024-08"}},{"type":"Feature","geometry":{"type":"Point","coordinates":[-70.12741,41.66433]},"properties":{"d":"2024-11"}},{"type":"Feature","geometry":{"type":"Point","coordinates":[-70.12629,41.66317]},"properties":{"d":"2024-10"}},{"type":"Feature","geometry":{"type":"Point","coordinates":[-70.12529,41.66457]},"properties":{"d":"2024-09"}},{"type":"Feature","geometry":{"type":"Point","coordinates":[-70.12407,41.66425]},"properties":{"d":"2024-07"}},{"type":"Feature","geometry":{"type":"Point","coordinates":[-70.12512,41.6637]},"properties":{"d":"2024-06"}},{"type":"Feature","geometry":{"type":"Point","coordinates":[-70.12461,41.66342]},"properties":{"d":"2024-11"}},{"type":"Feature","geometry":{"type":"Point","coordinates":[-70.12257,41.66583]},"properties":{"d":"2024-08"}},{"type":"Feature","geometry":{"type":"Point","coordinates":[-70.12207,41.66543]},"properties":{"d":"2024-04"}},{"type":"Feature","geometry":{"type":"Point","coordinates":[-70.12079,41.66394]},"properties":{"d":"2024-05"}},{"type":"Feature","geometry":{"type":"Point","coordinates":[-70.12038,41.66318]},"properties":{"d":"2023-10"}},{"type":"Feature","geometry":{"type":"Point","coordinates":[-70.12123,41.66346]},"properties":{"d":"2024-05"}},{"type":"Feature","geometry":{"type":"Point","coordinates":[-70.16926,41.66839]},"properties":{"d":"2024-04"}},{"type":"Feature","geometry":{"type":"Point","coordinates":[-70.16996,41.66828]},"properties":{"d":"2023-11"}},{"type":"Feature","geometry":{"type":"Point","coordinates":[-70.1647,41.66813]},"properties":{"d":"2024-02"}},{"type":"Feature","geometry":{"type":"Point","coordinates":[-70.16375,41.66793]},"properties":{"d":"2024-12"}},{"type":"Feature","geometry":{"type":"Point","coordinates":[-70.15582,41.66755]},"properties":{"d":"2024-04"}},{"type":"Feature","geometry":{"type":"Point","coordinates":[-70.15558,41.67105]},"properties":{"d":"2024-10"}},{"type":"Feature","geometry":{"type":"Point","coordinates":[-70.156,41.67105]},"properties":{"d":"2024-11"}},{"type":"Feature","geometry":{"type":"Point","coordinates":[-70.15496,41.67063]},"properties":{"d":"2024-05"}},{"type":"Feature","geometry":{"type":"Point","coordinates":[-70.15554,41.67056]},"properties":{"d":"2023-10"}},{"type":"Feature","geometry":{"type":"Point","coordinates":[-70.1553,41.67093]},"properties":{"d":"2024-05"}},{"type":"Feature","geometry":{"type":"Point","coordinates":[-70.15466,41.67108]},"properties":{"d":"2024-06"}},{"type":"Feature","geometry":{"type":"Point","coordinates":[-70.15406,41.67062]},"properties":{"d":"2023-10"}},{"type":"Feature","geometry":{"type":"Point","coordinates":[-70.15281,41.67058]},"properties":{"d":"2024-05"}},{"type":"Feature","geometry":{"type":"Point","coordinates":[-70.15313,41.66994]},"properties":{"d":"2024-07"}},{"type":"Feature","geometry":{"type":"Point","coordinates":[-70.15008,41.67045]},"properties":{"d":"2024-03"}},{"type":"Feature","geometry":{"type":"Point","coordinates":[-70.14499,41.67006]},"properties":{"d":"2023-11"}},{"type":"Feature","geometry":{"type":"Point","coordinates":[-70.12455,41.6704]},"properties":{"d":"2024-10"}},{"type":"Feature","geometry":{"type":"Point","coordinates":[-70.12438,41.66982]},"properties":{"d":"2024-10"}},{"type":"Feature","geometry":{"type":"Point","coordinates":[-70.12363,41.67125]},"properties":{"d":"2023-11"}},{"type":"Feature","geometry":{"type":"Point","coordinates":[-70.12442,41.67007]},"properties":{"d":"2024-10"}},{"type":"Feature","geometry":{"type":"Point","coordinates":[-70.12421,41.67053]},"properties":{"d":"2024-10"}},{"type":"Feature","geometry":{"type":"Point","coordinates":[-70.16194,41.67438]},"properties":{"d":"2024-08"}},{"type":"Feature","geometry":{"type":"Point","coordinates":[-70.16258,41.67366]},"properties":{"d":"2023-10"}},{"type":"Feature","geometry":{"type":"Point","coordinates":[-70.15689,41.67383]},"properties":{"d":"2024-03"}},{"type":"Feature","geometry":{"type":"Point","coordinates":[-70.15857,41.67286]},"properties":{"d":"2024-10"}},{"type":"Feature","geometry":{"type":"Point","coordinates":[-70.14464,41.67529]},"properties":{"d":"2024-10"}},{"type":"Feature","geometry":{"type":"Point","coordinates":[-70.14622,41.67137]},"properties":{"d":"2024-04"}},{"type":"Feature","geometry":{"type":"Point","coordinates":[-70.14533,41.67496]},"properties":{"d":"2024-06"}},{"type":"Feature","geometry":{"type":"Point","coordinates":[-70.14371,41.67488]},"properties":{"d":"2023-12"}},{"type":"Feature","geometry":{"type":"Point","coordinates":[-70.13644,41.67421]},"properties":{"d":"2024-09"}},{"type":"Feature","geometry":{"type":"Point","coordinates":[-70.1362,41.67323]},"properties":{"d":"2023-11"}},{"type":"Feature","geometry":{"type":"Point","coordinates":[-70.13538,41.67508]},"properties":{"d":"2024-08"}},{"type":"Feature","geometry":{"type":"Point","coordinates":[-70.13361,41.6737]},"properties":{"d":"2024-10"}},{"type":"Feature","geometry":{"type":"Point","coordinates":[-70.1337,41.67343]},"properties":{"d":"2023-10"}},{"type":"Feature","geometry":{"type":"Point","coordinates":[-70.13462,41.67238]},"properties":{"d":"2024-08"}},{"type":"Feature","geometry":{"type":"Point","coordinates":[-70.131,41.67175]},"properties":{"d":"2024-06"}},{"type":"Feature","geometry":{"type":"Point","coordinates":[-70.13096,41.67148]},"properties":{"d":"2024-11"}},{"type":"Feature","geometry":{"type":"Point","coordinates":[-70.12977,41.67255]},"properties":{"d":"2024-03"}},{"type":"Feature","geometry":{"type":"Point","coordinates":[-70.12952,41.67512]},"properties":{"d":"2023-12"}},{"type":"Feature","geometry":{"type":"Point","coordinates":[-70.12905,41.67491]},"properties":{"d":"2024-01"}},{"type":"Feature","geometry":{"type":"Point","coordinates":[-70.12903,41.67439]},"properties":{"d":"2023-11"}},{"type":"Feature","geometry":{"type":"Point","coordinates":[-70.12862,41.67518]},"properties":{"d":"2024-08"}},{"type":"Feature","geometry":{"type":"Point","coordinates":[-70.12812,41.67504]},"properties":{"d":"2024-08"}},{"type":"Feature","geometry":{"type":"Point","coordinates":[-70.12804,41.67244]},"properties":{"d":"2024-09"}},{"type":"Feature","geometry":{"type":"Point","coordinates":[-70.12734,41.67374]},"properties":{"d":"2023-12"}},{"type":"Feature","geometry":{"type":"Point","coordinates":[-70.12728,41.67323]},"properties":{"d":"2024-10"}},{"type":"Feature","geometry":{"type":"Point","coordinates":[-70.12526,41.67482]},"properties":{"d":"2024-05"}},{"type":"Feature","geometry":{"type":"Point","coordinates":[-70.12417,41.67497]},"properties":{"d":"2024-06"}},{"type":"Feature","geometry":{"type":"Point","coordinates":[-70.12414,41.67467]},"properties":{"d":"2024-04"}},{"type":"Feature","geometry":{"type":"Point","coordinates":[-70.12459,41.67178]},"properties":{"d":"2023-11"}},{"type":"Feature","geometry":{"type":"Point","coordinates":[-70.12411,41.67175]},"properties":{"d":"2024-05"}},{"type":"Feature","geometry":{"type":"Point","coordinates":[-70.12663,41.673]},"properties":{"d":"2024-01"}},{"type":"Feature","geometry":{"type":"Point","coordinates":[-70.12577,41.67372]},"properties":{"d":"2024-01"}},{"type":"Feature","geometry":{"type":"Point","coordinates":[-70.16064,41.67846]},"properties":{"d":"2024-06"}},{"type":"Feature","geometry":{"type":"Point","coordinates":[-70.15915,41.67888]},"properties":{"d":"2024-10"}},{"type":"Feature","geometry":{"type":"Point","coordinates":[-70.15883,41.67757]},"properties":{"d":"2024-10"}},{"type":"Feature","geometry":{"type":"Point","coordinates":[-70.15716,41.67611]},"properties":{"d":"2024-06"}},{"type":"Feature","geometry":{"type":"Point","coordinates":[-70.15611,41.67872]},"properties":{"d":"2023-11"}},{"type":"Feature","geometry":{"type":"Point","coordinates":[-70.15674,41.67912]},"properties":{"d":"2024-11"}},{"type":"Feature","geometry":{"type":"Point","coordinates":[-70.15934,41.67568]},"properties":{"d":"2024-03"}},{"type":"Feature","geometry":{"type":"Point","coordinates":[-70.15569,41.67659]},"properties":{"d":"2023-09"}},{"type":"Feature","geometry":{"type":"Point","coordinates":[-70.15576,41.67817]},"properties":{"d":"2024-02"}},{"type":"Feature","geometry":{"type":"Point","coordinates":[-70.15399,41.67827]},"properties":{"d":"2023-11"}},{"type":"Feature","geometry":{"type":"Point","coordinates":[-70.15492,41.67905]},"properties":{"d":"2024-10"}},{"type":"Feature","geometry":{"type":"Point","coordinates":[-70.15423,41.67788]},"properties":{"d":"2024-09"}},{"type":"Feature","geometry":{"type":"Point","coordinates":[-70.15502,41.67682]},"properties":{"d":"2023-11"}},{"type":"Feature","geometry":{"type":"Point","coordinates":[-70.15522,41.67655]},"properties":{"d":"2024-11"}},{"type":"Feature","geometry":{"type":"Point","coordinates":[-70.14851,41.67615]},"properties":{"d":"2024-07"}},{"type":"Feature","geometry":{"type":"Point","coordinates":[-70.14287,41.67673]},"properties":{"d":"2023-11"}},{"type":"Feature","geometry":{"type":"Point","coordinates":[-70.14092,41.67606]},"properties":{"d":"2024-02"}},{"type":"Feature","geometry":{"type":"Point","coordinates":[-70.13939,41.67571]},"properties":{"d":"2023-09"}},{"type":"Feature","geometry":{"type":"Point","coordinates":[-70.13618,41.67568]},"properties":{"d":"2024-10"}},{"type":"Feature","geometry":{"type":"Point","coordinates":[-70.1276,41.6789]},"properties":{"d":"2024-07"}},{"type":"Feature","geometry":{"type":"Point","coordinates":[-70.12792,41.67652]},"properties":{"d":"2024-12"}},{"type":"Feature","geometry":{"type":"Point","coordinates":[-70.12987,41.67612]},"properties":{"d":"2024-04"}},{"type":"Feature","geometry":{"type":"Point","coordinates":[-70.12894,41.67891]},"properties":{"d":"2024-04"}},{"type":"Feature","geometry":{"type":"Point","coordinates":[-70.12538,41.67653]},"properties":{"d":"2024-01"}},{"type":"Feature","geometry":{"type":"Point","coordinates":[-70.12659,41.67576]},"properties":{"d":"2024-06"}},{"type":"Feature","geometry":{"type":"Point","coordinates":[-70.12546,41.67725]},"properties":{"d":"2024-11"}},{"type":"Feature","geometry":{"type":"Point","coordinates":[-70.15744,41.6832]},"properties":{"d":"2024-11"}},{"type":"Feature","geometry":{"type":"Point","coordinates":[-70.15991,41.67982]},"properties":{"d":"2024-08"}},{"type":"Feature","geometry":{"type":"Point","coordinates":[-70.14836,41.68232]},"properties":{"d":"2024-08"}},{"type":"Feature","geometry":{"type":"Point","coordinates":[-70.1462,41.68077]},"properties":{"d":"2024-05"}},{"type":"Feature","geometry":{"type":"Point","coordinates":[-70.13803,41.67962]},"properties":{"d":"2024-11"}},{"type":"Feature","geometry":{"type":"Point","coordinates":[-70.12711,41.68024]},"properties":{"d":"2024-07"}},{"type":"Feature","geometry":{"type":"Point","coordinates":[-70.12686,41.68195]},"properties":{"d":"2024-04"}},{"type":"Feature","geometry":{"type":"Point","coordinates":[-70.15954,41.6867]},"properties":{"d":"2024-10"}},{"type":"Feature","geometry":{"type":"Point","coordinates":[-70.15812,41.6863]},"properties":{"d":"2024-11"}},{"type":"Feature","geometry":{"type":"Point","coordinates":[-70.15262,41.68592]},"properties":{"d":"2024-12"}},{"type":"Feature","geometry":{"type":"Point","coordinates":[-70.15291,41.68474]},"properties":{"d":"2024-10"}},{"type":"Feature","geometry":{"type":"Point","coordinates":[-70.15154,41.68461]},"properties":{"d":"2024-01"}},{"type":"Feature","geometry":{"type":"Point","coordinates":[-70.14913,41.68737]},"properties":{"d":"2023-12"}},{"type":"Feature","geometry":{"type":"Point","coordinates":[-70.15003,41.68762]},"properties":{"d":"2024-08"}},{"type":"Feature","geometry":{"type":"Point","coordinates":[-70.15091,41.68602]},"properties":{"d":"2024-04"}},{"type":"Feature","geometry":{"type":"Point","coordinates":[-70.14965,41.68477]},"properties":{"d":"2024-12"}},{"type":"Feature","geometry":{"type":"Point","coordinates":[-70.14452,41.68425]},"properties":{"d":"2024-11"}},{"type":"Feature","geometry":{"type":"Point","coordinates":[-70.14656,41.68483]},"properties":{"d":"2023-11"}},{"type":"Feature","geometry":{"type":"Point","coordinates":[-70.14541,41.68624]},"properties":{"d":"2024-10"}},{"type":"Feature","geometry":{"type":"Point","coordinates":[-70.14432,41.68733]},"properties":{"d":"2024-11"}},{"type":"Feature","geometry":{"type":"Point","coordinates":[-70.14742,41.68732]},"properties":{"d":"2023-11"}},{"type":"Feature","geometry":{"type":"Point","coordinates":[-70.14432,41.68484]},"properties":{"d":"2023-10"}},{"type":"Feature","geometry":{"type":"Point","coordinates":[-70.14421,41.68398]},"properties":{"d":"2024-02"}},{"type":"Feature","geometry":{"type":"Point","coordinates":[-70.13132,41.68732]},"properties":{"d":"2024-04"}},{"type":"Feature","geometry":{"type":"Point","coordinates":[-70.15611,41.68822]},"properties":{"d":"2024-06"}},{"type":"Feature","geometry":{"type":"Point","coordinates":[-70.1475,41.68877]},"properties":{"d":"2023-11"}},{"type":"Feature","geometry":{"type":"Point","coordinates":[-70.14437,41.68788]},"properties":{"d":"2024-04"}},{"type":"Feature","geometry":{"type":"Point","coordinates":[-70.14282,41.68847]},"properties":{"d":"2023-10"}},{"type":"Feature","geometry":{"type":"Point","coordinates":[-70.13393,41.68829]},"properties":{"d":"2023-10"}},{"type":"Feature","geometry":{"type":"Point","coordinates":[-70.13274,41.68818]},"properties":{"d":"2024-03"}},{"type":"Feature","geometry":{"type":"Point","coordinates":[-70.1638,41.69211]},"properties":{"d":"2024-04"}},{"type":"Feature","geometry":{"type":"Point","coordinates":[-70.162,41.69422]},"properties":{"d":"2024-07"}},{"type":"Feature","geometry":{"type":"Point","coordinates":[-70.16276,41.69401]},"properties":{"d":"2024-02"}},{"type":"Feature","geometry":{"type":"Point","coordinates":[-70.16278,41.69362]},"properties":{"d":"2024-04"}},{"type":"Feature","geometry":{"type":"Point","coordinates":[-70.16259,41.69314]},"properties":{"d":"2024-10"}},{"type":"Feature","geometry":{"type":"Point","coordinates":[-70.16289,41.69293]},"properties":{"d":"2023-11"}},{"type":"Feature","geometry":{"type":"Point","coordinates":[-70.1606,41.69517]},"properties":{"d":"2024-02"}},{"type":"Feature","geometry":{"type":"Point","coordinates":[-70.15878,41.69533]},"properties":{"d":"2024-10"}},{"type":"Feature","geometry":{"type":"Point","coordinates":[-70.1584,41.69513]},"properties":{"d":"2023-12"}},{"type":"Feature","geometry":{"type":"Point","coordinates":[-70.15573,41.69563]},"properties":{"d":"2024-01"}},{"type":"Feature","geometry":{"type":"Point","coordinates":[-70.17287,41.70019]},"properties":{"d":"2023-09"}},{"type":"Feature","geometry":{"type":"Point","coordinates":[-70.16441,41.69992]},"properties":{"d":"2024-11"}},{"type":"Feature","geometry":{"type":"Point","coordinates":[-70.16429,41.69931]},"properties":{"d":"2024-07"}},{"type":"Feature","geometry":{"type":"Point","coordinates":[-70.16327,41.69923]},"properties":{"d":"2023-10"}},{"type":"Feature","geometry":{"type":"Point","coordinates":[-70.16564,41.69762]},"properties":{"d":"2023-12"}},{"type":"Feature","geometry":{"type":"Point","coordinates":[-70.16519,41.69716]},"properties":{"d":"2024-05"}},{"type":"Feature","geometry":{"type":"Point","coordinates":[-70.16452,41.69714]},"properties":{"d":"2023-11"}},{"type":"Feature","geometry":{"type":"Point","coordinates":[-70.16313,41.70016]},"properties":{"d":"2024-12"}},{"type":"Feature","geometry":{"type":"Point","coordinates":[-70.16252,41.70028]},"properties":{"d":"2024-06"}},{"type":"Feature","geometry":{"type":"Point","coordinates":[-70.16305,41.69992]},"properties":{"d":"2024-04"}},{"type":"Feature","geometry":{"type":"Point","coordinates":[-70.16216,41.70021]},"properties":{"d":"2024-09"}},{"type":"Feature","geometry":{"type":"Point","coordinates":[-70.16306,41.69955]},"properties":{"d":"2024-05"}},{"type":"Feature","geometry":{"type":"Point","coordinates":[-70.16217,41.69909]},"properties":{"d":"2024-01"}},{"type":"Feature","geometry":{"type":"Point","coordinates":[-70.16199,41.69848]},"properties":{"d":"2023-09"}},{"type":"Feature","geometry":{"type":"Point","coordinates":[-70.16293,41.69776]},"properties":{"d":"2023-11"}},{"type":"Feature","geometry":{"type":"Point","coordinates":[-70.16214,41.69713]},"properties":{"d":"2024-03"}},{"type":"Feature","geometry":{"type":"Point","coordinates":[-70.1631,41.69711]},"properties":{"d":"2024-11"}},{"type":"Feature","geometry":{"type":"Point","coordinates":[-70.17415,41.70421]},"properties":{"d":"2024-02"}},{"type":"Feature","geometry":{"type":"Point","coordinates":[-70.1736,41.70327]},"properties":{"d":"2024-10"}},{"type":"Feature","geometry":{"type":"Point","coordinates":[-70.17452,41.70265]},"properties":{"d":"2023-09"}},{"type":"Feature","geometry":{"type":"Point","coordinates":[-70.17222,41.70313]},"properties":{"d":"2023-09"}},{"type":"Feature","geometry":{"type":"Point","coordinates":[-70.17284,41.70252]},"properties":{"d":"2023-09"}},{"type":"Feature","geometry":{"type":"Point","coordinates":[-70.17342,41.70154]},"properties":{"d":"2023-11"}},{"type":"Feature","geometry":{"type":"Point","coordinates":[-70.17158,41.70234]},"properties":{"d":"2024-07"}},{"type":"Feature","geometry":{"type":"Point","coordinates":[-70.17363,41.7008]},"properties":{"d":"2024-08"}},{"type":"Feature","geometry":{"type":"Point","coordinates":[-70.16818,41.70336]},"properties":{"d":"2024-07"}},{"type":"Feature","geometry":{"type":"Point","coordinates":[-70.16728,41.70408]},"properties":{"d":"2024-02"}},{"type":"Feature","geometry":{"type":"Point","coordinates":[-70.16718,41.70378]},"properties":{"d":"2024-10"}},{"type":"Feature","geometry":{"type":"Point","coordinates":[-70.16665,41.70247]},"properties":{"d":"2024-03"}},{"type":"Feature","geometry":{"type":"Point","coordinates":[-70.16684,41.70203]},"properties":{"d":"2023-12"}},{"type":"Feature","geometry":{"type":"Point","coordinates":[-70.16559,41.70256]},"properties":{"d":"2023-09"}},{"type":"Feature","geometry":{"type":"Point","coordinates":[-70.16683,41.70137]},"properties":{"d":"2024-04"}},{"type":"Feature","geometry":{"type":"Point","coordinates":[-70.16646,41.70143]},"properties":{"d":"2024-01"}},{"type":"Feature","geometry":{"type":"Point","coordinates":[-70.16354,41.70135]},"properties":{"d":"2024-05"}},{"type":"Feature","geometry":{"type":"Point","coordinates":[-70.16475,41.70087]},"properties":{"d":"2024-01"}},{"type":"Feature","geometry":{"type":"Point","coordinates":[-70.1654,41.70036]},"properties":{"d":"2023-10"}},{"type":"Feature","geometry":{"type":"Point","coordinates":[-70.16478,41.70048]},"properties":{"d":"2023-12"}},{"type":"Feature","geometry":{"type":"Point","coordinates":[-70.16317,41.70079]},"properties":{"d":"2024-08"}},{"type":"Feature","geometry":{"type":"Point","coordinates":[-70.16384,41.70327]},"properties":{"d":"2024-10"}},{"type":"Feature","geometry":{"type":"Point","coordinates":[-70.16447,41.70315]},"properties":{"d":"2023-10"}},{"type":"Feature","geometry":{"type":"Point","coordinates":[-70.16454,41.70395]},"properties":{"d":"2024-06"}},{"type":"Feature","geometry":{"type":"Point","coordinates":[-70.163,41.70248]},"properties":{"d":"2024-04"}},{"type":"Feature","geometry":{"type":"Point","coordinates":[-70.15353,41.70068]},"properties":{"d":"2024-11"}},{"type":"Feature","geometry":{"type":"Point","coordinates":[-70.15,41.70262]},"properties":{"d":"2024-11"}},{"type":"Feature","geometry":{"type":"Point","coordinates":[-70.14995,41.70241]},"properties":{"d":"2024-12"}},{"type":"Feature","geometry":{"type":"Point","coordinates":[-70.14995,41.70108]},"properties":{"d":"2024-11"}},{"type":"Feature","geometry":{"type":"Point","coordinates":[-70.1474,41.7016]},"properties":{"d":"2024-05"}},{"type":"Feature","geometry":{"type":"Point","coordinates":[-70.14769,41.70157]},"properties":{"d":"2024-02"}},{"type":"Feature","geometry":{"type":"Point","coordinates":[-70.14889,41.7017]},"properties":{"d":"2024-08"}},{"type":"Feature","geometry":{"type":"Point","coordinates":[-70.14842,41.70213]},"properties":{"d":"2024-10"}},{"type":"Feature","geometry":{"type":"Point","coordinates":[-70.14793,41.70252]},"properties":{"d":"2023-11"}},{"type":"Feature","geometry":{"type":"Point","coordinates":[-70.14739,41.7026]},"properties":{"d":"2023-11"}},{"type":"Feature","geometry":{"type":"Point","coordinates":[-70.14612,41.70173]},"properties":{"d":"2024-04"}},{"type":"Feature","geometry":{"type":"Point","coordinates":[-70.14378,41.70116]},"properties":{"d":"2024-05"}},{"type":"Feature","geometry":{"type":"Point","coordinates":[-70.14095,41.70213]},"properties":{"d":"2023-09"}},{"type":"Feature","geometry":{"type":"Point","coordinates":[-70.17894,41.70874]},"properties":{"d":"2023-11"}},{"type":"Feature","geometry":{"type":"Point","coordinates":[-70.17716,41.70858]},"properties":{"d":"2024-04"}},{"type":"Feature","geometry":{"type":"Point","coordinates":[-70.17697,41.70816]},"properties":{"d":"2024-06"}},{"type":"Feature","geometry":{"type":"Point","coordinates":[-70.17728,41.70785]},"properties":{"d":"2024-05"}},{"type":"Feature","geometry":{"type":"Point","coordinates":[-70.17577,41.70621]},"properties":{"d":"2024-09"}},{"type":"Feature","geometry":{"type":"Point","coordinates":[-70.17321,41.70786]},"properties":{"d":"2023-11"}},{"type":"Feature","geometry":{"type":"Point","coordinates":[-70.17289,41.707]},"properties":{"d":"2023-09"}},{"type":"Feature","geometry":{"type":"Point","coordinates":[-70.17422,41.70458]},"properties":{"d":"2024-03"}},{"type":"Feature","geometry":{"type":"Point","coordinates":[-70.1734,41.70491]},"properties":{"d":"2024-11"}},{"type":"Feature","geometry":{"type":"Point","coordinates":[-70.16871,41.70844]},"properties":{"d":"2024-01"}},{"type":"Feature","geometry":{"type":"Point","coordinates":[-70.16825,41.70696]},"properties":{"d":"2023-10"}},{"type":"Feature","geometry":{"type":"Point","coordinates":[-70.16859,41.70633]},"properties":{"d":"2024-05"}},{"type":"Feature","geometry":{"type":"Point","coordinates":[-70.16824,41.70633]},"properties":{"d":"2024-10"}},{"type":"Feature","geometry":{"type":"Point","coordinates":[-70.16785,41.70506]},"properties":{"d":"2024-04"}},{"type":"Feature","geometry":{"type":"Point","coordinates":[-70.16861,41.7074]},"properties":{"d":"2024-04"}},{"type":"Feature","geometry":{"type":"Point","coordinates":[-70.16746,41.70661]},"properties":{"d":"2023-10"}},{"type":"Feature","geometry":{"type":"Point","coordinates":[-70.17009,41.70605]},"properties":{"d":"2024-10"}},{"type":"Feature","geometry":{"type":"Point","coordinates":[-70.16857,41.70545]},"properties":{"d":"2023-09"}},{"type":"Feature","geometry":{"type":"Point","coordinates":[-70.16592,41.7046]},"properties":{"d":"2024-09"}},{"type":"Feature","geometry":{"type":"Point","coordinates":[-70.16503,41.70469]},"properties":{"d":"2024-01"}},{"type":"Feature","geometry":{"type":"Point","coordinates":[-70.16505,41.70487]},"properties":{"d":"2023-11"}},{"type":"Feature","geometry":{"type":"Point","coordinates":[-70.16599,41.70678]},"properties":{"d":"2024-08"}},{"type":"Feature","geometry":{"type":"Point","coordinates":[-70.16601,41.70699]},"properties":{"d":"2024-11"}},{"type":"Feature","geometry":{"type":"Point","coordinates":[-70.16321,41.70496]},"properties":{"d":"2024-05"}},{"type":"Feature","geometry":{"type":"Point","coordinates":[-70.16347,41.70748]},"properties":{"d":"2024-04"}},{"type":"Feature","geometry":{"type":"Point","coordinates":[-70.1611,41.7053]},"properties":{"d":"2023-11"}},{"type":"Feature","geometry":{"type":"Point","coordinates":[-70.16223,41.70516]},"properties":{"d":"2023-10"}},{"type":"Feature","geometry":{"type":"Point","coordinates":[-70.16177,41.70588]},"properties":{"d":"2023-12"}},{"type":"Feature","geometry":{"type":"Point","coordinates":[-70.16197,41.70791]},"properties":{"d":"2023-10"}},{"type":"Feature","geometry":{"type":"Point","coordinates":[-70.16099,41.70817]},"properties":{"d":"2023-09"}},{"type":"Feature","geometry":{"type":"Point","coordinates":[-70.1619,41.70741]},"properties":{"d":"2024-03"}},{"type":"Feature","geometry":{"type":"Point","coordinates":[-70.15512,41.70775]},"properties":{"d":"2024-02"}},{"type":"Feature","geometry":{"type":"Point","coordinates":[-70.15819,41.70796]},"properties":{"d":"2024-01"}},{"type":"Feature","geometry":{"type":"Point","coordinates":[-70.15767,41.70836]},"properties":{"d":"2024-11"}},{"type":"Feature","geometry":{"type":"Point","coordinates":[-70.15566,41.70843]},"properties":{"d":"2024-11"}},{"type":"Feature","geometry":{"type":"Point","coordinates":[-70.15507,41.70845]},"properties":{"d":"2023-09"}},{"type":"Feature","geometry":{"type":"Point","coordinates":[-70.15168,41.70612]},"properties":{"d":"2024-03"}},{"type":"Feature","geometry":{"type":"Point","coordinates":[-70.15452,41.70803]},"properties":{"d":"2024-11"}},{"type":"Feature","geometry":{"type":"Point","coordinates":[-70.15494,41.70737]},"properties":{"d":"2024-10"}},{"type":"Feature","geometry":{"type":"Point","coordinates":[-70.15065,41.70771]},"properties":{"d":"2023-12"}},{"type":"Feature","geometry":{"type":"Point","coordinates":[-70.17925,41.71137]},"properties":{"d":"2024-03"}},{"type":"Feature","geometry":{"type":"Point","coordinates":[-70.1805,41.71249]},"properties":{"d":"2024-04"}},{"type":"Feature","geometry":{"type":"Point","coordinates":[-70.1819,41.71113]},"properties":{"d":"2024-07"}},{"type":"Feature","geometry":{"type":"Point","coordinates":[-70.18169,41.71141]},"properties":{"d":"2024-05"}},{"type":"Feature","geometry":{"type":"Point","coordinates":[-70.18117,41.71082]},"properties":{"d":"2024-05"}},{"type":"Feature","geometry":{"type":"Point","coordinates":[-70.18018,41.71027]},"properties":{"d":"2023-12"}},{"type":"Feature","geometry":{"type":"Point","coordinates":[-70.17957,41.71075]},"properties":{"d":"2023-09"}},{"type":"Feature","geometry":{"type":"Point","coordinates":[-70.17956,41.71052]},"properties":{"d":"2023-10"}},{"type":"Feature","geometry":{"type":"Point","coordinates":[-70.1771,41.71198]},"properties":{"d":"2023-12"}},{"type":"Feature","geometry":{"type":"Point","coordinates":[-70.1774,41.71202]},"properties":{"d":"2024-09"}},{"type":"Feature","geometry":{"type":"Point","coordinates":[-70.17846,41.71182]},"properties":{"d":"2023-09"}},{"type":"Feature","geometry":{"type":"Point","coordinates":[-70.17848,41.71205]},"properties":{"d":"2024-04"}},{"type":"Feature","geometry":{"type":"Point","coordinates":[-70.1785,41.71229]},"properties":{"d":"2024-05"}},{"type":"Feature","geometry":{"type":"Point","coordinates":[-70.17853,41.71275]},"properties":{"d":"2023-09"}},{"type":"Feature","geometry":{"type":"Point","coordinates":[-70.17879,41.71301]},"properties":{"d":"2024-05"}},{"type":"Feature","geometry":{"type":"Point","coordinates":[-70.17836,41.71]},"properties":{"d":"2023-10"}},{"type":"Feature","geometry":{"type":"Point","coordinates":[-70.17788,41.71082]},"properties":{"d":"2024-04"}},{"type":"Feature","geometry":{"type":"Point","coordinates":[-70.17754,41.71078]},"properties":{"d":"2024-05"}},{"type":"Feature","geometry":{"type":"Point","coordinates":[-70.17579,41.71034]},"properties":{"d":"2024-01"}},{"type":"Feature","geometry":{"type":"Point","coordinates":[-70.17688,41.71051]},"properties":{"d":"2024-04"}},{"type":"Feature","geometry":{"type":"Point","coordinates":[-70.17686,41.71016]},"properties":{"d":"2024-11"}},{"type":"Feature","geometry":{"type":"Point","coordinates":[-70.17562,41.70963]},"properties":{"d":"2023-10"}},{"type":"Feature","geometry":{"type":"Point","coordinates":[-70.17764,41.7096]},"properties":{"d":"2023-10"}},{"type":"Feature","geometry":{"type":"Point","coordinates":[-70.17938,41.70936]},"properties":{"d":"2024-07"}},{"type":"Feature","geometry":{"type":"Point","coordinates":[-70.17429,41.71169]},"properties":{"d":"2024-05"}},{"type":"Feature","geometry":{"type":"Point","coordinates":[-70.17365,41.71126]},"properties":{"d":"2024-07"}},{"type":"Feature","geometry":{"type":"Point","coordinates":[-70.17454,41.71148]},"properties":{"d":"2024-07"}},{"type":"Feature","geometry":{"type":"Point","coordinates":[-70.17346,41.71057]},"properties":{"d":"2024-11"}},{"type":"Feature","geometry":{"type":"Point","coordinates":[-70.17381,41.71024]},"properties":{"d":"2024-06"}},{"type":"Feature","geometry":{"type":"Point","coordinates":[-70.17174,41.71173]},"properties":{"d":"2024-02"}},{"type":"Feature","geometry":{"type":"Point","coordinates":[-70.17119,41.7096]},"properties":{"d":"2024-08"}},{"type":"Feature","geometry":{"type":"Point","coordinates":[-70.17141,41.70933]},"properties":{"d":"2024-10"}},{"type":"Feature","geometry":{"type":"Point","coordinates":[-70.16892,41.71185]},"properties":{"d":"2024-06"}},{"type":"Feature","geometry":{"type":"Point","coordinates":[-70.17063,41.71104]},"properties":{"d":"2024-12"}},{"type":"Feature","geometry":{"type":"Point","coordinates":[-70.16938,41.71085]},"properties":{"d":"2024-09"}},{"type":"Feature","geometry":{"type":"Point","coordinates":[-70.17012,41.71083]},"properties":{"d":"2024-07"}},{"type":"Feature","geometry":{"type":"Point","coordinates":[-70.17056,41.71081]},"properties":{"d":"2024-11"}},{"type":"Feature","geometry":{"type":"Point","coordinates":[-70.17023,41.70874]},"properties":{"d":"2024-07"}},{"type":"Feature","geometry":{"type":"Point","coordinates":[-70.16313,41.71238]},"properties":{"d":"2024-05"}},{"type":"Feature","geometry":{"type":"Point","coordinates":[-70.16477,41.71217]},"properties":{"d":"2024-08"}},{"type":"Feature","geometry":{"type":"Point","coordinates":[-70.16734,41.71238]},"properties":{"d":"2024-05"}},{"type":"Feature","geometry":{"type":"Point","coordinates":[-70.16695,41.71002]},"properties":{"d":"2024-10"}},{"type":"Feature","geometry":{"type":"Point","coordinates":[-70.1666,41.71033]},"properties":{"d":"2024-03"}},{"type":"Feature","geometry":{"type":"Point","coordinates":[-70.16228,41.71123]},"properties":{"d":"2023-12"}},{"type":"Feature","geometry":{"type":"Point","coordinates":[-70.16241,41.71166]},"properties":{"d":"2024-10"}},{"type":"Feature","geometry":{"type":"Point","coordinates":[-70.16229,41.71234]},"properties":{"d":"2024-05"}},{"type":"Feature","geometry":{"type":"Point","coordinates":[-70.16198,41.71128]},"properties":{"d":"2024-11"}},{"type":"Feature","geometry":{"type":"Point","coordinates":[-70.1615,41.71136]},"properties":{"d":"2024-07"}},{"type":"Feature","geometry":{"type":"Point","coordinates":[-70.15833,41.70896]},"properties":{"d":"2024-11"}},{"type":"Feature","geometry":{"type":"Point","coordinates":[-70.15509,41.70875]},"properties":{"d":"2024-04"}},{"type":"Feature","geometry":{"type":"Point","coordinates":[-70.14842,41.7111]},"properties":{"d":"2023-12"}},{"type":"Feature","geometry":{"type":"Point","coordinates":[-70.148,41.71233]},"properties":{"d":"2024-04"}},{"type":"Feature","geometry":{"type":"Point","coordinates":[-70.15002,41.71037]},"properties":{"d":"2024-06"}},{"type":"Feature","geometry":{"type":"Point","coordinates":[-70.19059,41.71556]},"properties":{"d":"2024-09"}},{"type":"Feature","geometry":{"type":"Point","coordinates":[-70.17934,41.71604]},"properties":{"d":"2024-05"}},{"type":"Feature","geometry":{"type":"Point","coordinates":[-70.18094,41.71322]},"properties":{"d":"2024-10"}},{"type":"Feature","geometry":{"type":"Point","coordinates":[-70.17749,41.71416]},"properties":{"d":"2024-09"}},{"type":"Feature","geometry":{"type":"Point","coordinates":[-70.1753,41.7136]},"properties":{"d":"2024-09"}},{"type":"Feature","geometry":{"type":"Point","coordinates":[-70.17597,41.71386]},"properties":{"d":"2024-06"}},{"type":"Feature","geometry":{"type":"Point","coordinates":[-70.17701,41.71293]},"properties":{"d":"2024-04"}},{"type":"Feature","geometry":{"type":"Point","coordinates":[-70.17499,41.71443]},"properties":{"d":"2024-09"}},{"type":"Feature","geometry":{"type":"Point","coordinates":[-70.17495,41.71424]},"properties":{"d":"2023-11"}},{"type":"Feature","geometry":{"type":"Point","coordinates":[-70.17491,41.71402]},"properties":{"d":"2024-02"}},{"type":"Feature","geometry":{"type":"Point","coordinates":[-70.16812,41.71302]},"properties":{"d":"2024-05"}},{"type":"Feature","geometry":{"type":"Point","coordinates":[-70.16913,41.71291]},"properties":{"d":"2024-10"}},{"type":"Feature","geometry":{"type":"Point","coordinates":[-70.16326,41.71281]},"properties":{"d":"2024-10"}},{"type":"Feature","geometry":{"type":"Point","coordinates":[-70.16673,41.71368]},"properties":{"d":"2024-11"}},{"type":"Feature","geometry":{"type":"Point","coordinates":[-70.15053,41.71334]},"properties":{"d":"2024-09"}},{"type":"Feature","geometry":{"type":"Point","coordinates":[-70.15017,41.71363]},"properties":{"d":"2024-02"}},{"type":"Feature","geometry":{"type":"Point","coordinates":[-70.14993,41.71373]},"properties":{"d":"2023-11"}},{"type":"Feature","geometry":{"type":"Point","coordinates":[-70.14958,41.7134]},"properties":{"d":"2024-05"}},{"type":"Feature","geometry":{"type":"Point","coordinates":[-70.14616,41.71343]},"properties":{"d":"2024-06"}},{"type":"Feature","geometry":{"type":"Point","coordinates":[-70.1969,41.7212]},"properties":{"d":"2024-04"}},{"type":"Feature","geometry":{"type":"Point","coordinates":[-70.19645,41.71853]},"properties":{"d":"2024-11"}},{"type":"Feature","geometry":{"type":"Point","coordinates":[-70.19295,41.71925]},"properties":{"d":"2024-06"}},{"type":"Feature","geometry":{"type":"Point","coordinates":[-70.192,41.71782]},"properties":{"d":"2024-08"}},{"type":"Feature","geometry":{"type":"Point","coordinates":[-70.1914,41.71728]},"properties":{"d":"2024-09"}},{"type":"Feature","geometry":{"type":"Point","coordinates":[-70.19124,41.72088]},"properties":{"d":"2023-11"}},{"type":"Feature","geometry":{"type":"Point","coordinates":[-70.19428,41.71865]},"properties":{"d":"2024-03"}},{"type":"Feature","geometry":{"type":"Point","coordinates":[-70.19381,41.71801]},"properties":{"d":"2024-11"}},{"type":"Feature","geometry":{"type":"Point","coordinates":[-70.19105,41.71888]},"properties":{"d":"2024-11"}},{"type":"Feature","geometry":{"type":"Point","coordinates":[-70.191,41.71843]},"properties":{"d":"2024-07"}},{"type":"Feature","geometry":{"type":"Point","coordinates":[-70.19035,41.71785]},"properties":{"d":"2023-09"}},{"type":"Feature","geometry":{"type":"Point","coordinates":[-70.19053,41.71849]},"properties":{"d":"2024-03"}},{"type":"Feature","geometry":{"type":"Point","coordinates":[-70.19059,41.72001]},"properties":{"d":"2024-02"}},{"type":"Feature","geometry":{"type":"Point","coordinates":[-70.19046,41.71939]},"properties":{"d":"2024-05"}},{"type":"Feature","geometry":{"type":"Point","coordinates":[-70.19014,41.7181]},"properties":{"d":"2024-04"}},{"type":"Feature","geometry":{"type":"Point","coordinates":[-70.18973,41.71927]},"properties":{"d":"2024-08"}},{"type":"Feature","geometry":{"type":"Point","coordinates":[-70.18887,41.71831]},"properties":{"d":"2024-06"}},{"type":"Feature","geometry":{"type":"Point","coordinates":[-70.18976,41.717]},"properties":{"d":"2023-12"}},{"type":"Feature","geometry":{"type":"Point","coordinates":[-70.18921,41.71717]},"properties":{"d":"2023-10"}},{"type":"Feature","geometry":{"type":"Point","coordinates":[-70.18856,41.72072]},"properties":{"d":"2024-11"}},{"type":"Feature","geometry":{"type":"Point","coordinates":[-70.17375,41.71829]},"properties":{"d":"2024-10"}},{"type":"Feature","geometry":{"type":"Point","coordinates":[-70.17144,41.71953]},"properties":{"d":"2024-11"}},{"type":"Feature","geometry":{"type":"Point","coordinates":[-70.15908,41.72044]},"properties":{"d":"2024-08"}},{"type":"Feature","geometry":{"type":"Point","coordinates":[-70.1595,41.71965]},"properties":{"d":"2023-11"}},{"type":"Feature","geometry":{"type":"Point","coordinates":[-70.16112,41.71877]},"properties":{"d":"2023-11"}},{"type":"Feature","geometry":{"type":"Point","coordinates":[-70.16109,41.7205]},"properties":{"d":"2023-10"}},{"type":"Feature","geometry":{"type":"Point","coordinates":[-70.14369,41.7196]},"properties":{"d":"2024-05"}},{"type":"Feature","geometry":{"type":"Point","coordinates":[-70.14495,41.71763]},"properties":{"d":"2024-09"}},{"type":"Feature","geometry":{"type":"Point","coordinates":[-70.19825,41.72352]},"properties":{"d":"2024-06"}},{"type":"Feature","geometry":{"type":"Point","coordinates":[-70.19429,41.72412]},"properties":{"d":"2024-01"}},{"type":"Feature","geometry":{"type":"Point","coordinates":[-70.19282,41.72134]},"properties":{"d":"2024-01"}},{"type":"Feature","geometry":{"type":"Point","coordinates":[-70.19164,41.72121]},"properties":{"d":"2024-07"}},{"type":"Feature","geometry":{"type":"Point","coordinates":[-70.19114,41.72186]},"properties":{"d":"2023-09"}},{"type":"Feature","geometry":{"type":"Point","coordinates":[-70.19258,41.72322]},"properties":{"d":"2024-04"}},{"type":"Feature","geometry":{"type":"Point","coordinates":[-70.19074,41.72526]},"properties":{"d":"2024-07"}},{"type":"Feature","geometry":{"type":"Point","coordinates":[-70.19053,41.72424]},"properties":{"d":"2023-09"}},{"type":"Feature","geometry":{"type":"Point","coordinates":[-70.18973,41.72423]},"properties":{"d":"2023-10"}},{"type":"Feature","geometry":{"type":"Point","coordinates":[-70.18964,41.72378]},"properties":{"d":"2024-11"}},{"type":"Feature","geometry":{"type":"Point","coordinates":[-70.18836,41.72395]},"properties":{"d":"2023-11"}},{"type":"Feature","geometry":{"type":"Point","coordinates":[-70.18775,41.72436]},"properties":{"d":"2024-08"}},{"type":"Feature","geometry":{"type":"Point","coordinates":[-70.18511,41.72378]},"properties":{"d":"2024-05"}},{"type":"Feature","geometry":{"type":"Point","coordinates":[-70.17407,41.72494]},"properties":{"d":"2024-07"}},{"type":"Feature","geometry":{"type":"Point","coordinates":[-70.17375,41.72415]},"properties":{"d":"2023-10"}},{"type":"Feature","geometry":{"type":"Point","coordinates":[-70.17342,41.72252]},"properties":{"d":"2024-11"}},{"type":"Feature","geometry":{"type":"Point","coordinates":[-70.17098,41.72377]},"properties":{"d":"2024-01"}},{"type":"Feature","geometry":{"type":"Point","coordinates":[-70.17055,41.72187]},"properties":{"d":"2024-05"}},{"type":"Feature","geometry":{"type":"Point","coordinates":[-70.17063,41.72208]},"properties":{"d":"2024-08"}},{"type":"Feature","geometry":{"type":"Point","coordinates":[-70.17101,41.723]},"properties":{"d":"2024-06"}},{"type":"Feature","geometry":{"type":"Point","coordinates":[-70.17057,41.72323]},"properties":{"d":"2023-09"}},{"type":"Feature","geometry":{"type":"Point","coordinates":[-70.1683,41.72351]},"properties":{"d":"2024-05"}},{"type":"Feature","geometry":{"type":"Point","coordinates":[-70.16773,41.72436]},"properties":{"d":"2024-05"}},{"type":"Feature","geometry":{"type":"Point","coordinates":[-70.16759,41.72363]},"properties":{"d":"2024-09"}},{"type":"Feature","geometry":{"type":"Point","coordinates":[-70.16749,41.72304]},"properties":{"d":"2024-08"}},{"type":"Feature","geometry":{"type":"Point","coordinates":[-70.16069,41.72361]},"properties":{"d":"2023-10"}},{"type":"Feature","geometry":{"type":"Point","coordinates":[-70.16116,41.72091]},"properties":{"d":"2023-10"}},{"type":"Feature","geometry":{"type":"Point","coordinates":[-70.16054,41.72224]},"properties":{"d":"2024-01"}},{"type":"Feature","geometry":{"type":"Point","coordinates":[-70.15714,41.72381]},"properties":{"d":"2024-05"}},{"type":"Feature","geometry":{"type":"Point","coordinates":[-70.15725,41.72303]},"properties":{"d":"2023-09"}},{"type":"Feature","geometry":{"type":"Point","coordinates":[-70.15555,41.72325]},"properties":{"d":"2024-05"}},{"type":"Feature","geometry":{"type":"Point","coordinates":[-70.14982,41.72362]},"properties":{"d":"2023-09"}},{"type":"Feature","geometry":{"type":"Point","coordinates":[-70.14296,41.7227]},"properties":{"d":"2024-04"}},{"type":"Feature","geometry":{"type":"Point","coordinates":[-70.14407,41.72231]},"properties":{"d":"2024-11"}},{"type":"Feature","geometry":{"type":"Point","coordinates":[-70.14263,41.72394]},"properties":{"d":"2024-10"}},{"type":"Feature","geometry":{"type":"Point","coordinates":[-70.14196,41.72327]},"properties":{"d":"2024-01"}},{"type":"Feature","geometry":{"type":"Point","coordinates":[-70.14228,41.72279]},"properties":{"d":"2024-03"}},{"type":"Feature","geometry":{"type":"Point","coordinates":[-70.19244,41.72901]},"properties":{"d":"2024-02"}},{"type":"Feature","geometry":{"type":"Point","coordinates":[-70.19391,41.72881]},"properties":{"d":"2023-09"}},{"type":"Feature","geometry":{"type":"Point","coordinates":[-70.19219,41.72768]},"properties":{"d":"2024-06"}},{"type":"Feature","geometry":{"type":"Point","coordinates":[-70.19048,41.72838]},"properties":{"d":"2023-10"}},{"type":"Feature","geometry":{"type":"Point","coordinates":[-70.18763,41.72752]},"properties":{"d":"2023-12"}},{"type":"Feature","geometry":{"type":"Point","coordinates":[-70.18803,41.72844]},"properties":{"d":"2023-10"}},{"type":"Feature","geometry":{"type":"Point","coordinates":[-70.19032,41.72557]},"properties":{"d":"2024-01"}},{"type":"Feature","geometry":{"type":"Point","coordinates":[-70.18808,41.72553]},"properties":{"d":"2024-05"}},{"type":"Feature","geometry":{"type":"Point","coordinates":[-70.18641,41.72686]},"properties":{"d":"2023-10"}},{"type":"Feature","geometry":{"type":"Point","coordinates":[-70.18595,41.72781]},"properties":{"d":"2024-04"}},{"type":"Feature","geometry":{"type":"Point","coordinates":[-70.1858,41.72706]},"properties":{"d":"2024-04"}},{"type":"Feature","geometry":{"type":"Point","coordinates":[-70.17587,41.72877]},"properties":{"d":"2023-11"}},{"type":"Feature","geometry":{"type":"Point","coordinates":[-70.1758,41.72852]},"properties":{"d":"2024-08"}},{"type":"Feature","geometry":{"type":"Point","coordinates":[-70.17566,41.72796]},"properties":{"d":"2024-05"}},{"type":"Feature","geometry":{"type":"Point","coordinates":[-70.17537,41.72556]},"properties":{"d":"2023-09"}},{"type":"Feature","geometry":{"type":"Point","coordinates":[-70.17583,41.72551]},"properties":{"d":"2024-04"}},{"type":"Feature","geometry":{"type":"Point","coordinates":[-70.17574,41.72516]},"properties":{"d":"2023-11"}},{"type":"Feature","geometry":{"type":"Point","coordinates":[-70.17356,41.72639]},"properties":{"d":"2024-11"}},{"type":"Feature","geometry":{"type":"Point","coordinates":[-70.15068,41.72552]},"properties":{"d":"2024-04"}},{"type":"Feature","geometry":{"type":"Point","coordinates":[-70.14691,41.72871]},"properties":{"d":"2024-07"}},{"type":"Feature","geometry":{"type":"Point","coordinates":[-70.14336,41.72851]},"properties":{"d":"2023-11"}},{"type":"Feature","geometry":{"type":"Point","coordinates":[-70.21091,41.73001]},"properties":{"d":"2024-01"}},{"type":"Feature","geometry":{"type":"Point","coordinates":[-70.21162,41.73133]},"properties":{"d":"2023-09"}},{"type":"Feature","geometry":{"type":"Point","coordinates":[-70.20972,41.7333]},"properties":{"d":"2024-10"}},{"type":"Feature","geometry":{"type":"Point","coordinates":[-70.20721,41.73211]},"properties":{"d":"2023-12"}},{"type":"Feature","geometry":{"type":"Point","coordinates":[-70.20953,41.7312]},"properties":{"d":"2023-12"}},{"type":"Feature","geometry":{"type":"Point","coordinates":[-70.21071,41.7305]},"properties":{"d":"2024-08"}},{"type":"Feature","geometry":{"type":"Point","coordinates":[-70.2038,41.73011]},"properties":{"d":"2024-09"}},{"type":"Feature","geometry":{"type":"Point","coordinates":[-70.19529,41.72999]},"properties":{"d":"2024-10"}},{"type":"Feature","geometry":{"type":"Point","coordinates":[-70.19772,41.73235]},"properties":{"d":"2024-03"}},{"type":"Feature","geometry":{"type":"Point","coordinates":[-70.19703,41.7327]},"properties":{"d":"2024-06"}},{"type":"Feature","geometry":{"type":"Point","coordinates":[-70.19236,41.73267]},"properties":{"d":"2023-09"}},{"type":"Feature","geometry":{"type":"Point","coordinates":[-70.19231,41.72957]},"properties":{"d":"2024-11"}},{"type":"Feature","geometry":{"type":"Point","coordinates":[-70.19045,41.73218]},"properties":{"d":"2023-10"}},{"type":"Feature","geometry":{"type":"Point","coordinates":[-70.19012,41.73175]},"properties":{"d":"2024-10"}},{"type":"Feature","geometry":{"type":"Point","coordinates":[-70.18782,41.7296]},"properties":{"d":"2024-05"}},{"type":"Feature","geometry":{"type":"Point","coordinates":[-70.18761,41.73196]},"properties":{"d":"2024-10"}},{"type":"Feature","geometry":{"type":"Point","coordinates":[-70.18868,41.73298]},"properties":{"d":"2023-09"}},{"type":"Feature","geometry":{"type":"Point","coordinates":[-70.18749,41.73247]},"properties":{"d":"2023-11"}},{"type":"Feature","geometry":{"type":"Point","coordinates":[-70.18487,41.73116]},"properties":{"d":"2024-06"}},{"type":"Feature","geometry":{"type":"Point","coordinates":[-70.17909,41.72954]},"properties":{"d":"2024-03"}},{"type":"Feature","geometry":{"type":"Point","coordinates":[-70.18147,41.7328]},"properties":{"d":"2024-06"}},{"type":"Feature","geometry":{"type":"Point","coordinates":[-70.18109,41.73289]},"properties":{"d":"2024-11"}},{"type":"Feature","geometry":{"type":"Point","coordinates":[-70.17965,41.73277]},"properties":{"d":"2023-09"}},{"type":"Feature","geometry":{"type":"Point","coordinates":[-70.17823,41.73174]},"properties":{"d":"2024-11"}},{"type":"Feature","geometry":{"type":"Point","coordinates":[-70.17726,41.72987]},"properties":{"d":"2024-05"}},{"type":"Feature","geometry":{"type":"Point","coordinates":[-70.17686,41.72979]},"properties":{"d":"2024-08"}},{"type":"Feature","geometry":{"type":"Point","coordinates":[-70.17116,41.73137]},"properties":{"d":"2024-07"}},{"type":"Feature","geometry":{"type":"Point","coordinates":[-70.17062,41.73131]},"properties":{"d":"2023-12"}},{"type":"Feature","geometry":{"type":"Point","coordinates":[-70.16881,41.7317]},"properties":{"d":"2023-11"}},{"type":"Feature","geometry":{"type":"Point","coordinates":[-70.16855,41.73177]},"properties":{"d":"2023-10"}},{"type":"Feature","geometry":{"type":"Point","coordinates":[-70.16782,41.73233]},"properties":{"d":"2024-05"}},{"type":"Feature","geometry":{"type":"Point","coordinates":[-70.16815,41.7324]},"properties":{"d":"2024-12"}},{"type":"Feature","geometry":{"type":"Point","coordinates":[-70.16942,41.73256]},"properties":{"d":"2023-12"}},{"type":"Feature","geometry":{"type":"Point","coordinates":[-70.16885,41.73222]},"properties":{"d":"2023-10"}},{"type":"Feature","geometry":{"type":"Point","coordinates":[-70.16959,41.732]},"properties":{"d":"2024-06"}},{"type":"Feature","geometry":{"type":"Point","coordinates":[-70.16972,41.73165]},"properties":{"d":"2024-05"}},{"type":"Feature","geometry":{"type":"Point","coordinates":[-70.16484,41.73266]},"properties":{"d":"2024-04"}},{"type":"Feature","geometry":{"type":"Point","coordinates":[-70.16469,41.73307]},"properties":{"d":"2024-09"}},{"type":"Feature","geometry":{"type":"Point","coordinates":[-70.15778,41.73026]},"properties":{"d":"2024-03"}},{"type":"Feature","geometry":{"type":"Point","coordinates":[-70.15713,41.73001]},"properties":{"d":"2023-10"}},{"type":"Feature","geometry":{"type":"Point","coordinates":[-70.14737,41.73192]},"properties":{"d":"2024-11"}},{"type":"Feature","geometry":{"type":"Point","coordinates":[-70.14751,41.73255]},"properties":{"d":"2024-10"}},{"type":"Feature","geometry":{"type":"Point","coordinates":[-70.14835,41.73305]},"properties":{"d":"2024-01"}},{"type":"Feature","geometry":{"type":"Point","coordinates":[-70.14788,41.73085]},"properties":{"d":"2024-08"}},{"type":"Feature","geometry":{"type":"Point","coordinates":[-70.14853,41.73112]},"properties":{"d":"2024-07"}},{"type":"Feature","geometry":{"type":"Point","coordinates":[-70.14661,41.73082]},"properties":{"d":"2023-09"}},{"type":"Feature","geometry":{"type":"Point","coordinates":[-70.14446,41.73048]},"properties":{"d":"2023-09"}},{"type":"Feature","geometry":{"type":"Point","coordinates":[-70.14649,41.73027]},"properties":{"d":"2024-04"}},{"type":"Feature","geometry":{"type":"Point","coordinates":[-70.1452,41.72879]},"properties":{"d":"2024-03"}},{"type":"Feature","geometry":{"type":"Point","coordinates":[-70.14394,41.73081]},"properties":{"d":"2024-06"}},{"type":"Feature","geometry":{"type":"Point","coordinates":[-70.22518,41.73774]},"properties":{"d":"2024-02"}},{"type":"Feature","geometry":{"type":"Point","coordinates":[-70.22404,41.73793]},"properties":{"d":"2023-09"}},{"type":"Feature","geometry":{"type":"Point","coordinates":[-70.22294,41.73763]},"properties":{"d":"2024-04"}},{"type":"Feature","geometry":{"type":"Point","coordinates":[-70.22307,41.73702]},"properties":{"d":"2024-02"}},{"type":"Feature","geometry":{"type":"Point","coordinates":[-70.22256,41.73707]},"properties":{"d":"2024-10"}},{"type":"Feature","geometry":{"type":"Point","coordinates":[-70.22072,41.73688]},"properties":{"d":"2024-07"}},{"type":"Feature","geometry":{"type":"Point","coordinates":[-70.21618,41.7362]},"properties":{"d":"2024-07"}},{"type":"Feature","geometry":{"type":"Point","coordinates":[-70.21701,41.73564]},"properties":{"d":"2023-12"}},{"type":"Feature","geometry":{"type":"Point","coordinates":[-70.21712,41.73725]},"properties":{"d":"2024-10"}},{"type":"Feature","geometry":{"type":"Point","coordinates":[-70.21323,41.73769]},"properties":{"d":"2024-12"}},{"type":"Feature","geometry":{"type":"Point","coordinates":[-70.21439,41.73689]},"properties":{"d":"2024-09"}},{"type":"Feature","geometry":{"type":"Point","coordinates":[-70.20991,41.73772]},"properties":{"d":"2024-08"}},{"type":"Feature","geometry":{"type":"Point","coordinates":[-70.20795,41.73721]},"properties":{"d":"2024-03"}},{"type":"Feature","geometry":{"type":"Point","coordinates":[-70.2099,41.73676]},"properties":{"d":"2024-11"}},{"type":"Feature","geometry":{"type":"Point","coordinates":[-70.20872,41.73583]},"properties":{"d":"2023-09"}},{"type":"Feature","geometry":{"type":"Point","coordinates":[-70.21028,41.73473]},"properties":{"d":"2024-08"}},{"type":"Feature","geometry":{"type":"Point","coordinates":[-70.20876,41.73521]},"properties":{"d":"2023-12"}},{"type":"Feature","geometry":{"type":"Point","coordinates":[-70.20639,41.7376]},"properties":{"d":"2024-07"}},{"type":"Feature","geometry":{"type":"Point","coordinates":[-70.20497,41.7374]},"properties":{"d":"2024-05"}},{"type":"Feature","geometry":{"type":"Point","coordinates":[-70.20285,41.73616]},"properties":{"d":"2024-10"}},{"type":"Feature","geometry":{"type":"Point","coordinates":[-70.20655,41.73607]},"properties":{"d":"2024-10"}},{"type":"Feature","geometry":{"type":"Point","coordinates":[-70.20374,41.7366]},"properties":{"d":"2024-01"}},{"type":"Feature","geometry":{"type":"Point","coordinates":[-70.20352,41.73558]},"properties":{"d":"2024-10"}},{"type":"Feature","geometry":{"type":"Point","coordinates":[-70.20381,41.73472]},"properties":{"d":"2024-10"}},{"type":"Feature","geometry":{"type":"Point","coordinates":[-70.20446,41.73632]},"properties":{"d":"2023-10"}},{"type":"Feature","geometry":{"type":"Point","coordinates":[-70.20134,41.73696]},"properties":{"d":"2024-04"}},{"type":"Feature","geometry":{"type":"Point","coordinates":[-70.20187,41.73701]},"properties":{"d":"2024-03"}},{"type":"Feature","geometry":{"type":"Point","coordinates":[-70.20052,41.73606]},"properties":{"d":"2024-10"}},{"type":"Feature","geometry":{"type":"Point","coordinates":[-70.19987,41.73549]},"properties":{"d":"2023-09"}},{"type":"Feature","geometry":{"type":"Point","coordinates":[-70.19641,41.73621]},"properties":{"d":"2024-08"}},{"type":"Feature","geometry":{"type":"Point","coordinates":[-70.19174,41.73401]},"properties":{"d":"2024-03"}},{"type":"Feature","geometry":{"type":"Point","coordinates":[-70.18809,41.73587]},"properties":{"d":"2024-10"}},{"type":"Feature","geometry":{"type":"Point","coordinates":[-70.18771,41.73562]},"properties":{"d":"2024-08"}},{"type":"Feature","geometry":{"type":"Point","coordinates":[-70.1888,41.73568]},"properties":{"d":"2023-12"}},{"type":"Feature","geometry":{"type":"Point","coordinates":[-70.19043,41.73524]},"properties":{"d":"2024-06"}},{"type":"Feature","geometry":{"type":"Point","coordinates":[-70.1902,41.73552]},"properties":{"d":"2023-09"}},{"type":"Feature","geometry":{"type":"Point","coordinates":[-70.18931,41.73635]},"properties":{"d":"2024-11"}},{"type":"Feature","geometry":{"type":"Point","coordinates":[-70.18626,41.73569]},"properties":{"d":"2023-12"}},{"type":"Feature","geometry":{"type":"Point","coordinates":[-70.18418,41.73468]},"properties":{"d":"2023-09"}},{"type":"Feature","geometry":{"type":"Point","coordinates":[-70.18377,41.7355]},"properties":{"d":"2023-10"}},{"type":"Feature","geometry":{"type":"Point","coordinates":[-70.18305,41.73583]},"properties":{"d":"2024-11"}},{"type":"Feature","geometry":{"type":"Point","coordinates":[-70.18544,41.73396]},"properties":{"d":"2024-09"}},{"type":"Feature","geometry":{"type":"Point","coordinates":[-70.18228,41.73609]},"properties":{"d":"2023-09"}},{"type":"Feature","geometry":{"type":"Point","coordinates":[-70.18079,41.73597]},"properties":{"d":"2024-09"}},{"type":"Feature","geometry":{"type":"Point","coordinates":[-70.18031,41.73381]},"properties":{"d":"2024-09"}},{"type":"Feature","geometry":{"type":"Point","coordinates":[-70.17856,41.73403]},"properties":{"d":"2024-09"}},{"type":"Feature","geometry":{"type":"Point","coordinates":[-70.17781,41.7372]},"properties":{"d":"2024-04"}},{"type":"Feature","geometry":{"type":"Point","coordinates":[-70.17676,41.73719]},"properties":{"d":"2024-03"}},{"type":"Feature","geometry":{"type":"Point","coordinates":[-70.17531,41.73647]},"properties":{"d":"2024-10"}},{"type":"Feature","geometry":{"type":"Point","coordinates":[-70.17592,41.73536]},"properties":{"d":"2024-04"}},{"type":"Feature","geometry":{"type":"Point","coordinates":[-70.17548,41.73538]},"properties":{"d":"2023-10"}},{"type":"Feature","geometry":{"type":"Point","coordinates":[-70.1769,41.73422]},"properties":{"d":"2024-09"}},{"type":"Feature","geometry":{"type":"Point","coordinates":[-70.17676,41.73587]},"properties":{"d":"2024-01"}},{"type":"Feature","geometry":{"type":"Point","coordinates":[-70.17845,41.73544]},"properties":{"d":"2024-09"}},{"type":"Feature","geometry":{"type":"Point","coordinates":[-70.1781,41.73584]},"properties":{"d":"2024-07"}},{"type":"Feature","geometry":{"type":"Point","coordinates":[-70.17461,41.73577]},"properties":{"d":"2023-09"}},{"type":"Feature","geometry":{"type":"Point","coordinates":[-70.17206,41.73513]},"properties":{"d":"2024-04"}},{"type":"Feature","geometry":{"type":"Point","coordinates":[-70.17164,41.73522]},"properties":{"d":"2024-11"}},{"type":"Feature","geometry":{"type":"Point","coordinates":[-70.17227,41.73561]},"properties":{"d":"2023-12"}},{"type":"Feature","geometry":{"type":"Point","coordinates":[-70.173,41.73482]},"properties":{"d":"2024-02"}},{"type":"Feature","geometry":{"type":"Point","coordinates":[-70.16765,41.73716]},"properties":{"d":"2024-02"}},{"type":"Feature","geometry":{"type":"Point","coordinates":[-70.16728,41.73357]},"properties":{"d":"2024-07"}},{"type":"Feature","geometry":{"type":"Point","coordinates":[-70.1684,41.73387]},"properties":{"d":"2024-02"}},{"type":"Feature","geometry":{"type":"Point","coordinates":[-70.16584,41.73637]},"properties":{"d":"2024-07"}},{"type":"Feature","geometry":{"type":"Point","coordinates":[-70.16571,41.73584]},"properties":{"d":"2024-05"}},{"type":"Feature","geometry":{"type":"Point","coordinates":[-70.16402,41.7346]},"properties":{"d":"2024-09"}},{"type":"Feature","geometry":{"type":"Point","coordinates":[-70.16323,41.73335]},"properties":{"d":"2024-04"}},{"type":"Feature","geometry":{"type":"Point","coordinates":[-70.162,41.7363]},"properties":{"d":"2024-09"}},{"type":"Feature","geometry":{"type":"Point","coordinates":[-70.16093,41.73657]},"properties":{"d":"2024-10"}},{"type":"Feature","geometry":{"type":"Point","coordinates":[-70.16014,41.73645]},"properties":{"d":"2024-07"}},{"type":"Feature","geometry":{"type":"Point","coordinates":[-70.15921,41.73499]},"properties":{"d":"2024-01"}},{"type":"Feature","geometry":{"type":"Point","coordinates":[-70.16217,41.73517]},"properties":{"d":"2023-11"}},{"type":"Feature","geometry":{"type":"Point","coordinates":[-70.16103,41.73461]},"properties":{"d":"2024-06"}},{"type":"Feature","geometry":{"type":"Point","coordinates":[-70.15741,41.73714]},"properties":{"d":"2024-06"}},{"type":"Feature","geometry":{"type":"Point","coordinates":[-70.15686,41.73667]},"properties":{"d":"2024-08"}},{"type":"Feature","geometry":{"type":"Point","coordinates":[-70.15851,41.73455]},"properties":{"d":"2023-10"}},{"type":"Feature","geometry":{"type":"Point","coordinates":[-70.14766,41.73325]},"properties":{"d":"2024-06"}},{"type":"Feature","geometry":{"type":"Point","coordinates":[-70.14743,41.73707]},"properties":{"d":"2023-09"}},{"type":"Feature","geometry":{"type":"Point","coordinates":[-70.14326,41.7339]},"properties":{"d":"2024-04"}},{"type":"Feature","geometry":{"type":"Point","coordinates":[-70.14274,41.73425]},"properties":{"d":"2024-03"}},{"type":"Feature","geometry":{"type":"Point","coordinates":[-70.14322,41.73493]},"properties":{"d":"2024-08"}},{"type":"Feature","geometry":{"type":"Point","coordinates":[-70.21996,41.74011]},"properties":{"d":"2024-03"}},{"type":"Feature","geometry":{"type":"Point","coordinates":[-70.21994,41.73882]},"properties":{"d":"2024-08"}},{"type":"Feature","geometry":{"type":"Point","coordinates":[-70.21718,41.73826]},"properties":{"d":"2024-07"}},{"type":"Feature","geometry":{"type":"Point","coordinates":[-70.21542,41.74012]},"properties":{"d":"2023-11"}},{"type":"Feature","geometry":{"type":"Point","coordinates":[-70.21289,41.73816]},"properties":{"d":"2024-06"}},{"type":"Feature","geometry":{"type":"Point","coordinates":[-70.21175,41.73999]},"properties":{"d":"2024-10"}},{"type":"Feature","geometry":{"type":"Point","coordinates":[-70.21296,41.74133]},"properties":{"d":"2024-02"}},{"type":"Feature","geometry":{"type":"Point","coordinates":[-70.21225,41.74158]},"properties":{"d":"2024-06"}},{"type":"Feature","geometry":{"type":"Point","coordinates":[-70.21021,41.7396]},"properties":{"d":"2024-02"}},{"type":"Feature","geometry":{"type":"Point","coordinates":[-70.20936,41.73934]},"properties":{"d":"2024-10"}},{"type":"Feature","geometry":{"type":"Point","coordinates":[-70.20906,41.73973]},"properties":{"d":"2024-07"}},{"type":"Feature","geometry":{"type":"Point","coordinates":[-70.20948,41.74041]},"properties":{"d":"2024-02"}},{"type":"Feature","geometry":{"type":"Point","coordinates":[-70.207,41.74171]},"properties":{"d":"2024-09"}},{"type":"Feature","geometry":{"type":"Point","coordinates":[-70.20452,41.73882]},"properties":{"d":"2024-01"}},{"type":"Feature","geometry":{"type":"Point","coordinates":[-70.2057,41.73807]},"properties":{"d":"2023-12"}},{"type":"Feature","geometry":{"type":"Point","coordinates":[-70.20607,41.73856]},"properties":{"d":"2024-03"}},{"type":"Feature","geometry":{"type":"Point","coordinates":[-70.20083,41.73869]},"properties":{"d":"2024-04"}},{"type":"Feature","geometry":{"type":"Point","coordinates":[-70.20209,41.74163]},"properties":{"d":"2024-04"}},{"type":"Feature","geometry":{"type":"Point","coordinates":[-70.20115,41.74113]},"properties":{"d":"2023-12"}},{"type":"Feature","geometry":{"type":"Point","coordinates":[-70.19978,41.74143]},"properties":{"d":"2023-09"}},{"type":"Feature","geometry":{"type":"Point","coordinates":[-70.1974,41.74061]},"properties":{"d":"2023-09"}},{"type":"Feature","geometry":{"type":"Point","coordinates":[-70.19119,41.74152]},"properties":{"d":"2023-11"}},{"type":"Feature","geometry":{"type":"Point","coordinates":[-70.19028,41.74086]},"properties":{"d":"2024-11"}},{"type":"Feature","geometry":{"type":"Point","coordinates":[-70.18404,41.73886]},"properties":{"d":"2024-06"}},{"type":"Feature","geometry":{"type":"Point","coordinates":[-70.18062,41.74079]},"properties":{"d":"2024-03"}},{"type":"Feature","geometry":{"type":"Point","coordinates":[-70.17949,41.74091]},"properties":{"d":"2024-06"}},{"type":"Feature","geometry":{"type":"Point","coordinates":[-70.17929,41.74016]},"properties":{"d":"2024-11"}},{"type":"Feature","geometry":{"type":"Point","coordinates":[-70.18041,41.73768]},"properties":{"d":"2024-08"}},{"type":"Feature","geometry":{"type":"Point","coordinates":[-70.18057,41.73838]},"properties":{"d":"2024-06"}},{"type":"Feature","geometry":{"type":"Point","coordinates":[-70.17728,41.7374]},"properties":{"d":"2024-02"}},{"type":"Feature","geometry":{"type":"Point","coordinates":[-70.17704,41.73873]},"properties":{"d":"2024-05"}},{"type":"Feature","geometry":{"type":"Point","coordinates":[-70.17684,41.73764]},"properties":{"d":"2024-11"}},{"type":"Feature","geometry":{"type":"Point","coordinates":[-70.1763,41.73781]},"properties":{"d":"2024-02"}},{"type":"Feature","geometry":{"type":"Point","coordinates":[-70.17348,41.73881]},"properties":{"d":"2023-12"}},{"type":"Feature","geometry":{"type":"Point","coordinates":[-70.16825,41.7375]},"properties":{"d":"2024-11"}},{"type":"Feature","geometry":{"type":"Point","coordinates":[-70.16745,41.74119]},"properties":{"d":"2023-11"}},{"type":"Feature","geometry":{"type":"Point","coordinates":[-70.16706,41.74116]},"properties":{"d":"2024-03"}},{"type":"Feature","geometry":{"type":"Point","coordinates":[-70.16817,41.74044]},"properties":{"d":"2024-10"}},{"type":"Feature","geometry":{"type":"Point","coordinates":[-70.16771,41.73784]},"properties":{"d":"2023-11"}},{"type":"Feature","geometry":{"type":"Point","coordinates":[-70.16797,41.73914]},"properties":{"d":"2023-12"}},{"type":"Feature","geometry":{"type":"Point","coordinates":[-70.16808,41.73987]},"properties":{"d":"2023-11"}},{"type":"Feature","geometry":{"type":"Point","coordinates":[-70.16626,41.73921]},"properties":{"d":"2023-10"}},{"type":"Feature","geometry":{"type":"Point","coordinates":[-70.15854,41.74116]},"properties":{"d":"2024-04"}},{"type":"Feature","geometry":{"type":"Point","coordinates":[-70.15948,41.74013]},"properties":{"d":"2023-10"}},{"type":"Feature","geometry":{"type":"Point","coordinates":[-70.16005,41.74036]},"properties":{"d":"2023-11"}},{"type":"Feature","geometry":{"type":"Point","coordinates":[-70.15871,41.73774]},"properties":{"d":"2023-12"}},{"type":"Feature","geometry":{"type":"Point","coordinates":[-70.15917,41.7374]},"properties":{"d":"2024-05"}},{"type":"Feature","geometry":{"type":"Point","coordinates":[-70.16147,41.73961]},"properties":{"d":"2023-11"}},{"type":"Feature","geometry":{"type":"Point","coordinates":[-70.15733,41.74038]},"properties":{"d":"2024-08"}},{"type":"Feature","geometry":{"type":"Point","coordinates":[-70.15772,41.7399]},"properties":{"d":"2023-11"}},{"type":"Feature","geometry":{"type":"Point","coordinates":[-70.15634,41.74001]},"properties":{"d":"2023-11"}},{"type":"Feature","geometry":{"type":"Point","coordinates":[-70.15524,41.74012]},"properties":{"d":"2023-12"}},{"type":"Feature","geometry":{"type":"Point","coordinates":[-70.15506,41.73922]},"properties":{"d":"2023-10"}},{"type":"Feature","geometry":{"type":"Point","coordinates":[-70.15006,41.73955]},"properties":{"d":"2024-03"}},{"type":"Feature","geometry":{"type":"Point","coordinates":[-70.14906,41.73875]},"properties":{"d":"2024-10"}},{"type":"Feature","geometry":{"type":"Point","coordinates":[-70.14933,41.73796]},"properties":{"d":"2024-04"}},{"type":"Feature","geometry":{"type":"Point","coordinates":[-70.14915,41.73739]},"properties":{"d":"2023-09"}},{"type":"Feature","geometry":{"type":"Point","coordinates":[-70.14629,41.7372]},"properties":{"d":"2024-06"}},{"type":"Feature","geometry":{"type":"Point","coordinates":[-70.14532,41.73808]},"properties":{"d":"2023-11"}},{"type":"Feature","geometry":{"type":"Point","coordinates":[-70.14617,41.74082]},"properties":{"d":"2024-08"}},{"type":"Feature","geometry":{"type":"Point","coordinates":[-70.20747,41.74458]},"properties":{"d":"2023-11"}},{"type":"Feature","geometry":{"type":"Point","coordinates":[-70.20362,41.7418]},"properties":{"d":"2024-11"}},{"type":"Feature","geometry":{"type":"Point","coordinates":[-70.20229,41.74309]},"properties":{"d":"2024-01"}},{"type":"Feature","geometry":{"type":"Point","coordinates":[-70.20253,41.74371]},"properties":{"d":"2024-01"}},{"type":"Feature","geometry":{"type":"Point","coordinates":[-70.20639,41.74529]},"properties":{"d":"2024-09"}},{"type":"Feature","geometry":{"type":"Point","coordinates":[-70.20611,41.74417]},"properties":{"d":"2024-04"}},{"type":"Feature","geometry":{"type":"Point","coordinates":[-70.20166,41.74439]},"properties":{"d":"2023-10"}},{"type":"Feature","geometry":{"type":"Point","coordinates":[-70.20211,41.74413]},"properties":{"d":"2024-04"}},{"type":"Feature","geometry":{"type":"Point","coordinates":[-70.19934,41.74497]},"properties":{"d":"2024-01"}},{"type":"Feature","geometry":{"type":"Point","coordinates":[-70.19485,41.74201]},"properties":{"d":"2024-01"}},{"type":"Feature","geometry":{"type":"Point","coordinates":[-70.19612,41.7435]},"properties":{"d":"2024-01"}},{"type":"Feature","geometry":{"type":"Point","coordinates":[-70.19838,41.74394]},"properties":{"d":"2024-10"}},{"type":"Feature","geometry":{"type":"Point","coordinates":[-70.19475,41.74564]},"properties":{"d":"2023-10"}},{"type":"Feature","geometry":{"type":"Point","coordinates":[-70.19182,41.74359]},"properties":{"d":"2024-01"}},{"type":"Feature","geometry":{"type":"Point","coordinates":[-70.19013,41.74205]},"properties":{"d":"2024-10"}},{"type":"Feature","geometry":{"type":"Point","coordinates":[-70.18669,41.74455]},"properties":{"d":"2023-09"}},{"type":"Feature","geometry":{"type":"Point","coordinates":[-70.17287,41.74208]},"properties":{"d":"2023-12"}},{"type":"Feature","geometry":{"type":"Point","coordinates":[-70.16893,41.74256]},"properties":{"d":"2024-01"}},{"type":"Feature","geometry":{"type":"Point","coordinates":[-70.15468,41.74368]},"properties":{"d":"2024-04"}},{"type":"Feature","geometry":{"type":"Point","coordinates":[-70.15182,41.74241]},"properties":{"d":"2024-03"}},{"type":"Feature","geometry":{"type":"Point","coordinates":[-70.15093,41.74217]},"properties":{"d":"2024-05"}},{"type":"Feature","geometry":{"type":"Point","coordinates":[-70.15062,41.74159]},"properties":{"d":"2024-08"}},{"type":"Feature","geometry":{"type":"Point","coordinates":[-70.1501,41.74436]},"properties":{"d":"2024-04"}},{"type":"Feature","geometry":{"type":"Point","coordinates":[-70.14951,41.74328]},"properties":{"d":"2024-10"}},{"type":"Feature","geometry":{"type":"Point","coordinates":[-70.14961,41.74377]},"properties":{"d":"2024-07"}},{"type":"Feature","geometry":{"type":"Point","coordinates":[-70.14625,41.74247]},"properties":{"d":"2024-02"}},{"type":"Feature","geometry":{"type":"Point","coordinates":[-70.14774,41.74183]},"properties":{"d":"2024-08"}},{"type":"Feature","geometry":{"type":"Point","coordinates":[-70.20293,41.74635]},"properties":{"d":"2024-03"}},{"type":"Feature","geometry":{"type":"Point","coordinates":[-70.20386,41.74595]},"properties":{"d":"2024-11"}},{"type":"Feature","geometry":{"type":"Point","coordinates":[-70.1965,41.74629]},"properties":{"d":"2024-01"}},{"type":"Feature","geometry":{"type":"Point","coordinates":[-70.19483,41.74892]},"properties":{"d":"2023-09"}},{"type":"Feature","geometry":{"type":"Point","coordinates":[-70.19166,41.74668]},"properties":{"d":"2024-07"}},{"type":"Feature","geometry":{"type":"Point","coordinates":[-70.19052,41.74785]},"properties":{"d":"2024-08"}},{"type":"Feature","geometry":{"type":"Point","coordinates":[-70.19133,41.74941]},"properties":{"d":"2023-10"}},{"type":"Feature","geometry":{"type":"Point","coordinates":[-70.18857,41.74615]},"properties":{"d":"2024-07"}},{"type":"Feature","geometry":{"type":"Point","coordinates":[-70.18707,41.74825]},"properties":{"d":"2024-08"}},{"type":"Feature","geometry":{"type":"Point","coordinates":[-70.18668,41.74557]},"properties":{"d":"2024-02"}},{"type":"Feature","geometry":{"type":"Point","coordinates":[-70.18642,41.74704]},"properties":{"d":"2024-04"}},{"type":"Feature","geometry":{"type":"Point","coordinates":[-70.18362,41.74748]},"properties":{"d":"2023-09"}},{"type":"Feature","geometry":{"type":"Point","coordinates":[-70.18468,41.74584]},"properties":{"d":"2024-11"}},{"type":"Feature","geometry":{"type":"Point","coordinates":[-70.1851,41.74792]},"properties":{"d":"2024-11"}},{"type":"Feature","geometry":{"type":"Point","coordinates":[-70.18023,41.74785]},"properties":{"d":"2024-04"}},{"type":"Feature","geometry":{"type":"Point","coordinates":[-70.18123,41.74784]},"properties":{"d":"2024-09"}},{"type":"Feature","geometry":{"type":"Point","coordinates":[-70.17995,41.74869]},"properties":{"d":"2024-04"}},{"type":"Feature","geometry":{"type":"Point","coordinates":[-70.17883,41.74753]},"properties":{"d":"2023-11"}},{"type":"Feature","geometry":{"type":"Point","coordinates":[-70.17897,41.74925]},"properties":{"d":"2024-03"}},{"type":"Feature","geometry":{"type":"Point","coordinates":[-70.17768,41.74874]},"properties":{"d":"2024-10"}},{"type":"Feature","geometry":{"type":"Point","coordinates":[-70.17496,41.74615]},"properties":{"d":"2024-08"}},{"type":"Feature","geometry":{"type":"Point","coordinates":[-70.17505,41.74772]},"properties":{"d":"2024-08"}},{"type":"Feature","geometry":{"type":"Point","coordinates":[-70.16607,41.74578]},"properties":{"d":"2024-07"}},{"type":"Feature","geometry":{"type":"Point","coordinates":[-70.16677,41.74893]},"properties":{"d":"2024-04"}},{"type":"Feature","geometry":{"type":"Point","coordinates":[-70.1639,41.7477]},"properties":{"d":"2024-05"}},{"type":"Feature","geometry":{"type":"Point","coordinates":[-70.16314,41.74715]},"properties":{"d":"2024-05"}},{"type":"Feature","geometry":{"type":"Point","coordinates":[-70.16531,41.74898]},"properties":{"d":"2024-04"}},{"type":"Feature","geometry":{"type":"Point","coordinates":[-70.16419,41.74815]},"properties":{"d":"2024-12"}},{"type":"Feature","geometry":{"type":"Point","coordinates":[-70.16174,41.74766]},"properties":{"d":"2024-05"}},{"type":"Feature","geometry":{"type":"Point","coordinates":[-70.16213,41.74733]},"properties":{"d":"2024-05"}},{"type":"Feature","geometry":{"type":"Point","coordinates":[-70.14665,41.7487]},"properties":{"d":"2024-06"}},{"type":"Feature","geometry":{"type":"Point","coordinates":[-70.144,41.74898]},"properties":{"d":"2024-01"}},{"type":"Feature","geometry":{"type":"Point","coordinates":[-70.1456,41.74648]},"properties":{"d":"2024-08"}},{"type":"Feature","geometry":{"type":"Point","coordinates":[-70.14569,41.74777]},"properties":{"d":"2023-10"}},{"type":"Feature","geometry":{"type":"Point","coordinates":[-70.14595,41.74716]},"properties":{"d":"2024-01"}},{"type":"Feature","geometry":{"type":"Point","coordinates":[-70.19277,41.75011]},"properties":{"d":"2024-09"}},{"type":"Feature","geometry":{"type":"Point","coordinates":[-70.18451,41.75001]},"properties":{"d":"2024-05"}},{"type":"Feature","geometry":{"type":"Point","coordinates":[-70.17876,41.75074]},"properties":{"d":"2024-10"}},{"type":"Feature","geometry":{"type":"Point","coordinates":[-70.16682,41.75267]},"properties":{"d":"2024-07"}},{"type":"Feature","geometry":{"type":"Point","coordinates":[-70.1639,41.75057]},"properties":{"d":"2024-06"}},{"type":"Feature","geometry":{"type":"Point","coordinates":[-70.15801,41.75226]},"properties":{"d":"2024-02"}},{"type":"Feature","geometry":{"type":"Point","coordinates":[-70.15995,41.75156]},"properties":{"d":"2024-11"}},{"type":"Feature","geometry":{"type":"Point","coordinates":[-70.1584,41.75144]},"properties":{"d":"2023-10"}},{"type":"Feature","geometry":{"type":"Point","coordinates":[-70.15887,41.75044]},"properties":{"d":"2023-09"}},{"type":"Feature","geometry":{"type":"Point","coordinates":[-70.16148,41.75193]},"properties":{"d":"2024-09"}},{"type":"Feature","geometry":{"type":"Point","coordinates":[-70.15753,41.75327]},"properties":{"d":"2024-06"}},{"type":"Feature","geometry":{"type":"Point","coordinates":[-70.15492,41.75325]},"properties":{"d":"2024-01"}},{"type":"Feature","geometry":{"type":"Point","coordinates":[-70.15505,41.75369]},"properties":{"d":"2024-11"}},{"type":"Feature","geometry":{"type":"Point","coordinates":[-70.14662,41.75193]},"properties":{"d":"2024-02"}},{"type":"Feature","geometry":{"type":"Point","coordinates":[-70.14758,41.74965]},"properties":{"d":"2024-09"}},{"type":"Feature","geometry":{"type":"Point","coordinates":[-70.1433,41.75088]},"properties":{"d":"2023-11"}},{"type":"Feature","geometry":{"type":"Point","coordinates":[-70.14241,41.75105]},"properties":{"d":"2024-10"}},{"type":"Feature","geometry":{"type":"Point","coordinates":[-70.14095,41.75303]},"properties":{"d":"2024-02"}},{"type":"Feature","geometry":{"type":"Point","coordinates":[-70.14038,41.75182]},"properties":{"d":"2023-10"}},{"type":"Feature","geometry":{"type":"Point","coordinates":[-70.13929,41.75203]},"properties":{"d":"2023-11"}},{"type":"Feature","geometry":{"type":"Point","coordinates":[-70.15648,41.75526]},"properties":{"d":"2024-04"}},{"type":"Feature","geometry":{"type":"Point","coordinates":[-70.14756,41.75502]},"properties":{"d":"2024-03"}},{"type":"Feature","geometry":{"type":"Point","coordinates":[-70.14705,41.75554]},"properties":{"d":"2024-08"}},{"type":"Feature","geometry":{"type":"Point","coordinates":[-70.1402,41.75385]},"properties":{"d":"2024-05"}},{"type":"Feature","geometry":{"type":"Point","coordinates":[-70.13903,41.75485]},"properties":{"d":"2024-03"}},{"type":"Feature","geometry":{"type":"Point","coordinates":[-70.13439,41.75757]},"properties":{"d":"2023-10"}},{"type":"Feature","geometry":{"type":"Point","coordinates":[-70.14814,41.75863]},"properties":{"d":"2024-11"}},{"type":"Feature","geometry":{"type":"Point","coordinates":[-70.15974,41.72929]},"properties":{"d":"2024-07"}},{"type":"Feature","geometry":{"type":"Point","coordinates":[-70.15952,41.65339]},"properties":{"d":"2024-05"}},{"type":"Feature","geometry":{"type":"Point","coordinates":[-70.17208,41.71264]},"properties":{"d":"2023-09"}},{"type":"Feature","geometry":{"type":"Point","coordinates":[-70.22057,41.73752]},"properties":{"d":"2023-12"}},{"type":"Feature","geometry":{"type":"Point","coordinates":[-70.17208,41.70795]},"properties":{"d":"2023-09"}},{"type":"Feature","geometry":{"type":"Point","coordinates":[-70.16988,41.70744]},"properties":{"d":"2024-10"}},{"type":"Feature","geometry":{"type":"Point","coordinates":[-70.14775,41.70075]},"properties":{"d":"2024-03"}},{"type":"Feature","geometry":{"type":"Point","coordinates":[-70.15108,41.6995]},"properties":{"d":"2024-08"}},{"type":"Feature","geometry":{"type":"Point","coordinates":[-70.18779,41.73691]},"properties":{"d":"2024-04"}},{"type":"Feature","geometry":{"type":"Point","coordinates":[-70.13428,41.69931]},"properties":{"d":"2024-11"}},{"type":"Feature","geometry":{"type":"Point","coordinates":[-70.14171,41.75464]},"properties":{"d":"2023-11"}},{"type":"Feature","geometry":{"type":"Point","coordinates":[-70.17664,41.7456]},"properties":{"d":"2023-11"}},{"type":"Feature","geometry":{"type":"Point","coordinates":[-70.15977,41.72276]},"properties":{"d":"2024-07"}},{"type":"Feature","geometry":{"type":"Point","coordinates":[-70.18657,41.72612]},"properties":{"d":"2024-11"}},{"type":"Feature","geometry":{"type":"Point","coordinates":[-70.18892,41.74011]},"properties":{"d":"2023-09"}},{"type":"Feature","geometry":{"type":"Point","coordinates":[-70.16031,41.74795]},"properties":{"d":"2023-12"}},{"type":"Feature","geometry":{"type":"Point","coordinates":[-70.17947,41.73482]},"properties":{"d":"2023-12"}},{"type":"Feature","geometry":{"type":"Point","coordinates":[-70.15841,41.71969]},"properties":{"d":"2024-10"}},{"type":"Feature","geometry":{"type":"Point","coordinates":[-70.15816,41.72]},"properties":{"d":"2024-10"}},{"type":"Feature","geometry":{"type":"Point","coordinates":[-70.15455,41.68277]},"properties":{"d":"2024-07"}},{"type":"Feature","geometry":{"type":"Point","coordinates":[-70.15476,41.68223]},"properties":{"d":"2024-05"}},{"type":"Feature","geometry":{"type":"Point","coordinates":[-70.15474,41.68195]},"properties":{"d":"2024-06"}},{"type":"Feature","geometry":{"type":"Point","coordinates":[-70.15452,41.68174]},"properties":{"d":"2024-06"}},{"type":"Feature","geometry":{"type":"Point","coordinates":[-70.15423,41.68139]},"properties":{"d":"2024-02"}}]}